
CH32V307VCT.elf:     file format elf32-littleriscv
CH32V307VCT.elf
architecture: riscv:rv32, flags 0x00000112:
EXEC_P, HAS_SYMS, D_PAGED
start address 0x00000000

Program Header:
    LOAD off    0x00001000 vaddr 0x00000000 paddr 0x00000000 align 2**12
         filesz 0x00005b5c memsz 0x00005b5c flags r-x
    LOAD off    0x00007000 vaddr 0x20000000 paddr 0x00005b5c align 2**12
         filesz 0x00000200 memsz 0x000002ec flags rw-
    LOAD off    0x00007800 vaddr 0x20007800 paddr 0x20007800 align 2**12
         filesz 0x00000000 memsz 0x00000800 flags rw-

Sections:
Idx Name          Size      VMA       LMA       File off  Algn
  0 .init         00000004  00000000  00000000  00001000  2**1
                  CONTENTS, ALLOC, LOAD, READONLY, CODE
  1 .vector       000001bc  00000004  00000004  00001004  2**1
                  CONTENTS, ALLOC, LOAD, READONLY, CODE
  2 .text         0000599c  000001c0  000001c0  000011c0  2**2
                  CONTENTS, ALLOC, LOAD, READONLY, CODE
  3 .fini         00000000  00005b5c  00005b5c  00007200  2**0
                  CONTENTS, ALLOC, LOAD, CODE
  4 .dalign       00000000  20000000  20000000  00007200  2**0
                  CONTENTS
  5 .dlalign      00000000  00005b5c  00005b5c  00007200  2**0
                  CONTENTS
  6 .data         00000200  20000000  00005b5c  00007000  2**2
                  CONTENTS, ALLOC, LOAD, DATA
  7 .bss          000000ec  20000200  00005d5c  00007200  2**2
                  ALLOC
  8 .stack        00000800  20007800  20007800  00007800  2**0
                  ALLOC
  9 .debug_info   00016928  00000000  00000000  00007200  2**0
                  CONTENTS, READONLY, DEBUGGING
 10 .debug_abbrev 00003bc0  00000000  00000000  0001db28  2**0
                  CONTENTS, READONLY, DEBUGGING
 11 .debug_loc    000048c1  00000000  00000000  000216e8  2**0
                  CONTENTS, READONLY, DEBUGGING
 12 .debug_aranges 00000a18  00000000  00000000  00025fb0  2**3
                  CONTENTS, READONLY, DEBUGGING
 13 .debug_ranges 00000bd8  00000000  00000000  000269c8  2**3
                  CONTENTS, READONLY, DEBUGGING
 14 .debug_line   0000e77e  00000000  00000000  000275a0  2**0
                  CONTENTS, READONLY, DEBUGGING
 15 .debug_str    00003061  00000000  00000000  00035d1e  2**0
                  CONTENTS, READONLY, DEBUGGING
 16 .comment      00000033  00000000  00000000  00038d7f  2**0
                  CONTENTS, READONLY
 17 .debug_frame  00001af8  00000000  00000000  00038db4  2**2
                  CONTENTS, READONLY, DEBUGGING
SYMBOL TABLE:
00000000 l    d  .init	00000000 .init
00000004 l    d  .vector	00000000 .vector
000001c0 l    d  .text	00000000 .text
00005b5c l    d  .fini	00000000 .fini
20000000 l    d  .dalign	00000000 .dalign
00005b5c l    d  .dlalign	00000000 .dlalign
20000000 l    d  .data	00000000 .data
20000200 l    d  .bss	00000000 .bss
20007800 l    d  .stack	00000000 .stack
00000000 l    d  .debug_info	00000000 .debug_info
00000000 l    d  .debug_abbrev	00000000 .debug_abbrev
00000000 l    d  .debug_loc	00000000 .debug_loc
00000000 l    d  .debug_aranges	00000000 .debug_aranges
00000000 l    d  .debug_ranges	00000000 .debug_ranges
00000000 l    d  .debug_line	00000000 .debug_line
00000000 l    d  .debug_str	00000000 .debug_str
00000000 l    d  .comment	00000000 .comment
00000000 l    d  .debug_frame	00000000 .debug_frame
00000000 l    df *ABS*	00000000 ./Startup/startup_ch32v30x_D8C.o
00000004 l       .vector	00000000 _vector_base
00000000 l    df *ABS*	00000000 JLNU_OLED.c
00000220 l     F .text	0000005a I2C_SendByte
0000027a l     F .text	0000004a I2C_WaitAck
000002c4 l     F .text	0000008e I2C_WriteByte
00000000 l    df *ABS*	00000000 MYI2C.c
0000058c l     F .text	00000024 SDA_SetOutput
000005b0 l     F .text	00000026 SDA_SetInput
000005d6 l     F .text	0000004a MYI2C_IIC_Start
00000620 l     F .text	0000005a MYI2C_Write_IIC_Byte
0000067a l     F .text	00000044 MYI2C_IIC_Stop
000006be l     F .text	0000005e MYI2C_IIC_Wait_Ack.constprop.4
00000000 l    df *ABS*	00000000 aht20.c
2000022c l     O .bss	00000040 aht20_dev
00000000 l    df *ABS*	00000000 encoder.c
20000200 l     O .bss	00000004 last_dir.5973
20000204 l     O .bss	00000004 last_t.5972
20000208 l     O .bss	00000004 same_cnt.5974
200001f0 l     O .data	00000004 g_enc_count
00000000 l    df *ABS*	00000000 hc_sr04.c
2000020c l     O .bss	00000002 msHcCount
00000000 l    df *ABS*	00000000 humidity.c
00000000 l    df *ABS*	00000000 pump_ctrl.c
2000020e l     O .bss	00000001 g_pump_speed
00000000 l    df *ABS*	00000000 temperature.c
00000000 l    df *ABS*	00000000 timer.c
00000000 l    df *ABS*	00000000 zigbee.c
20000215 l     O .bss	00000001 rx_idx
00000000 l    df *ABS*	00000000 ch32v30x_it.c
00000000 l    df *ABS*	00000000 main.c
20000218 l     O .bss	00000004 last_oled.5959
2000021c l     O .bss	00000004 last_sr.5956
20000220 l     O .bss	00000004 last_zig.5964
00000000 l    df *ABS*	00000000 system_ch32v30x.c
00000000 l    df *ABS*	00000000 ch32v30x_exti.c
00000000 l    df *ABS*	00000000 ch32v30x_gpio.c
00000000 l    df *ABS*	00000000 ch32v30x_misc.c
00000000 l    df *ABS*	00000000 ch32v30x_rcc.c
20000010 l     O .data	00000010 APBAHBPrescTable
200001f8 l     O .data	00000004 ADCPrescTable
00000000 l    df *ABS*	00000000 ch32v30x_tim.c
00000000 l    df *ABS*	00000000 ch32v30x_usart.c
00000000 l    df *ABS*	00000000 debug.c
20000228 l     O .bss	00000002 p_ms
2000022a l     O .bss	00000001 p_us
00000000 l    df *ABS*	00000000 printfloat.c
00000000 l    df *ABS*	00000000 libgcc2.c
00000000 l    df *ABS*	00000000 libgcc2.c
00000000 l    df *ABS*	00000000 ledf2.c
00000000 l    df *ABS*	00000000 muldf3.c
00000000 l    df *ABS*	00000000 subdf3.c
00000000 l    df *ABS*	00000000 fixdfdi.c
00000000 l    df *ABS*	00000000 floatdidf.c
00000000 l    df *ABS*	00000000 addsf3.c
00000000 l    df *ABS*	00000000 divsf3.c
00000000 l    df *ABS*	00000000 gesf2.c
00000000 l    df *ABS*	00000000 lesf2.c
00000000 l    df *ABS*	00000000 mulsf3.c
00000000 l    df *ABS*	00000000 subsf3.c
00000000 l    df *ABS*	00000000 floatsisf.c
00000000 l    df *ABS*	00000000 floatunsisf.c
00000000 l    df *ABS*	00000000 extendsfdf2.c
00000000 l    df *ABS*	00000000 libgcc2.c
00000000 l    df *ABS*	00000000 atoi.c
00000000 l    df *ABS*	00000000 strncmp.c
00000000 l    df *ABS*	00000000 strtol.c
00004db6 l     F .text	00000138 _strtol_l.isra.0
00000000 l    df *ABS*	00000000 locale.c
00000000 l    df *ABS*	00000000 mbtowc_r.c
00000000 l    df *ABS*	00000000 wctomb_r.c
00000000 l    df *ABS*	00000000 libgcc2.c
00000000 l    df *ABS*	00000000 ctype_.c
00000000 l    df *ABS*	00000000 impure.c
20000020 l     O .data	00000060 impure_data
0000228e  w    F .text	00000100 printDouble
00001676  w      .text	00000000 EXTI2_IRQHandler
00001676  w      .text	00000000 TIM8_TRG_COM_IRQHandler
00001676  w      .text	00000000 TIM8_CC_IRQHandler
00001676  w      .text	00000000 UART8_IRQHandler
0000238e  w    F .text	00000358 print
00003bde g     F .text	000001b6 .hidden __floatdidf
200009f0 g       .data	00000000 __global_pointer$
000001c8 g     F .text	00000028 .hidden __riscv_save_8
00001676  w      .text	00000000 TIM1_CC_IRQHandler
00001262 g     F .text	00000010 HardFault_Handler
0000207c  w    F .text	000000f2 printInt
00000214 g     F .text	0000000c .hidden __riscv_restore_3
00001676  w      .text	00000000 TIM6_IRQHandler
000040fe g     F .text	000002b2 .hidden __divsf3
00001676  w      .text	00000000 SysTick_Handler
00001898 g     F .text	0000005c NVIC_Init
00001676  w      .text	00000000 PVD_IRQHandler
00001676  w      .text	00000000 SDIO_IRQHandler
00001676  w      .text	00000000 TIM9_BRK_IRQHandler
00000200 g     F .text	00000020 .hidden __riscv_restore_10
000026e6 g     F .text	0000002a snprintf
0000518c g     O .text	000005f0 Ch8x16
00001676  w      .text	00000000 DMA2_Channel8_IRQHandler
00001260 g     F .text	00000002 NMI_Handler
00000352 g     F .text	00000040 OLED_I2C_Init
00001676  w      .text	00000000 CAN2_RX1_IRQHandler
00001676  w      .text	00000000 EXTI3_IRQHandler
000001c8 g     F .text	00000028 .hidden __riscv_save_11
00001676  w      .text	00000000 USBHS_IRQHandler
00001dc4 g     F .text	0000000a USART_GetFlagStatus
00001676  w      .text	00000000 DMA2_Channel9_IRQHandler
00001676  w      .text	00000000 TIM10_CC_IRQHandler
20000200 g       .bss	00000000 _sbss
00000800 g       *ABS*	00000000 __stack_size
000009e6 g     F .text	0000000e AHT20_Task
00001eb4 g     F .text	00000062 USART_Printf_Init
00004752 g     F .text	00000388 .hidden __subsf3
00001676  w      .text	00000000 USBFS_IRQHandler
00000214 g     F .text	0000000c .hidden __riscv_restore_2
00000392 g     F .text	0000000c OLED_WriteCmd
00001c58 g     F .text	00000016 TIM_CtrlPWMOutputs
000003ac g     F .text	000000aa OLED_Init
000009d0 g     F .text	00000016 AHT20_Init
0000216e  w    F .text	00000120 printLongLongInt
00002e76 g     F .text	000000b6 .hidden __ltdf2
00001676  w      .text	00000000 EXTI0_IRQHandler
00001676  w      .text	00000000 I2C2_EV_IRQHandler
00001676  w      .text	00000000 TIM10_TRG_COM_IRQHandler
00001c40 g     F .text	00000018 TIM_Cmd
00002710  w    F .text	0000004a puts
200001f4 g     O .data	00000004 SystemCoreClock
00001dbc g     F .text	00000008 USART_ReceiveData
00000760 g     F .text	00000062 MYI2C_Init
00000004 g       .init	00000000 _einit
00001ccc g     F .text	0000000c TIM_ClearITPendingBit
00001cb0 g     F .text	00000004 TIM_GetCounter
00004436 g     F .text	0000008c .hidden __lesf2
00001a6a g     F .text	0000001e RCC_APB2PeriphClockCmd
000001c0 g     F .text	00000030 .hidden __riscv_save_12
00001676  w      .text	00000000 CAN2_SCE_IRQHandler
00001676  w      .text	00000000 ADC1_2_IRQHandler
00001794 g     F .text	000000c0 GPIO_Init
00001676  w      .text	00000000 Break_Point_Handler
00000200 g     F .text	00000020 .hidden __riscv_restore_11
20000224 g     O .bss	00000004 NVIC_Priority_Group
00001676  w      .text	00000000 SPI1_IRQHandler
00001d68 g     F .text	00000016 USART_Cmd
00001676  w      .text	00000000 TAMPER_IRQHandler
000001f0 g     F .text	0000000c .hidden __riscv_save_1
00000214 g     F .text	0000000c .hidden __riscv_restore_0
00001b94 g     F .text	000000ac TIM_OC3Init
000001d6 g     F .text	0000001a .hidden __riscv_save_7
00001e0a g     F .text	00000014 USART_ClearITPendingBit
00001676  w      .text	00000000 CAN2_RX0_IRQHandler
00004c6e g     F .text	000000ac .hidden __extendsfdf2
00001676  w      .text	00000000 TIM8_UP_IRQHandler
00001a88 g     F .text	0000001e RCC_APB1PeriphClockCmd
00001676  w      .text	00000000 Ecall_M_Mode_Handler
20007800 g       .stack	00000000 _heap_end
00002aec g     F .text	0000038a .hidden __umoddi3
00001e48 g     F .text	00000036 Delay_Us
00000a70 g     F .text	00000026 Encoder_GetSpeed
0000020a g     F .text	00000016 .hidden __riscv_restore_5
00001676  w      .text	00000000 DMA2_Channel2_IRQHandler
0000275a g     F .text	00000392 .hidden __udivdi3
00001676  w      .text	00000000 DMA1_Channel4_IRQHandler
00004eee g     F .text	0000001e strtol
00001676  w      .text	00000000 TIM9_UP_IRQHandler
0000020a g     F .text	00000016 .hidden __riscv_restore_6
00001676  w      .text	00000000 USART3_IRQHandler
0000178a g     F .text	0000000a EXTI_ClearITPendingBit
00001676  w      .text	00000000 RTC_IRQHandler
200002ec g       .bss	00000000 _ebss
00001dce g     F .text	0000003c USART_GetITStatus
00001676  w      .text	00000000 DMA1_Channel7_IRQHandler
00001c9a g     F .text	0000000e TIM_OC3PreloadConfig
00001676  w      .text	00000000 CAN1_RX1_IRQHandler
00001e1e g     F .text	0000002a Delay_Init
00001676  w      .text	00000000 DVP_IRQHandler
00001676  w      .text	00000000 UART5_IRQHandler
000043b0 g     F .text	00000086 .hidden __gtsf2
0000185e g     F .text	00000004 GPIO_SetBits
00000da6 g     F .text	00000034 TIM4_IRQHandler
00002e76 g     F .text	000000b6 .hidden __ledf2
00001c80 g     F .text	0000001a TIM_ARRPreloadConfig
000001c8 g     F .text	00000028 .hidden __riscv_save_9
00001676  w      .text	00000000 DMA2_Channel1_IRQHandler
000001d6 g     F .text	0000001a .hidden __riscv_save_4
00001676  w      .text	00000000 I2C1_EV_IRQHandler
00001010 g     F .text	000000a8 Zigbee_Init
00001cb4 g     F .text	00000018 TIM_GetITStatus
00001148 g     F .text	0000009c Zigbee_ParseCommand
000018f4 g     F .text	00000176 RCC_GetClocksFreq
00001676  w      .text	00000000 DMA1_Channel6_IRQHandler
00004d1a g     F .text	0000006e .hidden __clzsi2
000011e4 g     F .text	0000007c UART4_IRQHandler
00001676  w      .text	00000000 DMA2_Channel4_IRQHandler
00001cd8 g     F .text	00000090 USART_Init
00001676  w      .text	00000000 TIM3_IRQHandler
00001676  w      .text	00000000 RCC_IRQHandler
000001f0 g     F .text	0000000c .hidden __riscv_save_3
00001676  w      .text	00000000 TIM1_TRG_COM_IRQHandler
00001676  w      .text	00000000 DMA1_Channel1_IRQHandler
00000f84 g     F .text	0000000c Temperature_GetCelsius
00000000 g       .init	00000000 _start
00001676  w      .text	00000000 DMA2_Channel7_IRQHandler
20000000 g     O .data	00000010 AHBPrescTable
00000bb2 g     F .text	00000194 HC_SR04_GetDistance_cm
00004ada g     F .text	000000c6 .hidden __floatsisf
00001f9c  w    F .text	000000e0 prints
00001676  w      .text	00000000 EXTI15_10_IRQHandler
00001c6e g     F .text	00000012 TIM_ITConfig
00004d8e g     F .text	00000028 strncmp
00001d7e g     F .text	00000036 USART_ITConfig
000009fa g     F .text	00000006 AHT20_GetHumidity
00001702 g     F .text	0000006a EXTI_Init
000009f4 g     F .text	00000006 AHT20_GetTemperature
00000dda g     F .text	0000000c Humidity_GetPercent
00001862 g     F .text	00000004 GPIO_ResetBits
00001676  w      .text	00000000 TIM7_IRQHandler
00001676  w      .text	00000000 CAN2_TX_IRQHandler
20000000 g       .dalign	00000000 _data_vma
00001676  w      .text	00000000 TIM5_IRQHandler
00001cac g     F .text	00000004 TIM_SetCompare3
00000456 g     F .text	00000026 OLED_SetPos
00000f7e g     F .text	00000006 Pump_GetSpeed
00000a96 g     F .text	00000074 EXTI9_5_IRQHandler
0000039e g     F .text	0000000e OLED_WriteData
00001866 g     F .text	0000002c GPIO_EXTILineConfig
00002f2c g     F .text	000004b8 .hidden __muldf3
000001c8 g     F .text	00000028 .hidden __riscv_save_10
00001676  w      .text	00000000 ETH_WKUP_IRQHandler
0000020a g     F .text	00000016 .hidden __riscv_restore_4
00000200 g     F .text	00000020 .hidden __riscv_restore_8
000001d6 g     F .text	0000001a .hidden __riscv_save_6
0000176c g     F .text	0000001e EXTI_GetITStatus
0000047c g     F .text	00000034 OLED_Clear
00001676  w      .text	00000000 SPI2_IRQHandler
00000200 g     F .text	00000020 .hidden __riscv_restore_9
0000020a g     F .text	00000016 .hidden __riscv_restore_7
00001272 g     F .text	000001e0 main
00000d46 g     F .text	00000060 HC_SR04_GetWaterLevel_m
00001676  w      .text	00000000 TIM10_BRK_IRQHandler
000010b8 g     F .text	00000032 Zigbee_SendString
00001676  w      .text	00000000 TIM9_CC_IRQHandler
00004436 g     F .text	0000008c .hidden __ltsf2
00000f56 g     F .text	00000028 Pump_Stop
00001676  w      .text	00000000 DMA2_Channel5_IRQHandler
00004f44 g     F .text	0000001e __ascii_wctomb
00000f2a g     F .text	0000002c Pump_Start
00001676  w      .text	00000000 DMA1_Channel5_IRQHandler
00001ca8 g     F .text	00000004 TIM_SetCounter
00001676  w      .text	00000000 EXTI4_IRQHandler
00001e7e g     F .text	00000036 Delay_Ms
00001676  w      .text	00000000 USB_LP_CAN1_RX0_IRQHandler
000044c2 g     F .text	00000290 .hidden __mulsf3
0000071c g     F .text	00000044 CheckCrc8
00001452 g     F .text	000000fa SystemInit
00000ef0 g     F .text	0000003a Pump_SetSpeed
00001676  w      .text	00000000 RNG_IRQHandler
00001f54  w    F .text	00000048 printchar
00001676  w      .text	00000000 USB_HP_CAN1_TX_IRQHandler
00005948 g     O .text	00000100 .hidden __clz_tab
00000000 g       .init	00000000 _sinit
00000a00 g     F .text	00000070 Encoder_Init
00004f64 g     O .text	00000228 Ch6x8
00003b22 g     F .text	000000bc .hidden __fixdfdi
000043b0 g     F .text	00000086 .hidden __gesf2
00001676  w      .text	00000000 DMA1_Channel3_IRQHandler
00001676  w      .text	00000000 ETH_IRQHandler
200001fc g     O .data	00000004 _impure_ptr
00000b0a g     F .text	000000a8 HC_SR04_Init
00001676  w      .text	00000000 TIM1_UP_IRQHandler
00001676  w      .text	00000000 WWDG_IRQHandler
00001676  w      .text	00000000 USBHSWakeup_IRQHandler
00001676  w      .text	00000000 DMA2_Channel11_IRQHandler
00004f12 g     F .text	00000032 __ascii_mbtowc
00001676  w      .text	00000000 Ecall_U_Mode_Handler
00001676  w      .text	00000000 DMA2_Channel6_IRQHandler
00000fec g     F .text	00000024 TIM2_IRQHandler
20008000 g       .stack	00000000 _eusrstack
000001f0 g     F .text	0000000c .hidden __riscv_save_2
00001676  w      .text	00000000 SW_Handler
2000026c g     O .bss	00000080 g_zigbee_rx_buf
00000de6 g     F .text	0000010a Pump_Init
00001676  w      .text	00000000 TIM1_BRK_IRQHandler
00001db4 g     F .text	00000008 USART_SendData
00001676  w      .text	00000000 DMA2_Channel10_IRQHandler
00001676  w      .text	00000000 EXTI1_IRQHandler
000001d6 g     F .text	0000001a .hidden __riscv_save_5
00001f16 g     F .text	0000003e _write
20000200 g       .data	00000000 _edata
200002ec g       .bss	00000000 _end
20000214 g     O .bss	00000001 g_zigbee_rx_ready
00001aa6 g     F .text	000000ee TIM_TimeBaseInit
00001676  w      .text	00000000 RTCAlarm_IRQHandler
00005b5c g       .dlalign	00000000 _data_lma
00001676  w      .text	00000000 TIM10_UP_IRQHandler
00001676  w      .text	00000000 TIM9_TRG_COM_IRQHandler
00001676  w      .text	00000000 UART7_IRQHandler
00001676  w      .text	00000000 USART2_IRQHandler
00001676  w      .text	00000000 UART6_IRQHandler
0000154c g     F .text	0000012a SystemCoreClockUpdate
00004ba0 g     F .text	000000ce .hidden __floatunsisf
00001676  w      .text	00000000 I2C2_ER_IRQHandler
00001676  w      .text	00000000 DMA1_Channel2_IRQHandler
00004d88 g     F .text	00000006 atoi
000001fc g     F .text	00000024 .hidden __riscv_restore_12
00001676  w      .text	00000000 TIM8_BRK_IRQHandler
00005a58 g     O .text	00000101 _ctype_
00001678  w      .text	00000000 handle_reset
00001676  w      .text	00000000 CAN1_SCE_IRQHandler
00001676  w      .text	00000000 FLASH_IRQHandler
000001f0 g     F .text	0000000c .hidden __riscv_save_0
00000f90 g     F .text	0000005c TIM2_Init
00001676  w      .text	00000000 USART1_IRQHandler
00001676  w      .text	00000000 SPI3_IRQHandler
00004f0c g     F .text	00000006 __locale_ctype_ptr_l
000004b0 g     F .text	000000dc OLED_ShowStr
000007c2 g     F .text	0000020e MYI2C_Handle
00001676  w      .text	00000000 I2C1_ER_IRQHandler
00001892 g     F .text	00000006 NVIC_PriorityGroupConfig
00000214 g     F .text	0000000c .hidden __riscv_restore_1
20000210 g     O .bss	00000004 timer_cnt
000033e4 g     F .text	0000073e .hidden __subdf3
000010ea g     F .text	0000005e Zigbee_SendSensorData
00001854 g     F .text	0000000a GPIO_ReadInputDataBit
00003d94 g     F .text	0000036a .hidden __addsf3
20000080 g     O .data	0000016c __global_locale
00001676  w      .text	00000000 USBWakeUp_IRQHandler
00001676  w      .text	00000000 DMA2_Channel3_IRQHandler



Disassembly of section .init:

00000000 <_sinit>:
   0:	6780106f          	j	1678 <handle_reset>

Disassembly of section .vector:

00000004 <_vector_base>:
	...
   c:	1260                	addi	s0,sp,300
   e:	0000                	unimp
  10:	1262                	slli	tp,tp,0x38
  12:	0000                	unimp
  14:	0000                	unimp
  16:	0000                	unimp
  18:	1676                	slli	a2,a2,0x3d
	...
  22:	0000                	unimp
  24:	1676                	slli	a2,a2,0x3d
  26:	0000                	unimp
  28:	1676                	slli	a2,a2,0x3d
	...
  32:	0000                	unimp
  34:	1676                	slli	a2,a2,0x3d
  36:	0000                	unimp
  38:	0000                	unimp
  3a:	0000                	unimp
  3c:	1676                	slli	a2,a2,0x3d
  3e:	0000                	unimp
  40:	0000                	unimp
  42:	0000                	unimp
  44:	1676                	slli	a2,a2,0x3d
  46:	0000                	unimp
  48:	1676                	slli	a2,a2,0x3d
  4a:	0000                	unimp
  4c:	1676                	slli	a2,a2,0x3d
  4e:	0000                	unimp
  50:	1676                	slli	a2,a2,0x3d
  52:	0000                	unimp
  54:	1676                	slli	a2,a2,0x3d
  56:	0000                	unimp
  58:	1676                	slli	a2,a2,0x3d
  5a:	0000                	unimp
  5c:	1676                	slli	a2,a2,0x3d
  5e:	0000                	unimp
  60:	1676                	slli	a2,a2,0x3d
  62:	0000                	unimp
  64:	1676                	slli	a2,a2,0x3d
  66:	0000                	unimp
  68:	1676                	slli	a2,a2,0x3d
  6a:	0000                	unimp
  6c:	1676                	slli	a2,a2,0x3d
  6e:	0000                	unimp
  70:	1676                	slli	a2,a2,0x3d
  72:	0000                	unimp
  74:	1676                	slli	a2,a2,0x3d
  76:	0000                	unimp
  78:	1676                	slli	a2,a2,0x3d
  7a:	0000                	unimp
  7c:	1676                	slli	a2,a2,0x3d
  7e:	0000                	unimp
  80:	1676                	slli	a2,a2,0x3d
  82:	0000                	unimp
  84:	1676                	slli	a2,a2,0x3d
  86:	0000                	unimp
  88:	1676                	slli	a2,a2,0x3d
  8a:	0000                	unimp
  8c:	1676                	slli	a2,a2,0x3d
  8e:	0000                	unimp
  90:	1676                	slli	a2,a2,0x3d
  92:	0000                	unimp
  94:	1676                	slli	a2,a2,0x3d
  96:	0000                	unimp
  98:	1676                	slli	a2,a2,0x3d
  9a:	0000                	unimp
  9c:	1676                	slli	a2,a2,0x3d
  9e:	0000                	unimp
  a0:	0a96                	slli	s5,s5,0x5
  a2:	0000                	unimp
  a4:	1676                	slli	a2,a2,0x3d
  a6:	0000                	unimp
  a8:	1676                	slli	a2,a2,0x3d
  aa:	0000                	unimp
  ac:	1676                	slli	a2,a2,0x3d
  ae:	0000                	unimp
  b0:	1676                	slli	a2,a2,0x3d
  b2:	0000                	unimp
  b4:	0fec                	addi	a1,sp,988
  b6:	0000                	unimp
  b8:	1676                	slli	a2,a2,0x3d
  ba:	0000                	unimp
  bc:	0da6                	slli	s11,s11,0x9
  be:	0000                	unimp
  c0:	1676                	slli	a2,a2,0x3d
  c2:	0000                	unimp
  c4:	1676                	slli	a2,a2,0x3d
  c6:	0000                	unimp
  c8:	1676                	slli	a2,a2,0x3d
  ca:	0000                	unimp
  cc:	1676                	slli	a2,a2,0x3d
  ce:	0000                	unimp
  d0:	1676                	slli	a2,a2,0x3d
  d2:	0000                	unimp
  d4:	1676                	slli	a2,a2,0x3d
  d6:	0000                	unimp
  d8:	1676                	slli	a2,a2,0x3d
  da:	0000                	unimp
  dc:	1676                	slli	a2,a2,0x3d
  de:	0000                	unimp
  e0:	1676                	slli	a2,a2,0x3d
  e2:	0000                	unimp
  e4:	1676                	slli	a2,a2,0x3d
  e6:	0000                	unimp
  e8:	1676                	slli	a2,a2,0x3d
  ea:	0000                	unimp
  ec:	1676                	slli	a2,a2,0x3d
  ee:	0000                	unimp
  f0:	1676                	slli	a2,a2,0x3d
  f2:	0000                	unimp
  f4:	1676                	slli	a2,a2,0x3d
  f6:	0000                	unimp
  f8:	1676                	slli	a2,a2,0x3d
  fa:	0000                	unimp
  fc:	1676                	slli	a2,a2,0x3d
  fe:	0000                	unimp
 100:	1676                	slli	a2,a2,0x3d
 102:	0000                	unimp
 104:	0000                	unimp
 106:	0000                	unimp
 108:	1676                	slli	a2,a2,0x3d
 10a:	0000                	unimp
 10c:	1676                	slli	a2,a2,0x3d
 10e:	0000                	unimp
 110:	1676                	slli	a2,a2,0x3d
 112:	0000                	unimp
 114:	11e4                	addi	s1,sp,236
 116:	0000                	unimp
 118:	1676                	slli	a2,a2,0x3d
 11a:	0000                	unimp
 11c:	1676                	slli	a2,a2,0x3d
 11e:	0000                	unimp
 120:	1676                	slli	a2,a2,0x3d
 122:	0000                	unimp
 124:	1676                	slli	a2,a2,0x3d
 126:	0000                	unimp
 128:	1676                	slli	a2,a2,0x3d
 12a:	0000                	unimp
 12c:	1676                	slli	a2,a2,0x3d
 12e:	0000                	unimp
 130:	1676                	slli	a2,a2,0x3d
 132:	0000                	unimp
 134:	1676                	slli	a2,a2,0x3d
 136:	0000                	unimp
 138:	1676                	slli	a2,a2,0x3d
 13a:	0000                	unimp
 13c:	1676                	slli	a2,a2,0x3d
 13e:	0000                	unimp
 140:	1676                	slli	a2,a2,0x3d
 142:	0000                	unimp
 144:	1676                	slli	a2,a2,0x3d
 146:	0000                	unimp
 148:	1676                	slli	a2,a2,0x3d
 14a:	0000                	unimp
 14c:	1676                	slli	a2,a2,0x3d
 14e:	0000                	unimp
 150:	1676                	slli	a2,a2,0x3d
 152:	0000                	unimp
 154:	1676                	slli	a2,a2,0x3d
 156:	0000                	unimp
 158:	1676                	slli	a2,a2,0x3d
 15a:	0000                	unimp
 15c:	1676                	slli	a2,a2,0x3d
 15e:	0000                	unimp
 160:	1676                	slli	a2,a2,0x3d
 162:	0000                	unimp
 164:	1676                	slli	a2,a2,0x3d
 166:	0000                	unimp
 168:	1676                	slli	a2,a2,0x3d
 16a:	0000                	unimp
 16c:	1676                	slli	a2,a2,0x3d
 16e:	0000                	unimp
 170:	1676                	slli	a2,a2,0x3d
 172:	0000                	unimp
 174:	1676                	slli	a2,a2,0x3d
 176:	0000                	unimp
 178:	1676                	slli	a2,a2,0x3d
 17a:	0000                	unimp
 17c:	1676                	slli	a2,a2,0x3d
 17e:	0000                	unimp
 180:	1676                	slli	a2,a2,0x3d
 182:	0000                	unimp
 184:	1676                	slli	a2,a2,0x3d
 186:	0000                	unimp
 188:	1676                	slli	a2,a2,0x3d
 18a:	0000                	unimp
 18c:	1676                	slli	a2,a2,0x3d
 18e:	0000                	unimp
 190:	1676                	slli	a2,a2,0x3d
 192:	0000                	unimp
 194:	1676                	slli	a2,a2,0x3d
 196:	0000                	unimp
 198:	1676                	slli	a2,a2,0x3d
 19a:	0000                	unimp
 19c:	1676                	slli	a2,a2,0x3d
 19e:	0000                	unimp
 1a0:	1676                	slli	a2,a2,0x3d
	...

Disassembly of section .text:

000001c0 <__riscv_save_12>:
     1c0:	7139                	addi	sp,sp,-64
     1c2:	4301                	li	t1,0
     1c4:	c66e                	sw	s11,12(sp)
     1c6:	a019                	j	1cc <__riscv_save_10+0x4>

000001c8 <__riscv_save_10>:
     1c8:	7139                	addi	sp,sp,-64
     1ca:	5341                	li	t1,-16
     1cc:	c86a                	sw	s10,16(sp)
     1ce:	ca66                	sw	s9,20(sp)
     1d0:	cc62                	sw	s8,24(sp)
     1d2:	ce5e                	sw	s7,28(sp)
     1d4:	a019                	j	1da <__riscv_save_4+0x4>

000001d6 <__riscv_save_4>:
     1d6:	7139                	addi	sp,sp,-64
     1d8:	5301                	li	t1,-32
     1da:	d05a                	sw	s6,32(sp)
     1dc:	d256                	sw	s5,36(sp)
     1de:	d452                	sw	s4,40(sp)
     1e0:	d64e                	sw	s3,44(sp)
     1e2:	d84a                	sw	s2,48(sp)
     1e4:	da26                	sw	s1,52(sp)
     1e6:	dc22                	sw	s0,56(sp)
     1e8:	de06                	sw	ra,60(sp)
     1ea:	40610133          	sub	sp,sp,t1
     1ee:	8282                	jr	t0

000001f0 <__riscv_save_0>:
     1f0:	1141                	addi	sp,sp,-16
     1f2:	c04a                	sw	s2,0(sp)
     1f4:	c226                	sw	s1,4(sp)
     1f6:	c422                	sw	s0,8(sp)
     1f8:	c606                	sw	ra,12(sp)
     1fa:	8282                	jr	t0

000001fc <__riscv_restore_12>:
     1fc:	4db2                	lw	s11,12(sp)
     1fe:	0141                	addi	sp,sp,16

00000200 <__riscv_restore_10>:
     200:	4d02                	lw	s10,0(sp)
     202:	4c92                	lw	s9,4(sp)
     204:	4c22                	lw	s8,8(sp)
     206:	4bb2                	lw	s7,12(sp)
     208:	0141                	addi	sp,sp,16

0000020a <__riscv_restore_4>:
     20a:	4b02                	lw	s6,0(sp)
     20c:	4a92                	lw	s5,4(sp)
     20e:	4a22                	lw	s4,8(sp)
     210:	49b2                	lw	s3,12(sp)
     212:	0141                	addi	sp,sp,16

00000214 <__riscv_restore_0>:
     214:	4902                	lw	s2,0(sp)
     216:	4492                	lw	s1,4(sp)
     218:	4422                	lw	s0,8(sp)
     21a:	40b2                	lw	ra,12(sp)
     21c:	0141                	addi	sp,sp,16
     21e:	8082                	ret

00000220 <I2C_SendByte>:
     220:	fd1ff2ef          	jal	t0,1f0 <__riscv_save_0>
     224:	40011437          	lui	s0,0x40011
     228:	892a                	mv	s2,a0
     22a:	44a1                	li	s1,8
     22c:	c0040413          	addi	s0,s0,-1024 # 40010c00 <_eusrstack+0x20008c00>
     230:	01891793          	slli	a5,s2,0x18
     234:	87e1                	srai	a5,a5,0x18
     236:	08000593          	li	a1,128
     23a:	8522                	mv	a0,s0
     23c:	0207dc63          	bgez	a5,274 <I2C_SendByte+0x54>
     240:	61e010ef          	jal	ra,185e <GPIO_SetBits>
     244:	4509                	li	a0,2
     246:	403010ef          	jal	ra,1e48 <Delay_Us>
     24a:	04000593          	li	a1,64
     24e:	8522                	mv	a0,s0
     250:	60e010ef          	jal	ra,185e <GPIO_SetBits>
     254:	4509                	li	a0,2
     256:	3f3010ef          	jal	ra,1e48 <Delay_Us>
     25a:	14fd                	addi	s1,s1,-1
     25c:	04000593          	li	a1,64
     260:	8522                	mv	a0,s0
     262:	0906                	slli	s2,s2,0x1
     264:	0ff4f493          	andi	s1,s1,255
     268:	5fa010ef          	jal	ra,1862 <GPIO_ResetBits>
     26c:	0ff97913          	andi	s2,s2,255
     270:	f0e1                	bnez	s1,230 <I2C_SendByte+0x10>
     272:	b74d                	j	214 <__riscv_restore_0>
     274:	5ee010ef          	jal	ra,1862 <GPIO_ResetBits>
     278:	b7f1                	j	244 <I2C_SendByte+0x24>

0000027a <I2C_WaitAck>:
     27a:	f77ff2ef          	jal	t0,1f0 <__riscv_save_0>
     27e:	40011437          	lui	s0,0x40011
     282:	08000593          	li	a1,128
     286:	c0040513          	addi	a0,s0,-1024 # 40010c00 <_eusrstack+0x20008c00>
     28a:	5d4010ef          	jal	ra,185e <GPIO_SetBits>
     28e:	4505                	li	a0,1
     290:	3b9010ef          	jal	ra,1e48 <Delay_Us>
     294:	04000593          	li	a1,64
     298:	c0040513          	addi	a0,s0,-1024
     29c:	5c2010ef          	jal	ra,185e <GPIO_SetBits>
     2a0:	4505                	li	a0,1
     2a2:	3a7010ef          	jal	ra,1e48 <Delay_Us>
     2a6:	08000593          	li	a1,128
     2aa:	c0040513          	addi	a0,s0,-1024
     2ae:	5a6010ef          	jal	ra,1854 <GPIO_ReadInputDataBit>
     2b2:	84aa                	mv	s1,a0
     2b4:	04000593          	li	a1,64
     2b8:	c0040513          	addi	a0,s0,-1024
     2bc:	5a6010ef          	jal	ra,1862 <GPIO_ResetBits>
     2c0:	8526                	mv	a0,s1
     2c2:	bf89                	j	214 <__riscv_restore_0>

000002c4 <I2C_WriteByte>:
     2c4:	f2dff2ef          	jal	t0,1f0 <__riscv_save_0>
     2c8:	40011437          	lui	s0,0x40011
     2cc:	892a                	mv	s2,a0
     2ce:	84ae                	mv	s1,a1
     2d0:	c0040513          	addi	a0,s0,-1024 # 40010c00 <_eusrstack+0x20008c00>
     2d4:	08000593          	li	a1,128
     2d8:	586010ef          	jal	ra,185e <GPIO_SetBits>
     2dc:	04000593          	li	a1,64
     2e0:	c0040513          	addi	a0,s0,-1024
     2e4:	57a010ef          	jal	ra,185e <GPIO_SetBits>
     2e8:	4511                	li	a0,4
     2ea:	35f010ef          	jal	ra,1e48 <Delay_Us>
     2ee:	08000593          	li	a1,128
     2f2:	c0040513          	addi	a0,s0,-1024
     2f6:	56c010ef          	jal	ra,1862 <GPIO_ResetBits>
     2fa:	4511                	li	a0,4
     2fc:	34d010ef          	jal	ra,1e48 <Delay_Us>
     300:	04000593          	li	a1,64
     304:	c0040513          	addi	a0,s0,-1024
     308:	55a010ef          	jal	ra,1862 <GPIO_ResetBits>
     30c:	07800513          	li	a0,120
     310:	3f01                	jal	220 <I2C_SendByte>
     312:	37a5                	jal	27a <I2C_WaitAck>
     314:	854a                	mv	a0,s2
     316:	3729                	jal	220 <I2C_SendByte>
     318:	378d                	jal	27a <I2C_WaitAck>
     31a:	8526                	mv	a0,s1
     31c:	3711                	jal	220 <I2C_SendByte>
     31e:	3fb1                	jal	27a <I2C_WaitAck>
     320:	c0040513          	addi	a0,s0,-1024
     324:	08000593          	li	a1,128
     328:	53a010ef          	jal	ra,1862 <GPIO_ResetBits>
     32c:	04000593          	li	a1,64
     330:	c0040513          	addi	a0,s0,-1024
     334:	52a010ef          	jal	ra,185e <GPIO_SetBits>
     338:	4511                	li	a0,4
     33a:	30f010ef          	jal	ra,1e48 <Delay_Us>
     33e:	08000593          	li	a1,128
     342:	c0040513          	addi	a0,s0,-1024
     346:	518010ef          	jal	ra,185e <GPIO_SetBits>
     34a:	4511                	li	a0,4
     34c:	2fd010ef          	jal	ra,1e48 <Delay_Us>
     350:	b5d1                	j	214 <__riscv_restore_0>

00000352 <OLED_I2C_Init>:
     352:	e9fff2ef          	jal	t0,1f0 <__riscv_save_0>
     356:	1141                	addi	sp,sp,-16
     358:	4585                	li	a1,1
     35a:	4521                	li	a0,8
     35c:	c202                	sw	zero,4(sp)
     35e:	c402                	sw	zero,8(sp)
     360:	c602                	sw	zero,12(sp)
     362:	708010ef          	jal	ra,1a6a <RCC_APB2PeriphClockCmd>
     366:	0c000793          	li	a5,192
     36a:	40011437          	lui	s0,0x40011
     36e:	827c                	sh	a5,4(sp)
     370:	47d1                	li	a5,20
     372:	c63e                	sw	a5,12(sp)
     374:	004c                	addi	a1,sp,4
     376:	478d                	li	a5,3
     378:	c0040513          	addi	a0,s0,-1024 # 40010c00 <_eusrstack+0x20008c00>
     37c:	c43e                	sw	a5,8(sp)
     37e:	416010ef          	jal	ra,1794 <GPIO_Init>
     382:	0c000593          	li	a1,192
     386:	c0040513          	addi	a0,s0,-1024
     38a:	4d4010ef          	jal	ra,185e <GPIO_SetBits>
     38e:	0141                	addi	sp,sp,16
     390:	b551                	j	214 <__riscv_restore_0>

00000392 <OLED_WriteCmd>:
     392:	e5fff2ef          	jal	t0,1f0 <__riscv_save_0>
     396:	85aa                	mv	a1,a0
     398:	4501                	li	a0,0
     39a:	372d                	jal	2c4 <I2C_WriteByte>
     39c:	bda5                	j	214 <__riscv_restore_0>

0000039e <OLED_WriteData>:
     39e:	e53ff2ef          	jal	t0,1f0 <__riscv_save_0>
     3a2:	85aa                	mv	a1,a0
     3a4:	04000513          	li	a0,64
     3a8:	3f31                	jal	2c4 <I2C_WriteByte>
     3aa:	b5ad                	j	214 <__riscv_restore_0>

000003ac <OLED_Init>:
     3ac:	e45ff2ef          	jal	t0,1f0 <__riscv_save_0>
     3b0:	06400513          	li	a0,100
     3b4:	2cb010ef          	jal	ra,1e7e <Delay_Ms>
     3b8:	0ae00513          	li	a0,174
     3bc:	3fd9                	jal	392 <OLED_WriteCmd>
     3be:	02000513          	li	a0,32
     3c2:	3fc1                	jal	392 <OLED_WriteCmd>
     3c4:	4541                	li	a0,16
     3c6:	37f1                	jal	392 <OLED_WriteCmd>
     3c8:	0b000513          	li	a0,176
     3cc:	37d9                	jal	392 <OLED_WriteCmd>
     3ce:	0c800513          	li	a0,200
     3d2:	37c1                	jal	392 <OLED_WriteCmd>
     3d4:	4509                	li	a0,2
     3d6:	3f75                	jal	392 <OLED_WriteCmd>
     3d8:	4541                	li	a0,16
     3da:	3f65                	jal	392 <OLED_WriteCmd>
     3dc:	04000513          	li	a0,64
     3e0:	3f4d                	jal	392 <OLED_WriteCmd>
     3e2:	08100513          	li	a0,129
     3e6:	3775                	jal	392 <OLED_WriteCmd>
     3e8:	0ff00513          	li	a0,255
     3ec:	375d                	jal	392 <OLED_WriteCmd>
     3ee:	0a100513          	li	a0,161
     3f2:	3745                	jal	392 <OLED_WriteCmd>
     3f4:	0a600513          	li	a0,166
     3f8:	3f69                	jal	392 <OLED_WriteCmd>
     3fa:	0a800513          	li	a0,168
     3fe:	3f51                	jal	392 <OLED_WriteCmd>
     400:	03f00513          	li	a0,63
     404:	3779                	jal	392 <OLED_WriteCmd>
     406:	0a400513          	li	a0,164
     40a:	3761                	jal	392 <OLED_WriteCmd>
     40c:	0d300513          	li	a0,211
     410:	3749                	jal	392 <OLED_WriteCmd>
     412:	4501                	li	a0,0
     414:	3fbd                	jal	392 <OLED_WriteCmd>
     416:	0d500513          	li	a0,213
     41a:	3fa5                	jal	392 <OLED_WriteCmd>
     41c:	0f000513          	li	a0,240
     420:	3f8d                	jal	392 <OLED_WriteCmd>
     422:	0d900513          	li	a0,217
     426:	37b5                	jal	392 <OLED_WriteCmd>
     428:	02200513          	li	a0,34
     42c:	379d                	jal	392 <OLED_WriteCmd>
     42e:	0da00513          	li	a0,218
     432:	3785                	jal	392 <OLED_WriteCmd>
     434:	4549                	li	a0,18
     436:	3fb1                	jal	392 <OLED_WriteCmd>
     438:	0db00513          	li	a0,219
     43c:	3f99                	jal	392 <OLED_WriteCmd>
     43e:	02000513          	li	a0,32
     442:	3f81                	jal	392 <OLED_WriteCmd>
     444:	08d00513          	li	a0,141
     448:	37a9                	jal	392 <OLED_WriteCmd>
     44a:	4551                	li	a0,20
     44c:	3799                	jal	392 <OLED_WriteCmd>
     44e:	0af00513          	li	a0,175
     452:	3781                	jal	392 <OLED_WriteCmd>
     454:	b3c1                	j	214 <__riscv_restore_0>

00000456 <OLED_SetPos>:
     456:	d9bff2ef          	jal	t0,1f0 <__riscv_save_0>
     45a:	fb058593          	addi	a1,a1,-80
     45e:	842a                	mv	s0,a0
     460:	0ff5f513          	andi	a0,a1,255
     464:	373d                	jal	392 <OLED_WriteCmd>
     466:	00445513          	srli	a0,s0,0x4
     46a:	01056513          	ori	a0,a0,16
     46e:	3715                	jal	392 <OLED_WriteCmd>
     470:	00e47513          	andi	a0,s0,14
     474:	00156513          	ori	a0,a0,1
     478:	3f29                	jal	392 <OLED_WriteCmd>
     47a:	bb69                	j	214 <__riscv_restore_0>

0000047c <OLED_Clear>:
     47c:	d75ff2ef          	jal	t0,1f0 <__riscv_save_0>
     480:	0b000413          	li	s0,176
     484:	0b800913          	li	s2,184
     488:	8522                	mv	a0,s0
     48a:	3721                	jal	392 <OLED_WriteCmd>
     48c:	4501                	li	a0,0
     48e:	3711                	jal	392 <OLED_WriteCmd>
     490:	4541                	li	a0,16
     492:	3701                	jal	392 <OLED_WriteCmd>
     494:	08200493          	li	s1,130
     498:	14fd                	addi	s1,s1,-1
     49a:	4501                	li	a0,0
     49c:	0ff4f493          	andi	s1,s1,255
     4a0:	3dfd                	jal	39e <OLED_WriteData>
     4a2:	f8fd                	bnez	s1,498 <OLED_Clear+0x1c>
     4a4:	0405                	addi	s0,s0,1
     4a6:	0ff47413          	andi	s0,s0,255
     4aa:	fd241fe3          	bne	s0,s2,488 <OLED_Clear+0xc>
     4ae:	b39d                	j	214 <__riscv_restore_0>

000004b0 <OLED_ShowStr>:
     4b0:	d19ff2ef          	jal	t0,1c8 <__riscv_save_10>
     4b4:	4785                	li	a5,1
     4b6:	842a                	mv	s0,a0
     4b8:	892e                	mv	s2,a1
     4ba:	8ab2                	mv	s5,a2
     4bc:	04f68863          	beq	a3,a5,50c <OLED_ShowStr+0x5c>
     4c0:	4789                	li	a5,2
     4c2:	0af68d63          	beq	a3,a5,57c <OLED_ShowStr+0xcc>
     4c6:	bb2d                	j	200 <__riscv_restore_10>
     4c8:	1781                	addi	a5,a5,-32
     4ca:	0ff7f493          	andi	s1,a5,255
     4ce:	008bf663          	bgeu	s7,s0,4da <OLED_ShowStr+0x2a>
     4d2:	0905                	addi	s2,s2,1
     4d4:	0ff97913          	andi	s2,s2,255
     4d8:	4401                	li	s0,0
     4da:	036484b3          	mul	s1,s1,s6
     4de:	85ca                	mv	a1,s2
     4e0:	8522                	mv	a0,s0
     4e2:	3f95                	jal	456 <OLED_SetPos>
     4e4:	4c01                	li	s8,0
     4e6:	018487b3          	add	a5,s1,s8
     4ea:	97d2                	add	a5,a5,s4
     4ec:	2388                	lbu	a0,0(a5)
     4ee:	0c05                	addi	s8,s8,1
     4f0:	357d                	jal	39e <OLED_WriteData>
     4f2:	ff6c1ae3          	bne	s8,s6,4e6 <OLED_ShowStr+0x36>
     4f6:	0419                	addi	s0,s0,6
     4f8:	0985                	addi	s3,s3,1
     4fa:	0ff47413          	andi	s0,s0,255
     4fe:	0ff9f993          	andi	s3,s3,255
     502:	013a87b3          	add	a5,s5,s3
     506:	239c                	lbu	a5,0(a5)
     508:	f3e1                	bnez	a5,4c8 <OLED_ShowStr+0x18>
     50a:	bf75                	j	4c6 <OLED_ShowStr+0x16>
     50c:	6a15                	lui	s4,0x5
     50e:	4981                	li	s3,0
     510:	07a00b93          	li	s7,122
     514:	4b19                	li	s6,6
     516:	f64a0a13          	addi	s4,s4,-156 # 4f64 <Ch6x8>
     51a:	b7e5                	j	502 <OLED_ShowStr+0x52>
     51c:	1481                	addi	s1,s1,-32
     51e:	0ff4f493          	andi	s1,s1,255
     522:	008b7663          	bgeu	s6,s0,52e <OLED_ShowStr+0x7e>
     526:	0909                	addi	s2,s2,2
     528:	0ff97913          	andi	s2,s2,255
     52c:	4401                	li	s0,0
     52e:	85ca                	mv	a1,s2
     530:	8522                	mv	a0,s0
     532:	0492                	slli	s1,s1,0x4
     534:	370d                	jal	456 <OLED_SetPos>
     536:	4c01                	li	s8,0
     538:	94d2                	add	s1,s1,s4
     53a:	018487b3          	add	a5,s1,s8
     53e:	2388                	lbu	a0,0(a5)
     540:	0c05                	addi	s8,s8,1
     542:	3db1                	jal	39e <OLED_WriteData>
     544:	ff7c1be3          	bne	s8,s7,53a <OLED_ShowStr+0x8a>
     548:	00190593          	addi	a1,s2,1
     54c:	0ff5f593          	andi	a1,a1,255
     550:	8522                	mv	a0,s0
     552:	3711                	jal	456 <OLED_SetPos>
     554:	4c21                	li	s8,8
     556:	2488                	lbu	a0,8(s1)
     558:	1c7d                	addi	s8,s8,-1
     55a:	0ffc7c13          	andi	s8,s8,255
     55e:	3581                	jal	39e <OLED_WriteData>
     560:	0485                	addi	s1,s1,1
     562:	fe0c1ae3          	bnez	s8,556 <OLED_ShowStr+0xa6>
     566:	0421                	addi	s0,s0,8
     568:	0985                	addi	s3,s3,1
     56a:	0ff47413          	andi	s0,s0,255
     56e:	0ff9f993          	andi	s3,s3,255
     572:	013a87b3          	add	a5,s5,s3
     576:	2384                	lbu	s1,0(a5)
     578:	f0d5                	bnez	s1,51c <OLED_ShowStr+0x6c>
     57a:	b7b1                	j	4c6 <OLED_ShowStr+0x16>
     57c:	6a15                	lui	s4,0x5
     57e:	4981                	li	s3,0
     580:	07800b13          	li	s6,120
     584:	18ca0a13          	addi	s4,s4,396 # 518c <Ch8x16>
     588:	4ba1                	li	s7,8
     58a:	b7e5                	j	572 <OLED_ShowStr+0xc2>

0000058c <SDA_SetOutput>:
     58c:	c65ff2ef          	jal	t0,1f0 <__riscv_save_0>
     590:	1141                	addi	sp,sp,-16
     592:	47d1                	li	a5,20
     594:	c63e                	sw	a5,12(sp)
     596:	40011537          	lui	a0,0x40011
     59a:	4791                	li	a5,4
     59c:	827c                	sh	a5,4(sp)
     59e:	004c                	addi	a1,sp,4
     5a0:	478d                	li	a5,3
     5a2:	80050513          	addi	a0,a0,-2048 # 40010800 <_eusrstack+0x20008800>
     5a6:	c43e                	sw	a5,8(sp)
     5a8:	1ec010ef          	jal	ra,1794 <GPIO_Init>
     5ac:	0141                	addi	sp,sp,16
     5ae:	b19d                	j	214 <__riscv_restore_0>

000005b0 <SDA_SetInput>:
     5b0:	c41ff2ef          	jal	t0,1f0 <__riscv_save_0>
     5b4:	1141                	addi	sp,sp,-16
     5b6:	04800793          	li	a5,72
     5ba:	c63e                	sw	a5,12(sp)
     5bc:	40011537          	lui	a0,0x40011
     5c0:	4791                	li	a5,4
     5c2:	827c                	sh	a5,4(sp)
     5c4:	004c                	addi	a1,sp,4
     5c6:	478d                	li	a5,3
     5c8:	80050513          	addi	a0,a0,-2048 # 40010800 <_eusrstack+0x20008800>
     5cc:	c43e                	sw	a5,8(sp)
     5ce:	1c6010ef          	jal	ra,1794 <GPIO_Init>
     5d2:	0141                	addi	sp,sp,16
     5d4:	b181                	j	214 <__riscv_restore_0>

000005d6 <MYI2C_IIC_Start>:
     5d6:	c1bff2ef          	jal	t0,1f0 <__riscv_save_0>
     5da:	40011437          	lui	s0,0x40011
     5de:	4589                	li	a1,2
     5e0:	80040513          	addi	a0,s0,-2048 # 40010800 <_eusrstack+0x20008800>
     5e4:	27a010ef          	jal	ra,185e <GPIO_SetBits>
     5e8:	4511                	li	a0,4
     5ea:	05f010ef          	jal	ra,1e48 <Delay_Us>
     5ee:	4591                	li	a1,4
     5f0:	80040513          	addi	a0,s0,-2048
     5f4:	26a010ef          	jal	ra,185e <GPIO_SetBits>
     5f8:	4509                	li	a0,2
     5fa:	04f010ef          	jal	ra,1e48 <Delay_Us>
     5fe:	4591                	li	a1,4
     600:	80040513          	addi	a0,s0,-2048
     604:	25e010ef          	jal	ra,1862 <GPIO_ResetBits>
     608:	4509                	li	a0,2
     60a:	03f010ef          	jal	ra,1e48 <Delay_Us>
     60e:	4589                	li	a1,2
     610:	80040513          	addi	a0,s0,-2048
     614:	24e010ef          	jal	ra,1862 <GPIO_ResetBits>
     618:	4509                	li	a0,2
     61a:	02f010ef          	jal	ra,1e48 <Delay_Us>
     61e:	bedd                	j	214 <__riscv_restore_0>

00000620 <MYI2C_Write_IIC_Byte>:
     620:	bd1ff2ef          	jal	t0,1f0 <__riscv_save_0>
     624:	40011437          	lui	s0,0x40011
     628:	892a                	mv	s2,a0
     62a:	44a1                	li	s1,8
     62c:	80040413          	addi	s0,s0,-2048 # 40010800 <_eusrstack+0x20008800>
     630:	4589                	li	a1,2
     632:	8522                	mv	a0,s0
     634:	22e010ef          	jal	ra,1862 <GPIO_ResetBits>
     638:	4509                	li	a0,2
     63a:	00f010ef          	jal	ra,1e48 <Delay_Us>
     63e:	01891793          	slli	a5,s2,0x18
     642:	87e1                	srai	a5,a5,0x18
     644:	4591                	li	a1,4
     646:	8522                	mv	a0,s0
     648:	0207d663          	bgez	a5,674 <MYI2C_Write_IIC_Byte+0x54>
     64c:	212010ef          	jal	ra,185e <GPIO_SetBits>
     650:	4509                	li	a0,2
     652:	7f6010ef          	jal	ra,1e48 <Delay_Us>
     656:	4589                	li	a1,2
     658:	8522                	mv	a0,s0
     65a:	204010ef          	jal	ra,185e <GPIO_SetBits>
     65e:	14fd                	addi	s1,s1,-1
     660:	4509                	li	a0,2
     662:	0906                	slli	s2,s2,0x1
     664:	0ff4f493          	andi	s1,s1,255
     668:	7e0010ef          	jal	ra,1e48 <Delay_Us>
     66c:	0ff97913          	andi	s2,s2,255
     670:	f0e1                	bnez	s1,630 <MYI2C_Write_IIC_Byte+0x10>
     672:	b64d                	j	214 <__riscv_restore_0>
     674:	1ee010ef          	jal	ra,1862 <GPIO_ResetBits>
     678:	bfe1                	j	650 <MYI2C_Write_IIC_Byte+0x30>

0000067a <MYI2C_IIC_Stop>:
     67a:	b77ff2ef          	jal	t0,1f0 <__riscv_save_0>
     67e:	40011437          	lui	s0,0x40011
     682:	80040513          	addi	a0,s0,-2048 # 40010800 <_eusrstack+0x20008800>
     686:	4589                	li	a1,2
     688:	1da010ef          	jal	ra,1862 <GPIO_ResetBits>
     68c:	4591                	li	a1,4
     68e:	80040513          	addi	a0,s0,-2048
     692:	1d0010ef          	jal	ra,1862 <GPIO_ResetBits>
     696:	4509                	li	a0,2
     698:	7b0010ef          	jal	ra,1e48 <Delay_Us>
     69c:	4589                	li	a1,2
     69e:	80040513          	addi	a0,s0,-2048
     6a2:	1bc010ef          	jal	ra,185e <GPIO_SetBits>
     6a6:	4511                	li	a0,4
     6a8:	7a0010ef          	jal	ra,1e48 <Delay_Us>
     6ac:	4591                	li	a1,4
     6ae:	80040513          	addi	a0,s0,-2048
     6b2:	1ac010ef          	jal	ra,185e <GPIO_SetBits>
     6b6:	4509                	li	a0,2
     6b8:	790010ef          	jal	ra,1e48 <Delay_Us>
     6bc:	bea1                	j	214 <__riscv_restore_0>

000006be <MYI2C_IIC_Wait_Ack.constprop.4>:
     6be:	b33ff2ef          	jal	t0,1f0 <__riscv_save_0>
     6c2:	40011437          	lui	s0,0x40011
     6c6:	4589                	li	a1,2
     6c8:	80040513          	addi	a0,s0,-2048 # 40010800 <_eusrstack+0x20008800>
     6cc:	196010ef          	jal	ra,1862 <GPIO_ResetBits>
     6d0:	4509                	li	a0,2
     6d2:	776010ef          	jal	ra,1e48 <Delay_Us>
     6d6:	3de9                	jal	5b0 <SDA_SetInput>
     6d8:	4591                	li	a1,4
     6da:	80040513          	addi	a0,s0,-2048
     6de:	180010ef          	jal	ra,185e <GPIO_SetBits>
     6e2:	4509                	li	a0,2
     6e4:	764010ef          	jal	ra,1e48 <Delay_Us>
     6e8:	80040513          	addi	a0,s0,-2048
     6ec:	4589                	li	a1,2
     6ee:	170010ef          	jal	ra,185e <GPIO_SetBits>
     6f2:	4509                	li	a0,2
     6f4:	754010ef          	jal	ra,1e48 <Delay_Us>
     6f8:	0c700493          	li	s1,199
     6fc:	80040413          	addi	s0,s0,-2048
     700:	4591                	li	a1,4
     702:	8522                	mv	a0,s0
     704:	150010ef          	jal	ra,1854 <GPIO_ReadInputDataBit>
     708:	c511                	beqz	a0,714 <MYI2C_IIC_Wait_Ack.constprop.4+0x56>
     70a:	4505                	li	a0,1
     70c:	14fd                	addi	s1,s1,-1
     70e:	73a010ef          	jal	ra,1e48 <Delay_Us>
     712:	f4fd                	bnez	s1,700 <MYI2C_IIC_Wait_Ack.constprop.4+0x42>
     714:	3da5                	jal	58c <SDA_SetOutput>
     716:	0ff4f513          	andi	a0,s1,255
     71a:	bced                	j	214 <__riscv_restore_0>

0000071c <CheckCrc8>:
     71c:	4681                	li	a3,0
     71e:	0ff00793          	li	a5,255
     722:	0ff6f713          	andi	a4,a3,255
     726:	00b76463          	bltu	a4,a1,72e <CheckCrc8+0x12>
     72a:	853e                	mv	a0,a5
     72c:	8082                	ret
     72e:	00d50733          	add	a4,a0,a3
     732:	2318                	lbu	a4,0(a4)
     734:	8fb9                	xor	a5,a5,a4
     736:	4721                	li	a4,8
     738:	01879813          	slli	a6,a5,0x18
     73c:	00179613          	slli	a2,a5,0x1
     740:	41885813          	srai	a6,a6,0x18
     744:	0ff67793          	andi	a5,a2,255
     748:	00085663          	bgez	a6,754 <CheckCrc8+0x38>
     74c:	03164793          	xori	a5,a2,49
     750:	0ff7f793          	andi	a5,a5,255
     754:	177d                	addi	a4,a4,-1
     756:	0ff77713          	andi	a4,a4,255
     75a:	ff79                	bnez	a4,738 <CheckCrc8+0x1c>
     75c:	0685                	addi	a3,a3,1
     75e:	b7d1                	j	722 <CheckCrc8+0x6>

00000760 <MYI2C_Init>:
     760:	a91ff2ef          	jal	t0,1f0 <__riscv_save_0>
     764:	1101                	addi	sp,sp,-32
     766:	84aa                	mv	s1,a0
     768:	842e                	mv	s0,a1
     76a:	4511                	li	a0,4
     76c:	4585                	li	a1,1
     76e:	c632                	sw	a2,12(sp)
     770:	2fa010ef          	jal	ra,1a6a <RCC_APB2PeriphClockCmd>
     774:	4632                	lw	a2,12(sp)
     776:	000484a3          	sb	zero,9(s1)
     77a:	1f400793          	li	a5,500
     77e:	a090                	sb	a2,0(s1)
     780:	1f400593          	li	a1,500
     784:	00f46363          	bltu	s0,a5,78a <MYI2C_Init+0x2a>
     788:	85a2                	mv	a1,s0
     78a:	47d1                	li	a5,20
     78c:	40011437          	lui	s0,0x40011
     790:	ce3e                	sw	a5,28(sp)
     792:	4789                	li	a5,2
     794:	80040513          	addi	a0,s0,-2048 # 40010800 <_eusrstack+0x20008800>
     798:	c4cc                	sw	a1,12(s1)
     79a:	82fc                	sh	a5,20(sp)
     79c:	084c                	addi	a1,sp,20
     79e:	478d                	li	a5,3
     7a0:	cc3e                	sw	a5,24(sp)
     7a2:	7f3000ef          	jal	ra,1794 <GPIO_Init>
     7a6:	33dd                	jal	58c <SDA_SetOutput>
     7a8:	80040513          	addi	a0,s0,-2048
     7ac:	4589                	li	a1,2
     7ae:	0b0010ef          	jal	ra,185e <GPIO_SetBits>
     7b2:	4591                	li	a1,4
     7b4:	80040513          	addi	a0,s0,-2048
     7b8:	0a6010ef          	jal	ra,185e <GPIO_SetBits>
     7bc:	6105                	addi	sp,sp,32
     7be:	a57ff06f          	j	214 <__riscv_restore_0>

000007c2 <MYI2C_Handle>:
     7c2:	415c                	lw	a5,4(a0)
     7c4:	4729                	li	a4,10
     7c6:	07a9                	addi	a5,a5,10
     7c8:	c15c                	sw	a5,4(a0)
     7ca:	1ef77a63          	bgeu	a4,a5,9be <__stack_size+0x1be>
     7ce:	9fbff2ef          	jal	t0,1c8 <__riscv_save_10>
     7d2:	3518                	lbu	a4,9(a0)
     7d4:	842a                	mv	s0,a0
     7d6:	e739                	bnez	a4,824 <__stack_size+0x24>
     7d8:	4785                	li	a5,1
     7da:	b51c                	sb	a5,9(a0)
     7dc:	2104                	lbu	s1,0(a0)
     7de:	03300793          	li	a5,51
     7e2:	a91e                	sh	a5,16(a0)
     7e4:	3bcd                	jal	5d6 <MYI2C_IIC_Start>
     7e6:	00149513          	slli	a0,s1,0x1
     7ea:	0fe57513          	andi	a0,a0,254
     7ee:	3d0d                	jal	620 <MYI2C_Write_IIC_Byte>
     7f0:	35f9                	jal	6be <MYI2C_IIC_Wait_Ack.constprop.4>
     7f2:	84aa                	mv	s1,a0
     7f4:	0ac00513          	li	a0,172
     7f8:	3525                	jal	620 <MYI2C_Write_IIC_Byte>
     7fa:	35d1                	jal	6be <MYI2C_IIC_Wait_Ack.constprop.4>
     7fc:	e911                	bnez	a0,810 <__stack_size+0x10>
     7fe:	0014b493          	seqz	s1,s1
     802:	00148913          	addi	s2,s1,1
     806:	3d95                	jal	67a <MYI2C_IIC_Stop>
     808:	01240423          	sb	s2,8(s0)
     80c:	9f5ff06f          	j	200 <__riscv_restore_10>
     810:	4905                	li	s2,1
     812:	d8f5                	beqz	s1,806 <__stack_size+0x6>
     814:	2808                	lbu	a0,16(s0)
     816:	4901                	li	s2,0
     818:	3521                	jal	620 <MYI2C_Write_IIC_Byte>
     81a:	3555                	jal	6be <MYI2C_IIC_Wait_Ack.constprop.4>
     81c:	3808                	lbu	a0,17(s0)
     81e:	3509                	jal	620 <MYI2C_Write_IIC_Byte>
     820:	3d79                	jal	6be <MYI2C_IIC_Wait_Ack.constprop.4>
     822:	b7d5                	j	806 <__stack_size+0x6>
     824:	09600693          	li	a3,150
     828:	18f6f363          	bgeu	a3,a5,9ae <__stack_size+0x1ae>
     82c:	4685                	li	a3,1
     82e:	18d71063          	bne	a4,a3,9ae <__stack_size+0x1ae>
     832:	4789                	li	a5,2
     834:	2104                	lbu	s1,0(a0)
     836:	b51c                	sb	a5,9(a0)
     838:	02450b13          	addi	s6,a0,36
     83c:	3b69                	jal	5d6 <MYI2C_IIC_Start>
     83e:	00149513          	slli	a0,s1,0x1
     842:	0505                	addi	a0,a0,1
     844:	0ff57513          	andi	a0,a0,255
     848:	3be1                	jal	620 <MYI2C_Write_IIC_Byte>
     84a:	3d95                	jal	6be <MYI2C_IIC_Wait_Ack.constprop.4>
     84c:	400114b7          	lui	s1,0x40011
     850:	8a2a                	mv	s4,a0
     852:	00153b93          	seqz	s7,a0
     856:	8ada                	mv	s5,s6
     858:	499d                	li	s3,7
     85a:	80048493          	addi	s1,s1,-2048 # 40010800 <_eusrstack+0x20008800>
     85e:	4c1d                	li	s8,7
     860:	4ca1                	li	s9,8
     862:	0a0a0363          	beqz	s4,908 <__stack_size+0x108>
     866:	4589                	li	a1,2
     868:	8526                	mv	a0,s1
     86a:	7f9000ef          	jal	ra,1862 <GPIO_ResetBits>
     86e:	4509                	li	a0,2
     870:	5d8010ef          	jal	ra,1e48 <Delay_Us>
     874:	3b35                	jal	5b0 <SDA_SetInput>
     876:	4591                	li	a1,4
     878:	8526                	mv	a0,s1
     87a:	7e5000ef          	jal	ra,185e <GPIO_SetBits>
     87e:	4509                	li	a0,2
     880:	5c8010ef          	jal	ra,1e48 <Delay_Us>
     884:	4d01                	li	s10,0
     886:	4901                	li	s2,0
     888:	4589                	li	a1,2
     88a:	8526                	mv	a0,s1
     88c:	7d7000ef          	jal	ra,1862 <GPIO_ResetBits>
     890:	4509                	li	a0,2
     892:	5b6010ef          	jal	ra,1e48 <Delay_Us>
     896:	4589                	li	a1,2
     898:	8526                	mv	a0,s1
     89a:	7c5000ef          	jal	ra,185e <GPIO_SetBits>
     89e:	4509                	li	a0,2
     8a0:	5a8010ef          	jal	ra,1e48 <Delay_Us>
     8a4:	4591                	li	a1,4
     8a6:	8526                	mv	a0,s1
     8a8:	7ad000ef          	jal	ra,1854 <GPIO_ReadInputDataBit>
     8ac:	c501                	beqz	a0,8b4 <__stack_size+0xb4>
     8ae:	0905                	addi	s2,s2,1
     8b0:	0ff97913          	andi	s2,s2,255
     8b4:	018d0563          	beq	s10,s8,8be <__stack_size+0xbe>
     8b8:	0906                	slli	s2,s2,0x1
     8ba:	0ff97913          	andi	s2,s2,255
     8be:	0d05                	addi	s10,s10,1
     8c0:	0ffd7d13          	andi	s10,s10,255
     8c4:	fd9d12e3          	bne	s10,s9,888 <__stack_size+0x88>
     8c8:	31d1                	jal	58c <SDA_SetOutput>
     8ca:	4589                	li	a1,2
     8cc:	8526                	mv	a0,s1
     8ce:	012a8023          	sb	s2,0(s5)
     8d2:	791000ef          	jal	ra,1862 <GPIO_ResetBits>
     8d6:	4509                	li	a0,2
     8d8:	19fd                	addi	s3,s3,-1
     8da:	56e010ef          	jal	ra,1e48 <Delay_Us>
     8de:	0ff9f993          	andi	s3,s3,255
     8e2:	4591                	li	a1,4
     8e4:	8526                	mv	a0,s1
     8e6:	02098b63          	beqz	s3,91c <__stack_size+0x11c>
     8ea:	779000ef          	jal	ra,1862 <GPIO_ResetBits>
     8ee:	4509                	li	a0,2
     8f0:	558010ef          	jal	ra,1e48 <Delay_Us>
     8f4:	4589                	li	a1,2
     8f6:	8526                	mv	a0,s1
     8f8:	767000ef          	jal	ra,185e <GPIO_SetBits>
     8fc:	4511                	li	a0,4
     8fe:	54a010ef          	jal	ra,1e48 <Delay_Us>
     902:	0a85                	addi	s5,s5,1
     904:	f4099fe3          	bnez	s3,862 <__stack_size+0x62>
     908:	3b8d                	jal	67a <MYI2C_IIC_Stop>
     90a:	01740423          	sb	s7,8(s0)
     90e:	000a1a63          	bnez	s4,922 <__stack_size+0x122>
     912:	00000793          	li	a5,0
     916:	dc1c                	sw	a5,56(s0)
     918:	dc5c                	sw	a5,60(s0)
     91a:	bdcd                	j	80c <__stack_size+0xc>
     91c:	743000ef          	jal	ra,185e <GPIO_SetBits>
     920:	b7f9                	j	8ee <__stack_size+0xee>
     922:	4599                	li	a1,6
     924:	855a                	mv	a0,s6
     926:	3bdd                	jal	71c <CheckCrc8>
     928:	02a44783          	lbu	a5,42(s0)
     92c:	eea790e3          	bne	a5,a0,80c <__stack_size+0xc>
     930:	02444783          	lbu	a5,36(s0)
     934:	4761                	li	a4,24
     936:	0987f793          	andi	a5,a5,152
     93a:	ece799e3          	bne	a5,a4,80c <__stack_size+0xc>
     93e:	02544503          	lbu	a0,37(s0)
     942:	02744483          	lbu	s1,39(s0)
     946:	00005937          	lui	s2,0x5
     94a:	00851793          	slli	a5,a0,0x8
     94e:	02644503          	lbu	a0,38(s0)
     952:	953e                	add	a0,a0,a5
     954:	0522                	slli	a0,a0,0x8
     956:	9526                	add	a0,a0,s1
     958:	8111                	srli	a0,a0,0x4
     95a:	246040ef          	jal	ra,4ba0 <__floatunsisf>
     95e:	000057b7          	lui	a5,0x5
     962:	77c7a583          	lw	a1,1916(a5) # 577c <Ch8x16+0x5f0>
     966:	88bd                	andi	s1,s1,15
     968:	04a2                	slli	s1,s1,0x8
     96a:	359030ef          	jal	ra,44c2 <__mulsf3>
     96e:	78092583          	lw	a1,1920(s2) # 5780 <Ch8x16+0x5f4>
     972:	351030ef          	jal	ra,44c2 <__mulsf3>
     976:	dc08                	sw	a0,56(s0)
     978:	02844503          	lbu	a0,40(s0)
     97c:	94aa                	add	s1,s1,a0
     97e:	02944503          	lbu	a0,41(s0)
     982:	04a2                	slli	s1,s1,0x8
     984:	9526                	add	a0,a0,s1
     986:	21a040ef          	jal	ra,4ba0 <__floatunsisf>
     98a:	000057b7          	lui	a5,0x5
     98e:	7847a583          	lw	a1,1924(a5) # 5784 <Ch8x16+0x5f8>
     992:	331030ef          	jal	ra,44c2 <__mulsf3>
     996:	78092583          	lw	a1,1920(s2)
     99a:	329030ef          	jal	ra,44c2 <__mulsf3>
     99e:	000057b7          	lui	a5,0x5
     9a2:	7887a583          	lw	a1,1928(a5) # 5788 <Ch8x16+0x5fc>
     9a6:	5ad030ef          	jal	ra,4752 <__subsf3>
     9aa:	dc48                	sw	a0,60(s0)
     9ac:	b585                	j	80c <__stack_size+0xc>
     9ae:	4558                	lw	a4,12(a0)
     9b0:	e4f77ee3          	bgeu	a4,a5,80c <__stack_size+0xc>
     9b4:	000504a3          	sb	zero,9(a0)
     9b8:	00052223          	sw	zero,4(a0)
     9bc:	bd81                	j	80c <__stack_size+0xc>
     9be:	4558                	lw	a4,12(a0)
     9c0:	00f77763          	bgeu	a4,a5,9ce <__stack_size+0x1ce>
     9c4:	000504a3          	sb	zero,9(a0)
     9c8:	00052223          	sw	zero,4(a0)
     9cc:	8082                	ret
     9ce:	8082                	ret

000009d0 <AHT20_Init>:
     9d0:	821ff2ef          	jal	t0,1f0 <__riscv_save_0>
     9d4:	03800613          	li	a2,56
     9d8:	7d000593          	li	a1,2000
     9dc:	83c18513          	addi	a0,gp,-1988 # 2000022c <aht20_dev>
     9e0:	3341                	jal	760 <MYI2C_Init>
     9e2:	833ff06f          	j	214 <__riscv_restore_0>

000009e6 <AHT20_Task>:
     9e6:	80bff2ef          	jal	t0,1f0 <__riscv_save_0>
     9ea:	83c18513          	addi	a0,gp,-1988 # 2000022c <aht20_dev>
     9ee:	3bd1                	jal	7c2 <MYI2C_Handle>
     9f0:	825ff06f          	j	214 <__riscv_restore_0>

000009f4 <AHT20_GetTemperature>:
     9f4:	8781a503          	lw	a0,-1928(gp) # 20000268 <aht20_dev+0x3c>
     9f8:	8082                	ret

000009fa <AHT20_GetHumidity>:
     9fa:	8741a503          	lw	a0,-1932(gp) # 20000264 <aht20_dev+0x38>
     9fe:	8082                	ret

00000a00 <Encoder_Init>:
     a00:	ff0ff2ef          	jal	t0,1f0 <__riscv_save_0>
     a04:	7179                	addi	sp,sp,-48
     a06:	4585                	li	a1,1
     a08:	4515                	li	a0,5
     a0a:	ca02                	sw	zero,20(sp)
     a0c:	cc02                	sw	zero,24(sp)
     a0e:	ce02                	sw	zero,28(sp)
     a10:	d002                	sw	zero,32(sp)
     a12:	d202                	sw	zero,36(sp)
     a14:	d402                	sw	zero,40(sp)
     a16:	d602                	sw	zero,44(sp)
     a18:	c602                	sw	zero,12(sp)
     a1a:	c802                	sw	zero,16(sp)
     a1c:	04e010ef          	jal	ra,1a6a <RCC_APB2PeriphClockCmd>
     a20:	0c000793          	li	a5,192
     a24:	40011537          	lui	a0,0x40011
     a28:	82fc                	sh	a5,20(sp)
     a2a:	084c                	addi	a1,sp,20
     a2c:	04800793          	li	a5,72
     a30:	80050513          	addi	a0,a0,-2048 # 40010800 <_eusrstack+0x20008800>
     a34:	ce3e                	sw	a5,28(sp)
     a36:	55f000ef          	jal	ra,1794 <GPIO_Init>
     a3a:	4599                	li	a1,6
     a3c:	4501                	li	a0,0
     a3e:	629000ef          	jal	ra,1866 <GPIO_EXTILineConfig>
     a42:	04000793          	li	a5,64
     a46:	4405                	li	s0,1
     a48:	d03e                	sw	a5,32(sp)
     a4a:	1008                	addi	a0,sp,32
     a4c:	47b1                	li	a5,12
     a4e:	d43e                	sw	a5,40(sp)
     a50:	d622                	sw	s0,44(sp)
     a52:	d202                	sw	zero,36(sp)
     a54:	4af000ef          	jal	ra,1702 <EXTI_Init>
     a58:	32700793          	li	a5,807
     a5c:	0068                	addi	a0,sp,12
     a5e:	867c                	sh	a5,12(sp)
     a60:	c822                	sw	s0,16(sp)
     a62:	00010723          	sb	zero,14(sp)
     a66:	633000ef          	jal	ra,1898 <NVIC_Init>
     a6a:	6145                	addi	sp,sp,48
     a6c:	fa8ff06f          	j	214 <__riscv_restore_0>

00000a70 <Encoder_GetSpeed>:
     a70:	200007b7          	lui	a5,0x20000
     a74:	1f078713          	addi	a4,a5,496 # 200001f0 <g_enc_count>
     a78:	4318                	lw	a4,0(a4)
     a7a:	1f078793          	addi	a5,a5,496
     a7e:	00075463          	bgez	a4,a86 <Encoder_GetSpeed+0x16>
     a82:	0007a023          	sw	zero,0(a5)
     a86:	4394                	lw	a3,0(a5)
     a88:	06400713          	li	a4,100
     a8c:	00d75363          	bge	a4,a3,a92 <Encoder_GetSpeed+0x22>
     a90:	c398                	sw	a4,0(a5)
     a92:	4388                	lw	a0,0(a5)
     a94:	8082                	ret

00000a96 <EXTI9_5_IRQHandler>:
     a96:	04000513          	li	a0,64
     a9a:	4d3000ef          	jal	ra,176c <EXTI_GetITStatus>
     a9e:	c125                	beqz	a0,afe <EXTI9_5_IRQHandler+0x68>
     aa0:	8201a683          	lw	a3,-2016(gp) # 20000210 <timer_cnt>
     aa4:	81418793          	addi	a5,gp,-2028 # 20000204 <last_t.5972>
     aa8:	4398                	lw	a4,0(a5)
     aaa:	4615                	li	a2,5
     aac:	40e68733          	sub	a4,a3,a4
     ab0:	04e67363          	bgeu	a2,a4,af6 <EXTI9_5_IRQHandler+0x60>
     ab4:	40011537          	lui	a0,0x40011
     ab8:	08000593          	li	a1,128
     abc:	80050513          	addi	a0,a0,-2048 # 40010800 <_eusrstack+0x20008800>
     ac0:	c394                	sw	a3,0(a5)
     ac2:	593000ef          	jal	ra,1854 <GPIO_ReadInputDataBit>
     ac6:	4685                	li	a3,1
     ac8:	e111                	bnez	a0,acc <EXTI9_5_IRQHandler+0x36>
     aca:	56fd                	li	a3,-1
     acc:	81018713          	addi	a4,gp,-2032 # 20000200 <_edata>
     ad0:	4310                	lw	a2,0(a4)
     ad2:	81818793          	addi	a5,gp,-2024 # 20000208 <same_cnt.5974>
     ad6:	02d61663          	bne	a2,a3,b02 <EXTI9_5_IRQHandler+0x6c>
     ada:	4398                	lw	a4,0(a5)
     adc:	0705                	addi	a4,a4,1
     ade:	c398                	sw	a4,0(a5)
     ae0:	00e05b63          	blez	a4,af6 <EXTI9_5_IRQHandler+0x60>
     ae4:	20000737          	lui	a4,0x20000
     ae8:	1f070713          	addi	a4,a4,496 # 200001f0 <g_enc_count>
     aec:	4310                	lw	a2,0(a4)
     aee:	0007a023          	sw	zero,0(a5)
     af2:	96b2                	add	a3,a3,a2
     af4:	c314                	sw	a3,0(a4)
     af6:	04000513          	li	a0,64
     afa:	491000ef          	jal	ra,178a <EXTI_ClearITPendingBit>
     afe:	30200073          	mret
     b02:	c314                	sw	a3,0(a4)
     b04:	4705                	li	a4,1
     b06:	c398                	sw	a4,0(a5)
     b08:	b7fd                	j	af6 <EXTI9_5_IRQHandler+0x60>

00000b0a <HC_SR04_Init>:
     b0a:	ee6ff2ef          	jal	t0,1f0 <__riscv_save_0>
     b0e:	1101                	addi	sp,sp,-32
     b10:	4585                	li	a1,1
     b12:	4511                	li	a0,4
     b14:	ca02                	sw	zero,20(sp)
     b16:	cc02                	sw	zero,24(sp)
     b18:	ce02                	sw	zero,28(sp)
     b1a:	c402                	sw	zero,8(sp)
     b1c:	c602                	sw	zero,12(sp)
     b1e:	00011823          	sh	zero,16(sp)
     b22:	c002                	sw	zero,0(sp)
     b24:	c202                	sw	zero,4(sp)
     b26:	745000ef          	jal	ra,1a6a <RCC_APB2PeriphClockCmd>
     b2a:	4585                	li	a1,1
     b2c:	4511                	li	a0,4
     b2e:	75b000ef          	jal	ra,1a88 <RCC_APB1PeriphClockCmd>
     b32:	47c1                	li	a5,16
     b34:	40011437          	lui	s0,0x40011
     b38:	82fc                	sh	a5,20(sp)
     b3a:	47c1                	li	a5,16
     b3c:	ce3e                	sw	a5,28(sp)
     b3e:	084c                	addi	a1,sp,20
     b40:	478d                	li	a5,3
     b42:	80040513          	addi	a0,s0,-2048 # 40010800 <_eusrstack+0x20008800>
     b46:	cc3e                	sw	a5,24(sp)
     b48:	44d000ef          	jal	ra,1794 <GPIO_Init>
     b4c:	80040513          	addi	a0,s0,-2048
     b50:	45c1                	li	a1,16
     b52:	511000ef          	jal	ra,1862 <GPIO_ResetBits>
     b56:	47a1                	li	a5,8
     b58:	82fc                	sh	a5,20(sp)
     b5a:	084c                	addi	a1,sp,20
     b5c:	4791                	li	a5,4
     b5e:	80040513          	addi	a0,s0,-2048
     b62:	ce3e                	sw	a5,28(sp)
     b64:	431000ef          	jal	ra,1794 <GPIO_Init>
     b68:	40001437          	lui	s0,0x40001
     b6c:	04700793          	li	a5,71
     b70:	c43e                	sw	a5,8(sp)
     b72:	002c                	addi	a1,sp,8
     b74:	3e700793          	li	a5,999
     b78:	80040513          	addi	a0,s0,-2048 # 40000800 <_eusrstack+0x1fff8800>
     b7c:	c63e                	sw	a5,12(sp)
     b7e:	729000ef          	jal	ra,1aa6 <TIM_TimeBaseInit>
     b82:	4605                	li	a2,1
     b84:	80040513          	addi	a0,s0,-2048
     b88:	4585                	li	a1,1
     b8a:	0e4010ef          	jal	ra,1c6e <TIM_ITConfig>
     b8e:	4581                	li	a1,0
     b90:	80040513          	addi	a0,s0,-2048
     b94:	0ac010ef          	jal	ra,1c40 <TIM_Cmd>
     b98:	22e00793          	li	a5,558
     b9c:	807c                	sh	a5,0(sp)
     b9e:	4785                	li	a5,1
     ba0:	815c                	sb	a5,2(sp)
     ba2:	850a                	mv	a0,sp
     ba4:	4785                	li	a5,1
     ba6:	c23e                	sw	a5,4(sp)
     ba8:	4f1000ef          	jal	ra,1898 <NVIC_Init>
     bac:	6105                	addi	sp,sp,32
     bae:	e66ff06f          	j	214 <__riscv_restore_0>

00000bb2 <HC_SR04_GetDistance_cm>:
     bb2:	e16ff2ef          	jal	t0,1c8 <__riscv_save_10>
     bb6:	7179                	addi	sp,sp,-48
     bb8:	3d35                	jal	9f4 <AHT20_GetTemperature>
     bba:	000057b7          	lui	a5,0x5
     bbe:	7907a583          	lw	a1,1936(a5) # 5790 <Ch8x16+0x604>
     bc2:	400119b7          	lui	s3,0x40011
     bc6:	40001937          	lui	s2,0x40001
     bca:	0f9030ef          	jal	ra,44c2 <__mulsf3>
     bce:	000057b7          	lui	a5,0x5
     bd2:	7947a583          	lw	a1,1940(a5) # 5794 <Ch8x16+0x608>
     bd6:	4481                	li	s1,0
     bd8:	80098993          	addi	s3,s3,-2048 # 40010800 <_eusrstack+0x20008800>
     bdc:	1b8030ef          	jal	ra,3d94 <__addsf3>
     be0:	000057b7          	lui	a5,0x5
     be4:	7987a583          	lw	a1,1944(a5) # 5798 <Ch8x16+0x60c>
     be8:	80090913          	addi	s2,s2,-2048 # 40000800 <_eusrstack+0x1fff8800>
     bec:	512030ef          	jal	ra,40fe <__divsf3>
     bf0:	8baa                	mv	s7,a0
     bf2:	3e800c13          	li	s8,1000
     bf6:	45c1                	li	a1,16
     bf8:	854e                	mv	a0,s3
     bfa:	465000ef          	jal	ra,185e <GPIO_SetBits>
     bfe:	4551                	li	a0,20
     c00:	248010ef          	jal	ra,1e48 <Delay_Us>
     c04:	45c1                	li	a1,16
     c06:	854e                	mv	a0,s3
     c08:	45b000ef          	jal	ra,1862 <GPIO_ResetBits>
     c0c:	8201aa83          	lw	s5,-2016(gp) # 20000210 <timer_cnt>
     c10:	8426                	mv	s0,s1
     c12:	03ca8a93          	addi	s5,s5,60
     c16:	45a1                	li	a1,8
     c18:	854e                	mv	a0,s3
     c1a:	43b000ef          	jal	ra,1854 <GPIO_ReadInputDataBit>
     c1e:	c149                	beqz	a0,ca0 <HC_SR04_GetDistance_cm+0xee>
     c20:	4581                	li	a1,0
     c22:	854a                	mv	a0,s2
     c24:	084010ef          	jal	ra,1ca8 <TIM_SetCounter>
     c28:	81c18793          	addi	a5,gp,-2020 # 2000020c <msHcCount>
     c2c:	4585                	li	a1,1
     c2e:	854a                	mv	a0,s2
     c30:	00079023          	sh	zero,0(a5)
     c34:	00c010ef          	jal	ra,1c40 <TIM_Cmd>
     c38:	8201aa83          	lw	s5,-2016(gp) # 20000210 <timer_cnt>
     c3c:	81c18c93          	addi	s9,gp,-2020 # 2000020c <msHcCount>
     c40:	4d05                	li	s10,1
     c42:	03ca8a93          	addi	s5,s5,60
     c46:	45a1                	li	a1,8
     c48:	854e                	mv	a0,s3
     c4a:	40b000ef          	jal	ra,1854 <GPIO_ReadInputDataBit>
     c4e:	07a50563          	beq	a0,s10,cb8 <HC_SR04_GetDistance_cm+0x106>
     c52:	4581                	li	a1,0
     c54:	854a                	mv	a0,s2
     c56:	7eb000ef          	jal	ra,1c40 <TIM_Cmd>
     c5a:	000cd403          	lhu	s0,0(s9)
     c5e:	854a                	mv	a0,s2
     c60:	050010ef          	jal	ra,1cb0 <TIM_GetCounter>
     c64:	0442                	slli	s0,s0,0x10
     c66:	8041                	srli	s0,s0,0x10
     c68:	03840433          	mul	s0,s0,s8
     c6c:	003c                	addi	a5,sp,8
     c6e:	00249a93          	slli	s5,s1,0x2
     c72:	9abe                	add	s5,s5,a5
     c74:	0485                	addi	s1,s1,1
     c76:	9522                	add	a0,a0,s0
     c78:	729030ef          	jal	ra,4ba0 <__floatunsisf>
     c7c:	85de                	mv	a1,s7
     c7e:	045030ef          	jal	ra,44c2 <__mulsf3>
     c82:	00aaa023          	sw	a0,0(s5)
     c86:	453d                	li	a0,15
     c88:	1f6010ef          	jal	ra,1e7e <Delay_Ms>
     c8c:	47a9                	li	a5,10
     c8e:	f6f494e3          	bne	s1,a5,bf6 <HC_SR04_GetDistance_cm+0x44>
     c92:	4429                	li	s0,10
     c94:	0024                	addi	s1,sp,8
     c96:	4901                	li	s2,0
     c98:	8a26                	mv	s4,s1
     c9a:	fff40c13          	addi	s8,s0,-1
     c9e:	a83d                	j	cdc <HC_SR04_GetDistance_cm+0x12a>
     ca0:	8201a783          	lw	a5,-2016(gp) # 20000210 <timer_cnt>
     ca4:	f6faf9e3          	bgeu	s5,a5,c16 <HC_SR04_GetDistance_cm+0x64>
     ca8:	4789                	li	a5,2
     caa:	fe97c5e3          	blt	a5,s1,c94 <HC_SR04_GetDistance_cm+0xe2>
     cae:	000057b7          	lui	a5,0x5
     cb2:	78c7a503          	lw	a0,1932(a5) # 578c <Ch8x16+0x600>
     cb6:	a891                	j	d0a <HC_SR04_GetDistance_cm+0x158>
     cb8:	8201a783          	lw	a5,-2016(gp) # 20000210 <timer_cnt>
     cbc:	f8faf5e3          	bgeu	s5,a5,c46 <HC_SR04_GetDistance_cm+0x94>
     cc0:	40001537          	lui	a0,0x40001
     cc4:	4581                	li	a1,0
     cc6:	80050513          	addi	a0,a0,-2048 # 40000800 <_eusrstack+0x1fff8800>
     cca:	777000ef          	jal	ra,1c40 <TIM_Cmd>
     cce:	bfe9                	j	ca8 <HC_SR04_GetDistance_cm+0xf6>
     cd0:	0905                	addi	s2,s2,1
     cd2:	89a6                	mv	s3,s1
     cd4:	8aca                	mv	s5,s2
     cd6:	03541d63          	bne	s0,s5,d10 <HC_SR04_GetDistance_cm+0x15e>
     cda:	0491                	addi	s1,s1,4
     cdc:	ff894ae3          	blt	s2,s8,cd0 <HC_SR04_GetDistance_cm+0x11e>
     ce0:	4791                	li	a5,4
     ce2:	4485                	li	s1,1
     ce4:	0087d563          	bge	a5,s0,cee <HC_SR04_GetDistance_cm+0x13c>
     ce8:	4495                	li	s1,5
     cea:	029444b3          	div	s1,s0,s1
     cee:	8926                	mv	s2,s1
     cf0:	00000993          	li	s3,0
     cf4:	8c05                	sub	s0,s0,s1
     cf6:	02894e63          	blt	s2,s0,d32 <HC_SR04_GetDistance_cm+0x180>
     cfa:	40940533          	sub	a0,s0,s1
     cfe:	5dd030ef          	jal	ra,4ada <__floatsisf>
     d02:	85aa                	mv	a1,a0
     d04:	854e                	mv	a0,s3
     d06:	3f8030ef          	jal	ra,40fe <__divsf3>
     d0a:	6145                	addi	sp,sp,48
     d0c:	cf4ff06f          	j	200 <__riscv_restore_10>
     d10:	0004ab03          	lw	s6,0(s1)
     d14:	0049ab83          	lw	s7,4(s3)
     d18:	855a                	mv	a0,s6
     d1a:	85de                	mv	a1,s7
     d1c:	694030ef          	jal	ra,43b0 <__gesf2>
     d20:	00a05663          	blez	a0,d2c <HC_SR04_GetDistance_cm+0x17a>
     d24:	0174a023          	sw	s7,0(s1)
     d28:	0169a223          	sw	s6,4(s3)
     d2c:	0a85                	addi	s5,s5,1
     d2e:	0991                	addi	s3,s3,4
     d30:	b75d                	j	cd6 <HC_SR04_GetDistance_cm+0x124>
     d32:	00291793          	slli	a5,s2,0x2
     d36:	97d2                	add	a5,a5,s4
     d38:	438c                	lw	a1,0(a5)
     d3a:	854e                	mv	a0,s3
     d3c:	0905                	addi	s2,s2,1
     d3e:	056030ef          	jal	ra,3d94 <__addsf3>
     d42:	89aa                	mv	s3,a0
     d44:	bf4d                	j	cf6 <HC_SR04_GetDistance_cm+0x144>

00000d46 <HC_SR04_GetWaterLevel_m>:
     d46:	caaff2ef          	jal	t0,1f0 <__riscv_save_0>
     d4a:	35a5                	jal	bb2 <HC_SR04_GetDistance_cm>
     d4c:	00000593          	li	a1,0
     d50:	84aa                	mv	s1,a0
     d52:	6e4030ef          	jal	ra,4436 <__lesf2>
     d56:	00000413          	li	s0,0
     d5a:	04054063          	bltz	a0,d9a <HC_SR04_GetWaterLevel_m+0x54>
     d5e:	000057b7          	lui	a5,0x5
     d62:	77c7a583          	lw	a1,1916(a5) # 577c <Ch8x16+0x5f0>
     d66:	8526                	mv	a0,s1
     d68:	000054b7          	lui	s1,0x5
     d6c:	392030ef          	jal	ra,40fe <__divsf3>
     d70:	85aa                	mv	a1,a0
     d72:	79c4a503          	lw	a0,1948(s1) # 579c <Ch8x16+0x610>
     d76:	1dd030ef          	jal	ra,4752 <__subsf3>
     d7a:	00000593          	li	a1,0
     d7e:	842a                	mv	s0,a0
     d80:	6b6030ef          	jal	ra,4436 <__lesf2>
     d84:	00054e63          	bltz	a0,da0 <HC_SR04_GetWaterLevel_m+0x5a>
     d88:	79c4a483          	lw	s1,1948(s1)
     d8c:	8522                	mv	a0,s0
     d8e:	85a6                	mv	a1,s1
     d90:	620030ef          	jal	ra,43b0 <__gesf2>
     d94:	00a05363          	blez	a0,d9a <HC_SR04_GetWaterLevel_m+0x54>
     d98:	8426                	mv	s0,s1
     d9a:	8522                	mv	a0,s0
     d9c:	c78ff06f          	j	214 <__riscv_restore_0>
     da0:	00000413          	li	s0,0
     da4:	bfdd                	j	d9a <HC_SR04_GetWaterLevel_m+0x54>

00000da6 <TIM4_IRQHandler>:
     da6:	1141                	addi	sp,sp,-16
     da8:	c622                	sw	s0,12(sp)
     daa:	40001437          	lui	s0,0x40001
     dae:	4585                	li	a1,1
     db0:	80040513          	addi	a0,s0,-2048 # 40000800 <_eusrstack+0x1fff8800>
     db4:	701000ef          	jal	ra,1cb4 <TIM_GetITStatus>
     db8:	cd09                	beqz	a0,dd2 <TIM4_IRQHandler+0x2c>
     dba:	81c18713          	addi	a4,gp,-2020 # 2000020c <msHcCount>
     dbe:	231e                	lhu	a5,0(a4)
     dc0:	4585                	li	a1,1
     dc2:	80040513          	addi	a0,s0,-2048
     dc6:	0785                	addi	a5,a5,1
     dc8:	07c2                	slli	a5,a5,0x10
     dca:	83c1                	srli	a5,a5,0x10
     dcc:	a31e                	sh	a5,0(a4)
     dce:	6ff000ef          	jal	ra,1ccc <TIM_ClearITPendingBit>
     dd2:	4432                	lw	s0,12(sp)
     dd4:	0141                	addi	sp,sp,16
     dd6:	30200073          	mret

00000dda <Humidity_GetPercent>:
     dda:	c16ff2ef          	jal	t0,1f0 <__riscv_save_0>
     dde:	c1dff0ef          	jal	ra,9fa <AHT20_GetHumidity>
     de2:	c32ff06f          	j	214 <__riscv_restore_0>

00000de6 <Pump_Init>:
     de6:	c0aff2ef          	jal	t0,1f0 <__riscv_save_0>
     dea:	7179                	addi	sp,sp,-48
     dec:	4585                	li	a1,1
     dee:	4521                	li	a0,8
     df0:	ca02                	sw	zero,20(sp)
     df2:	cc02                	sw	zero,24(sp)
     df4:	ce02                	sw	zero,28(sp)
     df6:	d002                	sw	zero,32(sp)
     df8:	d202                	sw	zero,36(sp)
     dfa:	d402                	sw	zero,40(sp)
     dfc:	d602                	sw	zero,44(sp)
     dfe:	c402                	sw	zero,8(sp)
     e00:	c602                	sw	zero,12(sp)
     e02:	00011823          	sh	zero,16(sp)
     e06:	465000ef          	jal	ra,1a6a <RCC_APB2PeriphClockCmd>
     e0a:	4585                	li	a1,1
     e0c:	4509                	li	a0,2
     e0e:	47b000ef          	jal	ra,1a88 <RCC_APB1PeriphClockCmd>
     e12:	4785                	li	a5,1
     e14:	40011537          	lui	a0,0x40011
     e18:	448d                	li	s1,3
     e1a:	82fc                	sh	a5,20(sp)
     e1c:	084c                	addi	a1,sp,20
     e1e:	47e1                	li	a5,24
     e20:	c0050513          	addi	a0,a0,-1024 # 40010c00 <_eusrstack+0x20008c00>
     e24:	ce3e                	sw	a5,28(sp)
     e26:	cc26                	sw	s1,24(sp)
     e28:	16d000ef          	jal	ra,1794 <GPIO_Init>
     e2c:	40000437          	lui	s0,0x40000
     e30:	04700793          	li	a5,71
     e34:	c43e                	sw	a5,8(sp)
     e36:	002c                	addi	a1,sp,8
     e38:	3e700793          	li	a5,999
     e3c:	40040513          	addi	a0,s0,1024 # 40000400 <_eusrstack+0x1fff8400>
     e40:	c63e                	sw	a5,12(sp)
     e42:	465000ef          	jal	ra,1aa6 <TIM_TimeBaseInit>
     e46:	67c1                	lui	a5,0x10
     e48:	06078793          	addi	a5,a5,96 # 10060 <_data_lma+0xa504>
     e4c:	100c                	addi	a1,sp,32
     e4e:	40040513          	addi	a0,s0,1024
     e52:	d03e                	sw	a5,32(sp)
     e54:	02011323          	sh	zero,38(sp)
     e58:	02011423          	sh	zero,40(sp)
     e5c:	539000ef          	jal	ra,1b94 <TIM_OC3Init>
     e60:	40040513          	addi	a0,s0,1024
     e64:	4585                	li	a1,1
     e66:	5f3000ef          	jal	ra,1c58 <TIM_CtrlPWMOutputs>
     e6a:	40040513          	addi	a0,s0,1024
     e6e:	4581                	li	a1,0
     e70:	62b000ef          	jal	ra,1c9a <TIM_OC3PreloadConfig>
     e74:	40040513          	addi	a0,s0,1024
     e78:	4585                	li	a1,1
     e7a:	607000ef          	jal	ra,1c80 <TIM_ARRPreloadConfig>
     e7e:	40040513          	addi	a0,s0,1024
     e82:	4585                	li	a1,1
     e84:	5bd000ef          	jal	ra,1c40 <TIM_Cmd>
     e88:	4585                	li	a1,1
     e8a:	4541                	li	a0,16
     e8c:	3df000ef          	jal	ra,1a6a <RCC_APB2PeriphClockCmd>
     e90:	4585                	li	a1,1
     e92:	04000513          	li	a0,64
     e96:	3d5000ef          	jal	ra,1a6a <RCC_APB2PeriphClockCmd>
     e9a:	4789                	li	a5,2
     e9c:	4441                	li	s0,16
     e9e:	084c                	addi	a1,sp,20
     ea0:	40011537          	lui	a0,0x40011
     ea4:	82fc                	sh	a5,20(sp)
     ea6:	ce22                	sw	s0,28(sp)
     ea8:	cc26                	sw	s1,24(sp)
     eaa:	0eb000ef          	jal	ra,1794 <GPIO_Init>
     eae:	ce22                	sw	s0,28(sp)
     eb0:	40012437          	lui	s0,0x40012
     eb4:	20400793          	li	a5,516
     eb8:	084c                	addi	a1,sp,20
     eba:	80040513          	addi	a0,s0,-2048 # 40011800 <_eusrstack+0x20009800>
     ebe:	82fc                	sh	a5,20(sp)
     ec0:	cc26                	sw	s1,24(sp)
     ec2:	0d3000ef          	jal	ra,1794 <GPIO_Init>
     ec6:	4589                	li	a1,2
     ec8:	40011537          	lui	a0,0x40011
     ecc:	197000ef          	jal	ra,1862 <GPIO_ResetBits>
     ed0:	80040513          	addi	a0,s0,-2048
     ed4:	20000593          	li	a1,512
     ed8:	18b000ef          	jal	ra,1862 <GPIO_ResetBits>
     edc:	4591                	li	a1,4
     ede:	80040513          	addi	a0,s0,-2048
     ee2:	181000ef          	jal	ra,1862 <GPIO_ResetBits>
     ee6:	80018f23          	sb	zero,-2018(gp) # 2000020e <g_pump_speed>
     eea:	6145                	addi	sp,sp,48
     eec:	b28ff06f          	j	214 <__riscv_restore_0>

00000ef0 <Pump_SetSpeed>:
     ef0:	b00ff2ef          	jal	t0,1f0 <__riscv_save_0>
     ef4:	06400713          	li	a4,100
     ef8:	81e18793          	addi	a5,gp,-2018 # 2000020e <g_pump_speed>
     efc:	00a77963          	bgeu	a4,a0,f0e <Pump_SetSpeed+0x1e>
     f00:	a398                	sb	a4,0(a5)
     f02:	06400513          	li	a0,100
     f06:	45a9                	li	a1,10
     f08:	02b505b3          	mul	a1,a0,a1
     f0c:	a039                	j	f1a <Pump_SetSpeed+0x2a>
     f0e:	a388                	sb	a0,0(a5)
     f10:	02c00793          	li	a5,44
     f14:	4581                	li	a1,0
     f16:	fea7e8e3          	bltu	a5,a0,f06 <Pump_SetSpeed+0x16>
     f1a:	40000537          	lui	a0,0x40000
     f1e:	40050513          	addi	a0,a0,1024 # 40000400 <_eusrstack+0x1fff8400>
     f22:	58b000ef          	jal	ra,1cac <TIM_SetCompare3>
     f26:	aeeff06f          	j	214 <__riscv_restore_0>

00000f2a <Pump_Start>:
     f2a:	ac6ff2ef          	jal	t0,1f0 <__riscv_save_0>
     f2e:	4589                	li	a1,2
     f30:	40011537          	lui	a0,0x40011
     f34:	12b000ef          	jal	ra,185e <GPIO_SetBits>
     f38:	40012437          	lui	s0,0x40012
     f3c:	80040513          	addi	a0,s0,-2048 # 40011800 <_eusrstack+0x20009800>
     f40:	20000593          	li	a1,512
     f44:	11f000ef          	jal	ra,1862 <GPIO_ResetBits>
     f48:	4591                	li	a1,4
     f4a:	80040513          	addi	a0,s0,-2048
     f4e:	111000ef          	jal	ra,185e <GPIO_SetBits>
     f52:	ac2ff06f          	j	214 <__riscv_restore_0>

00000f56 <Pump_Stop>:
     f56:	a9aff2ef          	jal	t0,1f0 <__riscv_save_0>
     f5a:	40000537          	lui	a0,0x40000
     f5e:	4581                	li	a1,0
     f60:	40050513          	addi	a0,a0,1024 # 40000400 <_eusrstack+0x1fff8400>
     f64:	80018f23          	sb	zero,-2018(gp) # 2000020e <g_pump_speed>
     f68:	545000ef          	jal	ra,1cac <TIM_SetCompare3>
     f6c:	40012537          	lui	a0,0x40012
     f70:	4591                	li	a1,4
     f72:	80050513          	addi	a0,a0,-2048 # 40011800 <_eusrstack+0x20009800>
     f76:	0ed000ef          	jal	ra,1862 <GPIO_ResetBits>
     f7a:	a9aff06f          	j	214 <__riscv_restore_0>

00000f7e <Pump_GetSpeed>:
     f7e:	81e1c503          	lbu	a0,-2018(gp) # 2000020e <g_pump_speed>
     f82:	8082                	ret

00000f84 <Temperature_GetCelsius>:
     f84:	a6cff2ef          	jal	t0,1f0 <__riscv_save_0>
     f88:	a6dff0ef          	jal	ra,9f4 <AHT20_GetTemperature>
     f8c:	a88ff06f          	j	214 <__riscv_restore_0>

00000f90 <TIM2_Init>:
     f90:	a60ff2ef          	jal	t0,1f0 <__riscv_save_0>
     f94:	1101                	addi	sp,sp,-32
     f96:	84aa                	mv	s1,a0
     f98:	842e                	mv	s0,a1
     f9a:	4505                	li	a0,1
     f9c:	4585                	li	a1,1
     f9e:	2eb000ef          	jal	ra,1a88 <RCC_APB1PeriphClockCmd>
     fa2:	147d                	addi	s0,s0,-1
     fa4:	084c                	addi	a1,sp,20
     fa6:	14fd                	addi	s1,s1,-1
     fa8:	40000537          	lui	a0,0x40000
     fac:	84e4                	sh	s1,24(sp)
     fae:	82e0                	sh	s0,20(sp)
     fb0:	00011d23          	sh	zero,26(sp)
     fb4:	00011b23          	sh	zero,22(sp)
     fb8:	2ef000ef          	jal	ra,1aa6 <TIM_TimeBaseInit>
     fbc:	4605                	li	a2,1
     fbe:	4585                	li	a1,1
     fc0:	40000537          	lui	a0,0x40000
     fc4:	4ab000ef          	jal	ra,1c6e <TIM_ITConfig>
     fc8:	02c00793          	li	a5,44
     fcc:	867c                	sh	a5,12(sp)
     fce:	478d                	li	a5,3
     fd0:	875c                	sb	a5,14(sp)
     fd2:	0068                	addi	a0,sp,12
     fd4:	4785                	li	a5,1
     fd6:	c83e                	sw	a5,16(sp)
     fd8:	0c1000ef          	jal	ra,1898 <NVIC_Init>
     fdc:	4585                	li	a1,1
     fde:	40000537          	lui	a0,0x40000
     fe2:	45f000ef          	jal	ra,1c40 <TIM_Cmd>
     fe6:	6105                	addi	sp,sp,32
     fe8:	a2cff06f          	j	214 <__riscv_restore_0>

00000fec <TIM2_IRQHandler>:
     fec:	4585                	li	a1,1
     fee:	40000537          	lui	a0,0x40000
     ff2:	4c3000ef          	jal	ra,1cb4 <TIM_GetITStatus>
     ff6:	c919                	beqz	a0,100c <TIM2_IRQHandler+0x20>
     ff8:	82018793          	addi	a5,gp,-2016 # 20000210 <timer_cnt>
     ffc:	4398                	lw	a4,0(a5)
     ffe:	4585                	li	a1,1
    1000:	40000537          	lui	a0,0x40000
    1004:	0705                	addi	a4,a4,1
    1006:	c398                	sw	a4,0(a5)
    1008:	4c5000ef          	jal	ra,1ccc <TIM_ClearITPendingBit>
    100c:	30200073          	mret

00001010 <Zigbee_Init>:
    1010:	9e0ff2ef          	jal	t0,1f0 <__riscv_save_0>
    1014:	7179                	addi	sp,sp,-48
    1016:	842a                	mv	s0,a0
    1018:	4585                	li	a1,1
    101a:	4541                	li	a0,16
    101c:	ca02                	sw	zero,20(sp)
    101e:	cc02                	sw	zero,24(sp)
    1020:	ce02                	sw	zero,28(sp)
    1022:	d002                	sw	zero,32(sp)
    1024:	d202                	sw	zero,36(sp)
    1026:	d402                	sw	zero,40(sp)
    1028:	d602                	sw	zero,44(sp)
    102a:	c602                	sw	zero,12(sp)
    102c:	c802                	sw	zero,16(sp)
    102e:	23d000ef          	jal	ra,1a6a <RCC_APB2PeriphClockCmd>
    1032:	4585                	li	a1,1
    1034:	00080537          	lui	a0,0x80
    1038:	251000ef          	jal	ra,1a88 <RCC_APB1PeriphClockCmd>
    103c:	40000793          	li	a5,1024
    1040:	82fc                	sh	a5,20(sp)
    1042:	478d                	li	a5,3
    1044:	cc3e                	sw	a5,24(sp)
    1046:	084c                	addi	a1,sp,20
    1048:	47e1                	li	a5,24
    104a:	40011537          	lui	a0,0x40011
    104e:	ce3e                	sw	a5,28(sp)
    1050:	744000ef          	jal	ra,1794 <GPIO_Init>
    1054:	6785                	lui	a5,0x1
    1056:	80078793          	addi	a5,a5,-2048 # 800 <__stack_size>
    105a:	82fc                	sh	a5,20(sp)
    105c:	084c                	addi	a1,sp,20
    105e:	4791                	li	a5,4
    1060:	40011537          	lui	a0,0x40011
    1064:	ce3e                	sw	a5,28(sp)
    1066:	72e000ef          	jal	ra,1794 <GPIO_Init>
    106a:	d022                	sw	s0,32(sp)
    106c:	40005437          	lui	s0,0x40005
    1070:	000c07b7          	lui	a5,0xc0
    1074:	100c                	addi	a1,sp,32
    1076:	c0040513          	addi	a0,s0,-1024 # 40004c00 <_eusrstack+0x1fffcc00>
    107a:	d43e                	sw	a5,40(sp)
    107c:	d202                	sw	zero,36(sp)
    107e:	02011623          	sh	zero,44(sp)
    1082:	457000ef          	jal	ra,1cd8 <USART_Init>
    1086:	4605                	li	a2,1
    1088:	c0040513          	addi	a0,s0,-1024
    108c:	52500593          	li	a1,1317
    1090:	4ef000ef          	jal	ra,1d7e <USART_ITConfig>
    1094:	4585                	li	a1,1
    1096:	c0040513          	addi	a0,s0,-1024
    109a:	4cf000ef          	jal	ra,1d68 <USART_Cmd>
    109e:	24400793          	li	a5,580
    10a2:	867c                	sh	a5,12(sp)
    10a4:	4785                	li	a5,1
    10a6:	875c                	sb	a5,14(sp)
    10a8:	0068                	addi	a0,sp,12
    10aa:	4785                	li	a5,1
    10ac:	c83e                	sw	a5,16(sp)
    10ae:	7ea000ef          	jal	ra,1898 <NVIC_Init>
    10b2:	6145                	addi	sp,sp,48
    10b4:	960ff06f          	j	214 <__riscv_restore_0>

000010b8 <Zigbee_SendString>:
    10b8:	938ff2ef          	jal	t0,1f0 <__riscv_save_0>
    10bc:	40005437          	lui	s0,0x40005
    10c0:	84aa                	mv	s1,a0
    10c2:	c0040413          	addi	s0,s0,-1024 # 40004c00 <_eusrstack+0x1fffcc00>
    10c6:	00048583          	lb	a1,0(s1)
    10ca:	e199                	bnez	a1,10d0 <Zigbee_SendString+0x18>
    10cc:	948ff06f          	j	214 <__riscv_restore_0>
    10d0:	0ff5f593          	andi	a1,a1,255
    10d4:	8522                	mv	a0,s0
    10d6:	0485                	addi	s1,s1,1
    10d8:	4dd000ef          	jal	ra,1db4 <USART_SendData>
    10dc:	08000593          	li	a1,128
    10e0:	8522                	mv	a0,s0
    10e2:	4e3000ef          	jal	ra,1dc4 <USART_GetFlagStatus>
    10e6:	d97d                	beqz	a0,10dc <Zigbee_SendString+0x24>
    10e8:	bff9                	j	10c6 <Zigbee_SendString+0xe>

000010ea <Zigbee_SendSensorData>:
    10ea:	8ecff2ef          	jal	t0,1d6 <__riscv_save_4>
    10ee:	7135                	addi	sp,sp,-160
    10f0:	c57ff0ef          	jal	ra,d46 <HC_SR04_GetWaterLevel_m>
    10f4:	892a                	mv	s2,a0
    10f6:	ce5ff0ef          	jal	ra,dda <Humidity_GetPercent>
    10fa:	89aa                	mv	s3,a0
    10fc:	3561                	jal	f84 <Temperature_GetCelsius>
    10fe:	842a                	mv	s0,a0
    1100:	3dbd                	jal	f7e <Pump_GetSpeed>
    1102:	84aa                	mv	s1,a0
    1104:	854e                	mv	a0,s3
    1106:	369030ef          	jal	ra,4c6e <__extendsfdf2>
    110a:	cc2a                	sw	a0,24(sp)
    110c:	854a                	mv	a0,s2
    110e:	ce2e                	sw	a1,28(sp)
    1110:	35f030ef          	jal	ra,4c6e <__extendsfdf2>
    1114:	c82a                	sw	a0,16(sp)
    1116:	8522                	mv	a0,s0
    1118:	c426                	sw	s1,8(sp)
    111a:	ca2e                	sw	a1,20(sp)
    111c:	353030ef          	jal	ra,4c6e <__extendsfdf2>
    1120:	4862                	lw	a6,24(sp)
    1122:	48f2                	lw	a7,28(sp)
    1124:	4742                	lw	a4,16(sp)
    1126:	47d2                	lw	a5,20(sp)
    1128:	00005637          	lui	a2,0x5
    112c:	c02a                	sw	a0,0(sp)
    112e:	c22e                	sw	a1,4(sp)
    1130:	7b860613          	addi	a2,a2,1976 # 57b8 <Ch8x16+0x62c>
    1134:	07800593          	li	a1,120
    1138:	1028                	addi	a0,sp,40
    113a:	5ac010ef          	jal	ra,26e6 <snprintf>
    113e:	1028                	addi	a0,sp,40
    1140:	3fa5                	jal	10b8 <Zigbee_SendString>
    1142:	610d                	addi	sp,sp,160
    1144:	8c6ff06f          	j	20a <__riscv_restore_4>

00001148 <Zigbee_ParseCommand>:
    1148:	8a8ff2ef          	jal	t0,1f0 <__riscv_save_0>
    114c:	000055b7          	lui	a1,0x5
    1150:	4619                	li	a2,6
    1152:	7a058593          	addi	a1,a1,1952 # 57a0 <Ch8x16+0x614>
    1156:	842a                	mv	s0,a0
    1158:	437030ef          	jal	ra,4d8e <strncmp>
    115c:	e515                	bnez	a0,1188 <Zigbee_ParseCommand+0x40>
    115e:	00640513          	addi	a0,s0,6
    1162:	427030ef          	jal	ra,4d88 <atoi>
    1166:	06400793          	li	a5,100
    116a:	842a                	mv	s0,a0
    116c:	00a7e963          	bltu	a5,a0,117e <Zigbee_ParseCommand+0x36>
    1170:	0ff57513          	andi	a0,a0,255
    1174:	d7dff0ef          	jal	ra,ef0 <Pump_SetSpeed>
    1178:	c409                	beqz	s0,1182 <Zigbee_ParseCommand+0x3a>
    117a:	db1ff0ef          	jal	ra,f2a <Pump_Start>
    117e:	896ff06f          	j	214 <__riscv_restore_0>
    1182:	dd5ff0ef          	jal	ra,f56 <Pump_Stop>
    1186:	bfe5                	j	117e <Zigbee_ParseCommand+0x36>
    1188:	000055b7          	lui	a1,0x5
    118c:	461d                	li	a2,7
    118e:	7a858593          	addi	a1,a1,1960 # 57a8 <Ch8x16+0x61c>
    1192:	8522                	mv	a0,s0
    1194:	3fb030ef          	jal	ra,4d8e <strncmp>
    1198:	ed11                	bnez	a0,11b4 <Zigbee_ParseCommand+0x6c>
    119a:	00740703          	lb	a4,7(s0)
    119e:	03100793          	li	a5,49
    11a2:	4591                	li	a1,4
    11a4:	40012537          	lui	a0,0x40012
    11a8:	80050513          	addi	a0,a0,-2048 # 40011800 <_eusrstack+0x20009800>
    11ac:	02f71a63          	bne	a4,a5,11e0 <Zigbee_ParseCommand+0x98>
    11b0:	257d                	jal	185e <GPIO_SetBits>
    11b2:	b7f1                	j	117e <Zigbee_ParseCommand+0x36>
    11b4:	000055b7          	lui	a1,0x5
    11b8:	4615                	li	a2,5
    11ba:	7b058593          	addi	a1,a1,1968 # 57b0 <Ch8x16+0x624>
    11be:	8522                	mv	a0,s0
    11c0:	3cf030ef          	jal	ra,4d8e <strncmp>
    11c4:	fd4d                	bnez	a0,117e <Zigbee_ParseCommand+0x36>
    11c6:	00540703          	lb	a4,5(s0)
    11ca:	03900793          	li	a5,57
    11ce:	faf718e3          	bne	a4,a5,117e <Zigbee_ParseCommand+0x36>
    11d2:	00740703          	lb	a4,7(s0)
    11d6:	03100793          	li	a5,49
    11da:	20000593          	li	a1,512
    11de:	b7d9                	j	11a4 <Zigbee_ParseCommand+0x5c>
    11e0:	2549                	jal	1862 <GPIO_ResetBits>
    11e2:	bf71                	j	117e <Zigbee_ParseCommand+0x36>

000011e4 <UART4_IRQHandler>:
    11e4:	1141                	addi	sp,sp,-16
    11e6:	c622                	sw	s0,12(sp)
    11e8:	40005437          	lui	s0,0x40005
    11ec:	52500593          	li	a1,1317
    11f0:	c0040513          	addi	a0,s0,-1024 # 40004c00 <_eusrstack+0x1fffcc00>
    11f4:	3db000ef          	jal	ra,1dce <USART_GetITStatus>
    11f8:	c125                	beqz	a0,1258 <UART4_IRQHandler+0x74>
    11fa:	c0040513          	addi	a0,s0,-1024
    11fe:	3bf000ef          	jal	ra,1dbc <USART_ReceiveData>
    1202:	0ff57593          	andi	a1,a0,255
    1206:	04000713          	li	a4,64
    120a:	82518793          	addi	a5,gp,-2011 # 20000215 <rx_idx>
    120e:	00e59463          	bne	a1,a4,1216 <UART4_IRQHandler+0x32>
    1212:	00078023          	sb	zero,0(a5) # c0000 <_data_lma+0xba4a4>
    1216:	2394                	lbu	a3,0(a5)
    1218:	07e00713          	li	a4,126
    121c:	02d76463          	bltu	a4,a3,1244 <UART4_IRQHandler+0x60>
    1220:	00168713          	addi	a4,a3,1
    1224:	0ff77613          	andi	a2,a4,255
    1228:	87c18713          	addi	a4,gp,-1924 # 2000026c <g_zigbee_rx_buf>
    122c:	96ba                	add	a3,a3,a4
    122e:	a288                	sb	a0,0(a3)
    1230:	a390                	sb	a2,0(a5)
    1232:	46a9                	li	a3,10
    1234:	00d59a63          	bne	a1,a3,1248 <UART4_IRQHandler+0x64>
    1238:	9732                	add	a4,a4,a2
    123a:	00070023          	sb	zero,0(a4)
    123e:	4685                	li	a3,1
    1240:	82d18223          	sb	a3,-2012(gp) # 20000214 <g_zigbee_rx_ready>
    1244:	00078023          	sb	zero,0(a5)
    1248:	40005537          	lui	a0,0x40005
    124c:	52500593          	li	a1,1317
    1250:	c0050513          	addi	a0,a0,-1024 # 40004c00 <_eusrstack+0x1fffcc00>
    1254:	3b7000ef          	jal	ra,1e0a <USART_ClearITPendingBit>
    1258:	4432                	lw	s0,12(sp)
    125a:	0141                	addi	sp,sp,16
    125c:	30200073          	mret

00001260 <NMI_Handler>:
    1260:	a001                	j	1260 <NMI_Handler>

00001262 <HardFault_Handler>:
    1262:	beef07b7          	lui	a5,0xbeef0
    1266:	e000e737          	lui	a4,0xe000e
    126a:	08078793          	addi	a5,a5,128 # beef0080 <_eusrstack+0x9eee8080>
    126e:	c73c                	sw	a5,72(a4)
    1270:	a001                	j	1270 <HardFault_Handler+0xe>

00001272 <main>:
    1272:	f4ffe2ef          	jal	t0,1c0 <__riscv_save_12>
    1276:	1101                	addi	sp,sp,-32
    1278:	4509                	li	a0,2
    127a:	2d21                	jal	1892 <NVIC_PriorityGroupConfig>
    127c:	6471                	lui	s0,0x1c
    127e:	24f9                	jal	154c <SystemCoreClockUpdate>
    1280:	39f000ef          	jal	ra,1e1e <Delay_Init>
    1284:	20040513          	addi	a0,s0,512 # 1c200 <_data_lma+0x166a4>
    1288:	42d000ef          	jal	ra,1eb4 <USART_Printf_Init>
    128c:	08800793          	li	a5,136
    1290:	8007a073          	csrs	0x800,a5
    1294:	06400593          	li	a1,100
    1298:	3c000513          	li	a0,960
    129c:	cf5ff0ef          	jal	ra,f90 <TIM2_Init>
    12a0:	8b2ff0ef          	jal	ra,352 <OLED_I2C_Init>
    12a4:	908ff0ef          	jal	ra,3ac <OLED_Init>
    12a8:	9d4ff0ef          	jal	ra,47c <OLED_Clear>
    12ac:	00005637          	lui	a2,0x5
    12b0:	4685                	li	a3,1
    12b2:	7d860613          	addi	a2,a2,2008 # 57d8 <Ch8x16+0x64c>
    12b6:	4581                	li	a1,0
    12b8:	4501                	li	a0,0
    12ba:	9f6ff0ef          	jal	ra,4b0 <OLED_ShowStr>
    12be:	84dff0ef          	jal	ra,b0a <HC_SR04_Init>
    12c2:	f0eff0ef          	jal	ra,9d0 <AHT20_Init>
    12c6:	b21ff0ef          	jal	ra,de6 <Pump_Init>
    12ca:	f36ff0ef          	jal	ra,a00 <Encoder_Init>
    12ce:	20040513          	addi	a0,s0,512
    12d2:	d3fff0ef          	jal	ra,1010 <Zigbee_Init>
    12d6:	00005537          	lui	a0,0x5
    12da:	7e850513          	addi	a0,a0,2024 # 57e8 <Ch8x16+0x65c>
    12de:	432010ef          	jal	ra,2710 <puts>
    12e2:	000057b7          	lui	a5,0x5
    12e6:	7d47ab03          	lw	s6,2004(a5) # 57d4 <Ch8x16+0x648>
    12ea:	00000493          	li	s1,0
    12ee:	59fd                	li	s3,-1
    12f0:	00005bb7          	lui	s7,0x5
    12f4:	00006c37          	lui	s8,0x6
    12f8:	00006cb7          	lui	s9,0x6
    12fc:	eeaff0ef          	jal	ra,9e6 <AHT20_Task>
    1300:	82c18713          	addi	a4,gp,-2004 # 2000021c <last_sr.5956>
    1304:	8201a683          	lw	a3,-2016(gp) # 20000210 <timer_cnt>
    1308:	431c                	lw	a5,0(a4)
    130a:	7cf00613          	li	a2,1999
    130e:	40f687b3          	sub	a5,a3,a5
    1312:	02f67963          	bgeu	a2,a5,1344 <main+0xd2>
    1316:	c314                	sw	a3,0(a4)
    1318:	89bff0ef          	jal	ra,bb2 <HC_SR04_GetDistance_cm>
    131c:	00000593          	li	a1,0
    1320:	842a                	mv	s0,a0
    1322:	08e030ef          	jal	ra,43b0 <__gesf2>
    1326:	00a05f63          	blez	a0,1344 <main+0xd2>
    132a:	85a2                	mv	a1,s0
    132c:	855a                	mv	a0,s6
    132e:	424030ef          	jal	ra,4752 <__subsf3>
    1332:	00000593          	li	a1,0
    1336:	84aa                	mv	s1,a0
    1338:	0fe030ef          	jal	ra,4436 <__lesf2>
    133c:	00055463          	bgez	a0,1344 <main+0xd2>
    1340:	00000493          	li	s1,0
    1344:	82818713          	addi	a4,gp,-2008 # 20000218 <last_oled.5959>
    1348:	8201a683          	lw	a3,-2016(gp) # 20000210 <timer_cnt>
    134c:	431c                	lw	a5,0(a4)
    134e:	0c700613          	li	a2,199
    1352:	40f687b3          	sub	a5,a3,a5
    1356:	0af67d63          	bgeu	a2,a5,1410 <main+0x19e>
    135a:	c314                	sw	a3,0(a4)
    135c:	e98ff0ef          	jal	ra,9f4 <AHT20_GetTemperature>
    1360:	8daa                	mv	s11,a0
    1362:	e98ff0ef          	jal	ra,9fa <AHT20_GetHumidity>
    1366:	8d2a                	mv	s10,a0
    1368:	f08ff0ef          	jal	ra,a70 <Encoder_GetSpeed>
    136c:	842a                	mv	s0,a0
    136e:	00a98a63          	beq	s3,a0,1382 <main+0x110>
    1372:	0ff57513          	andi	a0,a0,255
    1376:	b7bff0ef          	jal	ra,ef0 <Pump_SetSpeed>
    137a:	0c805963          	blez	s0,144c <main+0x1da>
    137e:	badff0ef          	jal	ra,f2a <Pump_Start>
    1382:	856e                	mv	a0,s11
    1384:	0eb030ef          	jal	ra,4c6e <__extendsfdf2>
    1388:	872a                	mv	a4,a0
    138a:	87ae                	mv	a5,a1
    138c:	7f8b8613          	addi	a2,s7,2040 # 57f8 <Ch8x16+0x66c>
    1390:	02000593          	li	a1,32
    1394:	850a                	mv	a0,sp
    1396:	350010ef          	jal	ra,26e6 <snprintf>
    139a:	4685                	li	a3,1
    139c:	860a                	mv	a2,sp
    139e:	4581                	li	a1,0
    13a0:	4501                	li	a0,0
    13a2:	90eff0ef          	jal	ra,4b0 <OLED_ShowStr>
    13a6:	856a                	mv	a0,s10
    13a8:	0c7030ef          	jal	ra,4c6e <__extendsfdf2>
    13ac:	872a                	mv	a4,a0
    13ae:	87ae                	mv	a5,a1
    13b0:	808c0613          	addi	a2,s8,-2040 # 5808 <Ch8x16+0x67c>
    13b4:	02000593          	li	a1,32
    13b8:	850a                	mv	a0,sp
    13ba:	32c010ef          	jal	ra,26e6 <snprintf>
    13be:	4685                	li	a3,1
    13c0:	860a                	mv	a2,sp
    13c2:	4589                	li	a1,2
    13c4:	4501                	li	a0,0
    13c6:	8eaff0ef          	jal	ra,4b0 <OLED_ShowStr>
    13ca:	8526                	mv	a0,s1
    13cc:	0a3030ef          	jal	ra,4c6e <__extendsfdf2>
    13d0:	872a                	mv	a4,a0
    13d2:	87ae                	mv	a5,a1
    13d4:	81cc8613          	addi	a2,s9,-2020 # 581c <Ch8x16+0x690>
    13d8:	02000593          	li	a1,32
    13dc:	850a                	mv	a0,sp
    13de:	308010ef          	jal	ra,26e6 <snprintf>
    13e2:	4685                	li	a3,1
    13e4:	860a                	mv	a2,sp
    13e6:	4591                	li	a1,4
    13e8:	4501                	li	a0,0
    13ea:	8c6ff0ef          	jal	ra,4b0 <OLED_ShowStr>
    13ee:	00006637          	lui	a2,0x6
    13f2:	86a2                	mv	a3,s0
    13f4:	83060613          	addi	a2,a2,-2000 # 5830 <Ch8x16+0x6a4>
    13f8:	02000593          	li	a1,32
    13fc:	850a                	mv	a0,sp
    13fe:	2e8010ef          	jal	ra,26e6 <snprintf>
    1402:	4685                	li	a3,1
    1404:	860a                	mv	a2,sp
    1406:	4599                	li	a1,6
    1408:	4501                	li	a0,0
    140a:	8a6ff0ef          	jal	ra,4b0 <OLED_ShowStr>
    140e:	89a2                	mv	s3,s0
    1410:	83018793          	addi	a5,gp,-2000 # 20000220 <last_zig.5964>
    1414:	8201a603          	lw	a2,-2016(gp) # 20000210 <timer_cnt>
    1418:	4394                	lw	a3,0(a5)
    141a:	6705                	lui	a4,0x1
    141c:	38770713          	addi	a4,a4,903 # 1387 <main+0x115>
    1420:	40d606b3          	sub	a3,a2,a3
    1424:	00d77563          	bgeu	a4,a3,142e <main+0x1bc>
    1428:	c390                	sw	a2,0(a5)
    142a:	cc1ff0ef          	jal	ra,10ea <Zigbee_SendSensorData>
    142e:	8241c783          	lbu	a5,-2012(gp) # 20000214 <g_zigbee_rx_ready>
    1432:	cb89                	beqz	a5,1444 <main+0x1d2>
    1434:	20000537          	lui	a0,0x20000
    1438:	26c50513          	addi	a0,a0,620 # 2000026c <g_zigbee_rx_buf>
    143c:	d0dff0ef          	jal	ra,1148 <Zigbee_ParseCommand>
    1440:	82018223          	sb	zero,-2012(gp) # 20000214 <g_zigbee_rx_ready>
    1444:	4529                	li	a0,10
    1446:	239000ef          	jal	ra,1e7e <Delay_Ms>
    144a:	bd4d                	j	12fc <main+0x8a>
    144c:	b0bff0ef          	jal	ra,f56 <Pump_Stop>
    1450:	bf0d                	j	1382 <main+0x110>

00001452 <SystemInit>:
    1452:	400217b7          	lui	a5,0x40021
    1456:	4398                	lw	a4,0(a5)
    1458:	f0ff06b7          	lui	a3,0xf0ff0
    145c:	1141                	addi	sp,sp,-16
    145e:	00176713          	ori	a4,a4,1
    1462:	c398                	sw	a4,0(a5)
    1464:	43d8                	lw	a4,4(a5)
    1466:	00020637          	lui	a2,0x20
    146a:	8f75                	and	a4,a4,a3
    146c:	c3d8                	sw	a4,4(a5)
    146e:	4398                	lw	a4,0(a5)
    1470:	fef706b7          	lui	a3,0xfef70
    1474:	16fd                	addi	a3,a3,-1
    1476:	8f75                	and	a4,a4,a3
    1478:	c398                	sw	a4,0(a5)
    147a:	4398                	lw	a4,0(a5)
    147c:	fffc06b7          	lui	a3,0xfffc0
    1480:	16fd                	addi	a3,a3,-1
    1482:	8f75                	and	a4,a4,a3
    1484:	c398                	sw	a4,0(a5)
    1486:	43d8                	lw	a4,4(a5)
    1488:	ff0106b7          	lui	a3,0xff010
    148c:	16fd                	addi	a3,a3,-1
    148e:	8f75                	and	a4,a4,a3
    1490:	c3d8                	sw	a4,4(a5)
    1492:	4398                	lw	a4,0(a5)
    1494:	ec0006b7          	lui	a3,0xec000
    1498:	16fd                	addi	a3,a3,-1
    149a:	8f75                	and	a4,a4,a3
    149c:	c398                	sw	a4,0(a5)
    149e:	00ff0737          	lui	a4,0xff0
    14a2:	c798                	sw	a4,8(a5)
    14a4:	0207a623          	sw	zero,44(a5) # 4002102c <_eusrstack+0x2001902c>
    14a8:	c402                	sw	zero,8(sp)
    14aa:	c602                	sw	zero,12(sp)
    14ac:	4398                	lw	a4,0(a5)
    14ae:	66c1                	lui	a3,0x10
    14b0:	8f55                	or	a4,a4,a3
    14b2:	c398                	sw	a4,0(a5)
    14b4:	400216b7          	lui	a3,0x40021
    14b8:	6705                	lui	a4,0x1
    14ba:	429c                	lw	a5,0(a3)
    14bc:	8ff1                	and	a5,a5,a2
    14be:	c63e                	sw	a5,12(sp)
    14c0:	47a2                	lw	a5,8(sp)
    14c2:	0785                	addi	a5,a5,1
    14c4:	c43e                	sw	a5,8(sp)
    14c6:	47b2                	lw	a5,12(sp)
    14c8:	e781                	bnez	a5,14d0 <SystemInit+0x7e>
    14ca:	47a2                	lw	a5,8(sp)
    14cc:	fee797e3          	bne	a5,a4,14ba <SystemInit+0x68>
    14d0:	400217b7          	lui	a5,0x40021
    14d4:	439c                	lw	a5,0(a5)
    14d6:	00e79713          	slli	a4,a5,0xe
    14da:	06075763          	bgez	a4,1548 <SystemInit+0xf6>
    14de:	4785                	li	a5,1
    14e0:	c63e                	sw	a5,12(sp)
    14e2:	4732                	lw	a4,12(sp)
    14e4:	4785                	li	a5,1
    14e6:	04f71f63          	bne	a4,a5,1544 <SystemInit+0xf2>
    14ea:	400217b7          	lui	a5,0x40021
    14ee:	43d8                	lw	a4,4(a5)
    14f0:	ffc106b7          	lui	a3,0xffc10
    14f4:	16fd                	addi	a3,a3,-1
    14f6:	c3d8                	sw	a4,4(a5)
    14f8:	43d8                	lw	a4,4(a5)
    14fa:	c3d8                	sw	a4,4(a5)
    14fc:	43d8                	lw	a4,4(a5)
    14fe:	40076713          	ori	a4,a4,1024
    1502:	c3d8                	sw	a4,4(a5)
    1504:	43d8                	lw	a4,4(a5)
    1506:	8f75                	and	a4,a4,a3
    1508:	c3d8                	sw	a4,4(a5)
    150a:	43d8                	lw	a4,4(a5)
    150c:	002906b7          	lui	a3,0x290
    1510:	8f55                	or	a4,a4,a3
    1512:	c3d8                	sw	a4,4(a5)
    1514:	4398                	lw	a4,0(a5)
    1516:	010006b7          	lui	a3,0x1000
    151a:	8f55                	or	a4,a4,a3
    151c:	c398                	sw	a4,0(a5)
    151e:	4398                	lw	a4,0(a5)
    1520:	00671693          	slli	a3,a4,0x6
    1524:	fe06dde3          	bgez	a3,151e <SystemInit+0xcc>
    1528:	43d8                	lw	a4,4(a5)
    152a:	400216b7          	lui	a3,0x40021
    152e:	9b71                	andi	a4,a4,-4
    1530:	c3d8                	sw	a4,4(a5)
    1532:	43d8                	lw	a4,4(a5)
    1534:	00276713          	ori	a4,a4,2
    1538:	c3d8                	sw	a4,4(a5)
    153a:	4721                	li	a4,8
    153c:	42dc                	lw	a5,4(a3)
    153e:	8bb1                	andi	a5,a5,12
    1540:	fee79ee3          	bne	a5,a4,153c <SystemInit+0xea>
    1544:	0141                	addi	sp,sp,16
    1546:	8082                	ret
    1548:	c602                	sw	zero,12(sp)
    154a:	bf61                	j	14e2 <SystemInit+0x90>

0000154c <SystemCoreClockUpdate>:
    154c:	400216b7          	lui	a3,0x40021
    1550:	42d8                	lw	a4,4(a3)
    1552:	4611                	li	a2,4
    1554:	8b31                	andi	a4,a4,12
    1556:	80418793          	addi	a5,gp,-2044 # 200001f4 <SystemCoreClock>
    155a:	00c70563          	beq	a4,a2,1564 <SystemCoreClockUpdate+0x18>
    155e:	4621                	li	a2,8
    1560:	02c70863          	beq	a4,a2,1590 <SystemCoreClockUpdate+0x44>
    1564:	007a1737          	lui	a4,0x7a1
    1568:	20070713          	addi	a4,a4,512 # 7a1200 <_data_lma+0x79b6a4>
    156c:	c398                	sw	a4,0(a5)
    156e:	40021737          	lui	a4,0x40021
    1572:	4358                	lw	a4,4(a4)
    1574:	8311                	srli	a4,a4,0x4
    1576:	00f77693          	andi	a3,a4,15
    157a:	20000737          	lui	a4,0x20000
    157e:	00070713          	mv	a4,a4
    1582:	9736                	add	a4,a4,a3
    1584:	2314                	lbu	a3,0(a4)
    1586:	4398                	lw	a4,0(a5)
    1588:	00d75733          	srl	a4,a4,a3
    158c:	c398                	sw	a4,0(a5)
    158e:	8082                	ret
    1590:	42d8                	lw	a4,4(a3)
    1592:	42d4                	lw	a3,4(a3)
    1594:	6641                	lui	a2,0x10
    1596:	8349                	srli	a4,a4,0x12
    1598:	8b3d                	andi	a4,a4,15
    159a:	8ef1                	and	a3,a3,a2
    159c:	00270613          	addi	a2,a4,2 # 20000002 <_data_vma+0x2>
    15a0:	cf15                	beqz	a4,15dc <SystemCoreClockUpdate+0x90>
    15a2:	473d                	li	a4,15
    15a4:	02e60f63          	beq	a2,a4,15e2 <SystemCoreClockUpdate+0x96>
    15a8:	4741                	li	a4,16
    15aa:	02e60f63          	beq	a2,a4,15e8 <SystemCoreClockUpdate+0x9c>
    15ae:	4745                	li	a4,17
    15b0:	4581                	li	a1,0
    15b2:	00e61363          	bne	a2,a4,15b8 <SystemCoreClockUpdate+0x6c>
    15b6:	4641                	li	a2,16
    15b8:	e2a1                	bnez	a3,15f8 <SystemCoreClockUpdate+0xac>
    15ba:	40024737          	lui	a4,0x40024
    15be:	80072703          	lw	a4,-2048(a4) # 40023800 <_eusrstack+0x2001b800>
    15c2:	8b41                	andi	a4,a4,16
    15c4:	c70d                	beqz	a4,15ee <SystemCoreClockUpdate+0xa2>
    15c6:	007a1737          	lui	a4,0x7a1
    15ca:	20070713          	addi	a4,a4,512 # 7a1200 <_data_lma+0x79b6a4>
    15ce:	02c70633          	mul	a2,a4,a2
    15d2:	c390                	sw	a2,0(a5)
    15d4:	ddc9                	beqz	a1,156e <SystemCoreClockUpdate+0x22>
    15d6:	4398                	lw	a4,0(a5)
    15d8:	8305                	srli	a4,a4,0x1
    15da:	bf49                	j	156c <SystemCoreClockUpdate+0x20>
    15dc:	4581                	li	a1,0
    15de:	4649                	li	a2,18
    15e0:	bfe1                	j	15b8 <SystemCoreClockUpdate+0x6c>
    15e2:	4585                	li	a1,1
    15e4:	4635                	li	a2,13
    15e6:	bfc9                	j	15b8 <SystemCoreClockUpdate+0x6c>
    15e8:	4581                	li	a1,0
    15ea:	463d                	li	a2,15
    15ec:	b7f1                	j	15b8 <SystemCoreClockUpdate+0x6c>
    15ee:	003d1737          	lui	a4,0x3d1
    15f2:	90070713          	addi	a4,a4,-1792 # 3d0900 <_data_lma+0x3cada4>
    15f6:	bfe1                	j	15ce <SystemCoreClockUpdate+0x82>
    15f8:	40021537          	lui	a0,0x40021
    15fc:	5558                	lw	a4,44(a0)
    15fe:	00f71693          	slli	a3,a4,0xf
    1602:	5558                	lw	a4,44(a0)
    1604:	0406df63          	bgez	a3,1662 <SystemCoreClockUpdate+0x116>
    1608:	8311                	srli	a4,a4,0x4
    160a:	8b3d                	andi	a4,a4,15
    160c:	00170693          	addi	a3,a4,1
    1610:	007a1737          	lui	a4,0x7a1
    1614:	20070713          	addi	a4,a4,512 # 7a1200 <_data_lma+0x79b6a4>
    1618:	02d75733          	divu	a4,a4,a3
    161c:	c398                	sw	a4,0(a5)
    161e:	5554                	lw	a3,44(a0)
    1620:	82a1                	srli	a3,a3,0x8
    1622:	8abd                	andi	a3,a3,15
    1624:	e28d                	bnez	a3,1646 <SystemCoreClockUpdate+0xfa>
    1626:	4695                	li	a3,5
    1628:	02d70733          	mul	a4,a4,a3
    162c:	8305                	srli	a4,a4,0x1
    162e:	c398                	sw	a4,0(a5)
    1630:	40021737          	lui	a4,0x40021
    1634:	5758                	lw	a4,44(a4)
    1636:	4394                	lw	a3,0(a5)
    1638:	8b3d                	andi	a4,a4,15
    163a:	0705                	addi	a4,a4,1
    163c:	02e6d733          	divu	a4,a3,a4
    1640:	c398                	sw	a4,0(a5)
    1642:	4398                	lw	a4,0(a5)
    1644:	b769                	j	15ce <SystemCoreClockUpdate+0x82>
    1646:	4505                	li	a0,1
    1648:	00a69463          	bne	a3,a0,1650 <SystemCoreClockUpdate+0x104>
    164c:	46e5                	li	a3,25
    164e:	bfe9                	j	1628 <SystemCoreClockUpdate+0xdc>
    1650:	453d                	li	a0,15
    1652:	00a69663          	bne	a3,a0,165e <SystemCoreClockUpdate+0x112>
    1656:	46d1                	li	a3,20
    1658:	02e68733          	mul	a4,a3,a4
    165c:	bfc9                	j	162e <SystemCoreClockUpdate+0xe2>
    165e:	0689                	addi	a3,a3,2
    1660:	bfe5                	j	1658 <SystemCoreClockUpdate+0x10c>
    1662:	8b3d                	andi	a4,a4,15
    1664:	00170693          	addi	a3,a4,1 # 40021001 <_eusrstack+0x20019001>
    1668:	007a1737          	lui	a4,0x7a1
    166c:	20070713          	addi	a4,a4,512 # 7a1200 <_data_lma+0x79b6a4>
    1670:	02d75733          	divu	a4,a4,a3
    1674:	b7f1                	j	1640 <SystemCoreClockUpdate+0xf4>

00001676 <ADC1_2_IRQHandler>:
    1676:	a001                	j	1676 <ADC1_2_IRQHandler>

00001678 <handle_reset>:
    1678:	1ffff197          	auipc	gp,0x1ffff
    167c:	37818193          	addi	gp,gp,888 # 200009f0 <__global_pointer$>
    1680:	20007117          	auipc	sp,0x20007
    1684:	98010113          	addi	sp,sp,-1664 # 20008000 <_eusrstack>
    1688:	00004517          	auipc	a0,0x4
    168c:	4d450513          	addi	a0,a0,1236 # 5b5c <_data_lma>
    1690:	1ffff597          	auipc	a1,0x1ffff
    1694:	97058593          	addi	a1,a1,-1680 # 20000000 <_data_vma>
    1698:	81018613          	addi	a2,gp,-2032 # 20000200 <_edata>
    169c:	00c5fa63          	bgeu	a1,a2,16b0 <handle_reset+0x38>
    16a0:	00052283          	lw	t0,0(a0)
    16a4:	0055a023          	sw	t0,0(a1)
    16a8:	0511                	addi	a0,a0,4
    16aa:	0591                	addi	a1,a1,4
    16ac:	fec5eae3          	bltu	a1,a2,16a0 <handle_reset+0x28>
    16b0:	81018513          	addi	a0,gp,-2032 # 20000200 <_edata>
    16b4:	8fc18593          	addi	a1,gp,-1796 # 200002ec <_ebss>
    16b8:	00b57763          	bgeu	a0,a1,16c6 <handle_reset+0x4e>
    16bc:	00052023          	sw	zero,0(a0)
    16c0:	0511                	addi	a0,a0,4
    16c2:	feb56de3          	bltu	a0,a1,16bc <handle_reset+0x44>
    16c6:	42fd                	li	t0,31
    16c8:	bc029073          	csrw	0xbc0,t0
    16cc:	42ad                	li	t0,11
    16ce:	80429073          	csrw	0x804,t0
    16d2:	000062b7          	lui	t0,0x6
    16d6:	08828293          	addi	t0,t0,136 # 6088 <_data_lma+0x52c>
    16da:	30029073          	csrw	mstatus,t0
    16de:	fffff297          	auipc	t0,0xfffff
    16e2:	92628293          	addi	t0,t0,-1754 # 4 <_einit>
    16e6:	0032e293          	ori	t0,t0,3
    16ea:	30529073          	csrw	mtvec,t0
    16ee:	d65ff0ef          	jal	ra,1452 <SystemInit>
    16f2:	00000297          	auipc	t0,0x0
    16f6:	b8028293          	addi	t0,t0,-1152 # 1272 <main>
    16fa:	34129073          	csrw	mepc,t0
    16fe:	30200073          	mret

00001702 <EXTI_Init>:
    1702:	4158                	lw	a4,4(a0)
    1704:	00052803          	lw	a6,0(a0)
    1708:	454c                	lw	a1,12(a0)
    170a:	40010637          	lui	a2,0x40010
    170e:	40060793          	addi	a5,a2,1024 # 40010400 <_eusrstack+0x20008400>
    1712:	973e                	add	a4,a4,a5
    1714:	fff84693          	not	a3,a6
    1718:	c5b1                	beqz	a1,1764 <EXTI_Init+0x62>
    171a:	40062583          	lw	a1,1024(a2)
    171e:	8df5                	and	a1,a1,a3
    1720:	40b62023          	sw	a1,1024(a2)
    1724:	43d0                	lw	a2,4(a5)
    1726:	8ef1                	and	a3,a3,a2
    1728:	c3d4                	sw	a3,4(a5)
    172a:	4314                	lw	a3,0(a4)
    172c:	0106e6b3          	or	a3,a3,a6
    1730:	c314                	sw	a3,0(a4)
    1732:	4118                	lw	a4,0(a0)
    1734:	4790                	lw	a2,8(a5)
    1736:	fff74693          	not	a3,a4
    173a:	8e75                	and	a2,a2,a3
    173c:	c790                	sw	a2,8(a5)
    173e:	47d0                	lw	a2,12(a5)
    1740:	8ef1                	and	a3,a3,a2
    1742:	c7d4                	sw	a3,12(a5)
    1744:	4514                	lw	a3,8(a0)
    1746:	4641                	li	a2,16
    1748:	00c69963          	bne	a3,a2,175a <EXTI_Init+0x58>
    174c:	4794                	lw	a3,8(a5)
    174e:	8ed9                	or	a3,a3,a4
    1750:	c794                	sw	a3,8(a5)
    1752:	47d4                	lw	a3,12(a5)
    1754:	8f55                	or	a4,a4,a3
    1756:	c7d8                	sw	a4,12(a5)
    1758:	8082                	ret
    175a:	97b6                	add	a5,a5,a3
    175c:	4394                	lw	a3,0(a5)
    175e:	8f55                	or	a4,a4,a3
    1760:	c398                	sw	a4,0(a5)
    1762:	8082                	ret
    1764:	431c                	lw	a5,0(a4)
    1766:	8ff5                	and	a5,a5,a3
    1768:	c31c                	sw	a5,0(a4)
    176a:	8082                	ret

0000176c <EXTI_GetITStatus>:
    176c:	400107b7          	lui	a5,0x40010
    1770:	40078713          	addi	a4,a5,1024 # 40010400 <_eusrstack+0x20008400>
    1774:	4007a783          	lw	a5,1024(a5)
    1778:	4b58                	lw	a4,20(a4)
    177a:	8f69                	and	a4,a4,a0
    177c:	c709                	beqz	a4,1786 <EXTI_GetITStatus+0x1a>
    177e:	8d7d                	and	a0,a0,a5
    1780:	00a03533          	snez	a0,a0
    1784:	8082                	ret
    1786:	4501                	li	a0,0
    1788:	8082                	ret

0000178a <EXTI_ClearITPendingBit>:
    178a:	400107b7          	lui	a5,0x40010
    178e:	40a7aa23          	sw	a0,1044(a5) # 40010414 <_eusrstack+0x20008414>
    1792:	8082                	ret

00001794 <GPIO_Init>:
    1794:	459c                	lw	a5,8(a1)
    1796:	0107f713          	andi	a4,a5,16
    179a:	00f7f813          	andi	a6,a5,15
    179e:	c701                	beqz	a4,17a6 <GPIO_Init+0x12>
    17a0:	41d8                	lw	a4,4(a1)
    17a2:	00e86833          	or	a6,a6,a4
    17a6:	218e                	lhu	a1,0(a1)
    17a8:	0ff5f713          	andi	a4,a1,255
    17ac:	c339                	beqz	a4,17f2 <GPIO_Init+0x5e>
    17ae:	4118                	lw	a4,0(a0)
    17b0:	4681                	li	a3,0
    17b2:	4e85                	li	t4,1
    17b4:	4f3d                	li	t5,15
    17b6:	02800f93          	li	t6,40
    17ba:	04800293          	li	t0,72
    17be:	4e21                	li	t3,8
    17c0:	00de9633          	sll	a2,t4,a3
    17c4:	00c5f8b3          	and	a7,a1,a2
    17c8:	03161163          	bne	a2,a7,17ea <GPIO_Init+0x56>
    17cc:	00269893          	slli	a7,a3,0x2
    17d0:	011f1333          	sll	t1,t5,a7
    17d4:	fff34313          	not	t1,t1
    17d8:	00e37733          	and	a4,t1,a4
    17dc:	011818b3          	sll	a7,a6,a7
    17e0:	00e8e733          	or	a4,a7,a4
    17e4:	05f79f63          	bne	a5,t6,1842 <GPIO_Init+0xae>
    17e8:	c950                	sw	a2,20(a0)
    17ea:	0685                	addi	a3,a3,1
    17ec:	fdc69ae3          	bne	a3,t3,17c0 <GPIO_Init+0x2c>
    17f0:	c118                	sw	a4,0(a0)
    17f2:	0ff00713          	li	a4,255
    17f6:	04b77563          	bgeu	a4,a1,1840 <GPIO_Init+0xac>
    17fa:	4154                	lw	a3,4(a0)
    17fc:	4621                	li	a2,8
    17fe:	4e85                	li	t4,1
    1800:	4f3d                	li	t5,15
    1802:	02800f93          	li	t6,40
    1806:	04800293          	li	t0,72
    180a:	4e41                	li	t3,16
    180c:	00ce98b3          	sll	a7,t4,a2
    1810:	0115f733          	and	a4,a1,a7
    1814:	02e89263          	bne	a7,a4,1838 <GPIO_Init+0xa4>
    1818:	00261713          	slli	a4,a2,0x2
    181c:	1701                	addi	a4,a4,-32
    181e:	00ef1333          	sll	t1,t5,a4
    1822:	fff34313          	not	t1,t1
    1826:	00d376b3          	and	a3,t1,a3
    182a:	00e81733          	sll	a4,a6,a4
    182e:	8ed9                	or	a3,a3,a4
    1830:	01f79d63          	bne	a5,t6,184a <GPIO_Init+0xb6>
    1834:	01152a23          	sw	a7,20(a0)
    1838:	0605                	addi	a2,a2,1
    183a:	fdc619e3          	bne	a2,t3,180c <GPIO_Init+0x78>
    183e:	c154                	sw	a3,4(a0)
    1840:	8082                	ret
    1842:	fa5794e3          	bne	a5,t0,17ea <GPIO_Init+0x56>
    1846:	c910                	sw	a2,16(a0)
    1848:	b74d                	j	17ea <GPIO_Init+0x56>
    184a:	fe5797e3          	bne	a5,t0,1838 <GPIO_Init+0xa4>
    184e:	01152823          	sw	a7,16(a0)
    1852:	b7dd                	j	1838 <GPIO_Init+0xa4>

00001854 <GPIO_ReadInputDataBit>:
    1854:	4508                	lw	a0,8(a0)
    1856:	8d6d                	and	a0,a0,a1
    1858:	00a03533          	snez	a0,a0
    185c:	8082                	ret

0000185e <GPIO_SetBits>:
    185e:	c90c                	sw	a1,16(a0)
    1860:	8082                	ret

00001862 <GPIO_ResetBits>:
    1862:	c94c                	sw	a1,20(a0)
    1864:	8082                	ret

00001866 <GPIO_EXTILineConfig>:
    1866:	0fc5f713          	andi	a4,a1,252
    186a:	0035f793          	andi	a5,a1,3
    186e:	400105b7          	lui	a1,0x40010
    1872:	95ba                	add	a1,a1,a4
    1874:	4594                	lw	a3,8(a1)
    1876:	078a                	slli	a5,a5,0x2
    1878:	473d                	li	a4,15
    187a:	00f71733          	sll	a4,a4,a5
    187e:	fff74713          	not	a4,a4
    1882:	8f75                	and	a4,a4,a3
    1884:	c598                	sw	a4,8(a1)
    1886:	4598                	lw	a4,8(a1)
    1888:	00f51533          	sll	a0,a0,a5
    188c:	8d59                	or	a0,a0,a4
    188e:	c588                	sw	a0,8(a1)
    1890:	8082                	ret

00001892 <NVIC_PriorityGroupConfig>:
    1892:	82a1aa23          	sw	a0,-1996(gp) # 20000224 <NVIC_Priority_Group>
    1896:	8082                	ret

00001898 <NVIC_Init>:
    1898:	8341a703          	lw	a4,-1996(gp) # 20000224 <NVIC_Priority_Group>
    189c:	4789                	li	a5,2
    189e:	2110                	lbu	a2,0(a0)
    18a0:	02f71163          	bne	a4,a5,18c2 <NVIC_Init+0x2a>
    18a4:	3114                	lbu	a3,1(a0)
    18a6:	478d                	li	a5,3
    18a8:	00d7ed63          	bltu	a5,a3,18c2 <NVIC_Init+0x2a>
    18ac:	213c                	lbu	a5,2(a0)
    18ae:	069a                	slli	a3,a3,0x6
    18b0:	e000e737          	lui	a4,0xe000e
    18b4:	0796                	slli	a5,a5,0x5
    18b6:	8fd5                	or	a5,a5,a3
    18b8:	0ff7f793          	andi	a5,a5,255
    18bc:	9732                	add	a4,a4,a2
    18be:	40f70023          	sb	a5,1024(a4) # e000e400 <_eusrstack+0xc0006400>
    18c2:	4154                	lw	a3,4(a0)
    18c4:	4705                	li	a4,1
    18c6:	00565793          	srli	a5,a2,0x5
    18ca:	00c71733          	sll	a4,a4,a2
    18ce:	ca89                	beqz	a3,18e0 <NVIC_Init+0x48>
    18d0:	04078793          	addi	a5,a5,64
    18d4:	078a                	slli	a5,a5,0x2
    18d6:	e000e6b7          	lui	a3,0xe000e
    18da:	97b6                	add	a5,a5,a3
    18dc:	c398                	sw	a4,0(a5)
    18de:	8082                	ret
    18e0:	06078793          	addi	a5,a5,96
    18e4:	e000e6b7          	lui	a3,0xe000e
    18e8:	078a                	slli	a5,a5,0x2
    18ea:	97b6                	add	a5,a5,a3
    18ec:	c398                	sw	a4,0(a5)
    18ee:	0000100f          	fence.i
    18f2:	8082                	ret

000018f4 <RCC_GetClocksFreq>:
    18f4:	40021737          	lui	a4,0x40021
    18f8:	435c                	lw	a5,4(a4)
    18fa:	4691                	li	a3,4
    18fc:	8bb1                	andi	a5,a5,12
    18fe:	00d78563          	beq	a5,a3,1908 <RCC_GetClocksFreq+0x14>
    1902:	46a1                	li	a3,8
    1904:	06d78263          	beq	a5,a3,1968 <RCC_GetClocksFreq+0x74>
    1908:	007a17b7          	lui	a5,0x7a1
    190c:	20078793          	addi	a5,a5,512 # 7a1200 <_data_lma+0x79b6a4>
    1910:	c11c                	sw	a5,0(a0)
    1912:	40021637          	lui	a2,0x40021
    1916:	425c                	lw	a5,4(a2)
    1918:	20000737          	lui	a4,0x20000
    191c:	01070713          	addi	a4,a4,16 # 20000010 <APBAHBPrescTable>
    1920:	8391                	srli	a5,a5,0x4
    1922:	8bbd                	andi	a5,a5,15
    1924:	97ba                	add	a5,a5,a4
    1926:	2394                	lbu	a3,0(a5)
    1928:	411c                	lw	a5,0(a0)
    192a:	00d7d7b3          	srl	a5,a5,a3
    192e:	c15c                	sw	a5,4(a0)
    1930:	4254                	lw	a3,4(a2)
    1932:	82a1                	srli	a3,a3,0x8
    1934:	8a9d                	andi	a3,a3,7
    1936:	96ba                	add	a3,a3,a4
    1938:	2294                	lbu	a3,0(a3)
    193a:	00d7d6b3          	srl	a3,a5,a3
    193e:	c514                	sw	a3,8(a0)
    1940:	4254                	lw	a3,4(a2)
    1942:	82ad                	srli	a3,a3,0xb
    1944:	8a9d                	andi	a3,a3,7
    1946:	9736                	add	a4,a4,a3
    1948:	2318                	lbu	a4,0(a4)
    194a:	00e7d7b3          	srl	a5,a5,a4
    194e:	c55c                	sw	a5,12(a0)
    1950:	4258                	lw	a4,4(a2)
    1952:	8339                	srli	a4,a4,0xe
    1954:	00377693          	andi	a3,a4,3
    1958:	80818713          	addi	a4,gp,-2040 # 200001f8 <ADCPrescTable>
    195c:	9736                	add	a4,a4,a3
    195e:	2318                	lbu	a4,0(a4)
    1960:	02e7d7b3          	divu	a5,a5,a4
    1964:	c91c                	sw	a5,16(a0)
    1966:	8082                	ret
    1968:	435c                	lw	a5,4(a4)
    196a:	4358                	lw	a4,4(a4)
    196c:	66c1                	lui	a3,0x10
    196e:	83c9                	srli	a5,a5,0x12
    1970:	8f75                	and	a4,a4,a3
    1972:	1ffff6b7          	lui	a3,0x1ffff
    1976:	70c6a683          	lw	a3,1804(a3) # 1ffff70c <_data_lma+0x1fff9bb0>
    197a:	8bbd                	andi	a5,a5,15
    197c:	0789                	addi	a5,a5,2
    197e:	01169613          	slli	a2,a3,0x11
    1982:	00064863          	bltz	a2,1992 <RCC_GetClocksFreq+0x9e>
    1986:	46c5                	li	a3,17
    1988:	4601                	li	a2,0
    198a:	02d79263          	bne	a5,a3,19ae <RCC_GetClocksFreq+0xba>
    198e:	47c9                	li	a5,18
    1990:	a839                	j	19ae <RCC_GetClocksFreq+0xba>
    1992:	4689                	li	a3,2
    1994:	02d78f63          	beq	a5,a3,19d2 <RCC_GetClocksFreq+0xde>
    1998:	46bd                	li	a3,15
    199a:	02d78e63          	beq	a5,a3,19d6 <RCC_GetClocksFreq+0xe2>
    199e:	46c1                	li	a3,16
    19a0:	02d78e63          	beq	a5,a3,19dc <RCC_GetClocksFreq+0xe8>
    19a4:	46c5                	li	a3,17
    19a6:	4601                	li	a2,0
    19a8:	00d79363          	bne	a5,a3,19ae <RCC_GetClocksFreq+0xba>
    19ac:	47c1                	li	a5,16
    19ae:	ef1d                	bnez	a4,19ec <RCC_GetClocksFreq+0xf8>
    19b0:	40024737          	lui	a4,0x40024
    19b4:	80072703          	lw	a4,-2048(a4) # 40023800 <_eusrstack+0x2001b800>
    19b8:	8b41                	andi	a4,a4,16
    19ba:	c705                	beqz	a4,19e2 <RCC_GetClocksFreq+0xee>
    19bc:	007a1737          	lui	a4,0x7a1
    19c0:	20070713          	addi	a4,a4,512 # 7a1200 <_data_lma+0x79b6a4>
    19c4:	02f707b3          	mul	a5,a4,a5
    19c8:	c11c                	sw	a5,0(a0)
    19ca:	d621                	beqz	a2,1912 <RCC_GetClocksFreq+0x1e>
    19cc:	411c                	lw	a5,0(a0)
    19ce:	8385                	srli	a5,a5,0x1
    19d0:	b781                	j	1910 <RCC_GetClocksFreq+0x1c>
    19d2:	4601                	li	a2,0
    19d4:	bf6d                	j	198e <RCC_GetClocksFreq+0x9a>
    19d6:	4605                	li	a2,1
    19d8:	47b5                	li	a5,13
    19da:	bfd1                	j	19ae <RCC_GetClocksFreq+0xba>
    19dc:	4601                	li	a2,0
    19de:	47bd                	li	a5,15
    19e0:	b7f9                	j	19ae <RCC_GetClocksFreq+0xba>
    19e2:	003d1737          	lui	a4,0x3d1
    19e6:	90070713          	addi	a4,a4,-1792 # 3d0900 <_data_lma+0x3cada4>
    19ea:	bfe9                	j	19c4 <RCC_GetClocksFreq+0xd0>
    19ec:	400215b7          	lui	a1,0x40021
    19f0:	55d8                	lw	a4,44(a1)
    19f2:	00f71693          	slli	a3,a4,0xf
    19f6:	55d8                	lw	a4,44(a1)
    19f8:	0406df63          	bgez	a3,1a56 <RCC_GetClocksFreq+0x162>
    19fc:	8311                	srli	a4,a4,0x4
    19fe:	8b3d                	andi	a4,a4,15
    1a00:	00170693          	addi	a3,a4,1
    1a04:	007a1737          	lui	a4,0x7a1
    1a08:	20070713          	addi	a4,a4,512 # 7a1200 <_data_lma+0x79b6a4>
    1a0c:	02d75733          	divu	a4,a4,a3
    1a10:	c118                	sw	a4,0(a0)
    1a12:	55d4                	lw	a3,44(a1)
    1a14:	82a1                	srli	a3,a3,0x8
    1a16:	8abd                	andi	a3,a3,15
    1a18:	e28d                	bnez	a3,1a3a <RCC_GetClocksFreq+0x146>
    1a1a:	4695                	li	a3,5
    1a1c:	02d70733          	mul	a4,a4,a3
    1a20:	8305                	srli	a4,a4,0x1
    1a22:	c118                	sw	a4,0(a0)
    1a24:	40021737          	lui	a4,0x40021
    1a28:	5758                	lw	a4,44(a4)
    1a2a:	4114                	lw	a3,0(a0)
    1a2c:	8b3d                	andi	a4,a4,15
    1a2e:	0705                	addi	a4,a4,1
    1a30:	02e6d733          	divu	a4,a3,a4
    1a34:	c118                	sw	a4,0(a0)
    1a36:	4118                	lw	a4,0(a0)
    1a38:	b771                	j	19c4 <RCC_GetClocksFreq+0xd0>
    1a3a:	4585                	li	a1,1
    1a3c:	00b69463          	bne	a3,a1,1a44 <RCC_GetClocksFreq+0x150>
    1a40:	46e5                	li	a3,25
    1a42:	bfe9                	j	1a1c <RCC_GetClocksFreq+0x128>
    1a44:	45bd                	li	a1,15
    1a46:	00b69663          	bne	a3,a1,1a52 <RCC_GetClocksFreq+0x15e>
    1a4a:	46d1                	li	a3,20
    1a4c:	02e68733          	mul	a4,a3,a4
    1a50:	bfc9                	j	1a22 <RCC_GetClocksFreq+0x12e>
    1a52:	0689                	addi	a3,a3,2
    1a54:	bfe5                	j	1a4c <RCC_GetClocksFreq+0x158>
    1a56:	8b3d                	andi	a4,a4,15
    1a58:	00170693          	addi	a3,a4,1 # 40021001 <_eusrstack+0x20019001>
    1a5c:	007a1737          	lui	a4,0x7a1
    1a60:	20070713          	addi	a4,a4,512 # 7a1200 <_data_lma+0x79b6a4>
    1a64:	02d75733          	divu	a4,a4,a3
    1a68:	b7f1                	j	1a34 <RCC_GetClocksFreq+0x140>

00001a6a <RCC_APB2PeriphClockCmd>:
    1a6a:	c599                	beqz	a1,1a78 <RCC_APB2PeriphClockCmd+0xe>
    1a6c:	40021737          	lui	a4,0x40021
    1a70:	4f1c                	lw	a5,24(a4)
    1a72:	8d5d                	or	a0,a0,a5
    1a74:	cf08                	sw	a0,24(a4)
    1a76:	8082                	ret
    1a78:	400217b7          	lui	a5,0x40021
    1a7c:	4f98                	lw	a4,24(a5)
    1a7e:	fff54513          	not	a0,a0
    1a82:	8d79                	and	a0,a0,a4
    1a84:	cf88                	sw	a0,24(a5)
    1a86:	8082                	ret

00001a88 <RCC_APB1PeriphClockCmd>:
    1a88:	c599                	beqz	a1,1a96 <RCC_APB1PeriphClockCmd+0xe>
    1a8a:	40021737          	lui	a4,0x40021
    1a8e:	4f5c                	lw	a5,28(a4)
    1a90:	8d5d                	or	a0,a0,a5
    1a92:	cf48                	sw	a0,28(a4)
    1a94:	8082                	ret
    1a96:	400217b7          	lui	a5,0x40021
    1a9a:	4fd8                	lw	a4,28(a5)
    1a9c:	fff54513          	not	a0,a0
    1aa0:	8d79                	and	a0,a0,a4
    1aa2:	cfc8                	sw	a0,28(a5)
    1aa4:	8082                	ret

00001aa6 <TIM_TimeBaseInit>:
    1aa6:	1ffff737          	lui	a4,0x1ffff
    1aaa:	70472703          	lw	a4,1796(a4) # 1ffff704 <_data_lma+0x1fff9ba8>
    1aae:	211e                	lhu	a5,0(a0)
    1ab0:	4691                	li	a3,4
    1ab2:	8311                	srli	a4,a4,0x4
    1ab4:	8b3d                	andi	a4,a4,15
    1ab6:	07c2                	slli	a5,a5,0x10
    1ab8:	1771                	addi	a4,a4,-4
    1aba:	83c1                	srli	a5,a5,0x10
    1abc:	02e6e663          	bltu	a3,a4,1ae8 <TIM_TimeBaseInit+0x42>
    1ac0:	40013737          	lui	a4,0x40013
    1ac4:	c0070693          	addi	a3,a4,-1024 # 40012c00 <_eusrstack+0x2000ac00>
    1ac8:	00d50e63          	beq	a0,a3,1ae4 <TIM_TimeBaseInit+0x3e>
    1acc:	40070713          	addi	a4,a4,1024
    1ad0:	00e50a63          	beq	a0,a4,1ae4 <TIM_TimeBaseInit+0x3e>
    1ad4:	40015737          	lui	a4,0x40015
    1ad8:	c0070693          	addi	a3,a4,-1024 # 40014c00 <_eusrstack+0x2000cc00>
    1adc:	00d50463          	beq	a0,a3,1ae4 <TIM_TimeBaseInit+0x3e>
    1ae0:	00e51a63          	bne	a0,a4,1af4 <TIM_TimeBaseInit+0x4e>
    1ae4:	6709                	lui	a4,0x2
    1ae6:	8fd9                	or	a5,a5,a4
    1ae8:	40013737          	lui	a4,0x40013
    1aec:	c0070713          	addi	a4,a4,-1024 # 40012c00 <_eusrstack+0x2000ac00>
    1af0:	04e50263          	beq	a0,a4,1b34 <TIM_TimeBaseInit+0x8e>
    1af4:	40000737          	lui	a4,0x40000
    1af8:	02e50e63          	beq	a0,a4,1b34 <TIM_TimeBaseInit+0x8e>
    1afc:	40070713          	addi	a4,a4,1024 # 40000400 <_eusrstack+0x1fff8400>
    1b00:	02e50a63          	beq	a0,a4,1b34 <TIM_TimeBaseInit+0x8e>
    1b04:	40001737          	lui	a4,0x40001
    1b08:	80070693          	addi	a3,a4,-2048 # 40000800 <_eusrstack+0x1fff8800>
    1b0c:	02d50463          	beq	a0,a3,1b34 <TIM_TimeBaseInit+0x8e>
    1b10:	c0070713          	addi	a4,a4,-1024
    1b14:	02e50063          	beq	a0,a4,1b34 <TIM_TimeBaseInit+0x8e>
    1b18:	40013737          	lui	a4,0x40013
    1b1c:	40070713          	addi	a4,a4,1024 # 40013400 <_eusrstack+0x2000b400>
    1b20:	00e50a63          	beq	a0,a4,1b34 <TIM_TimeBaseInit+0x8e>
    1b24:	40015737          	lui	a4,0x40015
    1b28:	c0070693          	addi	a3,a4,-1024 # 40014c00 <_eusrstack+0x2000cc00>
    1b2c:	00d50463          	beq	a0,a3,1b34 <TIM_TimeBaseInit+0x8e>
    1b30:	00e51863          	bne	a0,a4,1b40 <TIM_TimeBaseInit+0x9a>
    1b34:	f8f7f793          	andi	a5,a5,-113
    1b38:	21ba                	lhu	a4,2(a1)
    1b3a:	07c2                	slli	a5,a5,0x10
    1b3c:	83c1                	srli	a5,a5,0x10
    1b3e:	8fd9                	or	a5,a5,a4
    1b40:	40001737          	lui	a4,0x40001
    1b44:	00e50c63          	beq	a0,a4,1b5c <TIM_TimeBaseInit+0xb6>
    1b48:	40070713          	addi	a4,a4,1024 # 40001400 <_eusrstack+0x1fff9400>
    1b4c:	00e50863          	beq	a0,a4,1b5c <TIM_TimeBaseInit+0xb6>
    1b50:	cff7f793          	andi	a5,a5,-769
    1b54:	21fa                	lhu	a4,6(a1)
    1b56:	07c2                	slli	a5,a5,0x10
    1b58:	83c1                	srli	a5,a5,0x10
    1b5a:	8fd9                	or	a5,a5,a4
    1b5c:	a11e                	sh	a5,0(a0)
    1b5e:	21de                	lhu	a5,4(a1)
    1b60:	b55e                	sh	a5,44(a0)
    1b62:	219e                	lhu	a5,0(a1)
    1b64:	b51e                	sh	a5,40(a0)
    1b66:	400137b7          	lui	a5,0x40013
    1b6a:	c0078713          	addi	a4,a5,-1024 # 40012c00 <_eusrstack+0x2000ac00>
    1b6e:	00e50e63          	beq	a0,a4,1b8a <TIM_TimeBaseInit+0xe4>
    1b72:	40078793          	addi	a5,a5,1024
    1b76:	00f50a63          	beq	a0,a5,1b8a <TIM_TimeBaseInit+0xe4>
    1b7a:	400157b7          	lui	a5,0x40015
    1b7e:	c0078713          	addi	a4,a5,-1024 # 40014c00 <_eusrstack+0x2000cc00>
    1b82:	00e50463          	beq	a0,a4,1b8a <TIM_TimeBaseInit+0xe4>
    1b86:	00f51463          	bne	a0,a5,1b8e <TIM_TimeBaseInit+0xe8>
    1b8a:	259c                	lbu	a5,8(a1)
    1b8c:	b91e                	sh	a5,48(a0)
    1b8e:	4785                	li	a5,1
    1b90:	a95e                	sh	a5,20(a0)
    1b92:	8082                	ret

00001b94 <TIM_OC3Init>:
    1b94:	311e                	lhu	a5,32(a0)
    1b96:	0085d803          	lhu	a6,8(a1) # 40021008 <_eusrstack+0x20019008>
    1b9a:	07c2                	slli	a5,a5,0x10
    1b9c:	83c1                	srli	a5,a5,0x10
    1b9e:	eff7f793          	andi	a5,a5,-257
    1ba2:	07c2                	slli	a5,a5,0x10
    1ba4:	83c1                	srli	a5,a5,0x10
    1ba6:	b11e                	sh	a5,32(a0)
    1ba8:	311e                	lhu	a5,32(a0)
    1baa:	2156                	lhu	a3,4(a0)
    1bac:	2d5a                	lhu	a4,28(a0)
    1bae:	07c2                	slli	a5,a5,0x10
    1bb0:	01069613          	slli	a2,a3,0x10
    1bb4:	0742                	slli	a4,a4,0x10
    1bb6:	2196                	lhu	a3,0(a1)
    1bb8:	8341                	srli	a4,a4,0x10
    1bba:	f8c77713          	andi	a4,a4,-116
    1bbe:	8f55                	or	a4,a4,a3
    1bc0:	21b6                	lhu	a3,2(a1)
    1bc2:	83c1                	srli	a5,a5,0x10
    1bc4:	dff7f793          	andi	a5,a5,-513
    1bc8:	0106e6b3          	or	a3,a3,a6
    1bcc:	06a2                	slli	a3,a3,0x8
    1bce:	8fd5                	or	a5,a5,a3
    1bd0:	400136b7          	lui	a3,0x40013
    1bd4:	07c2                	slli	a5,a5,0x10
    1bd6:	c0068813          	addi	a6,a3,-1024 # 40012c00 <_eusrstack+0x2000ac00>
    1bda:	8241                	srli	a2,a2,0x10
    1bdc:	83c1                	srli	a5,a5,0x10
    1bde:	01050e63          	beq	a0,a6,1bfa <TIM_OC3Init+0x66>
    1be2:	40068693          	addi	a3,a3,1024
    1be6:	00d50a63          	beq	a0,a3,1bfa <TIM_OC3Init+0x66>
    1bea:	400156b7          	lui	a3,0x40015
    1bee:	c0068813          	addi	a6,a3,-1024 # 40014c00 <_eusrstack+0x2000cc00>
    1bf2:	01050463          	beq	a0,a6,1bfa <TIM_OC3Init+0x66>
    1bf6:	02d51f63          	bne	a0,a3,1c34 <TIM_OC3Init+0xa0>
    1bfa:	76fd                	lui	a3,0xfffff
    1bfc:	7ff68693          	addi	a3,a3,2047 # fffff7ff <_eusrstack+0xdfff77ff>
    1c00:	8ff5                	and	a5,a5,a3
    1c02:	25b6                	lhu	a3,10(a1)
    1c04:	00c5d803          	lhu	a6,12(a1)
    1c08:	06a2                	slli	a3,a3,0x8
    1c0a:	8fd5                	or	a5,a5,a3
    1c0c:	21d6                	lhu	a3,4(a1)
    1c0e:	07c2                	slli	a5,a5,0x10
    1c10:	83c1                	srli	a5,a5,0x10
    1c12:	06a2                	slli	a3,a3,0x8
    1c14:	bff7f793          	andi	a5,a5,-1025
    1c18:	8fd5                	or	a5,a5,a3
    1c1a:	76f5                	lui	a3,0xffffd
    1c1c:	16fd                	addi	a3,a3,-1
    1c1e:	8ef1                	and	a3,a3,a2
    1c20:	25f2                	lhu	a2,14(a1)
    1c22:	07c2                	slli	a5,a5,0x10
    1c24:	83c1                	srli	a5,a5,0x10
    1c26:	01066633          	or	a2,a2,a6
    1c2a:	0612                	slli	a2,a2,0x4
    1c2c:	8ed1                	or	a3,a3,a2
    1c2e:	01069613          	slli	a2,a3,0x10
    1c32:	8241                	srli	a2,a2,0x10
    1c34:	a152                	sh	a2,4(a0)
    1c36:	ad5a                	sh	a4,28(a0)
    1c38:	21fa                	lhu	a4,6(a1)
    1c3a:	bd5a                	sh	a4,60(a0)
    1c3c:	b11e                	sh	a5,32(a0)
    1c3e:	8082                	ret

00001c40 <TIM_Cmd>:
    1c40:	211e                	lhu	a5,0(a0)
    1c42:	c589                	beqz	a1,1c4c <TIM_Cmd+0xc>
    1c44:	0017e793          	ori	a5,a5,1
    1c48:	a11e                	sh	a5,0(a0)
    1c4a:	8082                	ret
    1c4c:	07c2                	slli	a5,a5,0x10
    1c4e:	83c1                	srli	a5,a5,0x10
    1c50:	9bf9                	andi	a5,a5,-2
    1c52:	07c2                	slli	a5,a5,0x10
    1c54:	83c1                	srli	a5,a5,0x10
    1c56:	bfcd                	j	1c48 <TIM_Cmd+0x8>

00001c58 <TIM_CtrlPWMOutputs>:
    1c58:	04455783          	lhu	a5,68(a0)
    1c5c:	c591                	beqz	a1,1c68 <TIM_CtrlPWMOutputs+0x10>
    1c5e:	6721                	lui	a4,0x8
    1c60:	8fd9                	or	a5,a5,a4
    1c62:	04f51223          	sh	a5,68(a0)
    1c66:	8082                	ret
    1c68:	07c6                	slli	a5,a5,0x11
    1c6a:	83c5                	srli	a5,a5,0x11
    1c6c:	bfdd                	j	1c62 <TIM_CtrlPWMOutputs+0xa>

00001c6e <TIM_ITConfig>:
    1c6e:	255e                	lhu	a5,12(a0)
    1c70:	c601                	beqz	a2,1c78 <TIM_ITConfig+0xa>
    1c72:	8ddd                	or	a1,a1,a5
    1c74:	a54e                	sh	a1,12(a0)
    1c76:	8082                	ret
    1c78:	fff5c593          	not	a1,a1
    1c7c:	8dfd                	and	a1,a1,a5
    1c7e:	bfdd                	j	1c74 <TIM_ITConfig+0x6>

00001c80 <TIM_ARRPreloadConfig>:
    1c80:	211e                	lhu	a5,0(a0)
    1c82:	c589                	beqz	a1,1c8c <TIM_ARRPreloadConfig+0xc>
    1c84:	0807e793          	ori	a5,a5,128
    1c88:	a11e                	sh	a5,0(a0)
    1c8a:	8082                	ret
    1c8c:	07c2                	slli	a5,a5,0x10
    1c8e:	83c1                	srli	a5,a5,0x10
    1c90:	f7f7f793          	andi	a5,a5,-129
    1c94:	07c2                	slli	a5,a5,0x10
    1c96:	83c1                	srli	a5,a5,0x10
    1c98:	bfc5                	j	1c88 <TIM_ARRPreloadConfig+0x8>

00001c9a <TIM_OC3PreloadConfig>:
    1c9a:	2d5e                	lhu	a5,28(a0)
    1c9c:	07c2                	slli	a5,a5,0x10
    1c9e:	83c1                	srli	a5,a5,0x10
    1ca0:	9bdd                	andi	a5,a5,-9
    1ca2:	8ddd                	or	a1,a1,a5
    1ca4:	ad4e                	sh	a1,28(a0)
    1ca6:	8082                	ret

00001ca8 <TIM_SetCounter>:
    1ca8:	b14e                	sh	a1,36(a0)
    1caa:	8082                	ret

00001cac <TIM_SetCompare3>:
    1cac:	bd4e                	sh	a1,60(a0)
    1cae:	8082                	ret

00001cb0 <TIM_GetCounter>:
    1cb0:	314a                	lhu	a0,36(a0)
    1cb2:	8082                	ret

00001cb4 <TIM_GetITStatus>:
    1cb4:	291e                	lhu	a5,16(a0)
    1cb6:	254a                	lhu	a0,12(a0)
    1cb8:	8fed                	and	a5,a5,a1
    1cba:	0542                	slli	a0,a0,0x10
    1cbc:	8141                	srli	a0,a0,0x10
    1cbe:	c789                	beqz	a5,1cc8 <TIM_GetITStatus+0x14>
    1cc0:	8d6d                	and	a0,a0,a1
    1cc2:	00a03533          	snez	a0,a0
    1cc6:	8082                	ret
    1cc8:	4501                	li	a0,0
    1cca:	8082                	ret

00001ccc <TIM_ClearITPendingBit>:
    1ccc:	fff5c593          	not	a1,a1
    1cd0:	05c2                	slli	a1,a1,0x10
    1cd2:	81c1                	srli	a1,a1,0x10
    1cd4:	a90e                	sh	a1,16(a0)
    1cd6:	8082                	ret

00001cd8 <USART_Init>:
    1cd8:	d18fe2ef          	jal	t0,1f0 <__riscv_save_0>
    1cdc:	2916                	lhu	a3,16(a0)
    1cde:	77f5                	lui	a5,0xffffd
    1ce0:	17fd                	addi	a5,a5,-1
    1ce2:	8ff5                	and	a5,a5,a3
    1ce4:	21f6                	lhu	a3,6(a1)
    1ce6:	25da                	lhu	a4,12(a1)
    1ce8:	7179                	addi	sp,sp,-48
    1cea:	8fd5                	or	a5,a5,a3
    1cec:	a91e                	sh	a5,16(a0)
    1cee:	2556                	lhu	a3,12(a0)
    1cf0:	77fd                	lui	a5,0xfffff
    1cf2:	9f378793          	addi	a5,a5,-1549 # ffffe9f3 <_eusrstack+0xdfff69f3>
    1cf6:	8ff5                	and	a5,a5,a3
    1cf8:	21d6                	lhu	a3,4(a1)
    1cfa:	842a                	mv	s0,a0
    1cfc:	c62e                	sw	a1,12(sp)
    1cfe:	8fd5                	or	a5,a5,a3
    1d00:	2596                	lhu	a3,8(a1)
    1d02:	8fd5                	or	a5,a5,a3
    1d04:	25b6                	lhu	a3,10(a1)
    1d06:	8fd5                	or	a5,a5,a3
    1d08:	a55e                	sh	a5,12(a0)
    1d0a:	295e                	lhu	a5,20(a0)
    1d0c:	07c2                	slli	a5,a5,0x10
    1d0e:	83c1                	srli	a5,a5,0x10
    1d10:	cff7f793          	andi	a5,a5,-769
    1d14:	8fd9                	or	a5,a5,a4
    1d16:	a95e                	sh	a5,20(a0)
    1d18:	0868                	addi	a0,sp,28
    1d1a:	bdbff0ef          	jal	ra,18f4 <RCC_GetClocksFreq>
    1d1e:	400147b7          	lui	a5,0x40014
    1d22:	80078793          	addi	a5,a5,-2048 # 40013800 <_eusrstack+0x2000b800>
    1d26:	45b2                	lw	a1,12(sp)
    1d28:	02f41e63          	bne	s0,a5,1d64 <USART_Init+0x8c>
    1d2c:	57a2                	lw	a5,40(sp)
    1d2e:	4765                	li	a4,25
    1d30:	02e787b3          	mul	a5,a5,a4
    1d34:	4198                	lw	a4,0(a1)
    1d36:	06400693          	li	a3,100
    1d3a:	070a                	slli	a4,a4,0x2
    1d3c:	02e7d7b3          	divu	a5,a5,a4
    1d40:	02d7d733          	divu	a4,a5,a3
    1d44:	02d7f7b3          	remu	a5,a5,a3
    1d48:	0712                	slli	a4,a4,0x4
    1d4a:	0792                	slli	a5,a5,0x4
    1d4c:	03278793          	addi	a5,a5,50
    1d50:	02d7d7b3          	divu	a5,a5,a3
    1d54:	8bbd                	andi	a5,a5,15
    1d56:	8fd9                	or	a5,a5,a4
    1d58:	07c2                	slli	a5,a5,0x10
    1d5a:	83c1                	srli	a5,a5,0x10
    1d5c:	a41e                	sh	a5,8(s0)
    1d5e:	6145                	addi	sp,sp,48
    1d60:	cb4fe06f          	j	214 <__riscv_restore_0>
    1d64:	5792                	lw	a5,36(sp)
    1d66:	b7e1                	j	1d2e <USART_Init+0x56>

00001d68 <USART_Cmd>:
    1d68:	c591                	beqz	a1,1d74 <USART_Cmd+0xc>
    1d6a:	255e                	lhu	a5,12(a0)
    1d6c:	6709                	lui	a4,0x2
    1d6e:	8fd9                	or	a5,a5,a4
    1d70:	a55e                	sh	a5,12(a0)
    1d72:	8082                	ret
    1d74:	255a                	lhu	a4,12(a0)
    1d76:	77f9                	lui	a5,0xffffe
    1d78:	17fd                	addi	a5,a5,-1
    1d7a:	8ff9                	and	a5,a5,a4
    1d7c:	bfd5                	j	1d70 <USART_Cmd+0x8>

00001d7e <USART_ITConfig>:
    1d7e:	0ff5f713          	andi	a4,a1,255
    1d82:	4785                	li	a5,1
    1d84:	8315                	srli	a4,a4,0x5
    1d86:	00b795b3          	sll	a1,a5,a1
    1d8a:	00f71963          	bne	a4,a5,1d9c <USART_ITConfig+0x1e>
    1d8e:	00c50793          	addi	a5,a0,12
    1d92:	4398                	lw	a4,0(a5)
    1d94:	ce01                	beqz	a2,1dac <USART_ITConfig+0x2e>
    1d96:	8dd9                	or	a1,a1,a4
    1d98:	c38c                	sw	a1,0(a5)
    1d9a:	8082                	ret
    1d9c:	4689                	li	a3,2
    1d9e:	01450793          	addi	a5,a0,20
    1da2:	fed718e3          	bne	a4,a3,1d92 <USART_ITConfig+0x14>
    1da6:	01050793          	addi	a5,a0,16
    1daa:	b7e5                	j	1d92 <USART_ITConfig+0x14>
    1dac:	fff5c593          	not	a1,a1
    1db0:	8df9                	and	a1,a1,a4
    1db2:	b7dd                	j	1d98 <USART_ITConfig+0x1a>

00001db4 <USART_SendData>:
    1db4:	1ff5f593          	andi	a1,a1,511
    1db8:	a14e                	sh	a1,4(a0)
    1dba:	8082                	ret

00001dbc <USART_ReceiveData>:
    1dbc:	214a                	lhu	a0,4(a0)
    1dbe:	1ff57513          	andi	a0,a0,511
    1dc2:	8082                	ret

00001dc4 <USART_GetFlagStatus>:
    1dc4:	210a                	lhu	a0,0(a0)
    1dc6:	8d6d                	and	a0,a0,a1
    1dc8:	00a03533          	snez	a0,a0
    1dcc:	8082                	ret

00001dce <USART_GetITStatus>:
    1dce:	0ff5f713          	andi	a4,a1,255
    1dd2:	4685                	li	a3,1
    1dd4:	8315                	srli	a4,a4,0x5
    1dd6:	00b697b3          	sll	a5,a3,a1
    1dda:	02d71163          	bne	a4,a3,1dfc <USART_GetITStatus+0x2e>
    1dde:	255a                	lhu	a4,12(a0)
    1de0:	8ff9                	and	a5,a5,a4
    1de2:	211a                	lhu	a4,0(a0)
    1de4:	4501                	li	a0,0
    1de6:	0742                	slli	a4,a4,0x10
    1de8:	8341                	srli	a4,a4,0x10
    1dea:	cb81                	beqz	a5,1dfa <USART_GetITStatus+0x2c>
    1dec:	4505                	li	a0,1
    1dee:	81a1                	srli	a1,a1,0x8
    1df0:	00b515b3          	sll	a1,a0,a1
    1df4:	8f6d                	and	a4,a4,a1
    1df6:	00e03533          	snez	a0,a4
    1dfa:	8082                	ret
    1dfc:	4689                	li	a3,2
    1dfe:	00d71463          	bne	a4,a3,1e06 <USART_GetITStatus+0x38>
    1e02:	291a                	lhu	a4,16(a0)
    1e04:	bff1                	j	1de0 <USART_GetITStatus+0x12>
    1e06:	295a                	lhu	a4,20(a0)
    1e08:	bfe1                	j	1de0 <USART_GetITStatus+0x12>

00001e0a <USART_ClearITPendingBit>:
    1e0a:	81a1                	srli	a1,a1,0x8
    1e0c:	4785                	li	a5,1
    1e0e:	00b797b3          	sll	a5,a5,a1
    1e12:	fff7c793          	not	a5,a5
    1e16:	07c2                	slli	a5,a5,0x10
    1e18:	83c1                	srli	a5,a5,0x10
    1e1a:	a11e                	sh	a5,0(a0)
    1e1c:	8082                	ret

00001e1e <Delay_Init>:
    1e1e:	200007b7          	lui	a5,0x20000
    1e22:	1f47a783          	lw	a5,500(a5) # 200001f4 <SystemCoreClock>
    1e26:	007a1737          	lui	a4,0x7a1
    1e2a:	20070713          	addi	a4,a4,512 # 7a1200 <_data_lma+0x79b6a4>
    1e2e:	02e7d7b3          	divu	a5,a5,a4
    1e32:	0ff7f793          	andi	a5,a5,255
    1e36:	82f18d23          	sb	a5,-1990(gp) # 2000022a <p_us>
    1e3a:	3e800713          	li	a4,1000
    1e3e:	02e787b3          	mul	a5,a5,a4
    1e42:	82f19c23          	sh	a5,-1992(gp) # 20000228 <p_ms>
    1e46:	8082                	ret

00001e48 <Delay_Us>:
    1e48:	e000f7b7          	lui	a5,0xe000f
    1e4c:	43d8                	lw	a4,4(a5)
    1e4e:	4681                	li	a3,0
    1e50:	9b79                	andi	a4,a4,-2
    1e52:	c3d8                	sw	a4,4(a5)
    1e54:	83a1c703          	lbu	a4,-1990(gp) # 2000022a <p_us>
    1e58:	02a70633          	mul	a2,a4,a0
    1e5c:	cb90                	sw	a2,16(a5)
    1e5e:	cbd4                	sw	a3,20(a5)
    1e60:	4398                	lw	a4,0(a5)
    1e62:	01076713          	ori	a4,a4,16
    1e66:	c398                	sw	a4,0(a5)
    1e68:	4398                	lw	a4,0(a5)
    1e6a:	02176713          	ori	a4,a4,33
    1e6e:	c398                	sw	a4,0(a5)
    1e70:	43d8                	lw	a4,4(a5)
    1e72:	8b05                	andi	a4,a4,1
    1e74:	df75                	beqz	a4,1e70 <Delay_Us+0x28>
    1e76:	4398                	lw	a4,0(a5)
    1e78:	9b79                	andi	a4,a4,-2
    1e7a:	c398                	sw	a4,0(a5)
    1e7c:	8082                	ret

00001e7e <Delay_Ms>:
    1e7e:	e000f7b7          	lui	a5,0xe000f
    1e82:	43d8                	lw	a4,4(a5)
    1e84:	4681                	li	a3,0
    1e86:	9b79                	andi	a4,a4,-2
    1e88:	c3d8                	sw	a4,4(a5)
    1e8a:	8381d703          	lhu	a4,-1992(gp) # 20000228 <p_ms>
    1e8e:	02a70633          	mul	a2,a4,a0
    1e92:	cb90                	sw	a2,16(a5)
    1e94:	cbd4                	sw	a3,20(a5)
    1e96:	4398                	lw	a4,0(a5)
    1e98:	01076713          	ori	a4,a4,16
    1e9c:	c398                	sw	a4,0(a5)
    1e9e:	4398                	lw	a4,0(a5)
    1ea0:	02176713          	ori	a4,a4,33
    1ea4:	c398                	sw	a4,0(a5)
    1ea6:	43d8                	lw	a4,4(a5)
    1ea8:	8b05                	andi	a4,a4,1
    1eaa:	df75                	beqz	a4,1ea6 <Delay_Ms+0x28>
    1eac:	4398                	lw	a4,0(a5)
    1eae:	9b79                	andi	a4,a4,-2
    1eb0:	c398                	sw	a4,0(a5)
    1eb2:	8082                	ret

00001eb4 <USART_Printf_Init>:
    1eb4:	b3cfe2ef          	jal	t0,1f0 <__riscv_save_0>
    1eb8:	1101                	addi	sp,sp,-32
    1eba:	842a                	mv	s0,a0
    1ebc:	4585                	li	a1,1
    1ebe:	00040537          	lui	a0,0x40
    1ec2:	bc7ff0ef          	jal	ra,1a88 <RCC_APB1PeriphClockCmd>
    1ec6:	4585                	li	a1,1
    1ec8:	4521                	li	a0,8
    1eca:	ba1ff0ef          	jal	ra,1a6a <RCC_APB2PeriphClockCmd>
    1ece:	40000793          	li	a5,1024
    1ed2:	827c                	sh	a5,4(sp)
    1ed4:	40011537          	lui	a0,0x40011
    1ed8:	478d                	li	a5,3
    1eda:	c43e                	sw	a5,8(sp)
    1edc:	004c                	addi	a1,sp,4
    1ede:	47e1                	li	a5,24
    1ee0:	c0050513          	addi	a0,a0,-1024 # 40010c00 <_eusrstack+0x20008c00>
    1ee4:	c63e                	sw	a5,12(sp)
    1ee6:	8afff0ef          	jal	ra,1794 <GPIO_Init>
    1eea:	c822                	sw	s0,16(sp)
    1eec:	40005437          	lui	s0,0x40005
    1ef0:	000807b7          	lui	a5,0x80
    1ef4:	080c                	addi	a1,sp,16
    1ef6:	80040513          	addi	a0,s0,-2048 # 40004800 <_eusrstack+0x1fffc800>
    1efa:	cc3e                	sw	a5,24(sp)
    1efc:	ca02                	sw	zero,20(sp)
    1efe:	00011e23          	sh	zero,28(sp)
    1f02:	dd7ff0ef          	jal	ra,1cd8 <USART_Init>
    1f06:	4585                	li	a1,1
    1f08:	80040513          	addi	a0,s0,-2048
    1f0c:	e5dff0ef          	jal	ra,1d68 <USART_Cmd>
    1f10:	6105                	addi	sp,sp,32
    1f12:	b02fe06f          	j	214 <__riscv_restore_0>

00001f16 <_write>:
    1f16:	ac0fe2ef          	jal	t0,1d6 <__riscv_save_4>
    1f1a:	400054b7          	lui	s1,0x40005
    1f1e:	89ae                	mv	s3,a1
    1f20:	8932                	mv	s2,a2
    1f22:	4401                	li	s0,0
    1f24:	80048493          	addi	s1,s1,-2048 # 40004800 <_eusrstack+0x1fffc800>
    1f28:	01244563          	blt	s0,s2,1f32 <_write+0x1c>
    1f2c:	854a                	mv	a0,s2
    1f2e:	adcfe06f          	j	20a <__riscv_restore_4>
    1f32:	04000593          	li	a1,64
    1f36:	8526                	mv	a0,s1
    1f38:	e8dff0ef          	jal	ra,1dc4 <USART_GetFlagStatus>
    1f3c:	d97d                	beqz	a0,1f32 <_write+0x1c>
    1f3e:	008987b3          	add	a5,s3,s0
    1f42:	00078583          	lb	a1,0(a5) # 80000 <_data_lma+0x7a4a4>
    1f46:	8526                	mv	a0,s1
    1f48:	0405                	addi	s0,s0,1
    1f4a:	05c2                	slli	a1,a1,0x10
    1f4c:	81c1                	srli	a1,a1,0x10
    1f4e:	e67ff0ef          	jal	ra,1db4 <USART_SendData>
    1f52:	bfd9                	j	1f28 <_write+0x12>

00001f54 <printchar>:
    1f54:	1101                	addi	sp,sp,-32
    1f56:	ce06                	sw	ra,28(sp)
    1f58:	c62e                	sw	a1,12(sp)
    1f5a:	cd0d                	beqz	a0,1f94 <printchar+0x40>
    1f5c:	4118                	lw	a4,0(a0)
    1f5e:	87aa                	mv	a5,a0
    1f60:	c305                	beqz	a4,1f80 <printchar+0x2c>
    1f62:	4158                	lw	a4,4(a0)
    1f64:	557d                	li	a0,-1
    1f66:	cb11                	beqz	a4,1f7a <printchar+0x26>
    1f68:	4685                	li	a3,1
    1f6a:	00d71b63          	bne	a4,a3,1f80 <printchar+0x2c>
    1f6e:	4798                	lw	a4,8(a5)
    1f70:	00070023          	sb	zero,0(a4)
    1f74:	0007a223          	sw	zero,4(a5)
    1f78:	4505                	li	a0,1
    1f7a:	40f2                	lw	ra,28(sp)
    1f7c:	6105                	addi	sp,sp,32
    1f7e:	8082                	ret
    1f80:	4798                	lw	a4,8(a5)
    1f82:	46b2                	lw	a3,12(sp)
    1f84:	a314                	sb	a3,0(a4)
    1f86:	4798                	lw	a4,8(a5)
    1f88:	0705                	addi	a4,a4,1
    1f8a:	c798                	sw	a4,8(a5)
    1f8c:	43d8                	lw	a4,4(a5)
    1f8e:	177d                	addi	a4,a4,-1
    1f90:	c3d8                	sw	a4,4(a5)
    1f92:	b7dd                	j	1f78 <printchar+0x24>
    1f94:	4605                	li	a2,1
    1f96:	006c                	addi	a1,sp,12
    1f98:	3fbd                	jal	1f16 <_write>
    1f9a:	bff9                	j	1f78 <printchar+0x24>

00001f9c <prints>:
    1f9c:	7179                	addi	sp,sp,-48
    1f9e:	d422                	sw	s0,40(sp)
    1fa0:	d226                	sw	s1,36(sp)
    1fa2:	ce4e                	sw	s3,28(sp)
    1fa4:	cc52                	sw	s4,24(sp)
    1fa6:	ca56                	sw	s5,20(sp)
    1fa8:	d606                	sw	ra,44(sp)
    1faa:	d04a                	sw	s2,32(sp)
    1fac:	c85a                	sw	s6,16(sp)
    1fae:	8a2a                	mv	s4,a0
    1fb0:	8aae                	mv	s5,a1
    1fb2:	8432                	mv	s0,a2
    1fb4:	4481                	li	s1,0
    1fb6:	02000993          	li	s3,32
    1fba:	02064463          	bltz	a2,1fe2 <prints+0x46>
    1fbe:	009a87b3          	add	a5,s5,s1
    1fc2:	00078783          	lb	a5,0(a5)
    1fc6:	e39d                	bnez	a5,1fec <prints+0x50>
    1fc8:	0284d663          	bge	s1,s0,1ff4 <prints+0x58>
    1fcc:	02e4d263          	bge	s1,a4,1ff0 <prints+0x54>
    1fd0:	8c19                	sub	s0,s0,a4
    1fd2:	0026f793          	andi	a5,a3,2
    1fd6:	02000993          	li	s3,32
    1fda:	c781                	beqz	a5,1fe2 <prints+0x46>
    1fdc:	e319                	bnez	a4,1fe2 <prints+0x46>
    1fde:	03000993          	li	s3,48
    1fe2:	8a85                	andi	a3,a3,1
    1fe4:	4901                	li	s2,0
    1fe6:	ea85                	bnez	a3,2016 <prints+0x7a>
    1fe8:	8922                	mv	s2,s0
    1fea:	a831                	j	2006 <prints+0x6a>
    1fec:	0485                	addi	s1,s1,1
    1fee:	bfc1                	j	1fbe <prints+0x22>
    1ff0:	8c05                	sub	s0,s0,s1
    1ff2:	b7c5                	j	1fd2 <prints+0x36>
    1ff4:	4401                	li	s0,0
    1ff6:	bff1                	j	1fd2 <prints+0x36>
    1ff8:	85ce                	mv	a1,s3
    1ffa:	8552                	mv	a0,s4
    1ffc:	c63a                	sw	a4,12(sp)
    1ffe:	f57ff0ef          	jal	ra,1f54 <printchar>
    2002:	4732                	lw	a4,12(sp)
    2004:	197d                	addi	s2,s2,-1
    2006:	ff2049e3          	bgtz	s2,1ff8 <prints+0x5c>
    200a:	8922                	mv	s2,s0
    200c:	00045363          	bgez	s0,2012 <prints+0x76>
    2010:	4901                	li	s2,0
    2012:	41240433          	sub	s0,s0,s2
    2016:	02e4cb63          	blt	s1,a4,204c <prints+0xb0>
    201a:	84ca                	mv	s1,s2
    201c:	412487b3          	sub	a5,s1,s2
    2020:	97d6                	add	a5,a5,s5
    2022:	00078583          	lb	a1,0(a5)
    2026:	e1a1                	bnez	a1,2066 <prints+0xca>
    2028:	8922                	mv	s2,s0
    202a:	05204363          	bgtz	s2,2070 <prints+0xd4>
    202e:	00045363          	bgez	s0,2034 <prints+0x98>
    2032:	4401                	li	s0,0
    2034:	00940533          	add	a0,s0,s1
    2038:	50b2                	lw	ra,44(sp)
    203a:	5422                	lw	s0,40(sp)
    203c:	5492                	lw	s1,36(sp)
    203e:	5902                	lw	s2,32(sp)
    2040:	49f2                	lw	s3,28(sp)
    2042:	4a62                	lw	s4,24(sp)
    2044:	4ad2                	lw	s5,20(sp)
    2046:	4b42                	lw	s6,16(sp)
    2048:	6145                	addi	sp,sp,48
    204a:	8082                	ret
    204c:	409704b3          	sub	s1,a4,s1
    2050:	8b26                	mv	s6,s1
    2052:	03000593          	li	a1,48
    2056:	8552                	mv	a0,s4
    2058:	1b7d                	addi	s6,s6,-1
    205a:	efbff0ef          	jal	ra,1f54 <printchar>
    205e:	fe0b1ae3          	bnez	s6,2052 <prints+0xb6>
    2062:	9926                	add	s2,s2,s1
    2064:	bf5d                	j	201a <prints+0x7e>
    2066:	8552                	mv	a0,s4
    2068:	eedff0ef          	jal	ra,1f54 <printchar>
    206c:	0485                	addi	s1,s1,1
    206e:	b77d                	j	201c <prints+0x80>
    2070:	85ce                	mv	a1,s3
    2072:	8552                	mv	a0,s4
    2074:	ee1ff0ef          	jal	ra,1f54 <printchar>
    2078:	197d                	addi	s2,s2,-1
    207a:	bf45                	j	202a <prints+0x8e>

0000207c <printInt>:
    207c:	715d                	addi	sp,sp,-80
    207e:	c2a6                	sw	s1,68(sp)
    2080:	dc52                	sw	s4,56(sp)
    2082:	c686                	sw	ra,76(sp)
    2084:	c4a2                	sw	s0,72(sp)
    2086:	c0ca                	sw	s2,64(sp)
    2088:	de4e                	sw	s3,60(sp)
    208a:	da56                	sw	s5,52(sp)
    208c:	84ba                	mv	s1,a4
    208e:	8a3e                	mv	s4,a5
    2090:	e19d                	bnez	a1,20b6 <printInt+0x3a>
    2092:	03000793          	li	a5,48
    2096:	4701                	li	a4,0
    2098:	86d2                	mv	a3,s4
    209a:	8626                	mv	a2,s1
    209c:	082c                	addi	a1,sp,24
    209e:	84fc                	sh	a5,24(sp)
    20a0:	efdff0ef          	jal	ra,1f9c <prints>
    20a4:	40b6                	lw	ra,76(sp)
    20a6:	4426                	lw	s0,72(sp)
    20a8:	4496                	lw	s1,68(sp)
    20aa:	4906                	lw	s2,64(sp)
    20ac:	59f2                	lw	s3,60(sp)
    20ae:	5a62                	lw	s4,56(sp)
    20b0:	5ad2                	lw	s5,52(sp)
    20b2:	6161                	addi	sp,sp,80
    20b4:	8082                	ret
    20b6:	892a                	mv	s2,a0
    20b8:	8436                	mv	s0,a3
    20ba:	8ac6                	mv	s5,a7
    20bc:	ca91                	beqz	a3,20d0 <printInt+0x54>
    20be:	47a9                	li	a5,10
    20c0:	4401                	li	s0,0
    20c2:	00f61763          	bne	a2,a5,20d0 <printInt+0x54>
    20c6:	0005d563          	bgez	a1,20d0 <printInt+0x54>
    20ca:	40b005b3          	neg	a1,a1
    20ce:	4405                	li	s0,1
    20d0:	020107a3          	sb	zero,47(sp)
    20d4:	02f10793          	addi	a5,sp,47
    20d8:	46a5                	li	a3,9
    20da:	fc680513          	addi	a0,a6,-58
    20de:	02c5f733          	remu	a4,a1,a2
    20e2:	00e6d363          	bge	a3,a4,20e8 <printInt+0x6c>
    20e6:	972a                	add	a4,a4,a0
    20e8:	03070713          	addi	a4,a4,48
    20ec:	fee78fa3          	sb	a4,-1(a5)
    20f0:	fff78993          	addi	s3,a5,-1
    20f4:	02c5d733          	divu	a4,a1,a2
    20f8:	04c5fb63          	bgeu	a1,a2,214e <printInt+0xd2>
    20fc:	cc09                	beqz	s0,2116 <printInt+0x9a>
    20fe:	c8b9                	beqz	s1,2154 <printInt+0xd8>
    2100:	002a7713          	andi	a4,s4,2
    2104:	cb21                	beqz	a4,2154 <printInt+0xd8>
    2106:	02d00593          	li	a1,45
    210a:	854a                	mv	a0,s2
    210c:	c642                	sw	a6,12(sp)
    210e:	e47ff0ef          	jal	ra,1f54 <printchar>
    2112:	4832                	lw	a6,12(sp)
    2114:	14fd                	addi	s1,s1,-1
    2116:	004a7793          	andi	a5,s4,4
    211a:	c38d                	beqz	a5,213c <printInt+0xc0>
    211c:	06100793          	li	a5,97
    2120:	03000593          	li	a1,48
    2124:	854a                	mv	a0,s2
    2126:	02f81f63          	bne	a6,a5,2164 <printInt+0xe8>
    212a:	e2bff0ef          	jal	ra,1f54 <printchar>
    212e:	07800593          	li	a1,120
    2132:	854a                	mv	a0,s2
    2134:	e21ff0ef          	jal	ra,1f54 <printchar>
    2138:	0409                	addi	s0,s0,2
    213a:	14f9                	addi	s1,s1,-2
    213c:	8756                	mv	a4,s5
    213e:	86d2                	mv	a3,s4
    2140:	8626                	mv	a2,s1
    2142:	85ce                	mv	a1,s3
    2144:	854a                	mv	a0,s2
    2146:	e57ff0ef          	jal	ra,1f9c <prints>
    214a:	9522                	add	a0,a0,s0
    214c:	bfa1                	j	20a4 <printInt+0x28>
    214e:	85ba                	mv	a1,a4
    2150:	87ce                	mv	a5,s3
    2152:	b771                	j	20de <printInt+0x62>
    2154:	02d00713          	li	a4,45
    2158:	fee98fa3          	sb	a4,-1(s3)
    215c:	4401                	li	s0,0
    215e:	ffe78993          	addi	s3,a5,-2
    2162:	bf55                	j	2116 <printInt+0x9a>
    2164:	df1ff0ef          	jal	ra,1f54 <printchar>
    2168:	05800593          	li	a1,88
    216c:	b7d9                	j	2132 <printInt+0xb6>

0000216e <printLongLongInt>:
    216e:	711d                	addi	sp,sp,-96
    2170:	c8ca                	sw	s2,80(sp)
    2172:	c6ce                	sw	s3,76(sp)
    2174:	c2d6                	sw	s5,68(sp)
    2176:	c0da                	sw	s6,64(sp)
    2178:	893a                	mv	s2,a4
    217a:	ce86                	sw	ra,92(sp)
    217c:	cca2                	sw	s0,88(sp)
    217e:	caa6                	sw	s1,84(sp)
    2180:	c4d2                	sw	s4,72(sp)
    2182:	de5e                	sw	s7,60(sp)
    2184:	dc62                	sw	s8,56(sp)
    2186:	da66                	sw	s9,52(sp)
    2188:	d86a                	sw	s10,48(sp)
    218a:	d66e                	sw	s11,44(sp)
    218c:	00c5e733          	or	a4,a1,a2
    2190:	89be                	mv	s3,a5
    2192:	8aaa                	mv	s5,a0
    2194:	8b42                	mv	s6,a6
    2196:	06014783          	lbu	a5,96(sp)
    219a:	e331                	bnez	a4,21de <printLongLongInt+0x70>
    219c:	cf8d                	beqz	a5,21d6 <printLongLongInt+0x68>
    219e:	678d                	lui	a5,0x3
    21a0:	02d78793          	addi	a5,a5,45 # 302d <__muldf3+0x101>
    21a4:	847c                	sh	a5,8(sp)
    21a6:	00010523          	sb	zero,10(sp)
    21aa:	4701                	li	a4,0
    21ac:	86da                	mv	a3,s6
    21ae:	864e                	mv	a2,s3
    21b0:	002c                	addi	a1,sp,8
    21b2:	8556                	mv	a0,s5
    21b4:	de9ff0ef          	jal	ra,1f9c <prints>
    21b8:	40f6                	lw	ra,92(sp)
    21ba:	4466                	lw	s0,88(sp)
    21bc:	44d6                	lw	s1,84(sp)
    21be:	4946                	lw	s2,80(sp)
    21c0:	49b6                	lw	s3,76(sp)
    21c2:	4a26                	lw	s4,72(sp)
    21c4:	4a96                	lw	s5,68(sp)
    21c6:	4b06                	lw	s6,64(sp)
    21c8:	5bf2                	lw	s7,60(sp)
    21ca:	5c62                	lw	s8,56(sp)
    21cc:	5cd2                	lw	s9,52(sp)
    21ce:	5d42                	lw	s10,48(sp)
    21d0:	5db2                	lw	s11,44(sp)
    21d2:	6125                	addi	sp,sp,96
    21d4:	8082                	ret
    21d6:	03000793          	li	a5,48
    21da:	847c                	sh	a5,8(sp)
    21dc:	b7f9                	j	21aa <printLongLongInt+0x3c>
    21de:	8a36                	mv	s4,a3
    21e0:	84ae                	mv	s1,a1
    21e2:	8432                	mv	s0,a2
    21e4:	02090063          	beqz	s2,2204 <printLongLongInt+0x96>
    21e8:	47a9                	li	a5,10
    21ea:	4901                	li	s2,0
    21ec:	00f69c63          	bne	a3,a5,2204 <printLongLongInt+0x96>
    21f0:	00065a63          	bgez	a2,2204 <printLongLongInt+0x96>
    21f4:	40b004b3          	neg	s1,a1
    21f8:	009037b3          	snez	a5,s1
    21fc:	40c00433          	neg	s0,a2
    2200:	8c1d                	sub	s0,s0,a5
    2202:	4905                	li	s2,1
    2204:	00010fa3          	sb	zero,31(sp)
    2208:	01f10d13          	addi	s10,sp,31
    220c:	41fa5d93          	srai	s11,s4,0x1f
    2210:	4ca5                	li	s9,9
    2212:	fc688c13          	addi	s8,a7,-58
    2216:	8652                	mv	a2,s4
    2218:	86ee                	mv	a3,s11
    221a:	8526                	mv	a0,s1
    221c:	85a2                	mv	a1,s0
    221e:	0cf000ef          	jal	ra,2aec <__umoddi3>
    2222:	00acd363          	bge	s9,a0,2228 <printLongLongInt+0xba>
    2226:	9562                	add	a0,a0,s8
    2228:	03050513          	addi	a0,a0,48
    222c:	fead0fa3          	sb	a0,-1(s10)
    2230:	8652                	mv	a2,s4
    2232:	86ee                	mv	a3,s11
    2234:	8526                	mv	a0,s1
    2236:	85a2                	mv	a1,s0
    2238:	fffd0b93          	addi	s7,s10,-1
    223c:	2b39                	jal	275a <__udivdi3>
    223e:	01b46663          	bltu	s0,s11,224a <printLongLongInt+0xdc>
    2242:	028d9a63          	bne	s11,s0,2276 <printLongLongInt+0x108>
    2246:	0344f863          	bgeu	s1,s4,2276 <printLongLongInt+0x108>
    224a:	00090d63          	beqz	s2,2264 <printLongLongInt+0xf6>
    224e:	02098863          	beqz	s3,227e <printLongLongInt+0x110>
    2252:	002b7793          	andi	a5,s6,2
    2256:	c785                	beqz	a5,227e <printLongLongInt+0x110>
    2258:	02d00593          	li	a1,45
    225c:	8556                	mv	a0,s5
    225e:	cf7ff0ef          	jal	ra,1f54 <printchar>
    2262:	19fd                	addi	s3,s3,-1
    2264:	4701                	li	a4,0
    2266:	86da                	mv	a3,s6
    2268:	864e                	mv	a2,s3
    226a:	85de                	mv	a1,s7
    226c:	8556                	mv	a0,s5
    226e:	d2fff0ef          	jal	ra,1f9c <prints>
    2272:	954a                	add	a0,a0,s2
    2274:	b791                	j	21b8 <printLongLongInt+0x4a>
    2276:	84aa                	mv	s1,a0
    2278:	842e                	mv	s0,a1
    227a:	8d5e                	mv	s10,s7
    227c:	bf69                	j	2216 <printLongLongInt+0xa8>
    227e:	02d00793          	li	a5,45
    2282:	fefb8fa3          	sb	a5,-1(s7)
    2286:	4901                	li	s2,0
    2288:	ffed0b93          	addi	s7,s10,-2
    228c:	bfe1                	j	2264 <printLongLongInt+0xf6>

0000228e <printDouble>:
    228e:	715d                	addi	sp,sp,-80
    2290:	c2a6                	sw	s1,68(sp)
    2292:	c0ca                	sw	s2,64(sp)
    2294:	84aa                	mv	s1,a0
    2296:	892e                	mv	s2,a1
    2298:	852e                	mv	a0,a1
    229a:	85b2                	mv	a1,a2
    229c:	c686                	sw	ra,76(sp)
    229e:	ce3a                	sw	a4,28(sp)
    22a0:	cc42                	sw	a6,24(sp)
    22a2:	c4a2                	sw	s0,72(sp)
    22a4:	de4e                	sw	s3,60(sp)
    22a6:	dc52                	sw	s4,56(sp)
    22a8:	89b2                	mv	s3,a2
    22aa:	8a36                	mv	s4,a3
    22ac:	da56                	sw	s5,52(sp)
    22ae:	d85a                	sw	s6,48(sp)
    22b0:	8abe                	mv	s5,a5
    22b2:	d65e                	sw	s7,44(sp)
    22b4:	d462                	sw	s8,40(sp)
    22b6:	d266                	sw	s9,36(sp)
    22b8:	8c46                	mv	s8,a7
    22ba:	d06a                	sw	s10,32(sp)
    22bc:	067010ef          	jal	ra,3b22 <__fixdfdi>
    22c0:	8b2a                	mv	s6,a0
    22c2:	8bae                	mv	s7,a1
    22c4:	4601                	li	a2,0
    22c6:	4681                	li	a3,0
    22c8:	85ce                	mv	a1,s3
    22ca:	854a                	mv	a0,s2
    22cc:	3ab000ef          	jal	ra,2e76 <__ledf2>
    22d0:	4772                	lw	a4,28(sp)
    22d2:	4862                	lw	a6,24(sp)
    22d4:	817d                	srli	a0,a0,0x1f
    22d6:	87ba                	mv	a5,a4
    22d8:	c02a                	sw	a0,0(sp)
    22da:	4705                	li	a4,1
    22dc:	88e2                	mv	a7,s8
    22de:	86d2                	mv	a3,s4
    22e0:	85da                	mv	a1,s6
    22e2:	865e                	mv	a2,s7
    22e4:	8526                	mv	a0,s1
    22e6:	e89ff0ef          	jal	ra,216e <printLongLongInt>
    22ea:	8d2a                	mv	s10,a0
    22ec:	02e00593          	li	a1,46
    22f0:	8526                	mv	a0,s1
    22f2:	c63ff0ef          	jal	ra,1f54 <printchar>
    22f6:	0d05                	addi	s10,s10,1
    22f8:	4781                	li	a5,0
    22fa:	4c85                	li	s9,1
    22fc:	4401                	li	s0,0
    22fe:	4729                	li	a4,10
    2300:	0757ce63          	blt	a5,s5,237c <printDouble+0xee>
    2304:	855a                	mv	a0,s6
    2306:	85de                	mv	a1,s7
    2308:	0d7010ef          	jal	ra,3bde <__floatdidf>
    230c:	862a                	mv	a2,a0
    230e:	86ae                	mv	a3,a1
    2310:	854a                	mv	a0,s2
    2312:	85ce                	mv	a1,s3
    2314:	0d0010ef          	jal	ra,33e4 <__subdf3>
    2318:	892a                	mv	s2,a0
    231a:	89ae                	mv	s3,a1
    231c:	8566                	mv	a0,s9
    231e:	85a2                	mv	a1,s0
    2320:	0bf010ef          	jal	ra,3bde <__floatdidf>
    2324:	862a                	mv	a2,a0
    2326:	86ae                	mv	a3,a1
    2328:	854a                	mv	a0,s2
    232a:	85ce                	mv	a1,s3
    232c:	401000ef          	jal	ra,2f2c <__muldf3>
    2330:	7f2010ef          	jal	ra,3b22 <__fixdfdi>
    2334:	41f5d613          	srai	a2,a1,0x1f
    2338:	8d31                	xor	a0,a0,a2
    233a:	00b647b3          	xor	a5,a2,a1
    233e:	40c505b3          	sub	a1,a0,a2
    2342:	00b53533          	sltu	a0,a0,a1
    2346:	40c78633          	sub	a2,a5,a2
    234a:	c002                	sw	zero,0(sp)
    234c:	88e2                	mv	a7,s8
    234e:	87d6                	mv	a5,s5
    2350:	86d2                	mv	a3,s4
    2352:	8e09                	sub	a2,a2,a0
    2354:	4809                	li	a6,2
    2356:	8526                	mv	a0,s1
    2358:	4705                	li	a4,1
    235a:	e15ff0ef          	jal	ra,216e <printLongLongInt>
    235e:	40b6                	lw	ra,76(sp)
    2360:	4426                	lw	s0,72(sp)
    2362:	956a                	add	a0,a0,s10
    2364:	4496                	lw	s1,68(sp)
    2366:	4906                	lw	s2,64(sp)
    2368:	59f2                	lw	s3,60(sp)
    236a:	5a62                	lw	s4,56(sp)
    236c:	5ad2                	lw	s5,52(sp)
    236e:	5b42                	lw	s6,48(sp)
    2370:	5bb2                	lw	s7,44(sp)
    2372:	5c22                	lw	s8,40(sp)
    2374:	5c92                	lw	s9,36(sp)
    2376:	5d02                	lw	s10,32(sp)
    2378:	6161                	addi	sp,sp,80
    237a:	8082                	ret
    237c:	028706b3          	mul	a3,a4,s0
    2380:	0785                	addi	a5,a5,1
    2382:	03973433          	mulhu	s0,a4,s9
    2386:	03970cb3          	mul	s9,a4,s9
    238a:	9436                	add	s0,s0,a3
    238c:	bf95                	j	2300 <printDouble+0x72>

0000238e <print>:
    238e:	715d                	addi	sp,sp,-80
    2390:	d85a                	sw	s6,48(sp)
    2392:	00006b37          	lui	s6,0x6
    2396:	c4a2                	sw	s0,72(sp)
    2398:	c2a6                	sw	s1,68(sp)
    239a:	c0ca                	sw	s2,64(sp)
    239c:	de4e                	sw	s3,60(sp)
    239e:	dc52                	sw	s4,56(sp)
    23a0:	da56                	sw	s5,52(sp)
    23a2:	d65e                	sw	s7,44(sp)
    23a4:	d462                	sw	s8,40(sp)
    23a6:	c686                	sw	ra,76(sp)
    23a8:	d266                	sw	s9,36(sp)
    23aa:	89aa                	mv	s3,a0
    23ac:	892e                	mv	s2,a1
    23ae:	8432                	mv	s0,a2
    23b0:	4a01                	li	s4,0
    23b2:	4481                	li	s1,0
    23b4:	02500b93          	li	s7,37
    23b8:	02b00a93          	li	s5,43
    23bc:	4c29                	li	s8,10
    23be:	840b0b13          	addi	s6,s6,-1984 # 5840 <Ch8x16+0x6b4>
    23c2:	00090583          	lb	a1,0(s2)
    23c6:	e58d                	bnez	a1,23f0 <print+0x62>
    23c8:	00098663          	beqz	s3,23d4 <print+0x46>
    23cc:	4581                	li	a1,0
    23ce:	854e                	mv	a0,s3
    23d0:	b85ff0ef          	jal	ra,1f54 <printchar>
    23d4:	40b6                	lw	ra,76(sp)
    23d6:	4426                	lw	s0,72(sp)
    23d8:	8526                	mv	a0,s1
    23da:	4906                	lw	s2,64(sp)
    23dc:	4496                	lw	s1,68(sp)
    23de:	59f2                	lw	s3,60(sp)
    23e0:	5a62                	lw	s4,56(sp)
    23e2:	5ad2                	lw	s5,52(sp)
    23e4:	5b42                	lw	s6,48(sp)
    23e6:	5bb2                	lw	s7,44(sp)
    23e8:	5c22                	lw	s8,40(sp)
    23ea:	5c92                	lw	s9,36(sp)
    23ec:	6161                	addi	sp,sp,80
    23ee:	8082                	ret
    23f0:	01758863          	beq	a1,s7,2400 <print+0x72>
    23f4:	854e                	mv	a0,s3
    23f6:	b5fff0ef          	jal	ra,1f54 <printchar>
    23fa:	0485                	addi	s1,s1,1
    23fc:	0905                	addi	s2,s2,1
    23fe:	b7d1                	j	23c2 <print+0x34>
    2400:	00190783          	lb	a5,1(s2)
    2404:	00190c93          	addi	s9,s2,1
    2408:	01779a63          	bne	a5,s7,241c <print+0x8e>
    240c:	02500593          	li	a1,37
    2410:	854e                	mv	a0,s3
    2412:	b43ff0ef          	jal	ra,1f54 <printchar>
    2416:	0485                	addi	s1,s1,1
    2418:	8966                	mv	s2,s9
    241a:	b7cd                	j	23fc <print+0x6e>
    241c:	d7d5                	beqz	a5,23c8 <print+0x3a>
    241e:	05578763          	beq	a5,s5,246c <print+0xde>
    2422:	00fac863          	blt	s5,a5,2432 <print+0xa4>
    2426:	02300713          	li	a4,35
    242a:	04e78463          	beq	a5,a4,2472 <print+0xe4>
    242e:	4781                	li	a5,0
    2430:	a005                	j	2450 <print+0xc2>
    2432:	02d00713          	li	a4,45
    2436:	00e78a63          	beq	a5,a4,244a <print+0xbc>
    243a:	03000713          	li	a4,48
    243e:	fee798e3          	bne	a5,a4,242e <print+0xa0>
    2442:	00290c93          	addi	s9,s2,2
    2446:	4789                	li	a5,2
    2448:	a021                	j	2450 <print+0xc2>
    244a:	00290c93          	addi	s9,s2,2
    244e:	4785                	li	a5,1
    2450:	000c8703          	lb	a4,0(s9)
    2454:	05570363          	beq	a4,s5,249a <print+0x10c>
    2458:	02eac163          	blt	s5,a4,247a <print+0xec>
    245c:	02300693          	li	a3,35
    2460:	02d70b63          	beq	a4,a3,2496 <print+0x108>
    2464:	8966                	mv	s2,s9
    2466:	4501                	li	a0,0
    2468:	45a5                	li	a1,9
    246a:	a835                	j	24a6 <print+0x118>
    246c:	00290c93          	addi	s9,s2,2
    2470:	bf7d                	j	242e <print+0xa0>
    2472:	00290c93          	addi	s9,s2,2
    2476:	4791                	li	a5,4
    2478:	bfe1                	j	2450 <print+0xc2>
    247a:	02d00693          	li	a3,45
    247e:	00d70963          	beq	a4,a3,2490 <print+0x102>
    2482:	03000693          	li	a3,48
    2486:	fcd71fe3          	bne	a4,a3,2464 <print+0xd6>
    248a:	0027e793          	ori	a5,a5,2
    248e:	a031                	j	249a <print+0x10c>
    2490:	0c85                	addi	s9,s9,1
    2492:	4785                	li	a5,1
    2494:	bfc1                	j	2464 <print+0xd6>
    2496:	0047e793          	ori	a5,a5,4
    249a:	0c85                	addi	s9,s9,1
    249c:	b7e1                	j	2464 <print+0xd6>
    249e:	03850533          	mul	a0,a0,s8
    24a2:	0905                	addi	s2,s2,1
    24a4:	9536                	add	a0,a0,a3
    24a6:	00090703          	lb	a4,0(s2)
    24aa:	fd070693          	addi	a3,a4,-48
    24ae:	0ff6f613          	andi	a2,a3,255
    24b2:	fec5f6e3          	bgeu	a1,a2,249e <print+0x110>
    24b6:	02e00613          	li	a2,46
    24ba:	4699                	li	a3,6
    24bc:	00c71e63          	bne	a4,a2,24d8 <print+0x14a>
    24c0:	0905                	addi	s2,s2,1
    24c2:	4681                	li	a3,0
    24c4:	4625                	li	a2,9
    24c6:	00090703          	lb	a4,0(s2)
    24ca:	fd070713          	addi	a4,a4,-48
    24ce:	0ff77593          	andi	a1,a4,255
    24d2:	02b67563          	bgeu	a2,a1,24fc <print+0x16e>
    24d6:	8a36                	mv	s4,a3
    24d8:	00090703          	lb	a4,0(s2)
    24dc:	06a00613          	li	a2,106
    24e0:	0ac70963          	beq	a4,a2,2592 <print+0x204>
    24e4:	02e64163          	blt	a2,a4,2506 <print+0x178>
    24e8:	04c00613          	li	a2,76
    24ec:	0ac70363          	beq	a4,a2,2592 <print+0x204>
    24f0:	06800613          	li	a2,104
    24f4:	08c70863          	beq	a4,a2,2584 <print+0x1f6>
    24f8:	4601                	li	a2,0
    24fa:	a81d                	j	2530 <print+0x1a2>
    24fc:	038686b3          	mul	a3,a3,s8
    2500:	0905                	addi	s2,s2,1
    2502:	96ba                	add	a3,a3,a4
    2504:	b7c9                	j	24c6 <print+0x138>
    2506:	07400613          	li	a2,116
    250a:	08c70463          	beq	a4,a2,2592 <print+0x204>
    250e:	07a00613          	li	a2,122
    2512:	08c70063          	beq	a4,a2,2592 <print+0x204>
    2516:	06c00593          	li	a1,108
    251a:	4601                	li	a2,0
    251c:	00b71a63          	bne	a4,a1,2530 <print+0x1a2>
    2520:	00190583          	lb	a1,1(s2)
    2524:	460d                	li	a2,3
    2526:	00e59463          	bne	a1,a4,252e <print+0x1a0>
    252a:	0905                	addi	s2,s2,1
    252c:	4611                	li	a2,4
    252e:	0905                	addi	s2,s2,1
    2530:	00090703          	lb	a4,0(s2)
    2534:	06000593          	li	a1,96
    2538:	06100813          	li	a6,97
    253c:	00e5c463          	blt	a1,a4,2544 <print+0x1b6>
    2540:	04100813          	li	a6,65
    2544:	06700593          	li	a1,103
    2548:	06e5c263          	blt	a1,a4,25ac <print+0x21e>
    254c:	06500593          	li	a1,101
    2550:	16b75963          	bge	a4,a1,26c2 <print+0x334>
    2554:	04700593          	li	a1,71
    2558:	02e5cf63          	blt	a1,a4,2596 <print+0x208>
    255c:	04500613          	li	a2,69
    2560:	16c75163          	bge	a4,a2,26c2 <print+0x334>
    2564:	04300693          	li	a3,67
    2568:	e8d71ae3          	bne	a4,a3,23fc <print+0x6e>
    256c:	4018                	lw	a4,0(s0)
    256e:	00440c93          	addi	s9,s0,4
    2572:	00010ea3          	sb	zero,29(sp)
    2576:	00e10e23          	sb	a4,28(sp)
    257a:	86be                	mv	a3,a5
    257c:	4701                	li	a4,0
    257e:	862a                	mv	a2,a0
    2580:	086c                	addi	a1,sp,28
    2582:	a071                	j	260e <print+0x280>
    2584:	00190583          	lb	a1,1(s2)
    2588:	4601                	li	a2,0
    258a:	fae593e3          	bne	a1,a4,2530 <print+0x1a2>
    258e:	0909                	addi	s2,s2,2
    2590:	b745                	j	2530 <print+0x1a2>
    2592:	0905                	addi	s2,s2,1
    2594:	b795                	j	24f8 <print+0x16a>
    2596:	06300693          	li	a3,99
    259a:	fcd709e3          	beq	a4,a3,256c <print+0x1de>
    259e:	06e6ce63          	blt	a3,a4,261a <print+0x28c>
    25a2:	05800693          	li	a3,88
    25a6:	02d70363          	beq	a4,a3,25cc <print+0x23e>
    25aa:	bd89                	j	23fc <print+0x6e>
    25ac:	07300693          	li	a3,115
    25b0:	04d70663          	beq	a4,a3,25fc <print+0x26e>
    25b4:	02e6cd63          	blt	a3,a4,25ee <print+0x260>
    25b8:	06f00693          	li	a3,111
    25bc:	0cd70b63          	beq	a4,a3,2692 <print+0x304>
    25c0:	07000693          	li	a3,112
    25c4:	0047e793          	ori	a5,a5,4
    25c8:	e2d71ae3          	bne	a4,a3,23fc <print+0x6e>
    25cc:	4711                	li	a4,4
    25ce:	0ae61b63          	bne	a2,a4,2684 <print+0x2f6>
    25d2:	041d                	addi	s0,s0,7
    25d4:	ff847713          	andi	a4,s0,-8
    25d8:	430c                	lw	a1,0(a4)
    25da:	4350                	lw	a2,4(a4)
    25dc:	00870413          	addi	s0,a4,8
    25e0:	88c2                	mv	a7,a6
    25e2:	c002                	sw	zero,0(sp)
    25e4:	883e                	mv	a6,a5
    25e6:	4701                	li	a4,0
    25e8:	87aa                	mv	a5,a0
    25ea:	46c1                	li	a3,16
    25ec:	a0b9                	j	263a <print+0x2ac>
    25ee:	07500693          	li	a3,117
    25f2:	06d70363          	beq	a4,a3,2658 <print+0x2ca>
    25f6:	07800693          	li	a3,120
    25fa:	b775                	j	25a6 <print+0x218>
    25fc:	4018                	lw	a4,0(s0)
    25fe:	00440c93          	addi	s9,s0,4
    2602:	85da                	mv	a1,s6
    2604:	c311                	beqz	a4,2608 <print+0x27a>
    2606:	85ba                	mv	a1,a4
    2608:	8752                	mv	a4,s4
    260a:	86be                	mv	a3,a5
    260c:	862a                	mv	a2,a0
    260e:	854e                	mv	a0,s3
    2610:	98dff0ef          	jal	ra,1f9c <prints>
    2614:	94aa                	add	s1,s1,a0
    2616:	8466                	mv	s0,s9
    2618:	b3d5                	j	23fc <print+0x6e>
    261a:	4711                	li	a4,4
    261c:	02e61463          	bne	a2,a4,2644 <print+0x2b6>
    2620:	041d                	addi	s0,s0,7
    2622:	ff847713          	andi	a4,s0,-8
    2626:	430c                	lw	a1,0(a4)
    2628:	4350                	lw	a2,4(a4)
    262a:	00870413          	addi	s0,a4,8
    262e:	88c2                	mv	a7,a6
    2630:	c002                	sw	zero,0(sp)
    2632:	883e                	mv	a6,a5
    2634:	4705                	li	a4,1
    2636:	87aa                	mv	a5,a0
    2638:	46a9                	li	a3,10
    263a:	854e                	mv	a0,s3
    263c:	b33ff0ef          	jal	ra,216e <printLongLongInt>
    2640:	94aa                	add	s1,s1,a0
    2642:	bb6d                	j	23fc <print+0x6e>
    2644:	400c                	lw	a1,0(s0)
    2646:	88d2                	mv	a7,s4
    2648:	0411                	addi	s0,s0,4
    264a:	872a                	mv	a4,a0
    264c:	4685                	li	a3,1
    264e:	4629                	li	a2,10
    2650:	854e                	mv	a0,s3
    2652:	a2bff0ef          	jal	ra,207c <printInt>
    2656:	b7ed                	j	2640 <print+0x2b2>
    2658:	4711                	li	a4,4
    265a:	00e61f63          	bne	a2,a4,2678 <print+0x2ea>
    265e:	041d                	addi	s0,s0,7
    2660:	ff847713          	andi	a4,s0,-8
    2664:	430c                	lw	a1,0(a4)
    2666:	4350                	lw	a2,4(a4)
    2668:	00870413          	addi	s0,a4,8
    266c:	88c2                	mv	a7,a6
    266e:	c002                	sw	zero,0(sp)
    2670:	883e                	mv	a6,a5
    2672:	4701                	li	a4,0
    2674:	87aa                	mv	a5,a0
    2676:	b7c9                	j	2638 <print+0x2aa>
    2678:	400c                	lw	a1,0(s0)
    267a:	88d2                	mv	a7,s4
    267c:	0411                	addi	s0,s0,4
    267e:	872a                	mv	a4,a0
    2680:	4681                	li	a3,0
    2682:	b7f1                	j	264e <print+0x2c0>
    2684:	400c                	lw	a1,0(s0)
    2686:	88d2                	mv	a7,s4
    2688:	0411                	addi	s0,s0,4
    268a:	872a                	mv	a4,a0
    268c:	4681                	li	a3,0
    268e:	4641                	li	a2,16
    2690:	b7c1                	j	2650 <print+0x2c2>
    2692:	4711                	li	a4,4
    2694:	02e61063          	bne	a2,a4,26b4 <print+0x326>
    2698:	041d                	addi	s0,s0,7
    269a:	ff847713          	andi	a4,s0,-8
    269e:	430c                	lw	a1,0(a4)
    26a0:	4350                	lw	a2,4(a4)
    26a2:	00870413          	addi	s0,a4,8
    26a6:	88c2                	mv	a7,a6
    26a8:	c002                	sw	zero,0(sp)
    26aa:	883e                	mv	a6,a5
    26ac:	4701                	li	a4,0
    26ae:	87aa                	mv	a5,a0
    26b0:	46a1                	li	a3,8
    26b2:	b761                	j	263a <print+0x2ac>
    26b4:	400c                	lw	a1,0(s0)
    26b6:	88d2                	mv	a7,s4
    26b8:	0411                	addi	s0,s0,4
    26ba:	872a                	mv	a4,a0
    26bc:	4681                	li	a3,0
    26be:	4621                	li	a2,8
    26c0:	bf41                	j	2650 <print+0x2c2>
    26c2:	041d                	addi	s0,s0,7
    26c4:	ff847613          	andi	a2,s0,-8
    26c8:	00860413          	addi	s0,a2,8 # 40021008 <_eusrstack+0x20019008>
    26cc:	420c                	lw	a1,0(a2)
    26ce:	4250                	lw	a2,4(a2)
    26d0:	40d50733          	sub	a4,a0,a3
    26d4:	88c2                	mv	a7,a6
    26d6:	177d                	addi	a4,a4,-1
    26d8:	883e                	mv	a6,a5
    26da:	854e                	mv	a0,s3
    26dc:	87b6                	mv	a5,a3
    26de:	46a9                	li	a3,10
    26e0:	bafff0ef          	jal	ra,228e <printDouble>
    26e4:	bfb1                	j	2640 <print+0x2b2>

000026e6 <snprintf>:
    26e6:	7139                	addi	sp,sp,-64
    26e8:	8332                	mv	t1,a2
    26ea:	da3e                	sw	a5,52(sp)
    26ec:	c42e                	sw	a1,8(sp)
    26ee:	c62a                	sw	a0,12(sp)
    26f0:	1070                	addi	a2,sp,44
    26f2:	4785                	li	a5,1
    26f4:	0048                	addi	a0,sp,4
    26f6:	859a                	mv	a1,t1
    26f8:	ce06                	sw	ra,28(sp)
    26fa:	d636                	sw	a3,44(sp)
    26fc:	d83a                	sw	a4,48(sp)
    26fe:	dc42                	sw	a6,56(sp)
    2700:	de46                	sw	a7,60(sp)
    2702:	c23e                	sw	a5,4(sp)
    2704:	c032                	sw	a2,0(sp)
    2706:	c89ff0ef          	jal	ra,238e <print>
    270a:	40f2                	lw	ra,28(sp)
    270c:	6121                	addi	sp,sp,64
    270e:	8082                	ret

00002710 <puts>:
    2710:	1101                	addi	sp,sp,-32
    2712:	cc22                	sw	s0,24(sp)
    2714:	ca26                	sw	s1,20(sp)
    2716:	ce06                	sw	ra,28(sp)
    2718:	211c                	lbu	a5,0(a0)
    271a:	84aa                	mv	s1,a0
    271c:	4401                	li	s0,0
    271e:	87dc                	sb	a5,15(sp)
    2720:	00f10783          	lb	a5,15(sp)
    2724:	0405                	addi	s0,s0,1
    2726:	ef99                	bnez	a5,2744 <puts+0x34>
    2728:	47a9                	li	a5,10
    272a:	00f10593          	addi	a1,sp,15
    272e:	4605                	li	a2,1
    2730:	4501                	li	a0,0
    2732:	87dc                	sb	a5,15(sp)
    2734:	fe2ff0ef          	jal	ra,1f16 <_write>
    2738:	8522                	mv	a0,s0
    273a:	40f2                	lw	ra,28(sp)
    273c:	4462                	lw	s0,24(sp)
    273e:	44d2                	lw	s1,20(sp)
    2740:	6105                	addi	sp,sp,32
    2742:	8082                	ret
    2744:	4605                	li	a2,1
    2746:	00f10593          	addi	a1,sp,15
    274a:	4501                	li	a0,0
    274c:	fcaff0ef          	jal	ra,1f16 <_write>
    2750:	008487b3          	add	a5,s1,s0
    2754:	239c                	lbu	a5,0(a5)
    2756:	87dc                	sb	a5,15(sp)
    2758:	b7e1                	j	2720 <puts+0x10>

0000275a <__udivdi3>:
    275a:	87b6                	mv	a5,a3
    275c:	88b2                	mv	a7,a2
    275e:	832a                	mv	t1,a0
    2760:	882e                	mv	a6,a1
    2762:	14069b63          	bnez	a3,28b8 <__udivdi3+0x15e>
    2766:	0ac5f863          	bgeu	a1,a2,2816 <__udivdi3+0xbc>
    276a:	6741                	lui	a4,0x10
    276c:	1ae66b63          	bltu	a2,a4,2922 <__udivdi3+0x1c8>
    2770:	010007b7          	lui	a5,0x1000
    2774:	34f66063          	bltu	a2,a5,2ab4 <__udivdi3+0x35a>
    2778:	01865693          	srli	a3,a2,0x18
    277c:	47e1                	li	a5,24
    277e:	00003717          	auipc	a4,0x3
    2782:	1ca70713          	addi	a4,a4,458 # 5948 <__clz_tab>
    2786:	9736                	add	a4,a4,a3
    2788:	2318                	lbu	a4,0(a4)
    278a:	97ba                	add	a5,a5,a4
    278c:	02000713          	li	a4,32
    2790:	8f1d                	sub	a4,a4,a5
    2792:	cb19                	beqz	a4,27a8 <__udivdi3+0x4e>
    2794:	00e59833          	sll	a6,a1,a4
    2798:	00f557b3          	srl	a5,a0,a5
    279c:	00e618b3          	sll	a7,a2,a4
    27a0:	0107e833          	or	a6,a5,a6
    27a4:	00e51333          	sll	t1,a0,a4
    27a8:	0108d613          	srli	a2,a7,0x10
    27ac:	02c85533          	divu	a0,a6,a2
    27b0:	01089693          	slli	a3,a7,0x10
    27b4:	82c1                	srli	a3,a3,0x10
    27b6:	01035793          	srli	a5,t1,0x10
    27ba:	02c87733          	remu	a4,a6,a2
    27be:	02a685b3          	mul	a1,a3,a0
    27c2:	0742                	slli	a4,a4,0x10
    27c4:	00f76833          	or	a6,a4,a5
    27c8:	00b87a63          	bgeu	a6,a1,27dc <__udivdi3+0x82>
    27cc:	9846                	add	a6,a6,a7
    27ce:	fff50793          	addi	a5,a0,-1
    27d2:	01186463          	bltu	a6,a7,27da <__udivdi3+0x80>
    27d6:	30b86563          	bltu	a6,a1,2ae0 <__udivdi3+0x386>
    27da:	853e                	mv	a0,a5
    27dc:	40b80833          	sub	a6,a6,a1
    27e0:	02c85733          	divu	a4,a6,a2
    27e4:	0342                	slli	t1,t1,0x10
    27e6:	01035313          	srli	t1,t1,0x10
    27ea:	02c87833          	remu	a6,a6,a2
    27ee:	02e686b3          	mul	a3,a3,a4
    27f2:	0842                	slli	a6,a6,0x10
    27f4:	00686833          	or	a6,a6,t1
    27f8:	00d87b63          	bgeu	a6,a3,280e <__udivdi3+0xb4>
    27fc:	9846                	add	a6,a6,a7
    27fe:	fff70793          	addi	a5,a4,-1
    2802:	01186563          	bltu	a6,a7,280c <__udivdi3+0xb2>
    2806:	1779                	addi	a4,a4,-2
    2808:	00d86363          	bltu	a6,a3,280e <__udivdi3+0xb4>
    280c:	873e                	mv	a4,a5
    280e:	0542                	slli	a0,a0,0x10
    2810:	8d59                	or	a0,a0,a4
    2812:	4581                	li	a1,0
    2814:	8082                	ret
    2816:	e601                	bnez	a2,281e <__udivdi3+0xc4>
    2818:	4705                	li	a4,1
    281a:	02c758b3          	divu	a7,a4,a2
    281e:	6741                	lui	a4,0x10
    2820:	0ee8e863          	bltu	a7,a4,2910 <__udivdi3+0x1b6>
    2824:	010007b7          	lui	a5,0x1000
    2828:	28f8ea63          	bltu	a7,a5,2abc <__udivdi3+0x362>
    282c:	0188d693          	srli	a3,a7,0x18
    2830:	47e1                	li	a5,24
    2832:	00003717          	auipc	a4,0x3
    2836:	11670713          	addi	a4,a4,278 # 5948 <__clz_tab>
    283a:	9736                	add	a4,a4,a3
    283c:	2314                	lbu	a3,0(a4)
    283e:	96be                	add	a3,a3,a5
    2840:	02000793          	li	a5,32
    2844:	8f95                	sub	a5,a5,a3
    2846:	e7fd                	bnez	a5,2934 <__udivdi3+0x1da>
    2848:	01089e93          	slli	t4,a7,0x10
    284c:	41158733          	sub	a4,a1,a7
    2850:	0108df13          	srli	t5,a7,0x10
    2854:	010ede93          	srli	t4,t4,0x10
    2858:	4585                	li	a1,1
    285a:	01035793          	srli	a5,t1,0x10
    285e:	03e75533          	divu	a0,a4,t5
    2862:	03e77733          	remu	a4,a4,t5
    2866:	03d506b3          	mul	a3,a0,t4
    286a:	0742                	slli	a4,a4,0x10
    286c:	8fd9                	or	a5,a5,a4
    286e:	00d7fa63          	bgeu	a5,a3,2882 <__udivdi3+0x128>
    2872:	97c6                	add	a5,a5,a7
    2874:	fff50713          	addi	a4,a0,-1
    2878:	0117e463          	bltu	a5,a7,2880 <__udivdi3+0x126>
    287c:	26d7e563          	bltu	a5,a3,2ae6 <__udivdi3+0x38c>
    2880:	853a                	mv	a0,a4
    2882:	8f95                	sub	a5,a5,a3
    2884:	03e7d733          	divu	a4,a5,t5
    2888:	0342                	slli	t1,t1,0x10
    288a:	01035313          	srli	t1,t1,0x10
    288e:	03e7f7b3          	remu	a5,a5,t5
    2892:	03d70eb3          	mul	t4,a4,t4
    2896:	07c2                	slli	a5,a5,0x10
    2898:	0067e7b3          	or	a5,a5,t1
    289c:	01d7fb63          	bgeu	a5,t4,28b2 <__udivdi3+0x158>
    28a0:	97c6                	add	a5,a5,a7
    28a2:	fff70693          	addi	a3,a4,-1
    28a6:	0117e563          	bltu	a5,a7,28b0 <__udivdi3+0x156>
    28aa:	1779                	addi	a4,a4,-2
    28ac:	01d7e363          	bltu	a5,t4,28b2 <__udivdi3+0x158>
    28b0:	8736                	mv	a4,a3
    28b2:	0542                	slli	a0,a0,0x10
    28b4:	8d59                	or	a0,a0,a4
    28b6:	8082                	ret
    28b8:	04d5e163          	bltu	a1,a3,28fa <__udivdi3+0x1a0>
    28bc:	67c1                	lui	a5,0x10
    28be:	04f6e163          	bltu	a3,a5,2900 <__udivdi3+0x1a6>
    28c2:	010007b7          	lui	a5,0x1000
    28c6:	1ef6e363          	bltu	a3,a5,2aac <__udivdi3+0x352>
    28ca:	0186d713          	srli	a4,a3,0x18
    28ce:	4861                	li	a6,24
    28d0:	00003797          	auipc	a5,0x3
    28d4:	07878793          	addi	a5,a5,120 # 5948 <__clz_tab>
    28d8:	97ba                	add	a5,a5,a4
    28da:	2398                	lbu	a4,0(a5)
    28dc:	02000e13          	li	t3,32
    28e0:	9742                	add	a4,a4,a6
    28e2:	40ee0e33          	sub	t3,t3,a4
    28e6:	0c0e1a63          	bnez	t3,29ba <__udivdi3+0x260>
    28ea:	1cb6ed63          	bltu	a3,a1,2ac4 <__udivdi3+0x36a>
    28ee:	00c53533          	sltu	a0,a0,a2
    28f2:	00154513          	xori	a0,a0,1
    28f6:	4581                	li	a1,0
    28f8:	8082                	ret
    28fa:	4581                	li	a1,0
    28fc:	4501                	li	a0,0
    28fe:	8082                	ret
    2900:	0ff00793          	li	a5,255
    2904:	1cd7f363          	bgeu	a5,a3,2aca <__udivdi3+0x370>
    2908:	0086d713          	srli	a4,a3,0x8
    290c:	4821                	li	a6,8
    290e:	b7c9                	j	28d0 <__udivdi3+0x176>
    2910:	0ff00713          	li	a4,255
    2914:	86c6                	mv	a3,a7
    2916:	f1177ee3          	bgeu	a4,a7,2832 <__udivdi3+0xd8>
    291a:	0088d693          	srli	a3,a7,0x8
    291e:	47a1                	li	a5,8
    2920:	bf09                	j	2832 <__udivdi3+0xd8>
    2922:	0ff00713          	li	a4,255
    2926:	86b2                	mv	a3,a2
    2928:	e4c77be3          	bgeu	a4,a2,277e <__udivdi3+0x24>
    292c:	00865693          	srli	a3,a2,0x8
    2930:	47a1                	li	a5,8
    2932:	b5b1                	j	277e <__udivdi3+0x24>
    2934:	00f898b3          	sll	a7,a7,a5
    2938:	00d5d633          	srl	a2,a1,a3
    293c:	0108df13          	srli	t5,a7,0x10
    2940:	03e65e33          	divu	t3,a2,t5
    2944:	00f59733          	sll	a4,a1,a5
    2948:	00d556b3          	srl	a3,a0,a3
    294c:	8f55                	or	a4,a4,a3
    294e:	01089e93          	slli	t4,a7,0x10
    2952:	010ede93          	srli	t4,t4,0x10
    2956:	00f51333          	sll	t1,a0,a5
    295a:	01075593          	srli	a1,a4,0x10
    295e:	03e676b3          	remu	a3,a2,t5
    2962:	03ce87b3          	mul	a5,t4,t3
    2966:	06c2                	slli	a3,a3,0x10
    2968:	8ecd                	or	a3,a3,a1
    296a:	00f6fb63          	bgeu	a3,a5,2980 <__udivdi3+0x226>
    296e:	96c6                	add	a3,a3,a7
    2970:	fffe0613          	addi	a2,t3,-1
    2974:	1716e463          	bltu	a3,a7,2adc <__udivdi3+0x382>
    2978:	16f6f263          	bgeu	a3,a5,2adc <__udivdi3+0x382>
    297c:	1e79                	addi	t3,t3,-2
    297e:	96c6                	add	a3,a3,a7
    2980:	8e9d                	sub	a3,a3,a5
    2982:	03e6d633          	divu	a2,a3,t5
    2986:	01071793          	slli	a5,a4,0x10
    298a:	83c1                	srli	a5,a5,0x10
    298c:	03e6f6b3          	remu	a3,a3,t5
    2990:	02ce8533          	mul	a0,t4,a2
    2994:	01069713          	slli	a4,a3,0x10
    2998:	8f5d                	or	a4,a4,a5
    299a:	00a77b63          	bgeu	a4,a0,29b0 <__udivdi3+0x256>
    299e:	9746                	add	a4,a4,a7
    29a0:	fff60793          	addi	a5,a2,-1
    29a4:	13176863          	bltu	a4,a7,2ad4 <__udivdi3+0x37a>
    29a8:	12a77663          	bgeu	a4,a0,2ad4 <__udivdi3+0x37a>
    29ac:	1679                	addi	a2,a2,-2
    29ae:	9746                	add	a4,a4,a7
    29b0:	010e1593          	slli	a1,t3,0x10
    29b4:	8f09                	sub	a4,a4,a0
    29b6:	8dd1                	or	a1,a1,a2
    29b8:	b54d                	j	285a <__udivdi3+0x100>
    29ba:	00e657b3          	srl	a5,a2,a4
    29be:	01c696b3          	sll	a3,a3,t3
    29c2:	8edd                	or	a3,a3,a5
    29c4:	00e5d333          	srl	t1,a1,a4
    29c8:	0106df13          	srli	t5,a3,0x10
    29cc:	03e357b3          	divu	a5,t1,t5
    29d0:	01069e93          	slli	t4,a3,0x10
    29d4:	010ede93          	srli	t4,t4,0x10
    29d8:	01c59833          	sll	a6,a1,t3
    29dc:	00e55733          	srl	a4,a0,a4
    29e0:	01076833          	or	a6,a4,a6
    29e4:	01085893          	srli	a7,a6,0x10
    29e8:	01c61633          	sll	a2,a2,t3
    29ec:	03e37333          	remu	t1,t1,t5
    29f0:	02fe85b3          	mul	a1,t4,a5
    29f4:	0342                	slli	t1,t1,0x10
    29f6:	011368b3          	or	a7,t1,a7
    29fa:	00b8fb63          	bgeu	a7,a1,2a10 <__udivdi3+0x2b6>
    29fe:	98b6                	add	a7,a7,a3
    2a00:	fff78713          	addi	a4,a5,-1
    2a04:	0cd8ea63          	bltu	a7,a3,2ad8 <__udivdi3+0x37e>
    2a08:	0cb8f863          	bgeu	a7,a1,2ad8 <__udivdi3+0x37e>
    2a0c:	17f9                	addi	a5,a5,-2
    2a0e:	98b6                	add	a7,a7,a3
    2a10:	40b888b3          	sub	a7,a7,a1
    2a14:	03e8d733          	divu	a4,a7,t5
    2a18:	0842                	slli	a6,a6,0x10
    2a1a:	01085813          	srli	a6,a6,0x10
    2a1e:	03e8f8b3          	remu	a7,a7,t5
    2a22:	02ee8333          	mul	t1,t4,a4
    2a26:	08c2                	slli	a7,a7,0x10
    2a28:	0108e5b3          	or	a1,a7,a6
    2a2c:	0065fb63          	bgeu	a1,t1,2a42 <__udivdi3+0x2e8>
    2a30:	95b6                	add	a1,a1,a3
    2a32:	fff70813          	addi	a6,a4,-1
    2a36:	08d5ed63          	bltu	a1,a3,2ad0 <__udivdi3+0x376>
    2a3a:	0865fb63          	bgeu	a1,t1,2ad0 <__udivdi3+0x376>
    2a3e:	1779                	addi	a4,a4,-2
    2a40:	95b6                	add	a1,a1,a3
    2a42:	07c2                	slli	a5,a5,0x10
    2a44:	6f41                	lui	t5,0x10
    2a46:	8fd9                	or	a5,a5,a4
    2a48:	ffff0713          	addi	a4,t5,-1 # ffff <_data_lma+0xa4a3>
    2a4c:	00e7f6b3          	and	a3,a5,a4
    2a50:	0107d893          	srli	a7,a5,0x10
    2a54:	8f71                	and	a4,a4,a2
    2a56:	8241                	srli	a2,a2,0x10
    2a58:	02e68eb3          	mul	t4,a3,a4
    2a5c:	406585b3          	sub	a1,a1,t1
    2a60:	02c686b3          	mul	a3,a3,a2
    2a64:	010ed813          	srli	a6,t4,0x10
    2a68:	02e88733          	mul	a4,a7,a4
    2a6c:	96ba                	add	a3,a3,a4
    2a6e:	96c2                	add	a3,a3,a6
    2a70:	02c88633          	mul	a2,a7,a2
    2a74:	00e6f363          	bgeu	a3,a4,2a7a <__udivdi3+0x320>
    2a78:	967a                	add	a2,a2,t5
    2a7a:	0106d893          	srli	a7,a3,0x10
    2a7e:	9646                	add	a2,a2,a7
    2a80:	02c5e263          	bltu	a1,a2,2aa4 <__udivdi3+0x34a>
    2a84:	00c58563          	beq	a1,a2,2a8e <__udivdi3+0x334>
    2a88:	853e                	mv	a0,a5
    2a8a:	4581                	li	a1,0
    2a8c:	8082                	ret
    2a8e:	6741                	lui	a4,0x10
    2a90:	177d                	addi	a4,a4,-1
    2a92:	8ef9                	and	a3,a3,a4
    2a94:	06c2                	slli	a3,a3,0x10
    2a96:	00eefeb3          	and	t4,t4,a4
    2a9a:	01c51533          	sll	a0,a0,t3
    2a9e:	96f6                	add	a3,a3,t4
    2aa0:	fed574e3          	bgeu	a0,a3,2a88 <__udivdi3+0x32e>
    2aa4:	fff78513          	addi	a0,a5,-1
    2aa8:	4581                	li	a1,0
    2aaa:	8082                	ret
    2aac:	0106d713          	srli	a4,a3,0x10
    2ab0:	4841                	li	a6,16
    2ab2:	bd39                	j	28d0 <__udivdi3+0x176>
    2ab4:	01065693          	srli	a3,a2,0x10
    2ab8:	47c1                	li	a5,16
    2aba:	b1d1                	j	277e <__udivdi3+0x24>
    2abc:	0108d693          	srli	a3,a7,0x10
    2ac0:	47c1                	li	a5,16
    2ac2:	bb85                	j	2832 <__udivdi3+0xd8>
    2ac4:	4581                	li	a1,0
    2ac6:	4505                	li	a0,1
    2ac8:	8082                	ret
    2aca:	8736                	mv	a4,a3
    2acc:	4801                	li	a6,0
    2ace:	b509                	j	28d0 <__udivdi3+0x176>
    2ad0:	8742                	mv	a4,a6
    2ad2:	bf85                	j	2a42 <__udivdi3+0x2e8>
    2ad4:	863e                	mv	a2,a5
    2ad6:	bde9                	j	29b0 <__udivdi3+0x256>
    2ad8:	87ba                	mv	a5,a4
    2ada:	bf1d                	j	2a10 <__udivdi3+0x2b6>
    2adc:	8e32                	mv	t3,a2
    2ade:	b54d                	j	2980 <__udivdi3+0x226>
    2ae0:	1579                	addi	a0,a0,-2
    2ae2:	9846                	add	a6,a6,a7
    2ae4:	b9e5                	j	27dc <__udivdi3+0x82>
    2ae6:	1579                	addi	a0,a0,-2
    2ae8:	97c6                	add	a5,a5,a7
    2aea:	bb61                	j	2882 <__udivdi3+0x128>

00002aec <__umoddi3>:
    2aec:	87b6                	mv	a5,a3
    2aee:	8832                	mv	a6,a2
    2af0:	832a                	mv	t1,a0
    2af2:	872e                	mv	a4,a1
    2af4:	8e2e                	mv	t3,a1
    2af6:	14069163          	bnez	a3,2c38 <__umoddi3+0x14c>
    2afa:	0ac5f063          	bgeu	a1,a2,2b9a <__umoddi3+0xae>
    2afe:	6741                	lui	a4,0x10
    2b00:	1ae67663          	bgeu	a2,a4,2cac <__umoddi3+0x1c0>
    2b04:	0ff00713          	li	a4,255
    2b08:	86b2                	mv	a3,a2
    2b0a:	00c77563          	bgeu	a4,a2,2b14 <__umoddi3+0x28>
    2b0e:	00865693          	srli	a3,a2,0x8
    2b12:	47a1                	li	a5,8
    2b14:	00003717          	auipc	a4,0x3
    2b18:	e3470713          	addi	a4,a4,-460 # 5948 <__clz_tab>
    2b1c:	9736                	add	a4,a4,a3
    2b1e:	2318                	lbu	a4,0(a4)
    2b20:	02000893          	li	a7,32
    2b24:	97ba                	add	a5,a5,a4
    2b26:	40f888b3          	sub	a7,a7,a5
    2b2a:	00088c63          	beqz	a7,2b42 <__umoddi3+0x56>
    2b2e:	011595b3          	sll	a1,a1,a7
    2b32:	00f557b3          	srl	a5,a0,a5
    2b36:	01161833          	sll	a6,a2,a7
    2b3a:	00b7ee33          	or	t3,a5,a1
    2b3e:	01151333          	sll	t1,a0,a7
    2b42:	01085613          	srli	a2,a6,0x10
    2b46:	02ce57b3          	divu	a5,t3,a2
    2b4a:	01081513          	slli	a0,a6,0x10
    2b4e:	8141                	srli	a0,a0,0x10
    2b50:	01035693          	srli	a3,t1,0x10
    2b54:	02ce7e33          	remu	t3,t3,a2
    2b58:	02f507b3          	mul	a5,a0,a5
    2b5c:	0e42                	slli	t3,t3,0x10
    2b5e:	00de6733          	or	a4,t3,a3
    2b62:	00f77863          	bgeu	a4,a5,2b72 <__umoddi3+0x86>
    2b66:	9742                	add	a4,a4,a6
    2b68:	01076563          	bltu	a4,a6,2b72 <__umoddi3+0x86>
    2b6c:	00f77363          	bgeu	a4,a5,2b72 <__umoddi3+0x86>
    2b70:	9742                	add	a4,a4,a6
    2b72:	8f1d                	sub	a4,a4,a5
    2b74:	02c756b3          	divu	a3,a4,a2
    2b78:	01031793          	slli	a5,t1,0x10
    2b7c:	83c1                	srli	a5,a5,0x10
    2b7e:	02c77733          	remu	a4,a4,a2
    2b82:	02d50533          	mul	a0,a0,a3
    2b86:	0742                	slli	a4,a4,0x10
    2b88:	8fd9                	or	a5,a5,a4
    2b8a:	08a7eb63          	bltu	a5,a0,2c20 <__umoddi3+0x134>
    2b8e:	40a78533          	sub	a0,a5,a0
    2b92:	01155533          	srl	a0,a0,a7
    2b96:	4581                	li	a1,0
    2b98:	8082                	ret
    2b9a:	e601                	bnez	a2,2ba2 <__umoddi3+0xb6>
    2b9c:	4705                	li	a4,1
    2b9e:	02c75833          	divu	a6,a4,a2
    2ba2:	6741                	lui	a4,0x10
    2ba4:	0ee86b63          	bltu	a6,a4,2c9a <__umoddi3+0x1ae>
    2ba8:	010007b7          	lui	a5,0x1000
    2bac:	2af86463          	bltu	a6,a5,2e54 <__umoddi3+0x368>
    2bb0:	01885693          	srli	a3,a6,0x18
    2bb4:	47e1                	li	a5,24
    2bb6:	00003717          	auipc	a4,0x3
    2bba:	d9270713          	addi	a4,a4,-622 # 5948 <__clz_tab>
    2bbe:	9736                	add	a4,a4,a3
    2bc0:	2318                	lbu	a4,0(a4)
    2bc2:	02000893          	li	a7,32
    2bc6:	97ba                	add	a5,a5,a4
    2bc8:	40f888b3          	sub	a7,a7,a5
    2bcc:	1e089a63          	bnez	a7,2dc0 <__umoddi3+0x2d4>
    2bd0:	01081e13          	slli	t3,a6,0x10
    2bd4:	410585b3          	sub	a1,a1,a6
    2bd8:	01085613          	srli	a2,a6,0x10
    2bdc:	010e5e13          	srli	t3,t3,0x10
    2be0:	01035713          	srli	a4,t1,0x10
    2be4:	02c5d6b3          	divu	a3,a1,a2
    2be8:	02c5f5b3          	remu	a1,a1,a2
    2bec:	03c686b3          	mul	a3,a3,t3
    2bf0:	05c2                	slli	a1,a1,0x10
    2bf2:	8f4d                	or	a4,a4,a1
    2bf4:	00d77763          	bgeu	a4,a3,2c02 <__umoddi3+0x116>
    2bf8:	9742                	add	a4,a4,a6
    2bfa:	01076463          	bltu	a4,a6,2c02 <__umoddi3+0x116>
    2bfe:	26d76a63          	bltu	a4,a3,2e72 <__umoddi3+0x386>
    2c02:	8f15                	sub	a4,a4,a3
    2c04:	02c75533          	divu	a0,a4,a2
    2c08:	0342                	slli	t1,t1,0x10
    2c0a:	01035313          	srli	t1,t1,0x10
    2c0e:	02c77733          	remu	a4,a4,a2
    2c12:	03c50533          	mul	a0,a0,t3
    2c16:	0742                	slli	a4,a4,0x10
    2c18:	006767b3          	or	a5,a4,t1
    2c1c:	00a7f863          	bgeu	a5,a0,2c2c <__umoddi3+0x140>
    2c20:	97c2                	add	a5,a5,a6
    2c22:	0107e563          	bltu	a5,a6,2c2c <__umoddi3+0x140>
    2c26:	00a7f363          	bgeu	a5,a0,2c2c <__umoddi3+0x140>
    2c2a:	97c2                	add	a5,a5,a6
    2c2c:	40a78533          	sub	a0,a5,a0
    2c30:	01155533          	srl	a0,a0,a7
    2c34:	4581                	li	a1,0
    2c36:	8082                	ret
    2c38:	882a                	mv	a6,a0
    2c3a:	f4d5efe3          	bltu	a1,a3,2b98 <__umoddi3+0xac>
    2c3e:	67c1                	lui	a5,0x10
    2c40:	04f6e563          	bltu	a3,a5,2c8a <__umoddi3+0x19e>
    2c44:	010007b7          	lui	a5,0x1000
    2c48:	20f6e263          	bltu	a3,a5,2e4c <__umoddi3+0x360>
    2c4c:	0186d313          	srli	t1,a3,0x18
    2c50:	48e1                	li	a7,24
    2c52:	00003797          	auipc	a5,0x3
    2c56:	cf678793          	addi	a5,a5,-778 # 5948 <__clz_tab>
    2c5a:	979a                	add	a5,a5,t1
    2c5c:	0007ce03          	lbu	t3,0(a5)
    2c60:	02000313          	li	t1,32
    2c64:	9e46                	add	t3,t3,a7
    2c66:	41c30333          	sub	t1,t1,t3
    2c6a:	04031963          	bnez	t1,2cbc <__umoddi3+0x1d0>
    2c6e:	00b6e463          	bltu	a3,a1,2c76 <__umoddi3+0x18a>
    2c72:	00c56963          	bltu	a0,a2,2c84 <__umoddi3+0x198>
    2c76:	40c50833          	sub	a6,a0,a2
    2c7a:	8d95                	sub	a1,a1,a3
    2c7c:	01053733          	sltu	a4,a0,a6
    2c80:	40e58733          	sub	a4,a1,a4
    2c84:	8542                	mv	a0,a6
    2c86:	85ba                	mv	a1,a4
    2c88:	8082                	ret
    2c8a:	0ff00793          	li	a5,255
    2c8e:	1cd7fb63          	bgeu	a5,a3,2e64 <__umoddi3+0x378>
    2c92:	0086d313          	srli	t1,a3,0x8
    2c96:	48a1                	li	a7,8
    2c98:	bf6d                	j	2c52 <__umoddi3+0x166>
    2c9a:	0ff00713          	li	a4,255
    2c9e:	86c2                	mv	a3,a6
    2ca0:	f1077be3          	bgeu	a4,a6,2bb6 <__umoddi3+0xca>
    2ca4:	00885693          	srli	a3,a6,0x8
    2ca8:	47a1                	li	a5,8
    2caa:	b731                	j	2bb6 <__umoddi3+0xca>
    2cac:	010007b7          	lui	a5,0x1000
    2cb0:	1af66663          	bltu	a2,a5,2e5c <__umoddi3+0x370>
    2cb4:	01865693          	srli	a3,a2,0x18
    2cb8:	47e1                	li	a5,24
    2cba:	bda9                	j	2b14 <__umoddi3+0x28>
    2cbc:	01c657b3          	srl	a5,a2,t3
    2cc0:	006696b3          	sll	a3,a3,t1
    2cc4:	8edd                	or	a3,a3,a5
    2cc6:	01c5d8b3          	srl	a7,a1,t3
    2cca:	0106d713          	srli	a4,a3,0x10
    2cce:	02e8deb3          	divu	t4,a7,a4
    2cd2:	01069f13          	slli	t5,a3,0x10
    2cd6:	01c557b3          	srl	a5,a0,t3
    2cda:	010f5f13          	srli	t5,t5,0x10
    2cde:	006595b3          	sll	a1,a1,t1
    2ce2:	8ddd                	or	a1,a1,a5
    2ce4:	0105d813          	srli	a6,a1,0x10
    2ce8:	00661633          	sll	a2,a2,t1
    2cec:	00651533          	sll	a0,a0,t1
    2cf0:	02e8f8b3          	remu	a7,a7,a4
    2cf4:	03df07b3          	mul	a5,t5,t4
    2cf8:	08c2                	slli	a7,a7,0x10
    2cfa:	0108e833          	or	a6,a7,a6
    2cfe:	00f87b63          	bgeu	a6,a5,2d14 <__umoddi3+0x228>
    2d02:	9836                	add	a6,a6,a3
    2d04:	fffe8893          	addi	a7,t4,-1
    2d08:	16d86363          	bltu	a6,a3,2e6e <__umoddi3+0x382>
    2d0c:	16f87163          	bgeu	a6,a5,2e6e <__umoddi3+0x382>
    2d10:	1ef9                	addi	t4,t4,-2
    2d12:	9836                	add	a6,a6,a3
    2d14:	40f80833          	sub	a6,a6,a5
    2d18:	02e857b3          	divu	a5,a6,a4
    2d1c:	05c2                	slli	a1,a1,0x10
    2d1e:	81c1                	srli	a1,a1,0x10
    2d20:	02e87833          	remu	a6,a6,a4
    2d24:	02ff0f33          	mul	t5,t5,a5
    2d28:	01081713          	slli	a4,a6,0x10
    2d2c:	8f4d                	or	a4,a4,a1
    2d2e:	01e77b63          	bgeu	a4,t5,2d44 <__umoddi3+0x258>
    2d32:	9736                	add	a4,a4,a3
    2d34:	fff78593          	addi	a1,a5,-1 # ffffff <_data_lma+0xffa4a3>
    2d38:	12d76963          	bltu	a4,a3,2e6a <__umoddi3+0x37e>
    2d3c:	13e77763          	bgeu	a4,t5,2e6a <__umoddi3+0x37e>
    2d40:	17f9                	addi	a5,a5,-2
    2d42:	9736                	add	a4,a4,a3
    2d44:	0ec2                	slli	t4,t4,0x10
    2d46:	62c1                	lui	t0,0x10
    2d48:	00feeeb3          	or	t4,t4,a5
    2d4c:	fff28813          	addi	a6,t0,-1 # ffff <_data_lma+0xa4a3>
    2d50:	010ef8b3          	and	a7,t4,a6
    2d54:	01065593          	srli	a1,a2,0x10
    2d58:	010ede93          	srli	t4,t4,0x10
    2d5c:	01067833          	and	a6,a2,a6
    2d60:	03088fb3          	mul	t6,a7,a6
    2d64:	41e70733          	sub	a4,a4,t5
    2d68:	030e8833          	mul	a6,t4,a6
    2d6c:	010fd793          	srli	a5,t6,0x10
    2d70:	02b888b3          	mul	a7,a7,a1
    2d74:	98c2                	add	a7,a7,a6
    2d76:	97c6                	add	a5,a5,a7
    2d78:	02be8eb3          	mul	t4,t4,a1
    2d7c:	0107f363          	bgeu	a5,a6,2d82 <__umoddi3+0x296>
    2d80:	9e96                	add	t4,t4,t0
    2d82:	6841                	lui	a6,0x10
    2d84:	187d                	addi	a6,a6,-1
    2d86:	0107d593          	srli	a1,a5,0x10
    2d8a:	0107f7b3          	and	a5,a5,a6
    2d8e:	07c2                	slli	a5,a5,0x10
    2d90:	010fffb3          	and	t6,t6,a6
    2d94:	95f6                	add	a1,a1,t4
    2d96:	97fe                	add	a5,a5,t6
    2d98:	0ab76263          	bltu	a4,a1,2e3c <__umoddi3+0x350>
    2d9c:	08b70e63          	beq	a4,a1,2e38 <__umoddi3+0x34c>
    2da0:	40f507b3          	sub	a5,a0,a5
    2da4:	00f53533          	sltu	a0,a0,a5
    2da8:	40b705b3          	sub	a1,a4,a1
    2dac:	8d89                	sub	a1,a1,a0
    2dae:	01c59e33          	sll	t3,a1,t3
    2db2:	0067d533          	srl	a0,a5,t1
    2db6:	00ae6533          	or	a0,t3,a0
    2dba:	0065d5b3          	srl	a1,a1,t1
    2dbe:	8082                	ret
    2dc0:	01181833          	sll	a6,a6,a7
    2dc4:	00f5d733          	srl	a4,a1,a5
    2dc8:	01085613          	srli	a2,a6,0x10
    2dcc:	02c756b3          	divu	a3,a4,a2
    2dd0:	01081e13          	slli	t3,a6,0x10
    2dd4:	00f557b3          	srl	a5,a0,a5
    2dd8:	010e5e13          	srli	t3,t3,0x10
    2ddc:	011595b3          	sll	a1,a1,a7
    2de0:	8ddd                	or	a1,a1,a5
    2de2:	0105de93          	srli	t4,a1,0x10
    2de6:	01151333          	sll	t1,a0,a7
    2dea:	02c77733          	remu	a4,a4,a2
    2dee:	02de07b3          	mul	a5,t3,a3
    2df2:	01071693          	slli	a3,a4,0x10
    2df6:	01d6e6b3          	or	a3,a3,t4
    2dfa:	00f6f863          	bgeu	a3,a5,2e0a <__umoddi3+0x31e>
    2dfe:	96c2                	add	a3,a3,a6
    2e00:	0106e563          	bltu	a3,a6,2e0a <__umoddi3+0x31e>
    2e04:	00f6f363          	bgeu	a3,a5,2e0a <__umoddi3+0x31e>
    2e08:	96c2                	add	a3,a3,a6
    2e0a:	8e9d                	sub	a3,a3,a5
    2e0c:	02c6d733          	divu	a4,a3,a2
    2e10:	01059793          	slli	a5,a1,0x10
    2e14:	83c1                	srli	a5,a5,0x10
    2e16:	02c6f6b3          	remu	a3,a3,a2
    2e1a:	02ee0733          	mul	a4,t3,a4
    2e1e:	01069593          	slli	a1,a3,0x10
    2e22:	8ddd                	or	a1,a1,a5
    2e24:	00e5f863          	bgeu	a1,a4,2e34 <__umoddi3+0x348>
    2e28:	95c2                	add	a1,a1,a6
    2e2a:	0105e563          	bltu	a1,a6,2e34 <__umoddi3+0x348>
    2e2e:	00e5f363          	bgeu	a1,a4,2e34 <__umoddi3+0x348>
    2e32:	95c2                	add	a1,a1,a6
    2e34:	8d99                	sub	a1,a1,a4
    2e36:	b36d                	j	2be0 <__umoddi3+0xf4>
    2e38:	f6f574e3          	bgeu	a0,a5,2da0 <__umoddi3+0x2b4>
    2e3c:	40c78633          	sub	a2,a5,a2
    2e40:	00c7b7b3          	sltu	a5,a5,a2
    2e44:	97b6                	add	a5,a5,a3
    2e46:	8d9d                	sub	a1,a1,a5
    2e48:	87b2                	mv	a5,a2
    2e4a:	bf99                	j	2da0 <__umoddi3+0x2b4>
    2e4c:	0106d313          	srli	t1,a3,0x10
    2e50:	48c1                	li	a7,16
    2e52:	b501                	j	2c52 <__umoddi3+0x166>
    2e54:	01085693          	srli	a3,a6,0x10
    2e58:	47c1                	li	a5,16
    2e5a:	bbb1                	j	2bb6 <__umoddi3+0xca>
    2e5c:	01065693          	srli	a3,a2,0x10
    2e60:	47c1                	li	a5,16
    2e62:	b94d                	j	2b14 <__umoddi3+0x28>
    2e64:	8336                	mv	t1,a3
    2e66:	4881                	li	a7,0
    2e68:	b3ed                	j	2c52 <__umoddi3+0x166>
    2e6a:	87ae                	mv	a5,a1
    2e6c:	bde1                	j	2d44 <__umoddi3+0x258>
    2e6e:	8ec6                	mv	t4,a7
    2e70:	b555                	j	2d14 <__umoddi3+0x228>
    2e72:	9742                	add	a4,a4,a6
    2e74:	b379                	j	2c02 <__umoddi3+0x116>

00002e76 <__ledf2>:
    2e76:	0145d713          	srli	a4,a1,0x14
    2e7a:	001007b7          	lui	a5,0x100
    2e7e:	17fd                	addi	a5,a5,-1
    2e80:	0146d813          	srli	a6,a3,0x14
    2e84:	7ff77713          	andi	a4,a4,2047
    2e88:	7ff00893          	li	a7,2047
    2e8c:	00b7fe33          	and	t3,a5,a1
    2e90:	8eaa                	mv	t4,a0
    2e92:	8ff5                	and	a5,a5,a3
    2e94:	81fd                	srli	a1,a1,0x1f
    2e96:	8f32                	mv	t5,a2
    2e98:	7ff87813          	andi	a6,a6,2047
    2e9c:	82fd                	srli	a3,a3,0x1f
    2e9e:	03170e63          	beq	a4,a7,2eda <__ledf2+0x64>
    2ea2:	01180d63          	beq	a6,a7,2ebc <__ledf2+0x46>
    2ea6:	e329                	bnez	a4,2ee8 <__ledf2+0x72>
    2ea8:	00ae68b3          	or	a7,t3,a0
    2eac:	00081f63          	bnez	a6,2eca <__ledf2+0x54>
    2eb0:	8e5d                	or	a2,a2,a5
    2eb2:	ee01                	bnez	a2,2eca <__ledf2+0x54>
    2eb4:	4301                	li	t1,0
    2eb6:	04088c63          	beqz	a7,2f0e <__ledf2+0x98>
    2eba:	a821                	j	2ed2 <__ledf2+0x5c>
    2ebc:	00c7e8b3          	or	a7,a5,a2
    2ec0:	4309                	li	t1,2
    2ec2:	04089663          	bnez	a7,2f0e <__ledf2+0x98>
    2ec6:	d36d                	beqz	a4,2ea8 <__ledf2+0x32>
    2ec8:	a005                	j	2ee8 <__ledf2+0x72>
    2eca:	04088463          	beqz	a7,2f12 <__ledf2+0x9c>
    2ece:	02d58563          	beq	a1,a3,2ef8 <__ledf2+0x82>
    2ed2:	4305                	li	t1,1
    2ed4:	cd8d                	beqz	a1,2f0e <__ledf2+0x98>
    2ed6:	537d                	li	t1,-1
    2ed8:	a81d                	j	2f0e <__ledf2+0x98>
    2eda:	00ae68b3          	or	a7,t3,a0
    2ede:	4309                	li	t1,2
    2ee0:	02089763          	bnez	a7,2f0e <__ledf2+0x98>
    2ee4:	02e80a63          	beq	a6,a4,2f18 <__ledf2+0xa2>
    2ee8:	00081463          	bnez	a6,2ef0 <__ledf2+0x7a>
    2eec:	8e5d                	or	a2,a2,a5
    2eee:	d275                	beqz	a2,2ed2 <__ledf2+0x5c>
    2ef0:	fed591e3          	bne	a1,a3,2ed2 <__ledf2+0x5c>
    2ef4:	fce84fe3          	blt	a6,a4,2ed2 <__ledf2+0x5c>
    2ef8:	01074963          	blt	a4,a6,2f0a <__ledf2+0x94>
    2efc:	fdc7ebe3          	bltu	a5,t3,2ed2 <__ledf2+0x5c>
    2f00:	00fe0f63          	beq	t3,a5,2f1e <__ledf2+0xa8>
    2f04:	4301                	li	t1,0
    2f06:	00fe7463          	bgeu	t3,a5,2f0e <__ledf2+0x98>
    2f0a:	d5f1                	beqz	a1,2ed6 <__ledf2+0x60>
    2f0c:	4305                	li	t1,1
    2f0e:	851a                	mv	a0,t1
    2f10:	8082                	ret
    2f12:	feed                	bnez	a3,2f0c <__ledf2+0x96>
    2f14:	537d                	li	t1,-1
    2f16:	bfe5                	j	2f0e <__ledf2+0x98>
    2f18:	8e5d                	or	a2,a2,a5
    2f1a:	da79                	beqz	a2,2ef0 <__ledf2+0x7a>
    2f1c:	bfcd                	j	2f0e <__ledf2+0x98>
    2f1e:	fbdf6ae3          	bltu	t5,t4,2ed2 <__ledf2+0x5c>
    2f22:	4301                	li	t1,0
    2f24:	ffeef5e3          	bgeu	t4,t5,2f0e <__ledf2+0x98>
    2f28:	f1f5                	bnez	a1,2f0c <__ledf2+0x96>
    2f2a:	b775                	j	2ed6 <__ledf2+0x60>

00002f2c <__muldf3>:
    2f2c:	7139                	addi	sp,sp,-64
    2f2e:	d84a                	sw	s2,48(sp)
    2f30:	0145d913          	srli	s2,a1,0x14
    2f34:	d64e                	sw	s3,44(sp)
    2f36:	d452                	sw	s4,40(sp)
    2f38:	d256                	sw	s5,36(sp)
    2f3a:	00c59993          	slli	s3,a1,0xc
    2f3e:	de06                	sw	ra,60(sp)
    2f40:	dc22                	sw	s0,56(sp)
    2f42:	da26                	sw	s1,52(sp)
    2f44:	d05a                	sw	s6,32(sp)
    2f46:	ce5e                	sw	s7,28(sp)
    2f48:	7ff97913          	andi	s2,s2,2047
    2f4c:	8a2a                	mv	s4,a0
    2f4e:	00c9d993          	srli	s3,s3,0xc
    2f52:	01f5da93          	srli	s5,a1,0x1f
    2f56:	0e090d63          	beqz	s2,3050 <__muldf3+0x124>
    2f5a:	7ff00793          	li	a5,2047
    2f5e:	18f90663          	beq	s2,a5,30ea <__muldf3+0x1be>
    2f62:	01d55413          	srli	s0,a0,0x1d
    2f66:	098e                	slli	s3,s3,0x3
    2f68:	013469b3          	or	s3,s0,s3
    2f6c:	00800437          	lui	s0,0x800
    2f70:	0089e433          	or	s0,s3,s0
    2f74:	00351493          	slli	s1,a0,0x3
    2f78:	c0190913          	addi	s2,s2,-1023
    2f7c:	4981                	li	s3,0
    2f7e:	4b81                	li	s7,0
    2f80:	0146d713          	srli	a4,a3,0x14
    2f84:	00c69a13          	slli	s4,a3,0xc
    2f88:	7ff77713          	andi	a4,a4,2047
    2f8c:	85b2                	mv	a1,a2
    2f8e:	00ca5a13          	srli	s4,s4,0xc
    2f92:	01f6db13          	srli	s6,a3,0x1f
    2f96:	10070b63          	beqz	a4,30ac <__muldf3+0x180>
    2f9a:	7ff00793          	li	a5,2047
    2f9e:	04f70363          	beq	a4,a5,2fe4 <__muldf3+0xb8>
    2fa2:	01d65793          	srli	a5,a2,0x1d
    2fa6:	0a0e                	slli	s4,s4,0x3
    2fa8:	0147ea33          	or	s4,a5,s4
    2fac:	c0170713          	addi	a4,a4,-1023
    2fb0:	008007b7          	lui	a5,0x800
    2fb4:	00fa67b3          	or	a5,s4,a5
    2fb8:	00361593          	slli	a1,a2,0x3
    2fbc:	993a                	add	s2,s2,a4
    2fbe:	4881                	li	a7,0
    2fc0:	016ac733          	xor	a4,s5,s6
    2fc4:	46bd                	li	a3,15
    2fc6:	853a                	mv	a0,a4
    2fc8:	00190813          	addi	a6,s2,1
    2fcc:	1736e863          	bltu	a3,s3,313c <__muldf3+0x210>
    2fd0:	00003617          	auipc	a2,0x3
    2fd4:	87860613          	addi	a2,a2,-1928 # 5848 <Ch8x16+0x6bc>
    2fd8:	098a                	slli	s3,s3,0x2
    2fda:	99b2                	add	s3,s3,a2
    2fdc:	0009a683          	lw	a3,0(s3)
    2fe0:	96b2                	add	a3,a3,a2
    2fe2:	8682                	jr	a3
    2fe4:	00ca67b3          	or	a5,s4,a2
    2fe8:	7ff90913          	addi	s2,s2,2047
    2fec:	12079963          	bnez	a5,311e <__muldf3+0x1f2>
    2ff0:	0029e993          	ori	s3,s3,2
    2ff4:	4581                	li	a1,0
    2ff6:	4889                	li	a7,2
    2ff8:	b7e1                	j	2fc0 <__muldf3+0x94>
    2ffa:	4701                	li	a4,0
    2ffc:	7ff00793          	li	a5,2047
    3000:	00080437          	lui	s0,0x80
    3004:	4481                	li	s1,0
    3006:	0432                	slli	s0,s0,0xc
    3008:	07d2                	slli	a5,a5,0x14
    300a:	8031                	srli	s0,s0,0xc
    300c:	077e                	slli	a4,a4,0x1f
    300e:	8c5d                	or	s0,s0,a5
    3010:	8c59                	or	s0,s0,a4
    3012:	85a2                	mv	a1,s0
    3014:	50f2                	lw	ra,60(sp)
    3016:	5462                	lw	s0,56(sp)
    3018:	8526                	mv	a0,s1
    301a:	5942                	lw	s2,48(sp)
    301c:	54d2                	lw	s1,52(sp)
    301e:	59b2                	lw	s3,44(sp)
    3020:	5a22                	lw	s4,40(sp)
    3022:	5a92                	lw	s5,36(sp)
    3024:	5b02                	lw	s6,32(sp)
    3026:	4bf2                	lw	s7,28(sp)
    3028:	6121                	addi	sp,sp,64
    302a:	8082                	ret
    302c:	855a                	mv	a0,s6
    302e:	843e                	mv	s0,a5
    3030:	84ae                	mv	s1,a1
    3032:	8bc6                	mv	s7,a7
    3034:	4789                	li	a5,2
    3036:	0efb8d63          	beq	s7,a5,3130 <__muldf3+0x204>
    303a:	478d                	li	a5,3
    303c:	fafb8fe3          	beq	s7,a5,2ffa <__muldf3+0xce>
    3040:	4785                	li	a5,1
    3042:	872a                	mv	a4,a0
    3044:	38fb9e63          	bne	s7,a5,33e0 <__muldf3+0x4b4>
    3048:	4781                	li	a5,0
    304a:	4401                	li	s0,0
    304c:	4481                	li	s1,0
    304e:	bf65                	j	3006 <__muldf3+0xda>
    3050:	00a9e433          	or	s0,s3,a0
    3054:	c061                	beqz	s0,3114 <__muldf3+0x1e8>
    3056:	c636                	sw	a3,12(sp)
    3058:	c432                	sw	a2,8(sp)
    305a:	2a098c63          	beqz	s3,3312 <__muldf3+0x3e6>
    305e:	854e                	mv	a0,s3
    3060:	4bb010ef          	jal	ra,4d1a <__clzsi2>
    3064:	4622                	lw	a2,8(sp)
    3066:	46b2                	lw	a3,12(sp)
    3068:	87aa                	mv	a5,a0
    306a:	ff550713          	addi	a4,a0,-11
    306e:	4475                	li	s0,29
    3070:	ff878493          	addi	s1,a5,-8 # 7ffff8 <_data_lma+0x7fa49c>
    3074:	8c19                	sub	s0,s0,a4
    3076:	009999b3          	sll	s3,s3,s1
    307a:	008a5433          	srl	s0,s4,s0
    307e:	01346433          	or	s0,s0,s3
    3082:	009a14b3          	sll	s1,s4,s1
    3086:	0146d713          	srli	a4,a3,0x14
    308a:	c0d00913          	li	s2,-1011
    308e:	00c69a13          	slli	s4,a3,0xc
    3092:	7ff77713          	andi	a4,a4,2047
    3096:	40f90933          	sub	s2,s2,a5
    309a:	4981                	li	s3,0
    309c:	4b81                	li	s7,0
    309e:	85b2                	mv	a1,a2
    30a0:	00ca5a13          	srli	s4,s4,0xc
    30a4:	01f6db13          	srli	s6,a3,0x1f
    30a8:	ee0719e3          	bnez	a4,2f9a <__muldf3+0x6e>
    30ac:	00ca67b3          	or	a5,s4,a2
    30b0:	c7b1                	beqz	a5,30fc <__muldf3+0x1d0>
    30b2:	220a0f63          	beqz	s4,32f0 <__muldf3+0x3c4>
    30b6:	8552                	mv	a0,s4
    30b8:	c432                	sw	a2,8(sp)
    30ba:	461010ef          	jal	ra,4d1a <__clzsi2>
    30be:	4622                	lw	a2,8(sp)
    30c0:	872a                	mv	a4,a0
    30c2:	ff550693          	addi	a3,a0,-11
    30c6:	47f5                	li	a5,29
    30c8:	ff870593          	addi	a1,a4,-8
    30cc:	8f95                	sub	a5,a5,a3
    30ce:	00ba1a33          	sll	s4,s4,a1
    30d2:	00f657b3          	srl	a5,a2,a5
    30d6:	0147e7b3          	or	a5,a5,s4
    30da:	00b615b3          	sll	a1,a2,a1
    30de:	40e90933          	sub	s2,s2,a4
    30e2:	c0d90913          	addi	s2,s2,-1011
    30e6:	4881                	li	a7,0
    30e8:	bde1                	j	2fc0 <__muldf3+0x94>
    30ea:	00a9e433          	or	s0,s3,a0
    30ee:	ec01                	bnez	s0,3106 <__muldf3+0x1da>
    30f0:	49a1                	li	s3,8
    30f2:	4481                	li	s1,0
    30f4:	7ff00913          	li	s2,2047
    30f8:	4b89                	li	s7,2
    30fa:	b559                	j	2f80 <__muldf3+0x54>
    30fc:	0019e993          	ori	s3,s3,1
    3100:	4581                	li	a1,0
    3102:	4885                	li	a7,1
    3104:	bd75                	j	2fc0 <__muldf3+0x94>
    3106:	844e                	mv	s0,s3
    3108:	84aa                	mv	s1,a0
    310a:	49b1                	li	s3,12
    310c:	7ff00913          	li	s2,2047
    3110:	4b8d                	li	s7,3
    3112:	b5bd                	j	2f80 <__muldf3+0x54>
    3114:	4991                	li	s3,4
    3116:	4481                	li	s1,0
    3118:	4901                	li	s2,0
    311a:	4b85                	li	s7,1
    311c:	b595                	j	2f80 <__muldf3+0x54>
    311e:	0039e993          	ori	s3,s3,3
    3122:	87d2                	mv	a5,s4
    3124:	488d                	li	a7,3
    3126:	bd69                	j	2fc0 <__muldf3+0x94>
    3128:	4789                	li	a5,2
    312a:	8556                	mv	a0,s5
    312c:	f0fb97e3          	bne	s7,a5,303a <__muldf3+0x10e>
    3130:	872a                	mv	a4,a0
    3132:	7ff00793          	li	a5,2047
    3136:	4401                	li	s0,0
    3138:	4481                	li	s1,0
    313a:	b5f1                	j	3006 <__muldf3+0xda>
    313c:	6ec1                	lui	t4,0x10
    313e:	fffe8613          	addi	a2,t4,-1 # ffff <_data_lma+0xa4a3>
    3142:	0104d693          	srli	a3,s1,0x10
    3146:	0105de13          	srli	t3,a1,0x10
    314a:	8cf1                	and	s1,s1,a2
    314c:	8df1                	and	a1,a1,a2
    314e:	02958633          	mul	a2,a1,s1
    3152:	02b68333          	mul	t1,a3,a1
    3156:	01065893          	srli	a7,a2,0x10
    315a:	029e0533          	mul	a0,t3,s1
    315e:	951a                	add	a0,a0,t1
    3160:	98aa                	add	a7,a7,a0
    3162:	03c682b3          	mul	t0,a3,t3
    3166:	0068f363          	bgeu	a7,t1,316c <__muldf3+0x240>
    316a:	92f6                	add	t0,t0,t4
    316c:	6fc1                	lui	t6,0x10
    316e:	ffff8313          	addi	t1,t6,-1 # ffff <_data_lma+0xa4a3>
    3172:	0067f533          	and	a0,a5,t1
    3176:	0107d393          	srli	t2,a5,0x10
    317a:	0068f7b3          	and	a5,a7,t1
    317e:	07c2                	slli	a5,a5,0x10
    3180:	00667333          	and	t1,a2,t1
    3184:	933e                	add	t1,t1,a5
    3186:	02950633          	mul	a2,a0,s1
    318a:	0108d893          	srli	a7,a7,0x10
    318e:	02a687b3          	mul	a5,a3,a0
    3192:	01065f13          	srli	t5,a2,0x10
    3196:	029384b3          	mul	s1,t2,s1
    319a:	94be                	add	s1,s1,a5
    319c:	94fa                	add	s1,s1,t5
    319e:	02768eb3          	mul	t4,a3,t2
    31a2:	00f4f363          	bgeu	s1,a5,31a8 <__muldf3+0x27c>
    31a6:	9efe                	add	t4,t4,t6
    31a8:	6a41                	lui	s4,0x10
    31aa:	fffa0793          	addi	a5,s4,-1 # ffff <_data_lma+0xa4a3>
    31ae:	01045f93          	srli	t6,s0,0x10
    31b2:	00f476b3          	and	a3,s0,a5
    31b6:	00f4f9b3          	and	s3,s1,a5
    31ba:	8e7d                	and	a2,a2,a5
    31bc:	80c1                	srli	s1,s1,0x10
    31be:	02d58433          	mul	s0,a1,a3
    31c2:	09c2                	slli	s3,s3,0x10
    31c4:	01d48f33          	add	t5,s1,t4
    31c8:	99b2                	add	s3,s3,a2
    31ca:	98ce                	add	a7,a7,s3
    31cc:	02de07b3          	mul	a5,t3,a3
    31d0:	01045e93          	srli	t4,s0,0x10
    31d4:	02bf85b3          	mul	a1,t6,a1
    31d8:	97ae                	add	a5,a5,a1
    31da:	9ebe                	add	t4,t4,a5
    31dc:	03fe0e33          	mul	t3,t3,t6
    31e0:	00bef363          	bgeu	t4,a1,31e6 <__muldf3+0x2ba>
    31e4:	9e52                	add	t3,t3,s4
    31e6:	67c1                	lui	a5,0x10
    31e8:	fff78593          	addi	a1,a5,-1 # ffff <_data_lma+0xa4a3>
    31ec:	00bef633          	and	a2,t4,a1
    31f0:	8c6d                	and	s0,s0,a1
    31f2:	0642                	slli	a2,a2,0x10
    31f4:	9622                	add	a2,a2,s0
    31f6:	010ede93          	srli	t4,t4,0x10
    31fa:	02d505b3          	mul	a1,a0,a3
    31fe:	9e76                	add	t3,t3,t4
    3200:	02af8533          	mul	a0,t6,a0
    3204:	0105d413          	srli	s0,a1,0x10
    3208:	02d386b3          	mul	a3,t2,a3
    320c:	96aa                	add	a3,a3,a0
    320e:	96a2                	add	a3,a3,s0
    3210:	03f38fb3          	mul	t6,t2,t6
    3214:	00a6f363          	bgeu	a3,a0,321a <__muldf3+0x2ee>
    3218:	9fbe                	add	t6,t6,a5
    321a:	6541                	lui	a0,0x10
    321c:	157d                	addi	a0,a0,-1
    321e:	00a6f7b3          	and	a5,a3,a0
    3222:	07c2                	slli	a5,a5,0x10
    3224:	8d6d                	and	a0,a0,a1
    3226:	97aa                	add	a5,a5,a0
    3228:	005885b3          	add	a1,a7,t0
    322c:	0135b9b3          	sltu	s3,a1,s3
    3230:	97fa                	add	a5,a5,t5
    3232:	95b2                	add	a1,a1,a2
    3234:	01378433          	add	s0,a5,s3
    3238:	00c5b633          	sltu	a2,a1,a2
    323c:	01c40eb3          	add	t4,s0,t3
    3240:	00ce8533          	add	a0,t4,a2
    3244:	01343433          	sltu	s0,s0,s3
    3248:	01e7b7b3          	sltu	a5,a5,t5
    324c:	8fc1                	or	a5,a5,s0
    324e:	01cebe33          	sltu	t3,t4,t3
    3252:	0106d413          	srli	s0,a3,0x10
    3256:	00c53633          	sltu	a2,a0,a2
    325a:	943e                	add	s0,s0,a5
    325c:	00ce6633          	or	a2,t3,a2
    3260:	00959493          	slli	s1,a1,0x9
    3264:	9432                	add	s0,s0,a2
    3266:	947e                	add	s0,s0,t6
    3268:	0064e4b3          	or	s1,s1,t1
    326c:	0426                	slli	s0,s0,0x9
    326e:	01755693          	srli	a3,a0,0x17
    3272:	009034b3          	snez	s1,s1
    3276:	81dd                	srli	a1,a1,0x17
    3278:	00951793          	slli	a5,a0,0x9
    327c:	8ccd                	or	s1,s1,a1
    327e:	8c55                	or	s0,s0,a3
    3280:	8cdd                	or	s1,s1,a5
    3282:	00741793          	slli	a5,s0,0x7
    3286:	0007db63          	bgez	a5,329c <__muldf3+0x370>
    328a:	0014d793          	srli	a5,s1,0x1
    328e:	8885                	andi	s1,s1,1
    3290:	01f41693          	slli	a3,s0,0x1f
    3294:	8cdd                	or	s1,s1,a5
    3296:	8cd5                	or	s1,s1,a3
    3298:	8005                	srli	s0,s0,0x1
    329a:	8942                	mv	s2,a6
    329c:	3ff90793          	addi	a5,s2,1023
    32a0:	08f05963          	blez	a5,3332 <__muldf3+0x406>
    32a4:	0074f693          	andi	a3,s1,7
    32a8:	ce81                	beqz	a3,32c0 <__muldf3+0x394>
    32aa:	00f4f693          	andi	a3,s1,15
    32ae:	4611                	li	a2,4
    32b0:	00c68863          	beq	a3,a2,32c0 <__muldf3+0x394>
    32b4:	00448693          	addi	a3,s1,4
    32b8:	0096b4b3          	sltu	s1,a3,s1
    32bc:	9426                	add	s0,s0,s1
    32be:	84b6                	mv	s1,a3
    32c0:	00741693          	slli	a3,s0,0x7
    32c4:	0006d863          	bgez	a3,32d4 <__muldf3+0x3a8>
    32c8:	ff0007b7          	lui	a5,0xff000
    32cc:	17fd                	addi	a5,a5,-1
    32ce:	8c7d                	and	s0,s0,a5
    32d0:	40090793          	addi	a5,s2,1024
    32d4:	7fe00693          	li	a3,2046
    32d8:	0ef6cf63          	blt	a3,a5,33d6 <__muldf3+0x4aa>
    32dc:	0034d693          	srli	a3,s1,0x3
    32e0:	01d41493          	slli	s1,s0,0x1d
    32e4:	0426                	slli	s0,s0,0x9
    32e6:	8cd5                	or	s1,s1,a3
    32e8:	8031                	srli	s0,s0,0xc
    32ea:	7ff7f793          	andi	a5,a5,2047
    32ee:	bb21                	j	3006 <__muldf3+0xda>
    32f0:	8532                	mv	a0,a2
    32f2:	c432                	sw	a2,8(sp)
    32f4:	227010ef          	jal	ra,4d1a <__clzsi2>
    32f8:	01550693          	addi	a3,a0,21 # 10015 <_data_lma+0xa4b9>
    32fc:	47f1                	li	a5,28
    32fe:	02050713          	addi	a4,a0,32
    3302:	4622                	lw	a2,8(sp)
    3304:	dcd7d1e3          	bge	a5,a3,30c6 <__muldf3+0x19a>
    3308:	1561                	addi	a0,a0,-8
    330a:	00a617b3          	sll	a5,a2,a0
    330e:	4581                	li	a1,0
    3310:	b3f9                	j	30de <__muldf3+0x1b2>
    3312:	209010ef          	jal	ra,4d1a <__clzsi2>
    3316:	01550713          	addi	a4,a0,21
    331a:	45f1                	li	a1,28
    331c:	02050793          	addi	a5,a0,32
    3320:	4622                	lw	a2,8(sp)
    3322:	46b2                	lw	a3,12(sp)
    3324:	d4e5d5e3          	bge	a1,a4,306e <__muldf3+0x142>
    3328:	1561                	addi	a0,a0,-8
    332a:	00aa1433          	sll	s0,s4,a0
    332e:	4481                	li	s1,0
    3330:	bb99                	j	3086 <__muldf3+0x15a>
    3332:	4685                	li	a3,1
    3334:	8e9d                	sub	a3,a3,a5
    3336:	e7b1                	bnez	a5,3382 <__muldf3+0x456>
    3338:	41e90913          	addi	s2,s2,1054
    333c:	012497b3          	sll	a5,s1,s2
    3340:	00d4d4b3          	srl	s1,s1,a3
    3344:	01241933          	sll	s2,s0,s2
    3348:	00f037b3          	snez	a5,a5
    334c:	009964b3          	or	s1,s2,s1
    3350:	8cdd                	or	s1,s1,a5
    3352:	0074f793          	andi	a5,s1,7
    3356:	00d456b3          	srl	a3,s0,a3
    335a:	cf81                	beqz	a5,3372 <__muldf3+0x446>
    335c:	00f4f793          	andi	a5,s1,15
    3360:	4611                	li	a2,4
    3362:	00c78863          	beq	a5,a2,3372 <__muldf3+0x446>
    3366:	00448793          	addi	a5,s1,4
    336a:	0097b4b3          	sltu	s1,a5,s1
    336e:	96a6                	add	a3,a3,s1
    3370:	84be                	mv	s1,a5
    3372:	00869793          	slli	a5,a3,0x8
    3376:	0407d863          	bgez	a5,33c6 <__muldf3+0x49a>
    337a:	4785                	li	a5,1
    337c:	4401                	li	s0,0
    337e:	4481                	li	s1,0
    3380:	b159                	j	3006 <__muldf3+0xda>
    3382:	03800613          	li	a2,56
    3386:	ccd641e3          	blt	a2,a3,3048 <__muldf3+0x11c>
    338a:	467d                	li	a2,31
    338c:	fad656e3          	bge	a2,a3,3338 <__muldf3+0x40c>
    3390:	5605                	li	a2,-31
    3392:	40f607b3          	sub	a5,a2,a5
    3396:	02000593          	li	a1,32
    339a:	00f45633          	srl	a2,s0,a5
    339e:	00b68763          	beq	a3,a1,33ac <__muldf3+0x480>
    33a2:	43e90913          	addi	s2,s2,1086
    33a6:	012417b3          	sll	a5,s0,s2
    33aa:	8cdd                	or	s1,s1,a5
    33ac:	009034b3          	snez	s1,s1
    33b0:	8cd1                	or	s1,s1,a2
    33b2:	0074f693          	andi	a3,s1,7
    33b6:	4401                	li	s0,0
    33b8:	ca99                	beqz	a3,33ce <__muldf3+0x4a2>
    33ba:	00f4f793          	andi	a5,s1,15
    33be:	4611                	li	a2,4
    33c0:	4681                	li	a3,0
    33c2:	fac792e3          	bne	a5,a2,3366 <__muldf3+0x43a>
    33c6:	00969413          	slli	s0,a3,0x9
    33ca:	8031                	srli	s0,s0,0xc
    33cc:	06f6                	slli	a3,a3,0x1d
    33ce:	808d                	srli	s1,s1,0x3
    33d0:	8cd5                	or	s1,s1,a3
    33d2:	4781                	li	a5,0
    33d4:	b90d                	j	3006 <__muldf3+0xda>
    33d6:	7ff00793          	li	a5,2047
    33da:	4401                	li	s0,0
    33dc:	4481                	li	s1,0
    33de:	b125                	j	3006 <__muldf3+0xda>
    33e0:	8942                	mv	s2,a6
    33e2:	bd6d                	j	329c <__muldf3+0x370>

000033e4 <__subdf3>:
    33e4:	00100737          	lui	a4,0x100
    33e8:	177d                	addi	a4,a4,-1
    33ea:	1101                	addi	sp,sp,-32
    33ec:	00b77333          	and	t1,a4,a1
    33f0:	0146d893          	srli	a7,a3,0x14
    33f4:	8f75                	and	a4,a4,a3
    33f6:	01d65e93          	srli	t4,a2,0x1d
    33fa:	cc22                	sw	s0,24(sp)
    33fc:	ca26                	sw	s1,20(sp)
    33fe:	030e                	slli	t1,t1,0x3
    3400:	0145d493          	srli	s1,a1,0x14
    3404:	01d55793          	srli	a5,a0,0x1d
    3408:	070e                	slli	a4,a4,0x3
    340a:	ce06                	sw	ra,28(sp)
    340c:	c84a                	sw	s2,16(sp)
    340e:	c64e                	sw	s3,12(sp)
    3410:	7ff8f893          	andi	a7,a7,2047
    3414:	7ff00e13          	li	t3,2047
    3418:	00eee733          	or	a4,t4,a4
    341c:	7ff4f493          	andi	s1,s1,2047
    3420:	01f5d413          	srli	s0,a1,0x1f
    3424:	0067e333          	or	t1,a5,t1
    3428:	00351f13          	slli	t5,a0,0x3
    342c:	82fd                	srli	a3,a3,0x1f
    342e:	00361e93          	slli	t4,a2,0x3
    3432:	19c88063          	beq	a7,t3,35b2 <__subdf3+0x1ce>
    3436:	0016c693          	xori	a3,a3,1
    343a:	411485b3          	sub	a1,s1,a7
    343e:	12d40563          	beq	s0,a3,3568 <__subdf3+0x184>
    3442:	18b05163          	blez	a1,35c4 <__subdf3+0x1e0>
    3446:	1a088b63          	beqz	a7,35fc <__subdf3+0x218>
    344a:	008007b7          	lui	a5,0x800
    344e:	8f5d                	or	a4,a4,a5
    3450:	59c48163          	beq	s1,t3,39d2 <__subdf3+0x5ee>
    3454:	03800793          	li	a5,56
    3458:	34b7c463          	blt	a5,a1,37a0 <__subdf3+0x3bc>
    345c:	47fd                	li	a5,31
    345e:	48b7c563          	blt	a5,a1,38e8 <__subdf3+0x504>
    3462:	02000793          	li	a5,32
    3466:	8f8d                	sub	a5,a5,a1
    3468:	00bed9b3          	srl	s3,t4,a1
    346c:	00f71833          	sll	a6,a4,a5
    3470:	00fe9eb3          	sll	t4,t4,a5
    3474:	01386833          	or	a6,a6,s3
    3478:	00b75733          	srl	a4,a4,a1
    347c:	01d039b3          	snez	s3,t4
    3480:	01386833          	or	a6,a6,s3
    3484:	40e30333          	sub	t1,t1,a4
    3488:	410f09b3          	sub	s3,t5,a6
    348c:	013f37b3          	sltu	a5,t5,s3
    3490:	40f30633          	sub	a2,t1,a5
    3494:	00861793          	slli	a5,a2,0x8
    3498:	2407d363          	bgez	a5,36de <__subdf3+0x2fa>
    349c:	00800937          	lui	s2,0x800
    34a0:	197d                	addi	s2,s2,-1
    34a2:	01267933          	and	s2,a2,s2
    34a6:	2c090f63          	beqz	s2,3784 <__subdf3+0x3a0>
    34aa:	854a                	mv	a0,s2
    34ac:	06f010ef          	jal	ra,4d1a <__clzsi2>
    34b0:	ff850713          	addi	a4,a0,-8
    34b4:	02000793          	li	a5,32
    34b8:	8f99                	sub	a5,a5,a4
    34ba:	00f9d7b3          	srl	a5,s3,a5
    34be:	00e91633          	sll	a2,s2,a4
    34c2:	8fd1                	or	a5,a5,a2
    34c4:	00e999b3          	sll	s3,s3,a4
    34c8:	2a974463          	blt	a4,s1,3770 <__subdf3+0x38c>
    34cc:	8f05                	sub	a4,a4,s1
    34ce:	00170613          	addi	a2,a4,1 # 100001 <_data_lma+0xfa4a5>
    34d2:	46fd                	li	a3,31
    34d4:	3ac6c563          	blt	a3,a2,387e <__subdf3+0x49a>
    34d8:	02000713          	li	a4,32
    34dc:	8f11                	sub	a4,a4,a2
    34de:	00c9d6b3          	srl	a3,s3,a2
    34e2:	00e99833          	sll	a6,s3,a4
    34e6:	00e79733          	sll	a4,a5,a4
    34ea:	8f55                	or	a4,a4,a3
    34ec:	01003833          	snez	a6,a6
    34f0:	010769b3          	or	s3,a4,a6
    34f4:	00c7d633          	srl	a2,a5,a2
    34f8:	4481                	li	s1,0
    34fa:	0079f793          	andi	a5,s3,7
    34fe:	cf81                	beqz	a5,3516 <__subdf3+0x132>
    3500:	00f9f693          	andi	a3,s3,15
    3504:	4791                	li	a5,4
    3506:	00f68863          	beq	a3,a5,3516 <__subdf3+0x132>
    350a:	00498693          	addi	a3,s3,4
    350e:	0136b833          	sltu	a6,a3,s3
    3512:	9642                	add	a2,a2,a6
    3514:	89b6                	mv	s3,a3
    3516:	00861793          	slli	a5,a2,0x8
    351a:	1c07d663          	bgez	a5,36e6 <__subdf3+0x302>
    351e:	00148713          	addi	a4,s1,1
    3522:	7ff00793          	li	a5,2047
    3526:	8805                	andi	s0,s0,1
    3528:	20f70663          	beq	a4,a5,3734 <__subdf3+0x350>
    352c:	ff8007b7          	lui	a5,0xff800
    3530:	17fd                	addi	a5,a5,-1
    3532:	8ff1                	and	a5,a5,a2
    3534:	01d79813          	slli	a6,a5,0x1d
    3538:	0039d993          	srli	s3,s3,0x3
    353c:	07a6                	slli	a5,a5,0x9
    353e:	01386833          	or	a6,a6,s3
    3542:	83b1                	srli	a5,a5,0xc
    3544:	7ff77713          	andi	a4,a4,2047
    3548:	00c79693          	slli	a3,a5,0xc
    354c:	0752                	slli	a4,a4,0x14
    354e:	82b1                	srli	a3,a3,0xc
    3550:	047e                	slli	s0,s0,0x1f
    3552:	8ed9                	or	a3,a3,a4
    3554:	8ec1                	or	a3,a3,s0
    3556:	40f2                	lw	ra,28(sp)
    3558:	4462                	lw	s0,24(sp)
    355a:	44d2                	lw	s1,20(sp)
    355c:	4942                	lw	s2,16(sp)
    355e:	49b2                	lw	s3,12(sp)
    3560:	8542                	mv	a0,a6
    3562:	85b6                	mv	a1,a3
    3564:	6105                	addi	sp,sp,32
    3566:	8082                	ret
    3568:	0ab05663          	blez	a1,3614 <__subdf3+0x230>
    356c:	12088a63          	beqz	a7,36a0 <__subdf3+0x2bc>
    3570:	008007b7          	lui	a5,0x800
    3574:	8f5d                	or	a4,a4,a5
    3576:	2dc48763          	beq	s1,t3,3844 <__subdf3+0x460>
    357a:	03800793          	li	a5,56
    357e:	18b7c763          	blt	a5,a1,370c <__subdf3+0x328>
    3582:	47fd                	li	a5,31
    3584:	3cb7d263          	bge	a5,a1,3948 <__subdf3+0x564>
    3588:	fe058813          	addi	a6,a1,-32
    358c:	02000793          	li	a5,32
    3590:	010759b3          	srl	s3,a4,a6
    3594:	00f58a63          	beq	a1,a5,35a8 <__subdf3+0x1c4>
    3598:	04000793          	li	a5,64
    359c:	40b785b3          	sub	a1,a5,a1
    35a0:	00b71733          	sll	a4,a4,a1
    35a4:	00eeeeb3          	or	t4,t4,a4
    35a8:	01d03833          	snez	a6,t4
    35ac:	01386833          	or	a6,a6,s3
    35b0:	a295                	j	3714 <__subdf3+0x330>
    35b2:	01d767b3          	or	a5,a4,t4
    35b6:	80148593          	addi	a1,s1,-2047
    35ba:	e399                	bnez	a5,35c0 <__subdf3+0x1dc>
    35bc:	0016c693          	xori	a3,a3,1
    35c0:	04d40a63          	beq	s0,a3,3614 <__subdf3+0x230>
    35c4:	e1d1                	bnez	a1,3648 <__subdf3+0x264>
    35c6:	00148793          	addi	a5,s1,1
    35ca:	7fe7f793          	andi	a5,a5,2046
    35ce:	1e079963          	bnez	a5,37c0 <__subdf3+0x3dc>
    35d2:	01e367b3          	or	a5,t1,t5
    35d6:	01d76833          	or	a6,a4,t4
    35da:	16049263          	bnez	s1,373e <__subdf3+0x35a>
    35de:	3c078263          	beqz	a5,39a2 <__subdf3+0x5be>
    35e2:	42081663          	bnez	a6,3a0e <__subdf3+0x62a>
    35e6:	00351813          	slli	a6,a0,0x3
    35ea:	01d31693          	slli	a3,t1,0x1d
    35ee:	00385813          	srli	a6,a6,0x3
    35f2:	0106e833          	or	a6,a3,a6
    35f6:	00335793          	srli	a5,t1,0x3
    35fa:	a219                	j	3700 <__subdf3+0x31c>
    35fc:	01d767b3          	or	a5,a4,t4
    3600:	1a078563          	beqz	a5,37aa <__subdf3+0x3c6>
    3604:	fff58793          	addi	a5,a1,-1
    3608:	3a078b63          	beqz	a5,39be <__subdf3+0x5da>
    360c:	23c58c63          	beq	a1,t3,3844 <__subdf3+0x460>
    3610:	85be                	mv	a1,a5
    3612:	b589                	j	3454 <__subdf3+0x70>
    3614:	1c059963          	bnez	a1,37e6 <__subdf3+0x402>
    3618:	00148693          	addi	a3,s1,1
    361c:	7fe6f793          	andi	a5,a3,2046
    3620:	efc1                	bnez	a5,36b8 <__subdf3+0x2d4>
    3622:	01e367b3          	or	a5,t1,t5
    3626:	36049063          	bnez	s1,3986 <__subdf3+0x5a2>
    362a:	44078d63          	beqz	a5,3a84 <__subdf3+0x6a0>
    362e:	01d767b3          	or	a5,a4,t4
    3632:	46079463          	bnez	a5,3a9a <__subdf3+0x6b6>
    3636:	050e                	slli	a0,a0,0x3
    3638:	01d31813          	slli	a6,t1,0x1d
    363c:	810d                	srli	a0,a0,0x3
    363e:	00a86833          	or	a6,a6,a0
    3642:	00335793          	srli	a5,t1,0x3
    3646:	a86d                	j	3700 <__subdf3+0x31c>
    3648:	409885b3          	sub	a1,a7,s1
    364c:	20049763          	bnez	s1,385a <__subdf3+0x476>
    3650:	01e367b3          	or	a5,t1,t5
    3654:	30078d63          	beqz	a5,396e <__subdf3+0x58a>
    3658:	fff58793          	addi	a5,a1,-1
    365c:	40078963          	beqz	a5,3a6e <__subdf3+0x68a>
    3660:	7ff00513          	li	a0,2047
    3664:	20a58363          	beq	a1,a0,386a <__subdf3+0x486>
    3668:	85be                	mv	a1,a5
    366a:	03800793          	li	a5,56
    366e:	2ab7c263          	blt	a5,a1,3912 <__subdf3+0x52e>
    3672:	47fd                	li	a5,31
    3674:	3cb7c863          	blt	a5,a1,3a44 <__subdf3+0x660>
    3678:	02000793          	li	a5,32
    367c:	8f8d                	sub	a5,a5,a1
    367e:	00f31833          	sll	a6,t1,a5
    3682:	00bf5633          	srl	a2,t5,a1
    3686:	00ff17b3          	sll	a5,t5,a5
    368a:	00c86833          	or	a6,a6,a2
    368e:	00f039b3          	snez	s3,a5
    3692:	00b35333          	srl	t1,t1,a1
    3696:	01386833          	or	a6,a6,s3
    369a:	40670733          	sub	a4,a4,t1
    369e:	acb5                	j	391a <__subdf3+0x536>
    36a0:	01d767b3          	or	a5,a4,t4
    36a4:	10078363          	beqz	a5,37aa <__subdf3+0x3c6>
    36a8:	fff58793          	addi	a5,a1,-1
    36ac:	1e078f63          	beqz	a5,38aa <__subdf3+0x4c6>
    36b0:	2fc58063          	beq	a1,t3,3990 <__subdf3+0x5ac>
    36b4:	85be                	mv	a1,a5
    36b6:	b5d1                	j	357a <__subdf3+0x196>
    36b8:	7ff00793          	li	a5,2047
    36bc:	06f68b63          	beq	a3,a5,3732 <__subdf3+0x34e>
    36c0:	9efa                	add	t4,t4,t5
    36c2:	01eeb633          	sltu	a2,t4,t5
    36c6:	00e307b3          	add	a5,t1,a4
    36ca:	97b2                	add	a5,a5,a2
    36cc:	01f79813          	slli	a6,a5,0x1f
    36d0:	001ede93          	srli	t4,t4,0x1
    36d4:	01d869b3          	or	s3,a6,t4
    36d8:	0017d613          	srli	a2,a5,0x1
    36dc:	84b6                	mv	s1,a3
    36de:	0079f793          	andi	a5,s3,7
    36e2:	e0079fe3          	bnez	a5,3500 <__subdf3+0x11c>
    36e6:	01d61793          	slli	a5,a2,0x1d
    36ea:	0039d813          	srli	a6,s3,0x3
    36ee:	00f86833          	or	a6,a6,a5
    36f2:	85a6                	mv	a1,s1
    36f4:	00365793          	srli	a5,a2,0x3
    36f8:	7ff00713          	li	a4,2047
    36fc:	06e58063          	beq	a1,a4,375c <__subdf3+0x378>
    3700:	07b2                	slli	a5,a5,0xc
    3702:	83b1                	srli	a5,a5,0xc
    3704:	7ff5f713          	andi	a4,a1,2047
    3708:	8805                	andi	s0,s0,1
    370a:	bd3d                	j	3548 <__subdf3+0x164>
    370c:	01d76733          	or	a4,a4,t4
    3710:	00e03833          	snez	a6,a4
    3714:	01e809b3          	add	s3,a6,t5
    3718:	01e9b7b3          	sltu	a5,s3,t5
    371c:	00678633          	add	a2,a5,t1
    3720:	00861793          	slli	a5,a2,0x8
    3724:	fa07dde3          	bgez	a5,36de <__subdf3+0x2fa>
    3728:	0485                	addi	s1,s1,1
    372a:	7ff00793          	li	a5,2047
    372e:	18f49c63          	bne	s1,a5,38c6 <__subdf3+0x4e2>
    3732:	8805                	andi	s0,s0,1
    3734:	7ff00713          	li	a4,2047
    3738:	4781                	li	a5,0
    373a:	4801                	li	a6,0
    373c:	b531                	j	3548 <__subdf3+0x164>
    373e:	10079163          	bnez	a5,3840 <__subdf3+0x45c>
    3742:	3c080163          	beqz	a6,3b04 <__subdf3+0x720>
    3746:	00361813          	slli	a6,a2,0x3
    374a:	01d71793          	slli	a5,a4,0x1d
    374e:	00385813          	srli	a6,a6,0x3
    3752:	00f86833          	or	a6,a6,a5
    3756:	8436                	mv	s0,a3
    3758:	00375793          	srli	a5,a4,0x3
    375c:	00f867b3          	or	a5,a6,a5
    3760:	dbe9                	beqz	a5,3732 <__subdf3+0x34e>
    3762:	4401                	li	s0,0
    3764:	7ff00713          	li	a4,2047
    3768:	000807b7          	lui	a5,0x80
    376c:	4801                	li	a6,0
    376e:	bbe9                	j	3548 <__subdf3+0x164>
    3770:	ff800637          	lui	a2,0xff800
    3774:	167d                	addi	a2,a2,-1
    3776:	8e7d                	and	a2,a2,a5
    3778:	0079f793          	andi	a5,s3,7
    377c:	8c99                	sub	s1,s1,a4
    377e:	d80791e3          	bnez	a5,3500 <__subdf3+0x11c>
    3782:	b795                	j	36e6 <__subdf3+0x302>
    3784:	854e                	mv	a0,s3
    3786:	594010ef          	jal	ra,4d1a <__clzsi2>
    378a:	01850713          	addi	a4,a0,24
    378e:	47fd                	li	a5,31
    3790:	d2e7d2e3          	bge	a5,a4,34b4 <__subdf3+0xd0>
    3794:	ff850613          	addi	a2,a0,-8
    3798:	00c997b3          	sll	a5,s3,a2
    379c:	4981                	li	s3,0
    379e:	b32d                	j	34c8 <__subdf3+0xe4>
    37a0:	01d76833          	or	a6,a4,t4
    37a4:	01003833          	snez	a6,a6
    37a8:	b1c5                	j	3488 <__subdf3+0xa4>
    37aa:	00351813          	slli	a6,a0,0x3
    37ae:	01d31793          	slli	a5,t1,0x1d
    37b2:	00385813          	srli	a6,a6,0x3
    37b6:	00f86833          	or	a6,a6,a5
    37ba:	00335793          	srli	a5,t1,0x3
    37be:	bf2d                	j	36f8 <__subdf3+0x314>
    37c0:	41df09b3          	sub	s3,t5,t4
    37c4:	40e30933          	sub	s2,t1,a4
    37c8:	013f3633          	sltu	a2,t5,s3
    37cc:	40c90933          	sub	s2,s2,a2
    37d0:	00891793          	slli	a5,s2,0x8
    37d4:	2007ca63          	bltz	a5,39e8 <__subdf3+0x604>
    37d8:	0129e833          	or	a6,s3,s2
    37dc:	cc0815e3          	bnez	a6,34a6 <__subdf3+0xc2>
    37e0:	4781                	li	a5,0
    37e2:	4401                	li	s0,0
    37e4:	bf31                	j	3700 <__subdf3+0x31c>
    37e6:	409885b3          	sub	a1,a7,s1
    37ea:	14048163          	beqz	s1,392c <__subdf3+0x548>
    37ee:	008006b7          	lui	a3,0x800
    37f2:	7ff00793          	li	a5,2047
    37f6:	00d36333          	or	t1,t1,a3
    37fa:	20f88163          	beq	a7,a5,39fc <__subdf3+0x618>
    37fe:	03800793          	li	a5,56
    3802:	22b7cc63          	blt	a5,a1,3a3a <__subdf3+0x656>
    3806:	47fd                	li	a5,31
    3808:	2cb7c963          	blt	a5,a1,3ada <__subdf3+0x6f6>
    380c:	02000793          	li	a5,32
    3810:	8f8d                	sub	a5,a5,a1
    3812:	00f31833          	sll	a6,t1,a5
    3816:	00bf56b3          	srl	a3,t5,a1
    381a:	00ff17b3          	sll	a5,t5,a5
    381e:	00d86833          	or	a6,a6,a3
    3822:	00f039b3          	snez	s3,a5
    3826:	00b35333          	srl	t1,t1,a1
    382a:	01386833          	or	a6,a6,s3
    382e:	971a                	add	a4,a4,t1
    3830:	01d809b3          	add	s3,a6,t4
    3834:	01d9b7b3          	sltu	a5,s3,t4
    3838:	00e78633          	add	a2,a5,a4
    383c:	84c6                	mv	s1,a7
    383e:	b5cd                	j	3720 <__subdf3+0x33c>
    3840:	f20811e3          	bnez	a6,3762 <__subdf3+0x37e>
    3844:	00351813          	slli	a6,a0,0x3
    3848:	01d31793          	slli	a5,t1,0x1d
    384c:	00385813          	srli	a6,a6,0x3
    3850:	00f86833          	or	a6,a6,a5
    3854:	00335793          	srli	a5,t1,0x3
    3858:	b711                	j	375c <__subdf3+0x378>
    385a:	00800537          	lui	a0,0x800
    385e:	7ff00793          	li	a5,2047
    3862:	00a36333          	or	t1,t1,a0
    3866:	e0f892e3          	bne	a7,a5,366a <__subdf3+0x286>
    386a:	060e                	slli	a2,a2,0x3
    386c:	01d71813          	slli	a6,a4,0x1d
    3870:	820d                	srli	a2,a2,0x3
    3872:	00c86833          	or	a6,a6,a2
    3876:	00375793          	srli	a5,a4,0x3
    387a:	8436                	mv	s0,a3
    387c:	b5c5                	j	375c <__subdf3+0x378>
    387e:	1705                	addi	a4,a4,-31
    3880:	02000693          	li	a3,32
    3884:	00e7d733          	srl	a4,a5,a4
    3888:	00d60a63          	beq	a2,a3,389c <__subdf3+0x4b8>
    388c:	04000693          	li	a3,64
    3890:	40c68633          	sub	a2,a3,a2
    3894:	00c79633          	sll	a2,a5,a2
    3898:	00c9e9b3          	or	s3,s3,a2
    389c:	01303833          	snez	a6,s3
    38a0:	00e869b3          	or	s3,a6,a4
    38a4:	4601                	li	a2,0
    38a6:	4481                	li	s1,0
    38a8:	bd1d                	j	36de <__subdf3+0x2fa>
    38aa:	01df09b3          	add	s3,t5,t4
    38ae:	00e307b3          	add	a5,t1,a4
    38b2:	01e9bf33          	sltu	t5,s3,t5
    38b6:	01e78633          	add	a2,a5,t5
    38ba:	00861793          	slli	a5,a2,0x8
    38be:	4485                	li	s1,1
    38c0:	e007dfe3          	bgez	a5,36de <__subdf3+0x2fa>
    38c4:	4489                	li	s1,2
    38c6:	ff8007b7          	lui	a5,0xff800
    38ca:	17fd                	addi	a5,a5,-1
    38cc:	8ff1                	and	a5,a5,a2
    38ce:	0019d713          	srli	a4,s3,0x1
    38d2:	0019f813          	andi	a6,s3,1
    38d6:	01076833          	or	a6,a4,a6
    38da:	01f79993          	slli	s3,a5,0x1f
    38de:	0109e9b3          	or	s3,s3,a6
    38e2:	0017d613          	srli	a2,a5,0x1
    38e6:	b911                	j	34fa <__subdf3+0x116>
    38e8:	fe058813          	addi	a6,a1,-32
    38ec:	02000793          	li	a5,32
    38f0:	010759b3          	srl	s3,a4,a6
    38f4:	00f58a63          	beq	a1,a5,3908 <__subdf3+0x524>
    38f8:	04000793          	li	a5,64
    38fc:	40b785b3          	sub	a1,a5,a1
    3900:	00b71733          	sll	a4,a4,a1
    3904:	00eeeeb3          	or	t4,t4,a4
    3908:	01d03833          	snez	a6,t4
    390c:	01386833          	or	a6,a6,s3
    3910:	bea5                	j	3488 <__subdf3+0xa4>
    3912:	01e36333          	or	t1,t1,t5
    3916:	00603833          	snez	a6,t1
    391a:	410e89b3          	sub	s3,t4,a6
    391e:	013eb7b3          	sltu	a5,t4,s3
    3922:	40f70633          	sub	a2,a4,a5
    3926:	84c6                	mv	s1,a7
    3928:	8436                	mv	s0,a3
    392a:	b6ad                	j	3494 <__subdf3+0xb0>
    392c:	01e367b3          	or	a5,t1,t5
    3930:	18078763          	beqz	a5,3abe <__subdf3+0x6da>
    3934:	fff58793          	addi	a5,a1,-1
    3938:	1c078c63          	beqz	a5,3b10 <__subdf3+0x72c>
    393c:	7ff00693          	li	a3,2047
    3940:	0ad58e63          	beq	a1,a3,39fc <__subdf3+0x618>
    3944:	85be                	mv	a1,a5
    3946:	bd65                	j	37fe <__subdf3+0x41a>
    3948:	02000793          	li	a5,32
    394c:	8f8d                	sub	a5,a5,a1
    394e:	00bed9b3          	srl	s3,t4,a1
    3952:	00f71833          	sll	a6,a4,a5
    3956:	00fe9eb3          	sll	t4,t4,a5
    395a:	01386833          	or	a6,a6,s3
    395e:	00b75733          	srl	a4,a4,a1
    3962:	01d039b3          	snez	s3,t4
    3966:	01386833          	or	a6,a6,s3
    396a:	933a                	add	t1,t1,a4
    396c:	b365                	j	3714 <__subdf3+0x330>
    396e:	00361813          	slli	a6,a2,0x3
    3972:	01d71793          	slli	a5,a4,0x1d
    3976:	00385813          	srli	a6,a6,0x3
    397a:	0107e833          	or	a6,a5,a6
    397e:	8436                	mv	s0,a3
    3980:	00375793          	srli	a5,a4,0x3
    3984:	bb95                	j	36f8 <__subdf3+0x314>
    3986:	cbbd                	beqz	a5,39fc <__subdf3+0x618>
    3988:	01d76733          	or	a4,a4,t4
    398c:	dc071be3          	bnez	a4,3762 <__subdf3+0x37e>
    3990:	050e                	slli	a0,a0,0x3
    3992:	01d31813          	slli	a6,t1,0x1d
    3996:	810d                	srli	a0,a0,0x3
    3998:	00a86833          	or	a6,a6,a0
    399c:	00335793          	srli	a5,t1,0x3
    39a0:	bb75                	j	375c <__subdf3+0x378>
    39a2:	e2080fe3          	beqz	a6,37e0 <__subdf3+0x3fc>
    39a6:	00361813          	slli	a6,a2,0x3
    39aa:	01d71793          	slli	a5,a4,0x1d
    39ae:	00385813          	srli	a6,a6,0x3
    39b2:	00f86833          	or	a6,a6,a5
    39b6:	8436                	mv	s0,a3
    39b8:	00375793          	srli	a5,a4,0x3
    39bc:	b391                	j	3700 <__subdf3+0x31c>
    39be:	41df09b3          	sub	s3,t5,t4
    39c2:	40e307b3          	sub	a5,t1,a4
    39c6:	013f3f33          	sltu	t5,t5,s3
    39ca:	41e78633          	sub	a2,a5,t5
    39ce:	4485                	li	s1,1
    39d0:	b4d1                	j	3494 <__subdf3+0xb0>
    39d2:	00351813          	slli	a6,a0,0x3
    39d6:	01d31693          	slli	a3,t1,0x1d
    39da:	00385813          	srli	a6,a6,0x3
    39de:	0106e833          	or	a6,a3,a6
    39e2:	00335793          	srli	a5,t1,0x3
    39e6:	bb9d                	j	375c <__subdf3+0x378>
    39e8:	41ee89b3          	sub	s3,t4,t5
    39ec:	40670633          	sub	a2,a4,t1
    39f0:	013eb933          	sltu	s2,t4,s3
    39f4:	41260933          	sub	s2,a2,s2
    39f8:	8436                	mv	s0,a3
    39fa:	b475                	j	34a6 <__subdf3+0xc2>
    39fc:	060e                	slli	a2,a2,0x3
    39fe:	01d71813          	slli	a6,a4,0x1d
    3a02:	820d                	srli	a2,a2,0x3
    3a04:	00c86833          	or	a6,a6,a2
    3a08:	00375793          	srli	a5,a4,0x3
    3a0c:	bb81                	j	375c <__subdf3+0x378>
    3a0e:	41df09b3          	sub	s3,t5,t4
    3a12:	40e307b3          	sub	a5,t1,a4
    3a16:	013f3633          	sltu	a2,t5,s3
    3a1a:	40c78633          	sub	a2,a5,a2
    3a1e:	00861793          	slli	a5,a2,0x8
    3a22:	0a07d763          	bgez	a5,3ad0 <__subdf3+0x6ec>
    3a26:	41ee89b3          	sub	s3,t4,t5
    3a2a:	406707b3          	sub	a5,a4,t1
    3a2e:	013ebeb3          	sltu	t4,t4,s3
    3a32:	41d78633          	sub	a2,a5,t4
    3a36:	8436                	mv	s0,a3
    3a38:	b4c9                	j	34fa <__subdf3+0x116>
    3a3a:	01e36333          	or	t1,t1,t5
    3a3e:	00603833          	snez	a6,t1
    3a42:	b3fd                	j	3830 <__subdf3+0x44c>
    3a44:	fe058813          	addi	a6,a1,-32
    3a48:	02000793          	li	a5,32
    3a4c:	010359b3          	srl	s3,t1,a6
    3a50:	00f58a63          	beq	a1,a5,3a64 <__subdf3+0x680>
    3a54:	04000793          	li	a5,64
    3a58:	40b785b3          	sub	a1,a5,a1
    3a5c:	00b31333          	sll	t1,t1,a1
    3a60:	006f6f33          	or	t5,t5,t1
    3a64:	01e03833          	snez	a6,t5
    3a68:	01386833          	or	a6,a6,s3
    3a6c:	b57d                	j	391a <__subdf3+0x536>
    3a6e:	41ee89b3          	sub	s3,t4,t5
    3a72:	406707b3          	sub	a5,a4,t1
    3a76:	013ebeb3          	sltu	t4,t4,s3
    3a7a:	41d78633          	sub	a2,a5,t4
    3a7e:	8436                	mv	s0,a3
    3a80:	4485                	li	s1,1
    3a82:	bc09                	j	3494 <__subdf3+0xb0>
    3a84:	00361813          	slli	a6,a2,0x3
    3a88:	01d71793          	slli	a5,a4,0x1d
    3a8c:	00385813          	srli	a6,a6,0x3
    3a90:	00f86833          	or	a6,a6,a5
    3a94:	00375793          	srli	a5,a4,0x3
    3a98:	b1a5                	j	3700 <__subdf3+0x31c>
    3a9a:	01df09b3          	add	s3,t5,t4
    3a9e:	00e307b3          	add	a5,t1,a4
    3aa2:	01e9bf33          	sltu	t5,s3,t5
    3aa6:	01e78633          	add	a2,a5,t5
    3aaa:	00861793          	slli	a5,a2,0x8
    3aae:	c207d8e3          	bgez	a5,36de <__subdf3+0x2fa>
    3ab2:	ff8007b7          	lui	a5,0xff800
    3ab6:	17fd                	addi	a5,a5,-1
    3ab8:	8e7d                	and	a2,a2,a5
    3aba:	4485                	li	s1,1
    3abc:	b10d                	j	36de <__subdf3+0x2fa>
    3abe:	060e                	slli	a2,a2,0x3
    3ac0:	01d71813          	slli	a6,a4,0x1d
    3ac4:	820d                	srli	a2,a2,0x3
    3ac6:	00c86833          	or	a6,a6,a2
    3aca:	00375793          	srli	a5,a4,0x3
    3ace:	b12d                	j	36f8 <__subdf3+0x314>
    3ad0:	00c9e833          	or	a6,s3,a2
    3ad4:	d00806e3          	beqz	a6,37e0 <__subdf3+0x3fc>
    3ad8:	b119                	j	36de <__subdf3+0x2fa>
    3ada:	fe058813          	addi	a6,a1,-32
    3ade:	02000793          	li	a5,32
    3ae2:	010359b3          	srl	s3,t1,a6
    3ae6:	00f58a63          	beq	a1,a5,3afa <__subdf3+0x716>
    3aea:	04000793          	li	a5,64
    3aee:	40b785b3          	sub	a1,a5,a1
    3af2:	00b31333          	sll	t1,t1,a1
    3af6:	006f6f33          	or	t5,t5,t1
    3afa:	01e03833          	snez	a6,t5
    3afe:	01386833          	or	a6,a6,s3
    3b02:	b33d                	j	3830 <__subdf3+0x44c>
    3b04:	4401                	li	s0,0
    3b06:	7ff00713          	li	a4,2047
    3b0a:	000807b7          	lui	a5,0x80
    3b0e:	bc2d                	j	3548 <__subdf3+0x164>
    3b10:	01df09b3          	add	s3,t5,t4
    3b14:	00e307b3          	add	a5,t1,a4
    3b18:	01d9beb3          	sltu	t4,s3,t4
    3b1c:	01d78633          	add	a2,a5,t4
    3b20:	bb69                	j	38ba <__subdf3+0x4d6>

00003b22 <__fixdfdi>:
    3b22:	00100737          	lui	a4,0x100
    3b26:	0145d793          	srli	a5,a1,0x14
    3b2a:	fff70693          	addi	a3,a4,-1 # fffff <_data_lma+0xfa4a3>
    3b2e:	7ff7f793          	andi	a5,a5,2047
    3b32:	3fe00813          	li	a6,1022
    3b36:	8eed                	and	a3,a3,a1
    3b38:	01f5d613          	srli	a2,a1,0x1f
    3b3c:	02f85363          	bge	a6,a5,3b62 <__fixdfdi+0x40>
    3b40:	43d00593          	li	a1,1085
    3b44:	02f5d263          	bge	a1,a5,3b68 <__fixdfdi+0x46>
    3b48:	4585                	li	a1,1
    3b4a:	8d91                	sub	a1,a1,a2
    3b4c:	40b00533          	neg	a0,a1
    3b50:	41f5d613          	srai	a2,a1,0x1f
    3b54:	800005b7          	lui	a1,0x80000
    3b58:	00a037b3          	snez	a5,a0
    3b5c:	8d91                	sub	a1,a1,a2
    3b5e:	8d9d                	sub	a1,a1,a5
    3b60:	8082                	ret
    3b62:	4501                	li	a0,0
    3b64:	4581                	li	a1,0
    3b66:	8082                	ret
    3b68:	43200813          	li	a6,1074
    3b6c:	00e6e5b3          	or	a1,a3,a4
    3b70:	02f85463          	bge	a6,a5,3b98 <__fixdfdi+0x76>
    3b74:	bad78713          	addi	a4,a5,-1107 # 7fbad <_data_lma+0x7a051>
    3b78:	bcd78793          	addi	a5,a5,-1075
    3b7c:	04074563          	bltz	a4,3bc6 <__fixdfdi+0xa4>
    3b80:	00e515b3          	sll	a1,a0,a4
    3b84:	4501                	li	a0,0
    3b86:	d265                	beqz	a2,3b66 <__fixdfdi+0x44>
    3b88:	40a00533          	neg	a0,a0
    3b8c:	00a037b3          	snez	a5,a0
    3b90:	40b005b3          	neg	a1,a1
    3b94:	8d9d                	sub	a1,a1,a5
    3b96:	8082                	ret
    3b98:	43300693          	li	a3,1075
    3b9c:	8e9d                	sub	a3,a3,a5
    3b9e:	477d                	li	a4,31
    3ba0:	00d74c63          	blt	a4,a3,3bb8 <__fixdfdi+0x96>
    3ba4:	bed78713          	addi	a4,a5,-1043
    3ba8:	00e59733          	sll	a4,a1,a4
    3bac:	00d55533          	srl	a0,a0,a3
    3bb0:	8d59                	or	a0,a0,a4
    3bb2:	00d5d5b3          	srl	a1,a1,a3
    3bb6:	bfc1                	j	3b86 <__fixdfdi+0x64>
    3bb8:	41300513          	li	a0,1043
    3bbc:	8d1d                	sub	a0,a0,a5
    3bbe:	00a5d533          	srl	a0,a1,a0
    3bc2:	4581                	li	a1,0
    3bc4:	b7c9                	j	3b86 <__fixdfdi+0x64>
    3bc6:	46fd                	li	a3,31
    3bc8:	00155713          	srli	a4,a0,0x1
    3bcc:	8e9d                	sub	a3,a3,a5
    3bce:	00d75733          	srl	a4,a4,a3
    3bd2:	00f595b3          	sll	a1,a1,a5
    3bd6:	8dd9                	or	a1,a1,a4
    3bd8:	00f51533          	sll	a0,a0,a5
    3bdc:	b76d                	j	3b86 <__fixdfdi+0x64>

00003bde <__floatdidf>:
    3bde:	1101                	addi	sp,sp,-32
    3be0:	ce06                	sw	ra,28(sp)
    3be2:	cc22                	sw	s0,24(sp)
    3be4:	ca26                	sw	s1,20(sp)
    3be6:	c84a                	sw	s2,16(sp)
    3be8:	c64e                	sw	s3,12(sp)
    3bea:	00b567b3          	or	a5,a0,a1
    3bee:	cf9d                	beqz	a5,3c2c <__floatdidf+0x4e>
    3bf0:	84ae                	mv	s1,a1
    3bf2:	89aa                	mv	s3,a0
    3bf4:	01f5d913          	srli	s2,a1,0x1f
    3bf8:	0405ce63          	bltz	a1,3c54 <__floatdidf+0x76>
    3bfc:	8426                	mv	s0,s1
    3bfe:	c4ad                	beqz	s1,3c68 <__floatdidf+0x8a>
    3c00:	8526                	mv	a0,s1
    3c02:	118010ef          	jal	ra,4d1a <__clzsi2>
    3c06:	43e00693          	li	a3,1086
    3c0a:	8e89                	sub	a3,a3,a0
    3c0c:	43300793          	li	a5,1075
    3c10:	08d7ca63          	blt	a5,a3,3ca4 <__floatdidf+0xc6>
    3c14:	00c49793          	slli	a5,s1,0xc
    3c18:	462d                	li	a2,11
    3c1a:	874e                	mv	a4,s3
    3c1c:	7ff6f693          	andi	a3,a3,2047
    3c20:	83b1                	srli	a5,a5,0xc
    3c22:	00a65963          	bge	a2,a0,3c34 <__floatdidf+0x56>
    3c26:	ff550613          	addi	a2,a0,-11 # 7ffff5 <_data_lma+0x7fa499>
    3c2a:	a8b9                	j	3c88 <__floatdidf+0xaa>
    3c2c:	4901                	li	s2,0
    3c2e:	4681                	li	a3,0
    3c30:	4781                	li	a5,0
    3c32:	4701                	li	a4,0
    3c34:	07b2                	slli	a5,a5,0xc
    3c36:	40f2                	lw	ra,28(sp)
    3c38:	4462                	lw	s0,24(sp)
    3c3a:	06d2                	slli	a3,a3,0x14
    3c3c:	83b1                	srli	a5,a5,0xc
    3c3e:	097e                	slli	s2,s2,0x1f
    3c40:	8fd5                	or	a5,a5,a3
    3c42:	0127e7b3          	or	a5,a5,s2
    3c46:	44d2                	lw	s1,20(sp)
    3c48:	4942                	lw	s2,16(sp)
    3c4a:	49b2                	lw	s3,12(sp)
    3c4c:	853a                	mv	a0,a4
    3c4e:	85be                	mv	a1,a5
    3c50:	6105                	addi	sp,sp,32
    3c52:	8082                	ret
    3c54:	40a00533          	neg	a0,a0
    3c58:	00a036b3          	snez	a3,a0
    3c5c:	40b004b3          	neg	s1,a1
    3c60:	8c95                	sub	s1,s1,a3
    3c62:	89aa                	mv	s3,a0
    3c64:	8426                	mv	s0,s1
    3c66:	fcc9                	bnez	s1,3c00 <__floatdidf+0x22>
    3c68:	854e                	mv	a0,s3
    3c6a:	0b0010ef          	jal	ra,4d1a <__clzsi2>
    3c6e:	862a                	mv	a2,a0
    3c70:	43e00693          	li	a3,1086
    3c74:	02050513          	addi	a0,a0,32
    3c78:	8e89                	sub	a3,a3,a0
    3c7a:	02a00793          	li	a5,42
    3c7e:	7ff6f693          	andi	a3,a3,2047
    3c82:	0ca7c763          	blt	a5,a0,3d50 <__floatdidf+0x172>
    3c86:	0655                	addi	a2,a2,21
    3c88:	02b00713          	li	a4,43
    3c8c:	8f09                	sub	a4,a4,a0
    3c8e:	00c497b3          	sll	a5,s1,a2
    3c92:	00e9d733          	srl	a4,s3,a4
    3c96:	8f5d                	or	a4,a4,a5
    3c98:	00c71793          	slli	a5,a4,0xc
    3c9c:	83b1                	srli	a5,a5,0xc
    3c9e:	00c99733          	sll	a4,s3,a2
    3ca2:	bf49                	j	3c34 <__floatdidf+0x56>
    3ca4:	43600793          	li	a5,1078
    3ca8:	02d7db63          	bge	a5,a3,3cde <__floatdidf+0x100>
    3cac:	4721                	li	a4,8
    3cae:	8f09                	sub	a4,a4,a0
    3cb0:	fe070593          	addi	a1,a4,-32
    3cb4:	0c05c263          	bltz	a1,3d78 <__floatdidf+0x19a>
    3cb8:	00b4d5b3          	srl	a1,s1,a1
    3cbc:	4701                	li	a4,0
    3cbe:	01850613          	addi	a2,a0,24
    3cc2:	03850793          	addi	a5,a0,56
    3cc6:	08064c63          	bltz	a2,3d5e <__floatdidf+0x180>
    3cca:	00c99633          	sll	a2,s3,a2
    3cce:	4981                	li	s3,0
    3cd0:	00c9e9b3          	or	s3,s3,a2
    3cd4:	01303633          	snez	a2,s3
    3cd8:	00c5e9b3          	or	s3,a1,a2
    3cdc:	843a                	mv	s0,a4
    3cde:	47a1                	li	a5,8
    3ce0:	864e                	mv	a2,s3
    3ce2:	04a7c963          	blt	a5,a0,3d34 <__floatdidf+0x156>
    3ce6:	ff8007b7          	lui	a5,0xff800
    3cea:	17fd                	addi	a5,a5,-1
    3cec:	00767593          	andi	a1,a2,7
    3cf0:	00f47733          	and	a4,s0,a5
    3cf4:	c585                	beqz	a1,3d1c <__floatdidf+0x13e>
    3cf6:	00f67593          	andi	a1,a2,15
    3cfa:	4811                	li	a6,4
    3cfc:	03058063          	beq	a1,a6,3d1c <__floatdidf+0x13e>
    3d00:	00460593          	addi	a1,a2,4 # ff800004 <_eusrstack+0xdf7f8004>
    3d04:	00c5b633          	sltu	a2,a1,a2
    3d08:	9732                	add	a4,a4,a2
    3d0a:	00871613          	slli	a2,a4,0x8
    3d0e:	08065163          	bgez	a2,3d90 <__floatdidf+0x1b2>
    3d12:	43f00693          	li	a3,1087
    3d16:	8f7d                	and	a4,a4,a5
    3d18:	8e89                	sub	a3,a3,a0
    3d1a:	862e                	mv	a2,a1
    3d1c:	00365513          	srli	a0,a2,0x3
    3d20:	00971793          	slli	a5,a4,0x9
    3d24:	01d71613          	slli	a2,a4,0x1d
    3d28:	00a66733          	or	a4,a2,a0
    3d2c:	83b1                	srli	a5,a5,0xc
    3d2e:	7ff6f693          	andi	a3,a3,2047
    3d32:	b709                	j	3c34 <__floatdidf+0x56>
    3d34:	02800793          	li	a5,40
    3d38:	ff850593          	addi	a1,a0,-8
    3d3c:	8f89                	sub	a5,a5,a0
    3d3e:	00f9d7b3          	srl	a5,s3,a5
    3d42:	00b41733          	sll	a4,s0,a1
    3d46:	00e7e433          	or	s0,a5,a4
    3d4a:	00b99633          	sll	a2,s3,a1
    3d4e:	bf61                	j	3ce6 <__floatdidf+0x108>
    3d50:	1655                	addi	a2,a2,-11
    3d52:	00c997b3          	sll	a5,s3,a2
    3d56:	07b2                	slli	a5,a5,0xc
    3d58:	83b1                	srli	a5,a5,0xc
    3d5a:	4701                	li	a4,0
    3d5c:	bde1                	j	3c34 <__floatdidf+0x56>
    3d5e:	467d                	li	a2,31
    3d60:	0019d813          	srli	a6,s3,0x1
    3d64:	8e1d                	sub	a2,a2,a5
    3d66:	00c85833          	srl	a6,a6,a2
    3d6a:	00f49633          	sll	a2,s1,a5
    3d6e:	00c86633          	or	a2,a6,a2
    3d72:	00f999b3          	sll	s3,s3,a5
    3d76:	bfa9                	j	3cd0 <__floatdidf+0xf2>
    3d78:	467d                	li	a2,31
    3d7a:	8e19                	sub	a2,a2,a4
    3d7c:	00149793          	slli	a5,s1,0x1
    3d80:	00e9d5b3          	srl	a1,s3,a4
    3d84:	00c797b3          	sll	a5,a5,a2
    3d88:	8ddd                	or	a1,a1,a5
    3d8a:	00e4d733          	srl	a4,s1,a4
    3d8e:	bf05                	j	3cbe <__floatdidf+0xe0>
    3d90:	862e                	mv	a2,a1
    3d92:	b769                	j	3d1c <__floatdidf+0x13e>

00003d94 <__addsf3>:
    3d94:	1141                	addi	sp,sp,-16
    3d96:	00800737          	lui	a4,0x800
    3d9a:	177d                	addi	a4,a4,-1
    3d9c:	0175d813          	srli	a6,a1,0x17
    3da0:	c226                	sw	s1,4(sp)
    3da2:	01755493          	srli	s1,a0,0x17
    3da6:	00a77333          	and	t1,a4,a0
    3daa:	0ff4f493          	andi	s1,s1,255
    3dae:	00b776b3          	and	a3,a4,a1
    3db2:	c04a                	sw	s2,0(sp)
    3db4:	0ff87813          	andi	a6,a6,255
    3db8:	01f55913          	srli	s2,a0,0x1f
    3dbc:	c606                	sw	ra,12(sp)
    3dbe:	c422                	sw	s0,8(sp)
    3dc0:	81fd                	srli	a1,a1,0x1f
    3dc2:	879a                	mv	a5,t1
    3dc4:	8526                	mv	a0,s1
    3dc6:	864a                	mv	a2,s2
    3dc8:	00331e13          	slli	t3,t1,0x3
    3dcc:	00369e93          	slli	t4,a3,0x3
    3dd0:	410488b3          	sub	a7,s1,a6
    3dd4:	0eb90a63          	beq	s2,a1,3ec8 <__addsf3+0x134>
    3dd8:	0d105063          	blez	a7,3e98 <__addsf3+0x104>
    3ddc:	14080463          	beqz	a6,3f24 <__addsf3+0x190>
    3de0:	0ff00793          	li	a5,255
    3de4:	14f48b63          	beq	s1,a5,3f3a <__addsf3+0x1a6>
    3de8:	040007b7          	lui	a5,0x4000
    3dec:	00feeeb3          	or	t4,t4,a5
    3df0:	47ed                	li	a5,27
    3df2:	2917c163          	blt	a5,a7,4074 <__addsf3+0x2e0>
    3df6:	02000793          	li	a5,32
    3dfa:	411787b3          	sub	a5,a5,a7
    3dfe:	00fe97b3          	sll	a5,t4,a5
    3e02:	011ed8b3          	srl	a7,t4,a7
    3e06:	00f037b3          	snez	a5,a5
    3e0a:	00f8e7b3          	or	a5,a7,a5
    3e0e:	40fe07b3          	sub	a5,t3,a5
    3e12:	00579713          	slli	a4,a5,0x5
    3e16:	18075e63          	bgez	a4,3fb2 <__addsf3+0x21e>
    3e1a:	04000437          	lui	s0,0x4000
    3e1e:	147d                	addi	s0,s0,-1
    3e20:	8c7d                	and	s0,s0,a5
    3e22:	8522                	mv	a0,s0
    3e24:	6f7000ef          	jal	ra,4d1a <__clzsi2>
    3e28:	156d                	addi	a0,a0,-5
    3e2a:	00a417b3          	sll	a5,s0,a0
    3e2e:	1a954863          	blt	a0,s1,3fde <__addsf3+0x24a>
    3e32:	8d05                	sub	a0,a0,s1
    3e34:	00150413          	addi	s0,a0,1
    3e38:	02000713          	li	a4,32
    3e3c:	8f01                	sub	a4,a4,s0
    3e3e:	00e79733          	sll	a4,a5,a4
    3e42:	00e03733          	snez	a4,a4
    3e46:	0087d7b3          	srl	a5,a5,s0
    3e4a:	8fd9                	or	a5,a5,a4
    3e4c:	4481                	li	s1,0
    3e4e:	0077f713          	andi	a4,a5,7
    3e52:	c719                	beqz	a4,3e60 <__addsf3+0xcc>
    3e54:	00f7f713          	andi	a4,a5,15
    3e58:	4691                	li	a3,4
    3e5a:	00d70363          	beq	a4,a3,3e60 <__addsf3+0xcc>
    3e5e:	0791                	addi	a5,a5,4
    3e60:	00579713          	slli	a4,a5,0x5
    3e64:	14075b63          	bgez	a4,3fba <__addsf3+0x226>
    3e68:	0485                	addi	s1,s1,1
    3e6a:	0ff00713          	li	a4,255
    3e6e:	864a                	mv	a2,s2
    3e70:	16e48363          	beq	s1,a4,3fd6 <__addsf3+0x242>
    3e74:	079a                	slli	a5,a5,0x6
    3e76:	83a5                	srli	a5,a5,0x9
    3e78:	0ff4f513          	andi	a0,s1,255
    3e7c:	40b2                	lw	ra,12(sp)
    3e7e:	4422                	lw	s0,8(sp)
    3e80:	07a6                	slli	a5,a5,0x9
    3e82:	01751493          	slli	s1,a0,0x17
    3e86:	0097d513          	srli	a0,a5,0x9
    3e8a:	8d45                	or	a0,a0,s1
    3e8c:	067e                	slli	a2,a2,0x1f
    3e8e:	4492                	lw	s1,4(sp)
    3e90:	4902                	lw	s2,0(sp)
    3e92:	8d51                	or	a0,a0,a2
    3e94:	0141                	addi	sp,sp,16
    3e96:	8082                	ret
    3e98:	0a089963          	bnez	a7,3f4a <__addsf3+0x1b6>
    3e9c:	00148713          	addi	a4,s1,1
    3ea0:	0fe77713          	andi	a4,a4,254
    3ea4:	14071763          	bnez	a4,3ff2 <__addsf3+0x25e>
    3ea8:	22049063          	bnez	s1,40c8 <__addsf3+0x334>
    3eac:	1e0e0d63          	beqz	t3,40a6 <__addsf3+0x312>
    3eb0:	fc0e86e3          	beqz	t4,3e7c <__addsf3+0xe8>
    3eb4:	41de07b3          	sub	a5,t3,t4
    3eb8:	00579713          	slli	a4,a5,0x5
    3ebc:	22075063          	bgez	a4,40dc <__addsf3+0x348>
    3ec0:	41ce87b3          	sub	a5,t4,t3
    3ec4:	892e                	mv	s2,a1
    3ec6:	b761                	j	3e4e <__addsf3+0xba>
    3ec8:	0b105c63          	blez	a7,3f80 <__addsf3+0x1ec>
    3ecc:	08080e63          	beqz	a6,3f68 <__addsf3+0x1d4>
    3ed0:	0ff00793          	li	a5,255
    3ed4:	06f48363          	beq	s1,a5,3f3a <__addsf3+0x1a6>
    3ed8:	040007b7          	lui	a5,0x4000
    3edc:	00feeeb3          	or	t4,t4,a5
    3ee0:	47ed                	li	a5,27
    3ee2:	1f17c963          	blt	a5,a7,40d4 <__addsf3+0x340>
    3ee6:	02000793          	li	a5,32
    3eea:	411787b3          	sub	a5,a5,a7
    3eee:	00fe97b3          	sll	a5,t4,a5
    3ef2:	011ed8b3          	srl	a7,t4,a7
    3ef6:	00f037b3          	snez	a5,a5
    3efa:	00f8e7b3          	or	a5,a7,a5
    3efe:	97f2                	add	a5,a5,t3
    3f00:	00579713          	slli	a4,a5,0x5
    3f04:	0a075763          	bgez	a4,3fb2 <__addsf3+0x21e>
    3f08:	0485                	addi	s1,s1,1
    3f0a:	0ff00713          	li	a4,255
    3f0e:	0ce48463          	beq	s1,a4,3fd6 <__addsf3+0x242>
    3f12:	7e0006b7          	lui	a3,0x7e000
    3f16:	0017d713          	srli	a4,a5,0x1
    3f1a:	16fd                	addi	a3,a3,-1
    3f1c:	8b85                	andi	a5,a5,1
    3f1e:	8f75                	and	a4,a4,a3
    3f20:	8fd9                	or	a5,a5,a4
    3f22:	b735                	j	3e4e <__addsf3+0xba>
    3f24:	080e8d63          	beqz	t4,3fbe <__addsf3+0x22a>
    3f28:	18fd                	addi	a7,a7,-1
    3f2a:	41de07b3          	sub	a5,t3,t4
    3f2e:	ee0882e3          	beqz	a7,3e12 <__addsf3+0x7e>
    3f32:	0ff00793          	li	a5,255
    3f36:	eaf49de3          	bne	s1,a5,3df0 <__addsf3+0x5c>
    3f3a:	08030d63          	beqz	t1,3fd4 <__addsf3+0x240>
    3f3e:	4601                	li	a2,0
    3f40:	0ff00513          	li	a0,255
    3f44:	004007b7          	lui	a5,0x400
    3f48:	bf15                	j	3e7c <__addsf3+0xe8>
    3f4a:	40980733          	sub	a4,a6,s1
    3f4e:	e8ed                	bnez	s1,4040 <__addsf3+0x2ac>
    3f50:	140e0263          	beqz	t3,4094 <__addsf3+0x300>
    3f54:	177d                	addi	a4,a4,-1
    3f56:	18070863          	beqz	a4,40e6 <__addsf3+0x352>
    3f5a:	0ff00793          	li	a5,255
    3f5e:	0ef81963          	bne	a6,a5,4050 <__addsf3+0x2bc>
    3f62:	892e                	mv	s2,a1
    3f64:	8336                	mv	t1,a3
    3f66:	bfd1                	j	3f3a <__addsf3+0x1a6>
    3f68:	040e8b63          	beqz	t4,3fbe <__addsf3+0x22a>
    3f6c:	18fd                	addi	a7,a7,-1
    3f6e:	01de07b3          	add	a5,t3,t4
    3f72:	f80887e3          	beqz	a7,3f00 <__addsf3+0x16c>
    3f76:	0ff00793          	li	a5,255
    3f7a:	f6f493e3          	bne	s1,a5,3ee0 <__addsf3+0x14c>
    3f7e:	bf75                	j	3f3a <__addsf3+0x1a6>
    3f80:	08089563          	bnez	a7,400a <__addsf3+0x276>
    3f84:	0485                	addi	s1,s1,1
    3f86:	0fe4f713          	andi	a4,s1,254
    3f8a:	12071363          	bnez	a4,40b0 <__addsf3+0x31c>
    3f8e:	10051763          	bnez	a0,409c <__addsf3+0x308>
    3f92:	140e0f63          	beqz	t3,40f0 <__addsf3+0x35c>
    3f96:	ee0e83e3          	beqz	t4,3e7c <__addsf3+0xe8>
    3f9a:	01de07b3          	add	a5,t3,t4
    3f9e:	00579713          	slli	a4,a5,0x5
    3fa2:	4481                	li	s1,0
    3fa4:	00075763          	bgez	a4,3fb2 <__addsf3+0x21e>
    3fa8:	fc000737          	lui	a4,0xfc000
    3fac:	177d                	addi	a4,a4,-1
    3fae:	8ff9                	and	a5,a5,a4
    3fb0:	4485                	li	s1,1
    3fb2:	0077f713          	andi	a4,a5,7
    3fb6:	e8071fe3          	bnez	a4,3e54 <__addsf3+0xc0>
    3fba:	0037d313          	srli	t1,a5,0x3
    3fbe:	0ff00793          	li	a5,255
    3fc2:	f6f48ce3          	beq	s1,a5,3f3a <__addsf3+0x1a6>
    3fc6:	00931793          	slli	a5,t1,0x9
    3fca:	83a5                	srli	a5,a5,0x9
    3fcc:	0ff4f513          	andi	a0,s1,255
    3fd0:	864a                	mv	a2,s2
    3fd2:	b56d                	j	3e7c <__addsf3+0xe8>
    3fd4:	864a                	mv	a2,s2
    3fd6:	0ff00513          	li	a0,255
    3fda:	4781                	li	a5,0
    3fdc:	b545                	j	3e7c <__addsf3+0xe8>
    3fde:	fc000737          	lui	a4,0xfc000
    3fe2:	177d                	addi	a4,a4,-1
    3fe4:	8ff9                	and	a5,a5,a4
    3fe6:	0077f713          	andi	a4,a5,7
    3fea:	8c89                	sub	s1,s1,a0
    3fec:	e60714e3          	bnez	a4,3e54 <__addsf3+0xc0>
    3ff0:	b7e9                	j	3fba <__addsf3+0x226>
    3ff2:	41de0433          	sub	s0,t3,t4
    3ff6:	00541793          	slli	a5,s0,0x5
    3ffa:	0c07c363          	bltz	a5,40c0 <__addsf3+0x32c>
    3ffe:	e20412e3          	bnez	s0,3e22 <__addsf3+0x8e>
    4002:	4601                	li	a2,0
    4004:	4501                	li	a0,0
    4006:	4781                	li	a5,0
    4008:	bd95                	j	3e7c <__addsf3+0xe8>
    400a:	40980733          	sub	a4,a6,s1
    400e:	c4ad                	beqz	s1,4078 <__addsf3+0x2e4>
    4010:	0ff00793          	li	a5,255
    4014:	f4f808e3          	beq	a6,a5,3f64 <__addsf3+0x1d0>
    4018:	040007b7          	lui	a5,0x4000
    401c:	00fe6e33          	or	t3,t3,a5
    4020:	47ed                	li	a5,27
    4022:	0ce7cc63          	blt	a5,a4,40fa <__addsf3+0x366>
    4026:	02000793          	li	a5,32
    402a:	8f99                	sub	a5,a5,a4
    402c:	00fe17b3          	sll	a5,t3,a5
    4030:	00ee5733          	srl	a4,t3,a4
    4034:	00f037b3          	snez	a5,a5
    4038:	8fd9                	or	a5,a5,a4
    403a:	97f6                	add	a5,a5,t4
    403c:	84c2                	mv	s1,a6
    403e:	b5c9                	j	3f00 <__addsf3+0x16c>
    4040:	0ff00793          	li	a5,255
    4044:	f0f80fe3          	beq	a6,a5,3f62 <__addsf3+0x1ce>
    4048:	040007b7          	lui	a5,0x4000
    404c:	00fe6e33          	or	t3,t3,a5
    4050:	47ed                	li	a5,27
    4052:	08e7c363          	blt	a5,a4,40d8 <__addsf3+0x344>
    4056:	02000693          	li	a3,32
    405a:	8e99                	sub	a3,a3,a4
    405c:	00de16b3          	sll	a3,t3,a3
    4060:	00ee57b3          	srl	a5,t3,a4
    4064:	00d03733          	snez	a4,a3
    4068:	8fd9                	or	a5,a5,a4
    406a:	40fe87b3          	sub	a5,t4,a5
    406e:	84c2                	mv	s1,a6
    4070:	892e                	mv	s2,a1
    4072:	b345                	j	3e12 <__addsf3+0x7e>
    4074:	4785                	li	a5,1
    4076:	bb61                	j	3e0e <__addsf3+0x7a>
    4078:	060e0e63          	beqz	t3,40f4 <__addsf3+0x360>
    407c:	177d                	addi	a4,a4,-1
    407e:	01de07b3          	add	a5,t3,t4
    4082:	84c2                	mv	s1,a6
    4084:	e6070ee3          	beqz	a4,3f00 <__addsf3+0x16c>
    4088:	0ff00793          	li	a5,255
    408c:	f8f81ae3          	bne	a6,a5,4020 <__addsf3+0x28c>
    4090:	8336                	mv	t1,a3
    4092:	b565                	j	3f3a <__addsf3+0x1a6>
    4094:	8336                	mv	t1,a3
    4096:	84c2                	mv	s1,a6
    4098:	892e                	mv	s2,a1
    409a:	b715                	j	3fbe <__addsf3+0x22a>
    409c:	ec0e04e3          	beqz	t3,3f64 <__addsf3+0x1d0>
    40a0:	e80e8de3          	beqz	t4,3f3a <__addsf3+0x1a6>
    40a4:	bd69                	j	3f3e <__addsf3+0x1aa>
    40a6:	020e8d63          	beqz	t4,40e0 <__addsf3+0x34c>
    40aa:	862e                	mv	a2,a1
    40ac:	87b6                	mv	a5,a3
    40ae:	b3f9                	j	3e7c <__addsf3+0xe8>
    40b0:	0ff00793          	li	a5,255
    40b4:	f2f481e3          	beq	s1,a5,3fd6 <__addsf3+0x242>
    40b8:	01de07b3          	add	a5,t3,t4
    40bc:	8385                	srli	a5,a5,0x1
    40be:	bdd5                	j	3fb2 <__addsf3+0x21e>
    40c0:	41ce8433          	sub	s0,t4,t3
    40c4:	892e                	mv	s2,a1
    40c6:	bbb1                	j	3e22 <__addsf3+0x8e>
    40c8:	fc0e1ce3          	bnez	t3,40a0 <__addsf3+0x30c>
    40cc:	e60e89e3          	beqz	t4,3f3e <__addsf3+0x1aa>
    40d0:	892e                	mv	s2,a1
    40d2:	bd49                	j	3f64 <__addsf3+0x1d0>
    40d4:	4785                	li	a5,1
    40d6:	b525                	j	3efe <__addsf3+0x16a>
    40d8:	4785                	li	a5,1
    40da:	bf41                	j	406a <__addsf3+0x2d6>
    40dc:	ec079be3          	bnez	a5,3fb2 <__addsf3+0x21e>
    40e0:	4601                	li	a2,0
    40e2:	4781                	li	a5,0
    40e4:	bb61                	j	3e7c <__addsf3+0xe8>
    40e6:	41ce87b3          	sub	a5,t4,t3
    40ea:	84c2                	mv	s1,a6
    40ec:	892e                	mv	s2,a1
    40ee:	b315                	j	3e12 <__addsf3+0x7e>
    40f0:	87b6                	mv	a5,a3
    40f2:	b369                	j	3e7c <__addsf3+0xe8>
    40f4:	8336                	mv	t1,a3
    40f6:	84c2                	mv	s1,a6
    40f8:	b5d9                	j	3fbe <__addsf3+0x22a>
    40fa:	4785                	li	a5,1
    40fc:	bf3d                	j	403a <__addsf3+0x2a6>

000040fe <__divsf3>:
    40fe:	7139                	addi	sp,sp,-64
    4100:	01755793          	srli	a5,a0,0x17
    4104:	d84a                	sw	s2,48(sp)
    4106:	d256                	sw	s5,36(sp)
    4108:	ce5e                	sw	s7,28(sp)
    410a:	00951a93          	slli	s5,a0,0x9
    410e:	01f55913          	srli	s2,a0,0x1f
    4112:	de06                	sw	ra,60(sp)
    4114:	dc22                	sw	s0,56(sp)
    4116:	da26                	sw	s1,52(sp)
    4118:	d64e                	sw	s3,44(sp)
    411a:	d452                	sw	s4,40(sp)
    411c:	d05a                	sw	s6,32(sp)
    411e:	0ff7f793          	andi	a5,a5,255
    4122:	009ada93          	srli	s5,s5,0x9
    4126:	8bca                	mv	s7,s2
    4128:	12078263          	beqz	a5,424c <__divsf3+0x14e>
    412c:	0ff00713          	li	a4,255
    4130:	12e78463          	beq	a5,a4,4258 <__divsf3+0x15a>
    4134:	0a8e                	slli	s5,s5,0x3
    4136:	04000737          	lui	a4,0x4000
    413a:	00eaeab3          	or	s5,s5,a4
    413e:	f8178a13          	addi	s4,a5,-127 # 3ffff81 <_data_lma+0x3ffa425>
    4142:	4401                	li	s0,0
    4144:	4b01                	li	s6,0
    4146:	0175d793          	srli	a5,a1,0x17
    414a:	00959493          	slli	s1,a1,0x9
    414e:	0ff7f793          	andi	a5,a5,255
    4152:	80a5                	srli	s1,s1,0x9
    4154:	01f5d993          	srli	s3,a1,0x1f
    4158:	c7fd                	beqz	a5,4246 <__divsf3+0x148>
    415a:	0ff00713          	li	a4,255
    415e:	02e78763          	beq	a5,a4,418c <__divsf3+0x8e>
    4162:	048e                	slli	s1,s1,0x3
    4164:	f8178793          	addi	a5,a5,-127
    4168:	04000737          	lui	a4,0x4000
    416c:	8cd9                	or	s1,s1,a4
    416e:	40fa0a33          	sub	s4,s4,a5
    4172:	4681                	li	a3,0
    4174:	8c55                	or	s0,s0,a3
    4176:	00001717          	auipc	a4,0x1
    417a:	71270713          	addi	a4,a4,1810 # 5888 <Ch8x16+0x6fc>
    417e:	040a                	slli	s0,s0,0x2
    4180:	943a                	add	s0,s0,a4
    4182:	401c                	lw	a5,0(s0)
    4184:	01394933          	xor	s2,s2,s3
    4188:	97ba                	add	a5,a5,a4
    418a:	8782                	jr	a5
    418c:	f01a0a13          	addi	s4,s4,-255
    4190:	e8f9                	bnez	s1,4266 <__divsf3+0x168>
    4192:	4689                	li	a3,2
    4194:	8c55                	or	s0,s0,a3
    4196:	00001717          	auipc	a4,0x1
    419a:	73270713          	addi	a4,a4,1842 # 58c8 <Ch8x16+0x73c>
    419e:	040a                	slli	s0,s0,0x2
    41a0:	943a                	add	s0,s0,a4
    41a2:	401c                	lw	a5,0(s0)
    41a4:	01394933          	xor	s2,s2,s3
    41a8:	97ba                	add	a5,a5,a4
    41aa:	8782                	jr	a5
    41ac:	4901                	li	s2,0
    41ae:	0ff00713          	li	a4,255
    41b2:	004007b7          	lui	a5,0x400
    41b6:	00979513          	slli	a0,a5,0x9
    41ba:	50f2                	lw	ra,60(sp)
    41bc:	5462                	lw	s0,56(sp)
    41be:	01771793          	slli	a5,a4,0x17
    41c2:	8125                	srli	a0,a0,0x9
    41c4:	097e                	slli	s2,s2,0x1f
    41c6:	8d5d                	or	a0,a0,a5
    41c8:	01256533          	or	a0,a0,s2
    41cc:	54d2                	lw	s1,52(sp)
    41ce:	5942                	lw	s2,48(sp)
    41d0:	59b2                	lw	s3,44(sp)
    41d2:	5a22                	lw	s4,40(sp)
    41d4:	5a92                	lw	s5,36(sp)
    41d6:	5b02                	lw	s6,32(sp)
    41d8:	4bf2                	lw	s7,28(sp)
    41da:	6121                	addi	sp,sp,64
    41dc:	8082                	ret
    41de:	0ff00713          	li	a4,255
    41e2:	4781                	li	a5,0
    41e4:	bfc9                	j	41b6 <__divsf3+0xb8>
    41e6:	8aa6                	mv	s5,s1
    41e8:	8bce                	mv	s7,s3
    41ea:	8b36                	mv	s6,a3
    41ec:	4789                	li	a5,2
    41ee:	1afb0b63          	beq	s6,a5,43a4 <__divsf3+0x2a6>
    41f2:	478d                	li	a5,3
    41f4:	fafb0ce3          	beq	s6,a5,41ac <__divsf3+0xae>
    41f8:	4785                	li	a5,1
    41fa:	0afb0a63          	beq	s6,a5,42ae <__divsf3+0x1b0>
    41fe:	07fa0713          	addi	a4,s4,127
    4202:	001bf913          	andi	s2,s7,1
    4206:	12e05763          	blez	a4,4334 <__divsf3+0x236>
    420a:	007af793          	andi	a5,s5,7
    420e:	c799                	beqz	a5,421c <__divsf3+0x11e>
    4210:	00faf793          	andi	a5,s5,15
    4214:	4691                	li	a3,4
    4216:	00d78363          	beq	a5,a3,421c <__divsf3+0x11e>
    421a:	0a91                	addi	s5,s5,4
    421c:	004a9793          	slli	a5,s5,0x4
    4220:	0007d963          	bgez	a5,4232 <__divsf3+0x134>
    4224:	f80007b7          	lui	a5,0xf8000
    4228:	17fd                	addi	a5,a5,-1
    422a:	00fafab3          	and	s5,s5,a5
    422e:	080a0713          	addi	a4,s4,128
    4232:	0fe00793          	li	a5,254
    4236:	fae7c4e3          	blt	a5,a4,41de <__divsf3+0xe0>
    423a:	006a9793          	slli	a5,s5,0x6
    423e:	83a5                	srli	a5,a5,0x9
    4240:	0ff77713          	andi	a4,a4,255
    4244:	bf8d                	j	41b6 <__divsf3+0xb8>
    4246:	e4b9                	bnez	s1,4294 <__divsf3+0x196>
    4248:	4685                	li	a3,1
    424a:	b7a9                	j	4194 <__divsf3+0x96>
    424c:	020a9463          	bnez	s5,4274 <__divsf3+0x176>
    4250:	4411                	li	s0,4
    4252:	4a01                	li	s4,0
    4254:	4b05                	li	s6,1
    4256:	bdc5                	j	4146 <__divsf3+0x48>
    4258:	000a9963          	bnez	s5,426a <__divsf3+0x16c>
    425c:	4421                	li	s0,8
    425e:	0ff00a13          	li	s4,255
    4262:	4b09                	li	s6,2
    4264:	b5cd                	j	4146 <__divsf3+0x48>
    4266:	468d                	li	a3,3
    4268:	b731                	j	4174 <__divsf3+0x76>
    426a:	4431                	li	s0,12
    426c:	0ff00a13          	li	s4,255
    4270:	4b0d                	li	s6,3
    4272:	bdd1                	j	4146 <__divsf3+0x48>
    4274:	8556                	mv	a0,s5
    4276:	c62e                	sw	a1,12(sp)
    4278:	2a3000ef          	jal	ra,4d1a <__clzsi2>
    427c:	ffb50793          	addi	a5,a0,-5
    4280:	00fa9ab3          	sll	s5,s5,a5
    4284:	f8a00793          	li	a5,-118
    4288:	40a78a33          	sub	s4,a5,a0
    428c:	4401                	li	s0,0
    428e:	4b01                	li	s6,0
    4290:	45b2                	lw	a1,12(sp)
    4292:	bd55                	j	4146 <__divsf3+0x48>
    4294:	8526                	mv	a0,s1
    4296:	285000ef          	jal	ra,4d1a <__clzsi2>
    429a:	ffb50713          	addi	a4,a0,-5
    429e:	00aa07b3          	add	a5,s4,a0
    42a2:	00e494b3          	sll	s1,s1,a4
    42a6:	07678a13          	addi	s4,a5,118 # f8000076 <_eusrstack+0xd7ff8076>
    42aa:	4681                	li	a3,0
    42ac:	b5e1                	j	4174 <__divsf3+0x76>
    42ae:	001bf913          	andi	s2,s7,1
    42b2:	4701                	li	a4,0
    42b4:	4781                	li	a5,0
    42b6:	b701                	j	41b6 <__divsf3+0xb8>
    42b8:	6641                	lui	a2,0x10
    42ba:	00549513          	slli	a0,s1,0x5
    42be:	167d                	addi	a2,a2,-1
    42c0:	01055793          	srli	a5,a0,0x10
    42c4:	8e69                	and	a2,a2,a0
    42c6:	0a9afa63          	bgeu	s5,s1,437a <__divsf3+0x27c>
    42ca:	02fad5b3          	divu	a1,s5,a5
    42ce:	1a7d                	addi	s4,s4,-1
    42d0:	86d6                	mv	a3,s5
    42d2:	4701                	li	a4,0
    42d4:	02c58833          	mul	a6,a1,a2
    42d8:	02f6f6b3          	remu	a3,a3,a5
    42dc:	06c2                	slli	a3,a3,0x10
    42de:	8f55                	or	a4,a4,a3
    42e0:	01077b63          	bgeu	a4,a6,42f6 <__divsf3+0x1f8>
    42e4:	972a                	add	a4,a4,a0
    42e6:	fff58693          	addi	a3,a1,-1 # 7fffffff <_eusrstack+0x5fff7fff>
    42ea:	0aa76863          	bltu	a4,a0,439a <__divsf3+0x29c>
    42ee:	0b077663          	bgeu	a4,a6,439a <__divsf3+0x29c>
    42f2:	15f9                	addi	a1,a1,-2
    42f4:	972a                	add	a4,a4,a0
    42f6:	41070733          	sub	a4,a4,a6
    42fa:	02f756b3          	divu	a3,a4,a5
    42fe:	02f77733          	remu	a4,a4,a5
    4302:	02c68ab3          	mul	s5,a3,a2
    4306:	01071793          	slli	a5,a4,0x10
    430a:	0157fb63          	bgeu	a5,s5,4320 <__divsf3+0x222>
    430e:	97aa                	add	a5,a5,a0
    4310:	fff68713          	addi	a4,a3,-1 # 7dffffff <_eusrstack+0x5dff7fff>
    4314:	08a7e163          	bltu	a5,a0,4396 <__divsf3+0x298>
    4318:	0757ff63          	bgeu	a5,s5,4396 <__divsf3+0x298>
    431c:	16f9                	addi	a3,a3,-2
    431e:	97aa                	add	a5,a5,a0
    4320:	05c2                	slli	a1,a1,0x10
    4322:	41578ab3          	sub	s5,a5,s5
    4326:	8dd5                	or	a1,a1,a3
    4328:	01503ab3          	snez	s5,s5
    432c:	0155eab3          	or	s5,a1,s5
    4330:	8bca                	mv	s7,s2
    4332:	b5f1                	j	41fe <__divsf3+0x100>
    4334:	4685                	li	a3,1
    4336:	8e99                	sub	a3,a3,a4
    4338:	c711                	beqz	a4,4344 <__divsf3+0x246>
    433a:	466d                	li	a2,27
    433c:	4701                	li	a4,0
    433e:	4781                	li	a5,0
    4340:	e6d64be3          	blt	a2,a3,41b6 <__divsf3+0xb8>
    4344:	09ea0a13          	addi	s4,s4,158
    4348:	014a9a33          	sll	s4,s5,s4
    434c:	00dad7b3          	srl	a5,s5,a3
    4350:	01403ab3          	snez	s5,s4
    4354:	0157e7b3          	or	a5,a5,s5
    4358:	0077f713          	andi	a4,a5,7
    435c:	c719                	beqz	a4,436a <__divsf3+0x26c>
    435e:	00f7f713          	andi	a4,a5,15
    4362:	4691                	li	a3,4
    4364:	00d70363          	beq	a4,a3,436a <__divsf3+0x26c>
    4368:	0791                	addi	a5,a5,4
    436a:	00579713          	slli	a4,a5,0x5
    436e:	02074863          	bltz	a4,439e <__divsf3+0x2a0>
    4372:	079a                	slli	a5,a5,0x6
    4374:	83a5                	srli	a5,a5,0x9
    4376:	4701                	li	a4,0
    4378:	bd3d                	j	41b6 <__divsf3+0xb8>
    437a:	001ad693          	srli	a3,s5,0x1
    437e:	02f6d5b3          	divu	a1,a3,a5
    4382:	01fa9713          	slli	a4,s5,0x1f
    4386:	8341                	srli	a4,a4,0x10
    4388:	02c58833          	mul	a6,a1,a2
    438c:	b7b1                	j	42d8 <__divsf3+0x1da>
    438e:	8bce                	mv	s7,s3
    4390:	8b36                	mv	s6,a3
    4392:	4a81                	li	s5,0
    4394:	bda1                	j	41ec <__divsf3+0xee>
    4396:	86ba                	mv	a3,a4
    4398:	b761                	j	4320 <__divsf3+0x222>
    439a:	85b6                	mv	a1,a3
    439c:	bfa9                	j	42f6 <__divsf3+0x1f8>
    439e:	4705                	li	a4,1
    43a0:	4781                	li	a5,0
    43a2:	bd11                	j	41b6 <__divsf3+0xb8>
    43a4:	001bf913          	andi	s2,s7,1
    43a8:	0ff00713          	li	a4,255
    43ac:	4781                	li	a5,0
    43ae:	b521                	j	41b6 <__divsf3+0xb8>

000043b0 <__gesf2>:
    43b0:	01755693          	srli	a3,a0,0x17
    43b4:	008007b7          	lui	a5,0x800
    43b8:	17fd                	addi	a5,a5,-1
    43ba:	0175d613          	srli	a2,a1,0x17
    43be:	0ff6f693          	andi	a3,a3,255
    43c2:	0ff00813          	li	a6,255
    43c6:	00a7f8b3          	and	a7,a5,a0
    43ca:	01f55713          	srli	a4,a0,0x1f
    43ce:	8fed                	and	a5,a5,a1
    43d0:	0ff67613          	andi	a2,a2,255
    43d4:	81fd                	srli	a1,a1,0x1f
    43d6:	03068163          	beq	a3,a6,43f8 <__gesf2+0x48>
    43da:	01060c63          	beq	a2,a6,43f2 <__gesf2+0x42>
    43de:	e28d                	bnez	a3,4400 <__gesf2+0x50>
    43e0:	e211                	bnez	a2,43e4 <__gesf2+0x34>
    43e2:	c3b1                	beqz	a5,4426 <__gesf2+0x76>
    43e4:	02088e63          	beqz	a7,4420 <__gesf2+0x70>
    43e8:	04b70563          	beq	a4,a1,4432 <__gesf2+0x82>
    43ec:	4505                	li	a0,1
    43ee:	e71d                	bnez	a4,441c <__gesf2+0x6c>
    43f0:	8082                	ret
    43f2:	d7f5                	beqz	a5,43de <__gesf2+0x2e>
    43f4:	5579                	li	a0,-2
    43f6:	8082                	ret
    43f8:	fe089ee3          	bnez	a7,43f4 <__gesf2+0x44>
    43fc:	02d60963          	beq	a2,a3,442e <__gesf2+0x7e>
    4400:	e211                	bnez	a2,4404 <__gesf2+0x54>
    4402:	d7ed                	beqz	a5,43ec <__gesf2+0x3c>
    4404:	feb714e3          	bne	a4,a1,43ec <__gesf2+0x3c>
    4408:	fed642e3          	blt	a2,a3,43ec <__gesf2+0x3c>
    440c:	00c6c763          	blt	a3,a2,441a <__gesf2+0x6a>
    4410:	fd17eee3          	bltu	a5,a7,43ec <__gesf2+0x3c>
    4414:	4501                	li	a0,0
    4416:	fcf8fde3          	bgeu	a7,a5,43f0 <__gesf2+0x40>
    441a:	e701                	bnez	a4,4422 <__gesf2+0x72>
    441c:	557d                	li	a0,-1
    441e:	8082                	ret
    4420:	ddf5                	beqz	a1,441c <__gesf2+0x6c>
    4422:	4505                	li	a0,1
    4424:	8082                	ret
    4426:	4501                	li	a0,0
    4428:	fc0892e3          	bnez	a7,43ec <__gesf2+0x3c>
    442c:	8082                	ret
    442e:	dbf9                	beqz	a5,4404 <__gesf2+0x54>
    4430:	b7d1                	j	43f4 <__gesf2+0x44>
    4432:	4681                	li	a3,0
    4434:	bfe1                	j	440c <__gesf2+0x5c>

00004436 <__lesf2>:
    4436:	01755693          	srli	a3,a0,0x17
    443a:	008007b7          	lui	a5,0x800
    443e:	17fd                	addi	a5,a5,-1
    4440:	0175d613          	srli	a2,a1,0x17
    4444:	0ff6f693          	andi	a3,a3,255
    4448:	0ff00813          	li	a6,255
    444c:	00a7f8b3          	and	a7,a5,a0
    4450:	01f55713          	srli	a4,a0,0x1f
    4454:	8fed                	and	a5,a5,a1
    4456:	0ff67613          	andi	a2,a2,255
    445a:	81fd                	srli	a1,a1,0x1f
    445c:	03068763          	beq	a3,a6,448a <__lesf2+0x54>
    4460:	01060963          	beq	a2,a6,4472 <__lesf2+0x3c>
    4464:	ea85                	bnez	a3,4494 <__lesf2+0x5e>
    4466:	ea11                	bnez	a2,447a <__lesf2+0x44>
    4468:	eb89                	bnez	a5,447a <__lesf2+0x44>
    446a:	4501                	li	a0,0
    446c:	00089b63          	bnez	a7,4482 <__lesf2+0x4c>
    4470:	8082                	ret
    4472:	4509                	li	a0,2
    4474:	fff5                	bnez	a5,4470 <__lesf2+0x3a>
    4476:	dae5                	beqz	a3,4466 <__lesf2+0x30>
    4478:	a831                	j	4494 <__lesf2+0x5e>
    447a:	02088c63          	beqz	a7,44b2 <__lesf2+0x7c>
    447e:	04b70063          	beq	a4,a1,44be <__lesf2+0x88>
    4482:	4505                	li	a0,1
    4484:	d775                	beqz	a4,4470 <__lesf2+0x3a>
    4486:	557d                	li	a0,-1
    4488:	8082                	ret
    448a:	4509                	li	a0,2
    448c:	02089863          	bnez	a7,44bc <__lesf2+0x86>
    4490:	02d60463          	beq	a2,a3,44b8 <__lesf2+0x82>
    4494:	e211                	bnez	a2,4498 <__lesf2+0x62>
    4496:	d7f5                	beqz	a5,4482 <__lesf2+0x4c>
    4498:	feb715e3          	bne	a4,a1,4482 <__lesf2+0x4c>
    449c:	fed643e3          	blt	a2,a3,4482 <__lesf2+0x4c>
    44a0:	00c6c763          	blt	a3,a2,44ae <__lesf2+0x78>
    44a4:	fd17efe3          	bltu	a5,a7,4482 <__lesf2+0x4c>
    44a8:	4501                	li	a0,0
    44aa:	fcf8f3e3          	bgeu	a7,a5,4470 <__lesf2+0x3a>
    44ae:	e319                	bnez	a4,44b4 <__lesf2+0x7e>
    44b0:	bfd9                	j	4486 <__lesf2+0x50>
    44b2:	d9f1                	beqz	a1,4486 <__lesf2+0x50>
    44b4:	4505                	li	a0,1
    44b6:	8082                	ret
    44b8:	d3e5                	beqz	a5,4498 <__lesf2+0x62>
    44ba:	8082                	ret
    44bc:	8082                	ret
    44be:	4681                	li	a3,0
    44c0:	b7c5                	j	44a0 <__lesf2+0x6a>

000044c2 <__mulsf3>:
    44c2:	7179                	addi	sp,sp,-48
    44c4:	d422                	sw	s0,40(sp)
    44c6:	01755413          	srli	s0,a0,0x17
    44ca:	ce4e                	sw	s3,28(sp)
    44cc:	cc52                	sw	s4,24(sp)
    44ce:	00951993          	slli	s3,a0,0x9
    44d2:	d606                	sw	ra,44(sp)
    44d4:	d226                	sw	s1,36(sp)
    44d6:	d04a                	sw	s2,32(sp)
    44d8:	ca56                	sw	s5,20(sp)
    44da:	c85a                	sw	s6,16(sp)
    44dc:	0ff47413          	andi	s0,s0,255
    44e0:	0099d993          	srli	s3,s3,0x9
    44e4:	01f55a13          	srli	s4,a0,0x1f
    44e8:	c469                	beqz	s0,45b2 <__mulsf3+0xf0>
    44ea:	0ff00793          	li	a5,255
    44ee:	0ef40863          	beq	s0,a5,45de <__mulsf3+0x11c>
    44f2:	00399793          	slli	a5,s3,0x3
    44f6:	04000737          	lui	a4,0x4000
    44fa:	00e7e9b3          	or	s3,a5,a4
    44fe:	f8140413          	addi	s0,s0,-127 # 3ffff81 <_data_lma+0x3ffa425>
    4502:	4481                	li	s1,0
    4504:	4b01                	li	s6,0
    4506:	0175d713          	srli	a4,a1,0x17
    450a:	00959a93          	slli	s5,a1,0x9
    450e:	0ff77713          	andi	a4,a4,255
    4512:	009ada93          	srli	s5,s5,0x9
    4516:	01f5d913          	srli	s2,a1,0x1f
    451a:	cf45                	beqz	a4,45d2 <__mulsf3+0x110>
    451c:	0ff00793          	li	a5,255
    4520:	02f70c63          	beq	a4,a5,4558 <__mulsf3+0x96>
    4524:	0a8e                	slli	s5,s5,0x3
    4526:	f8170713          	addi	a4,a4,-127 # 3ffff81 <_data_lma+0x3ffa425>
    452a:	040007b7          	lui	a5,0x4000
    452e:	00faeab3          	or	s5,s5,a5
    4532:	943a                	add	s0,s0,a4
    4534:	4601                	li	a2,0
    4536:	012a4533          	xor	a0,s4,s2
    453a:	47bd                	li	a5,15
    453c:	86aa                	mv	a3,a0
    453e:	00140593          	addi	a1,s0,1
    4542:	1097e063          	bltu	a5,s1,4642 <__mulsf3+0x180>
    4546:	00001717          	auipc	a4,0x1
    454a:	3c270713          	addi	a4,a4,962 # 5908 <Ch8x16+0x77c>
    454e:	048a                	slli	s1,s1,0x2
    4550:	94ba                	add	s1,s1,a4
    4552:	409c                	lw	a5,0(s1)
    4554:	97ba                	add	a5,a5,a4
    4556:	8782                	jr	a5
    4558:	0ff40413          	addi	s0,s0,255
    455c:	0c0a9663          	bnez	s5,4628 <__mulsf3+0x166>
    4560:	0024e493          	ori	s1,s1,2
    4564:	4609                	li	a2,2
    4566:	bfc1                	j	4536 <__mulsf3+0x74>
    4568:	4501                	li	a0,0
    456a:	0ff00713          	li	a4,255
    456e:	004007b7          	lui	a5,0x400
    4572:	50b2                	lw	ra,44(sp)
    4574:	5422                	lw	s0,40(sp)
    4576:	07a6                	slli	a5,a5,0x9
    4578:	075e                	slli	a4,a4,0x17
    457a:	83a5                	srli	a5,a5,0x9
    457c:	057e                	slli	a0,a0,0x1f
    457e:	8fd9                	or	a5,a5,a4
    4580:	5492                	lw	s1,36(sp)
    4582:	5902                	lw	s2,32(sp)
    4584:	49f2                	lw	s3,28(sp)
    4586:	4a62                	lw	s4,24(sp)
    4588:	4ad2                	lw	s5,20(sp)
    458a:	4b42                	lw	s6,16(sp)
    458c:	8d5d                	or	a0,a0,a5
    458e:	6145                	addi	sp,sp,48
    4590:	8082                	ret
    4592:	86ca                	mv	a3,s2
    4594:	89d6                	mv	s3,s5
    4596:	8b32                	mv	s6,a2
    4598:	4789                	li	a5,2
    459a:	08fb0f63          	beq	s6,a5,4638 <__mulsf3+0x176>
    459e:	478d                	li	a5,3
    45a0:	fcfb04e3          	beq	s6,a5,4568 <__mulsf3+0xa6>
    45a4:	4785                	li	a5,1
    45a6:	8536                	mv	a0,a3
    45a8:	1afb1063          	bne	s6,a5,4748 <__mulsf3+0x286>
    45ac:	4701                	li	a4,0
    45ae:	4781                	li	a5,0
    45b0:	b7c9                	j	4572 <__mulsf3+0xb0>
    45b2:	04099d63          	bnez	s3,460c <__mulsf3+0x14a>
    45b6:	0175d713          	srli	a4,a1,0x17
    45ba:	00959a93          	slli	s5,a1,0x9
    45be:	0ff77713          	andi	a4,a4,255
    45c2:	4491                	li	s1,4
    45c4:	4401                	li	s0,0
    45c6:	4b05                	li	s6,1
    45c8:	009ada93          	srli	s5,s5,0x9
    45cc:	01f5d913          	srli	s2,a1,0x1f
    45d0:	f731                	bnez	a4,451c <__mulsf3+0x5a>
    45d2:	000a9d63          	bnez	s5,45ec <__mulsf3+0x12a>
    45d6:	0014e493          	ori	s1,s1,1
    45da:	4605                	li	a2,1
    45dc:	bfa9                	j	4536 <__mulsf3+0x74>
    45de:	02099263          	bnez	s3,4602 <__mulsf3+0x140>
    45e2:	44a1                	li	s1,8
    45e4:	0ff00413          	li	s0,255
    45e8:	4b09                	li	s6,2
    45ea:	bf31                	j	4506 <__mulsf3+0x44>
    45ec:	8556                	mv	a0,s5
    45ee:	2735                	jal	4d1a <__clzsi2>
    45f0:	ffb50793          	addi	a5,a0,-5
    45f4:	8c09                	sub	s0,s0,a0
    45f6:	00fa9ab3          	sll	s5,s5,a5
    45fa:	f8a40413          	addi	s0,s0,-118
    45fe:	4601                	li	a2,0
    4600:	bf1d                	j	4536 <__mulsf3+0x74>
    4602:	44b1                	li	s1,12
    4604:	0ff00413          	li	s0,255
    4608:	4b0d                	li	s6,3
    460a:	bdf5                	j	4506 <__mulsf3+0x44>
    460c:	854e                	mv	a0,s3
    460e:	c62e                	sw	a1,12(sp)
    4610:	2729                	jal	4d1a <__clzsi2>
    4612:	ffb50793          	addi	a5,a0,-5
    4616:	f8a00413          	li	s0,-118
    461a:	00f999b3          	sll	s3,s3,a5
    461e:	8c09                	sub	s0,s0,a0
    4620:	4481                	li	s1,0
    4622:	4b01                	li	s6,0
    4624:	45b2                	lw	a1,12(sp)
    4626:	b5c5                	j	4506 <__mulsf3+0x44>
    4628:	0034e493          	ori	s1,s1,3
    462c:	460d                	li	a2,3
    462e:	b721                	j	4536 <__mulsf3+0x74>
    4630:	4789                	li	a5,2
    4632:	86d2                	mv	a3,s4
    4634:	f6fb15e3          	bne	s6,a5,459e <__mulsf3+0xdc>
    4638:	8536                	mv	a0,a3
    463a:	0ff00713          	li	a4,255
    463e:	4781                	li	a5,0
    4640:	bf0d                	j	4572 <__mulsf3+0xb0>
    4642:	6341                	lui	t1,0x10
    4644:	fff30693          	addi	a3,t1,-1 # ffff <_data_lma+0xa4a3>
    4648:	0109d613          	srli	a2,s3,0x10
    464c:	010ad893          	srli	a7,s5,0x10
    4650:	00d9f7b3          	and	a5,s3,a3
    4654:	00dafab3          	and	s5,s5,a3
    4658:	03578833          	mul	a6,a5,s5
    465c:	02f889b3          	mul	s3,a7,a5
    4660:	01085713          	srli	a4,a6,0x10
    4664:	03560ab3          	mul	s5,a2,s5
    4668:	99d6                	add	s3,s3,s5
    466a:	974e                	add	a4,a4,s3
    466c:	03160633          	mul	a2,a2,a7
    4670:	01577363          	bgeu	a4,s5,4676 <__mulsf3+0x1b4>
    4674:	961a                	add	a2,a2,t1
    4676:	67c1                	lui	a5,0x10
    4678:	17fd                	addi	a5,a5,-1
    467a:	00f776b3          	and	a3,a4,a5
    467e:	00f87833          	and	a6,a6,a5
    4682:	06c2                	slli	a3,a3,0x10
    4684:	96c2                	add	a3,a3,a6
    4686:	00669993          	slli	s3,a3,0x6
    468a:	01075793          	srli	a5,a4,0x10
    468e:	013039b3          	snez	s3,s3
    4692:	82e9                	srli	a3,a3,0x1a
    4694:	97b2                	add	a5,a5,a2
    4696:	079a                	slli	a5,a5,0x6
    4698:	00d9e6b3          	or	a3,s3,a3
    469c:	00d7e9b3          	or	s3,a5,a3
    46a0:	00499793          	slli	a5,s3,0x4
    46a4:	0007d963          	bgez	a5,46b6 <__mulsf3+0x1f4>
    46a8:	0019d713          	srli	a4,s3,0x1
    46ac:	0019f793          	andi	a5,s3,1
    46b0:	00f769b3          	or	s3,a4,a5
    46b4:	842e                	mv	s0,a1
    46b6:	07f40713          	addi	a4,s0,127
    46ba:	04e05063          	blez	a4,46fa <__mulsf3+0x238>
    46be:	0079f793          	andi	a5,s3,7
    46c2:	c799                	beqz	a5,46d0 <__mulsf3+0x20e>
    46c4:	00f9f793          	andi	a5,s3,15
    46c8:	4691                	li	a3,4
    46ca:	00d78363          	beq	a5,a3,46d0 <__mulsf3+0x20e>
    46ce:	0991                	addi	s3,s3,4
    46d0:	00499793          	slli	a5,s3,0x4
    46d4:	0007d963          	bgez	a5,46e6 <__mulsf3+0x224>
    46d8:	f80007b7          	lui	a5,0xf8000
    46dc:	17fd                	addi	a5,a5,-1
    46de:	00f9f9b3          	and	s3,s3,a5
    46e2:	08040713          	addi	a4,s0,128
    46e6:	0fe00793          	li	a5,254
    46ea:	04e7cb63          	blt	a5,a4,4740 <__mulsf3+0x27e>
    46ee:	00699793          	slli	a5,s3,0x6
    46f2:	83a5                	srli	a5,a5,0x9
    46f4:	0ff77713          	andi	a4,a4,255
    46f8:	bdad                	j	4572 <__mulsf3+0xb0>
    46fa:	4785                	li	a5,1
    46fc:	40e786b3          	sub	a3,a5,a4
    4700:	c711                	beqz	a4,470c <__mulsf3+0x24a>
    4702:	466d                	li	a2,27
    4704:	4701                	li	a4,0
    4706:	4781                	li	a5,0
    4708:	e6d645e3          	blt	a2,a3,4572 <__mulsf3+0xb0>
    470c:	09e40713          	addi	a4,s0,158
    4710:	00e99733          	sll	a4,s3,a4
    4714:	00e03733          	snez	a4,a4
    4718:	00d9d7b3          	srl	a5,s3,a3
    471c:	8fd9                	or	a5,a5,a4
    471e:	0077f713          	andi	a4,a5,7
    4722:	c719                	beqz	a4,4730 <__mulsf3+0x26e>
    4724:	00f7f713          	andi	a4,a5,15
    4728:	4691                	li	a3,4
    472a:	00d70363          	beq	a4,a3,4730 <__mulsf3+0x26e>
    472e:	0791                	addi	a5,a5,4
    4730:	00579713          	slli	a4,a5,0x5
    4734:	00074c63          	bltz	a4,474c <__mulsf3+0x28a>
    4738:	079a                	slli	a5,a5,0x6
    473a:	83a5                	srli	a5,a5,0x9
    473c:	4701                	li	a4,0
    473e:	bd15                	j	4572 <__mulsf3+0xb0>
    4740:	0ff00713          	li	a4,255
    4744:	4781                	li	a5,0
    4746:	b535                	j	4572 <__mulsf3+0xb0>
    4748:	842e                	mv	s0,a1
    474a:	b7b5                	j	46b6 <__mulsf3+0x1f4>
    474c:	4705                	li	a4,1
    474e:	4781                	li	a5,0
    4750:	b50d                	j	4572 <__mulsf3+0xb0>

00004752 <__subsf3>:
    4752:	00800737          	lui	a4,0x800
    4756:	1141                	addi	sp,sp,-16
    4758:	177d                	addi	a4,a4,-1
    475a:	01755693          	srli	a3,a0,0x17
    475e:	0175d813          	srli	a6,a1,0x17
    4762:	00a777b3          	and	a5,a4,a0
    4766:	0ff6f693          	andi	a3,a3,255
    476a:	01f55e93          	srli	t4,a0,0x1f
    476e:	00b77633          	and	a2,a4,a1
    4772:	c226                	sw	s1,4(sp)
    4774:	c04a                	sw	s2,0(sp)
    4776:	0ff87813          	andi	a6,a6,255
    477a:	c606                	sw	ra,12(sp)
    477c:	c422                	sw	s0,8(sp)
    477e:	0ff00313          	li	t1,255
    4782:	8e3e                	mv	t3,a5
    4784:	8936                	mv	s2,a3
    4786:	84f6                	mv	s1,t4
    4788:	00379f13          	slli	t5,a5,0x3
    478c:	81fd                	srli	a1,a1,0x1f
    478e:	00361513          	slli	a0,a2,0x3
    4792:	410688b3          	sub	a7,a3,a6
    4796:	10680263          	beq	a6,t1,489a <__subsf3+0x148>
    479a:	0015c593          	xori	a1,a1,1
    479e:	10be8c63          	beq	t4,a1,48b6 <__subsf3+0x164>
    47a2:	0d105463          	blez	a7,486a <__subsf3+0x118>
    47a6:	10081063          	bnez	a6,48a6 <__subsf3+0x154>
    47aa:	1e050463          	beqz	a0,4992 <__subsf3+0x240>
    47ae:	18fd                	addi	a7,a7,-1
    47b0:	40af07b3          	sub	a5,t5,a0
    47b4:	02088663          	beqz	a7,47e0 <__subsf3+0x8e>
    47b8:	0ff00793          	li	a5,255
    47bc:	16f68863          	beq	a3,a5,492c <__subsf3+0x1da>
    47c0:	47ed                	li	a5,27
    47c2:	2917c763          	blt	a5,a7,4a50 <__subsf3+0x2fe>
    47c6:	02000713          	li	a4,32
    47ca:	41170733          	sub	a4,a4,a7
    47ce:	00e51733          	sll	a4,a0,a4
    47d2:	011557b3          	srl	a5,a0,a7
    47d6:	00e03733          	snez	a4,a4
    47da:	8fd9                	or	a5,a5,a4
    47dc:	40ff07b3          	sub	a5,t5,a5
    47e0:	00579713          	slli	a4,a5,0x5
    47e4:	1a075163          	bgez	a4,4986 <__subsf3+0x234>
    47e8:	04000437          	lui	s0,0x4000
    47ec:	147d                	addi	s0,s0,-1
    47ee:	8c7d                	and	s0,s0,a5
    47f0:	8522                	mv	a0,s0
    47f2:	2325                	jal	4d1a <__clzsi2>
    47f4:	156d                	addi	a0,a0,-5
    47f6:	00a417b3          	sll	a5,s0,a0
    47fa:	1b254e63          	blt	a0,s2,49b6 <__subsf3+0x264>
    47fe:	41250533          	sub	a0,a0,s2
    4802:	00150413          	addi	s0,a0,1
    4806:	02000713          	li	a4,32
    480a:	8f01                	sub	a4,a4,s0
    480c:	00e79733          	sll	a4,a5,a4
    4810:	00e03733          	snez	a4,a4
    4814:	0087d7b3          	srl	a5,a5,s0
    4818:	8fd9                	or	a5,a5,a4
    481a:	4901                	li	s2,0
    481c:	0077f713          	andi	a4,a5,7
    4820:	c719                	beqz	a4,482e <__subsf3+0xdc>
    4822:	00f7f713          	andi	a4,a5,15
    4826:	4691                	li	a3,4
    4828:	00d70363          	beq	a4,a3,482e <__subsf3+0xdc>
    482c:	0791                	addi	a5,a5,4
    482e:	00579713          	slli	a4,a5,0x5
    4832:	14075e63          	bgez	a4,498e <__subsf3+0x23c>
    4836:	00190693          	addi	a3,s2,1 # 800001 <_data_lma+0x7fa4a5>
    483a:	0ff00713          	li	a4,255
    483e:	0014fe93          	andi	t4,s1,1
    4842:	16e68663          	beq	a3,a4,49ae <__subsf3+0x25c>
    4846:	079a                	slli	a5,a5,0x6
    4848:	83a5                	srli	a5,a5,0x9
    484a:	0ff6f693          	andi	a3,a3,255
    484e:	07a6                	slli	a5,a5,0x9
    4850:	40b2                	lw	ra,12(sp)
    4852:	4422                	lw	s0,8(sp)
    4854:	0097d513          	srli	a0,a5,0x9
    4858:	06de                	slli	a3,a3,0x17
    485a:	01fe9793          	slli	a5,t4,0x1f
    485e:	8d55                	or	a0,a0,a3
    4860:	4492                	lw	s1,4(sp)
    4862:	4902                	lw	s2,0(sp)
    4864:	8d5d                	or	a0,a0,a5
    4866:	0141                	addi	sp,sp,16
    4868:	8082                	ret
    486a:	0a089263          	bnez	a7,490e <__subsf3+0x1bc>
    486e:	00168713          	addi	a4,a3,1
    4872:	0fe77713          	andi	a4,a4,254
    4876:	14071b63          	bnez	a4,49cc <__subsf3+0x27a>
    487a:	22069463          	bnez	a3,4aa2 <__subsf3+0x350>
    487e:	200f0263          	beqz	t5,4a82 <__subsf3+0x330>
    4882:	d571                	beqz	a0,484e <__subsf3+0xfc>
    4884:	40af07b3          	sub	a5,t5,a0
    4888:	00579713          	slli	a4,a5,0x5
    488c:	22075563          	bgez	a4,4ab6 <__subsf3+0x364>
    4890:	41e507b3          	sub	a5,a0,t5
    4894:	4901                	li	s2,0
    4896:	84ae                	mv	s1,a1
    4898:	b751                	j	481c <__subsf3+0xca>
    489a:	f00500e3          	beqz	a0,479a <__subsf3+0x48>
    489e:	0abe8a63          	beq	t4,a1,4952 <__subsf3+0x200>
    48a2:	fd1054e3          	blez	a7,486a <__subsf3+0x118>
    48a6:	0ff00793          	li	a5,255
    48aa:	08f68163          	beq	a3,a5,492c <__subsf3+0x1da>
    48ae:	040007b7          	lui	a5,0x4000
    48b2:	8d5d                	or	a0,a0,a5
    48b4:	b731                	j	47c0 <__subsf3+0x6e>
    48b6:	09105e63          	blez	a7,4952 <__subsf3+0x200>
    48ba:	08080163          	beqz	a6,493c <__subsf3+0x1ea>
    48be:	0ff00793          	li	a5,255
    48c2:	06f68563          	beq	a3,a5,492c <__subsf3+0x1da>
    48c6:	040007b7          	lui	a5,0x4000
    48ca:	8d5d                	or	a0,a0,a5
    48cc:	47ed                	li	a5,27
    48ce:	1f17c063          	blt	a5,a7,4aae <__subsf3+0x35c>
    48d2:	02000713          	li	a4,32
    48d6:	41170733          	sub	a4,a4,a7
    48da:	00e51733          	sll	a4,a0,a4
    48de:	011557b3          	srl	a5,a0,a7
    48e2:	00e03733          	snez	a4,a4
    48e6:	8fd9                	or	a5,a5,a4
    48e8:	97fa                	add	a5,a5,t5
    48ea:	00579713          	slli	a4,a5,0x5
    48ee:	08075c63          	bgez	a4,4986 <__subsf3+0x234>
    48f2:	0905                	addi	s2,s2,1
    48f4:	0ff00713          	li	a4,255
    48f8:	0ae90b63          	beq	s2,a4,49ae <__subsf3+0x25c>
    48fc:	7e0006b7          	lui	a3,0x7e000
    4900:	0017d713          	srli	a4,a5,0x1
    4904:	16fd                	addi	a3,a3,-1
    4906:	8b85                	andi	a5,a5,1
    4908:	8f75                	and	a4,a4,a3
    490a:	8fd9                	or	a5,a5,a4
    490c:	bf01                	j	481c <__subsf3+0xca>
    490e:	40d80733          	sub	a4,a6,a3
    4912:	10069563          	bnez	a3,4a1c <__subsf3+0x2ca>
    4916:	140f0d63          	beqz	t5,4a70 <__subsf3+0x31e>
    491a:	177d                	addi	a4,a4,-1
    491c:	1a070363          	beqz	a4,4ac2 <__subsf3+0x370>
    4920:	0ff00793          	li	a5,255
    4924:	10f81463          	bne	a6,a5,4a2c <__subsf3+0x2da>
    4928:	84ae                	mv	s1,a1
    492a:	8e32                	mv	t3,a2
    492c:	060e0f63          	beqz	t3,49aa <__subsf3+0x258>
    4930:	4e81                	li	t4,0
    4932:	0ff00693          	li	a3,255
    4936:	004007b7          	lui	a5,0x400
    493a:	bf11                	j	484e <__subsf3+0xfc>
    493c:	c939                	beqz	a0,4992 <__subsf3+0x240>
    493e:	18fd                	addi	a7,a7,-1
    4940:	00af07b3          	add	a5,t5,a0
    4944:	fa0883e3          	beqz	a7,48ea <__subsf3+0x198>
    4948:	0ff00793          	li	a5,255
    494c:	f8f690e3          	bne	a3,a5,48cc <__subsf3+0x17a>
    4950:	bff1                	j	492c <__subsf3+0x1da>
    4952:	08089963          	bnez	a7,49e4 <__subsf3+0x292>
    4956:	00168913          	addi	s2,a3,1 # 7e000001 <_eusrstack+0x5dff8001>
    495a:	0fe97713          	andi	a4,s2,254
    495e:	12071663          	bnez	a4,4a8a <__subsf3+0x338>
    4962:	10069b63          	bnez	a3,4a78 <__subsf3+0x326>
    4966:	160f0363          	beqz	t5,4acc <__subsf3+0x37a>
    496a:	ee0502e3          	beqz	a0,484e <__subsf3+0xfc>
    496e:	00af07b3          	add	a5,t5,a0
    4972:	00579713          	slli	a4,a5,0x5
    4976:	4901                	li	s2,0
    4978:	00075763          	bgez	a4,4986 <__subsf3+0x234>
    497c:	fc000737          	lui	a4,0xfc000
    4980:	177d                	addi	a4,a4,-1
    4982:	8ff9                	and	a5,a5,a4
    4984:	4905                	li	s2,1
    4986:	0077f713          	andi	a4,a5,7
    498a:	e8071ce3          	bnez	a4,4822 <__subsf3+0xd0>
    498e:	0037de13          	srli	t3,a5,0x3
    4992:	0ff00793          	li	a5,255
    4996:	f8f90be3          	beq	s2,a5,492c <__subsf3+0x1da>
    499a:	009e1793          	slli	a5,t3,0x9
    499e:	83a5                	srli	a5,a5,0x9
    49a0:	0ff97693          	andi	a3,s2,255
    49a4:	0014fe93          	andi	t4,s1,1
    49a8:	b55d                	j	484e <__subsf3+0xfc>
    49aa:	0014fe93          	andi	t4,s1,1
    49ae:	0ff00693          	li	a3,255
    49b2:	4781                	li	a5,0
    49b4:	bd69                	j	484e <__subsf3+0xfc>
    49b6:	fc000737          	lui	a4,0xfc000
    49ba:	177d                	addi	a4,a4,-1
    49bc:	8ff9                	and	a5,a5,a4
    49be:	0077f713          	andi	a4,a5,7
    49c2:	40a90933          	sub	s2,s2,a0
    49c6:	e4071ee3          	bnez	a4,4822 <__subsf3+0xd0>
    49ca:	b7d1                	j	498e <__subsf3+0x23c>
    49cc:	40af0433          	sub	s0,t5,a0
    49d0:	00541793          	slli	a5,s0,0x5
    49d4:	0c07c363          	bltz	a5,4a9a <__subsf3+0x348>
    49d8:	e0041ce3          	bnez	s0,47f0 <__subsf3+0x9e>
    49dc:	4e81                	li	t4,0
    49de:	4681                	li	a3,0
    49e0:	4781                	li	a5,0
    49e2:	b5b5                	j	484e <__subsf3+0xfc>
    49e4:	40d80733          	sub	a4,a6,a3
    49e8:	c6b5                	beqz	a3,4a54 <__subsf3+0x302>
    49ea:	0ff00793          	li	a5,255
    49ee:	f2f80ee3          	beq	a6,a5,492a <__subsf3+0x1d8>
    49f2:	040007b7          	lui	a5,0x4000
    49f6:	00ff6f33          	or	t5,t5,a5
    49fa:	47ed                	li	a5,27
    49fc:	0ce7cd63          	blt	a5,a4,4ad6 <__subsf3+0x384>
    4a00:	02000793          	li	a5,32
    4a04:	8f99                	sub	a5,a5,a4
    4a06:	00ff17b3          	sll	a5,t5,a5
    4a0a:	00ef5733          	srl	a4,t5,a4
    4a0e:	00f037b3          	snez	a5,a5
    4a12:	8f5d                	or	a4,a4,a5
    4a14:	00a707b3          	add	a5,a4,a0
    4a18:	8942                	mv	s2,a6
    4a1a:	bdc1                	j	48ea <__subsf3+0x198>
    4a1c:	0ff00793          	li	a5,255
    4a20:	f0f804e3          	beq	a6,a5,4928 <__subsf3+0x1d6>
    4a24:	040007b7          	lui	a5,0x4000
    4a28:	00ff6f33          	or	t5,t5,a5
    4a2c:	47ed                	li	a5,27
    4a2e:	08e7c263          	blt	a5,a4,4ab2 <__subsf3+0x360>
    4a32:	02000793          	li	a5,32
    4a36:	8f99                	sub	a5,a5,a4
    4a38:	00ff17b3          	sll	a5,t5,a5
    4a3c:	00ef5733          	srl	a4,t5,a4
    4a40:	00f037b3          	snez	a5,a5
    4a44:	8fd9                	or	a5,a5,a4
    4a46:	40f507b3          	sub	a5,a0,a5
    4a4a:	8942                	mv	s2,a6
    4a4c:	84ae                	mv	s1,a1
    4a4e:	bb49                	j	47e0 <__subsf3+0x8e>
    4a50:	4785                	li	a5,1
    4a52:	b369                	j	47dc <__subsf3+0x8a>
    4a54:	060f0e63          	beqz	t5,4ad0 <__subsf3+0x37e>
    4a58:	177d                	addi	a4,a4,-1
    4a5a:	00af07b3          	add	a5,t5,a0
    4a5e:	8942                	mv	s2,a6
    4a60:	e80705e3          	beqz	a4,48ea <__subsf3+0x198>
    4a64:	0ff00793          	li	a5,255
    4a68:	f8f819e3          	bne	a6,a5,49fa <__subsf3+0x2a8>
    4a6c:	8e32                	mv	t3,a2
    4a6e:	bd7d                	j	492c <__subsf3+0x1da>
    4a70:	8e32                	mv	t3,a2
    4a72:	8942                	mv	s2,a6
    4a74:	84ae                	mv	s1,a1
    4a76:	bf31                	j	4992 <__subsf3+0x240>
    4a78:	ea0f09e3          	beqz	t5,492a <__subsf3+0x1d8>
    4a7c:	ea0508e3          	beqz	a0,492c <__subsf3+0x1da>
    4a80:	bd45                	j	4930 <__subsf3+0x1de>
    4a82:	cd0d                	beqz	a0,4abc <__subsf3+0x36a>
    4a84:	8eae                	mv	t4,a1
    4a86:	87b2                	mv	a5,a2
    4a88:	b3d9                	j	484e <__subsf3+0xfc>
    4a8a:	0ff00793          	li	a5,255
    4a8e:	f2f900e3          	beq	s2,a5,49ae <__subsf3+0x25c>
    4a92:	00af07b3          	add	a5,t5,a0
    4a96:	8385                	srli	a5,a5,0x1
    4a98:	b5fd                	j	4986 <__subsf3+0x234>
    4a9a:	41e50433          	sub	s0,a0,t5
    4a9e:	84ae                	mv	s1,a1
    4aa0:	bb81                	j	47f0 <__subsf3+0x9e>
    4aa2:	fc0f1de3          	bnez	t5,4a7c <__subsf3+0x32a>
    4aa6:	e80505e3          	beqz	a0,4930 <__subsf3+0x1de>
    4aaa:	84ae                	mv	s1,a1
    4aac:	bdbd                	j	492a <__subsf3+0x1d8>
    4aae:	4785                	li	a5,1
    4ab0:	bd25                	j	48e8 <__subsf3+0x196>
    4ab2:	4785                	li	a5,1
    4ab4:	bf49                	j	4a46 <__subsf3+0x2f4>
    4ab6:	4901                	li	s2,0
    4ab8:	ec0797e3          	bnez	a5,4986 <__subsf3+0x234>
    4abc:	4e81                	li	t4,0
    4abe:	4781                	li	a5,0
    4ac0:	b379                	j	484e <__subsf3+0xfc>
    4ac2:	41e507b3          	sub	a5,a0,t5
    4ac6:	8942                	mv	s2,a6
    4ac8:	84ae                	mv	s1,a1
    4aca:	bb19                	j	47e0 <__subsf3+0x8e>
    4acc:	87b2                	mv	a5,a2
    4ace:	b341                	j	484e <__subsf3+0xfc>
    4ad0:	8e32                	mv	t3,a2
    4ad2:	8942                	mv	s2,a6
    4ad4:	bd7d                	j	4992 <__subsf3+0x240>
    4ad6:	4705                	li	a4,1
    4ad8:	bf35                	j	4a14 <__subsf3+0x2c2>

00004ada <__floatsisf>:
    4ada:	1141                	addi	sp,sp,-16
    4adc:	c606                	sw	ra,12(sp)
    4ade:	c422                	sw	s0,8(sp)
    4ae0:	c226                	sw	s1,4(sp)
    4ae2:	cd0d                	beqz	a0,4b1c <__floatsisf+0x42>
    4ae4:	41f55793          	srai	a5,a0,0x1f
    4ae8:	00a7c433          	xor	s0,a5,a0
    4aec:	8c1d                	sub	s0,s0,a5
    4aee:	84aa                	mv	s1,a0
    4af0:	8522                	mv	a0,s0
    4af2:	2425                	jal	4d1a <__clzsi2>
    4af4:	09e00793          	li	a5,158
    4af8:	40a78733          	sub	a4,a5,a0
    4afc:	09600793          	li	a5,150
    4b00:	80fd                	srli	s1,s1,0x1f
    4b02:	02e7cc63          	blt	a5,a4,4b3a <__floatsisf+0x60>
    4b06:	46a1                	li	a3,8
    4b08:	0ff77793          	andi	a5,a4,255
    4b0c:	00a6d563          	bge	a3,a0,4b16 <__floatsisf+0x3c>
    4b10:	1561                	addi	a0,a0,-8
    4b12:	00a41433          	sll	s0,s0,a0
    4b16:	0426                	slli	s0,s0,0x9
    4b18:	8025                	srli	s0,s0,0x9
    4b1a:	a021                	j	4b22 <__floatsisf+0x48>
    4b1c:	4481                	li	s1,0
    4b1e:	4781                	li	a5,0
    4b20:	4401                	li	s0,0
    4b22:	0426                	slli	s0,s0,0x9
    4b24:	00945513          	srli	a0,s0,0x9
    4b28:	40b2                	lw	ra,12(sp)
    4b2a:	4422                	lw	s0,8(sp)
    4b2c:	07de                	slli	a5,a5,0x17
    4b2e:	04fe                	slli	s1,s1,0x1f
    4b30:	8d5d                	or	a0,a0,a5
    4b32:	8d45                	or	a0,a0,s1
    4b34:	4492                	lw	s1,4(sp)
    4b36:	0141                	addi	sp,sp,16
    4b38:	8082                	ret
    4b3a:	09900793          	li	a5,153
    4b3e:	00e7dd63          	bge	a5,a4,4b58 <__floatsisf+0x7e>
    4b42:	01b50793          	addi	a5,a0,27
    4b46:	4695                	li	a3,5
    4b48:	00f417b3          	sll	a5,s0,a5
    4b4c:	8e89                	sub	a3,a3,a0
    4b4e:	00d45433          	srl	s0,s0,a3
    4b52:	00f037b3          	snez	a5,a5
    4b56:	8c5d                	or	s0,s0,a5
    4b58:	4795                	li	a5,5
    4b5a:	00a7d663          	bge	a5,a0,4b66 <__floatsisf+0x8c>
    4b5e:	ffb50793          	addi	a5,a0,-5
    4b62:	00f41433          	sll	s0,s0,a5
    4b66:	fc0006b7          	lui	a3,0xfc000
    4b6a:	16fd                	addi	a3,a3,-1
    4b6c:	00747793          	andi	a5,s0,7
    4b70:	00d47633          	and	a2,s0,a3
    4b74:	c385                	beqz	a5,4b94 <__floatsisf+0xba>
    4b76:	00f47793          	andi	a5,s0,15
    4b7a:	4591                	li	a1,4
    4b7c:	00b78c63          	beq	a5,a1,4b94 <__floatsisf+0xba>
    4b80:	0611                	addi	a2,a2,4
    4b82:	00561793          	slli	a5,a2,0x5
    4b86:	0007d763          	bgez	a5,4b94 <__floatsisf+0xba>
    4b8a:	09f00793          	li	a5,159
    4b8e:	8e75                	and	a2,a2,a3
    4b90:	40a78733          	sub	a4,a5,a0
    4b94:	00661413          	slli	s0,a2,0x6
    4b98:	8025                	srli	s0,s0,0x9
    4b9a:	0ff77793          	andi	a5,a4,255
    4b9e:	b751                	j	4b22 <__floatsisf+0x48>

00004ba0 <__floatunsisf>:
    4ba0:	1141                	addi	sp,sp,-16
    4ba2:	c606                	sw	ra,12(sp)
    4ba4:	c422                	sw	s0,8(sp)
    4ba6:	cd15                	beqz	a0,4be2 <__floatunsisf+0x42>
    4ba8:	842a                	mv	s0,a0
    4baa:	2a85                	jal	4d1a <__clzsi2>
    4bac:	09e00793          	li	a5,158
    4bb0:	40a78733          	sub	a4,a5,a0
    4bb4:	09600793          	li	a5,150
    4bb8:	04e7c063          	blt	a5,a4,4bf8 <__floatunsisf+0x58>
    4bbc:	46a1                	li	a3,8
    4bbe:	0ff77793          	andi	a5,a4,255
    4bc2:	00a6d563          	bge	a3,a0,4bcc <__floatunsisf+0x2c>
    4bc6:	1561                	addi	a0,a0,-8
    4bc8:	00a41433          	sll	s0,s0,a0
    4bcc:	0426                	slli	s0,s0,0x9
    4bce:	8025                	srli	s0,s0,0x9
    4bd0:	0426                	slli	s0,s0,0x9
    4bd2:	00945513          	srli	a0,s0,0x9
    4bd6:	40b2                	lw	ra,12(sp)
    4bd8:	4422                	lw	s0,8(sp)
    4bda:	07de                	slli	a5,a5,0x17
    4bdc:	8d5d                	or	a0,a0,a5
    4bde:	0141                	addi	sp,sp,16
    4be0:	8082                	ret
    4be2:	4401                	li	s0,0
    4be4:	0426                	slli	s0,s0,0x9
    4be6:	00945513          	srli	a0,s0,0x9
    4bea:	40b2                	lw	ra,12(sp)
    4bec:	4422                	lw	s0,8(sp)
    4bee:	4781                	li	a5,0
    4bf0:	07de                	slli	a5,a5,0x17
    4bf2:	8d5d                	or	a0,a0,a5
    4bf4:	0141                	addi	sp,sp,16
    4bf6:	8082                	ret
    4bf8:	09900793          	li	a5,153
    4bfc:	00e7dd63          	bge	a5,a4,4c16 <__floatunsisf+0x76>
    4c00:	01b50793          	addi	a5,a0,27
    4c04:	4695                	li	a3,5
    4c06:	00f417b3          	sll	a5,s0,a5
    4c0a:	8e89                	sub	a3,a3,a0
    4c0c:	00f037b3          	snez	a5,a5
    4c10:	00d45433          	srl	s0,s0,a3
    4c14:	8c5d                	or	s0,s0,a5
    4c16:	4795                	li	a5,5
    4c18:	00a7d663          	bge	a5,a0,4c24 <__floatunsisf+0x84>
    4c1c:	ffb50793          	addi	a5,a0,-5
    4c20:	00f41433          	sll	s0,s0,a5
    4c24:	fc0006b7          	lui	a3,0xfc000
    4c28:	16fd                	addi	a3,a3,-1
    4c2a:	00747793          	andi	a5,s0,7
    4c2e:	00d47633          	and	a2,s0,a3
    4c32:	c385                	beqz	a5,4c52 <__floatunsisf+0xb2>
    4c34:	00f47793          	andi	a5,s0,15
    4c38:	4591                	li	a1,4
    4c3a:	00b78c63          	beq	a5,a1,4c52 <__floatunsisf+0xb2>
    4c3e:	0611                	addi	a2,a2,4
    4c40:	00561793          	slli	a5,a2,0x5
    4c44:	0007d763          	bgez	a5,4c52 <__floatunsisf+0xb2>
    4c48:	09f00793          	li	a5,159
    4c4c:	8e75                	and	a2,a2,a3
    4c4e:	40a78733          	sub	a4,a5,a0
    4c52:	00661413          	slli	s0,a2,0x6
    4c56:	8025                	srli	s0,s0,0x9
    4c58:	0426                	slli	s0,s0,0x9
    4c5a:	00945513          	srli	a0,s0,0x9
    4c5e:	40b2                	lw	ra,12(sp)
    4c60:	4422                	lw	s0,8(sp)
    4c62:	0ff77793          	andi	a5,a4,255
    4c66:	07de                	slli	a5,a5,0x17
    4c68:	8d5d                	or	a0,a0,a5
    4c6a:	0141                	addi	sp,sp,16
    4c6c:	8082                	ret

00004c6e <__extendsfdf2>:
    4c6e:	01755713          	srli	a4,a0,0x17
    4c72:	0ff77713          	andi	a4,a4,255
    4c76:	1141                	addi	sp,sp,-16
    4c78:	00170793          	addi	a5,a4,1 # fc000001 <_eusrstack+0xdbff8001>
    4c7c:	c422                	sw	s0,8(sp)
    4c7e:	c226                	sw	s1,4(sp)
    4c80:	00951413          	slli	s0,a0,0x9
    4c84:	c606                	sw	ra,12(sp)
    4c86:	0fe7f793          	andi	a5,a5,254
    4c8a:	8025                	srli	s0,s0,0x9
    4c8c:	01f55493          	srli	s1,a0,0x1f
    4c90:	c785                	beqz	a5,4cb8 <__extendsfdf2+0x4a>
    4c92:	00345793          	srli	a5,s0,0x3
    4c96:	38070713          	addi	a4,a4,896
    4c9a:	0476                	slli	s0,s0,0x1d
    4c9c:	07b2                	slli	a5,a5,0xc
    4c9e:	0752                	slli	a4,a4,0x14
    4ca0:	83b1                	srli	a5,a5,0xc
    4ca2:	01f49513          	slli	a0,s1,0x1f
    4ca6:	8fd9                	or	a5,a5,a4
    4ca8:	8fc9                	or	a5,a5,a0
    4caa:	40b2                	lw	ra,12(sp)
    4cac:	8522                	mv	a0,s0
    4cae:	4422                	lw	s0,8(sp)
    4cb0:	4492                	lw	s1,4(sp)
    4cb2:	85be                	mv	a1,a5
    4cb4:	0141                	addi	sp,sp,16
    4cb6:	8082                	ret
    4cb8:	eb05                	bnez	a4,4ce8 <__extendsfdf2+0x7a>
    4cba:	c439                	beqz	s0,4d08 <__extendsfdf2+0x9a>
    4cbc:	8522                	mv	a0,s0
    4cbe:	28b1                	jal	4d1a <__clzsi2>
    4cc0:	47a9                	li	a5,10
    4cc2:	04a7c663          	blt	a5,a0,4d0e <__extendsfdf2+0xa0>
    4cc6:	472d                	li	a4,11
    4cc8:	8f09                	sub	a4,a4,a0
    4cca:	01550793          	addi	a5,a0,21
    4cce:	00e45733          	srl	a4,s0,a4
    4cd2:	00f41433          	sll	s0,s0,a5
    4cd6:	00c71793          	slli	a5,a4,0xc
    4cda:	38900713          	li	a4,905
    4cde:	8f09                	sub	a4,a4,a0
    4ce0:	83b1                	srli	a5,a5,0xc
    4ce2:	7ff77713          	andi	a4,a4,2047
    4ce6:	bf5d                	j	4c9c <__extendsfdf2+0x2e>
    4ce8:	cc01                	beqz	s0,4d00 <__extendsfdf2+0x92>
    4cea:	00345713          	srli	a4,s0,0x3
    4cee:	000807b7          	lui	a5,0x80
    4cf2:	8fd9                	or	a5,a5,a4
    4cf4:	07b2                	slli	a5,a5,0xc
    4cf6:	0476                	slli	s0,s0,0x1d
    4cf8:	83b1                	srli	a5,a5,0xc
    4cfa:	7ff00713          	li	a4,2047
    4cfe:	bf79                	j	4c9c <__extendsfdf2+0x2e>
    4d00:	7ff00713          	li	a4,2047
    4d04:	4781                	li	a5,0
    4d06:	bf59                	j	4c9c <__extendsfdf2+0x2e>
    4d08:	4701                	li	a4,0
    4d0a:	4781                	li	a5,0
    4d0c:	bf41                	j	4c9c <__extendsfdf2+0x2e>
    4d0e:	ff550713          	addi	a4,a0,-11
    4d12:	00e41733          	sll	a4,s0,a4
    4d16:	4401                	li	s0,0
    4d18:	bf7d                	j	4cd6 <__extendsfdf2+0x68>

00004d1a <__clzsi2>:
    4d1a:	67c1                	lui	a5,0x10
    4d1c:	02f57c63          	bgeu	a0,a5,4d54 <__clzsi2+0x3a>
    4d20:	0ff00793          	li	a5,255
    4d24:	02000713          	li	a4,32
    4d28:	00a7eb63          	bltu	a5,a0,4d3e <__clzsi2+0x24>
    4d2c:	00001797          	auipc	a5,0x1
    4d30:	c1c78793          	addi	a5,a5,-996 # 5948 <__clz_tab>
    4d34:	97aa                	add	a5,a5,a0
    4d36:	2388                	lbu	a0,0(a5)
    4d38:	40a70533          	sub	a0,a4,a0
    4d3c:	8082                	ret
    4d3e:	8121                	srli	a0,a0,0x8
    4d40:	00001797          	auipc	a5,0x1
    4d44:	c0878793          	addi	a5,a5,-1016 # 5948 <__clz_tab>
    4d48:	97aa                	add	a5,a5,a0
    4d4a:	2388                	lbu	a0,0(a5)
    4d4c:	4761                	li	a4,24
    4d4e:	40a70533          	sub	a0,a4,a0
    4d52:	8082                	ret
    4d54:	010007b7          	lui	a5,0x1000
    4d58:	00f56d63          	bltu	a0,a5,4d72 <__clzsi2+0x58>
    4d5c:	8161                	srli	a0,a0,0x18
    4d5e:	00001797          	auipc	a5,0x1
    4d62:	bea78793          	addi	a5,a5,-1046 # 5948 <__clz_tab>
    4d66:	97aa                	add	a5,a5,a0
    4d68:	2388                	lbu	a0,0(a5)
    4d6a:	4721                	li	a4,8
    4d6c:	40a70533          	sub	a0,a4,a0
    4d70:	8082                	ret
    4d72:	8141                	srli	a0,a0,0x10
    4d74:	00001797          	auipc	a5,0x1
    4d78:	bd478793          	addi	a5,a5,-1068 # 5948 <__clz_tab>
    4d7c:	97aa                	add	a5,a5,a0
    4d7e:	2388                	lbu	a0,0(a5)
    4d80:	4741                	li	a4,16
    4d82:	40a70533          	sub	a0,a4,a0
    4d86:	8082                	ret

00004d88 <atoi>:
    4d88:	4629                	li	a2,10
    4d8a:	4581                	li	a1,0
    4d8c:	a28d                	j	4eee <strtol>

00004d8e <strncmp>:
    4d8e:	c215                	beqz	a2,4db2 <strncmp+0x24>
    4d90:	167d                	addi	a2,a2,-1
    4d92:	4701                	li	a4,0
    4d94:	00e507b3          	add	a5,a0,a4
    4d98:	00e586b3          	add	a3,a1,a4
    4d9c:	239c                	lbu	a5,0(a5)
    4d9e:	2294                	lbu	a3,0(a3)
    4da0:	00d79663          	bne	a5,a3,4dac <strncmp+0x1e>
    4da4:	00c70463          	beq	a4,a2,4dac <strncmp+0x1e>
    4da8:	0705                	addi	a4,a4,1
    4daa:	f7ed                	bnez	a5,4d94 <strncmp+0x6>
    4dac:	40d78533          	sub	a0,a5,a3
    4db0:	8082                	ret
    4db2:	4501                	li	a0,0
    4db4:	8082                	ret

00004db6 <_strtol_l.isra.0>:
    4db6:	7179                	addi	sp,sp,-48
    4db8:	d04a                	sw	s2,32(sp)
    4dba:	ce4e                	sw	s3,28(sp)
    4dbc:	d606                	sw	ra,44(sp)
    4dbe:	d422                	sw	s0,40(sp)
    4dc0:	d226                	sw	s1,36(sp)
    4dc2:	89aa                	mv	s3,a0
    4dc4:	892e                	mv	s2,a1
    4dc6:	00190493          	addi	s1,s2,1
    4dca:	fff4c403          	lbu	s0,-1(s1)
    4dce:	853a                	mv	a0,a4
    4dd0:	c636                	sw	a3,12(sp)
    4dd2:	c432                	sw	a2,8(sp)
    4dd4:	c22e                	sw	a1,4(sp)
    4dd6:	c03a                	sw	a4,0(sp)
    4dd8:	2a15                	jal	4f0c <__locale_ctype_ptr_l>
    4dda:	9522                	add	a0,a0,s0
    4ddc:	311c                	lbu	a5,1(a0)
    4dde:	4702                	lw	a4,0(sp)
    4de0:	4592                	lw	a1,4(sp)
    4de2:	8ba1                	andi	a5,a5,8
    4de4:	4622                	lw	a2,8(sp)
    4de6:	46b2                	lw	a3,12(sp)
    4de8:	e3d1                	bnez	a5,4e6c <_strtol_l.isra.0+0xb6>
    4dea:	02d00793          	li	a5,45
    4dee:	08f41163          	bne	s0,a5,4e70 <_strtol_l.isra.0+0xba>
    4df2:	209c                	lbu	a5,0(s1)
    4df4:	4305                	li	t1,1
    4df6:	00290493          	addi	s1,s2,2
    4dfa:	c6e5                	beqz	a3,4ee2 <_strtol_l.isra.0+0x12c>
    4dfc:	4741                	li	a4,16
    4dfe:	02e69063          	bne	a3,a4,4e1e <_strtol_l.isra.0+0x68>
    4e02:	03000713          	li	a4,48
    4e06:	00e79c63          	bne	a5,a4,4e1e <_strtol_l.isra.0+0x68>
    4e0a:	209c                	lbu	a5,0(s1)
    4e0c:	05800713          	li	a4,88
    4e10:	0df7f793          	andi	a5,a5,223
    4e14:	0ce79263          	bne	a5,a4,4ed8 <_strtol_l.isra.0+0x122>
    4e18:	309c                	lbu	a5,1(s1)
    4e1a:	46c1                	li	a3,16
    4e1c:	0489                	addi	s1,s1,2
    4e1e:	800008b7          	lui	a7,0x80000
    4e22:	00031463          	bnez	t1,4e2a <_strtol_l.isra.0+0x74>
    4e26:	fff8c893          	not	a7,a7
    4e2a:	02d8ff33          	remu	t5,a7,a3
    4e2e:	4801                	li	a6,0
    4e30:	4501                	li	a0,0
    4e32:	4fa5                	li	t6,9
    4e34:	4ee5                	li	t4,25
    4e36:	52fd                	li	t0,-1
    4e38:	02d8de33          	divu	t3,a7,a3
    4e3c:	fd078713          	addi	a4,a5,-48
    4e40:	04efe363          	bltu	t6,a4,4e86 <_strtol_l.isra.0+0xd0>
    4e44:	87ba                	mv	a5,a4
    4e46:	04d7de63          	bge	a5,a3,4ea2 <_strtol_l.isra.0+0xec>
    4e4a:	00580d63          	beq	a6,t0,4e64 <_strtol_l.isra.0+0xae>
    4e4e:	587d                	li	a6,-1
    4e50:	00ae6a63          	bltu	t3,a0,4e64 <_strtol_l.isra.0+0xae>
    4e54:	00ae1463          	bne	t3,a0,4e5c <_strtol_l.isra.0+0xa6>
    4e58:	00ff4663          	blt	t5,a5,4e64 <_strtol_l.isra.0+0xae>
    4e5c:	4805                	li	a6,1
    4e5e:	02a68533          	mul	a0,a3,a0
    4e62:	953e                	add	a0,a0,a5
    4e64:	0485                	addi	s1,s1,1
    4e66:	fff4c783          	lbu	a5,-1(s1)
    4e6a:	bfc9                	j	4e3c <_strtol_l.isra.0+0x86>
    4e6c:	8926                	mv	s2,s1
    4e6e:	bfa1                	j	4dc6 <_strtol_l.isra.0+0x10>
    4e70:	02b00793          	li	a5,43
    4e74:	00f40563          	beq	s0,a5,4e7e <_strtol_l.isra.0+0xc8>
    4e78:	87a2                	mv	a5,s0
    4e7a:	4301                	li	t1,0
    4e7c:	bfbd                	j	4dfa <_strtol_l.isra.0+0x44>
    4e7e:	209c                	lbu	a5,0(s1)
    4e80:	00290493          	addi	s1,s2,2
    4e84:	bfdd                	j	4e7a <_strtol_l.isra.0+0xc4>
    4e86:	fbf78713          	addi	a4,a5,-65
    4e8a:	00eee563          	bltu	t4,a4,4e94 <_strtol_l.isra.0+0xde>
    4e8e:	fc978793          	addi	a5,a5,-55
    4e92:	bf55                	j	4e46 <_strtol_l.isra.0+0x90>
    4e94:	f9f78713          	addi	a4,a5,-97
    4e98:	00eee563          	bltu	t4,a4,4ea2 <_strtol_l.isra.0+0xec>
    4e9c:	fa978793          	addi	a5,a5,-87
    4ea0:	b75d                	j	4e46 <_strtol_l.isra.0+0x90>
    4ea2:	57fd                	li	a5,-1
    4ea4:	00f81f63          	bne	a6,a5,4ec2 <_strtol_l.isra.0+0x10c>
    4ea8:	02200793          	li	a5,34
    4eac:	00f9a023          	sw	a5,0(s3)
    4eb0:	8546                	mv	a0,a7
    4eb2:	ee19                	bnez	a2,4ed0 <_strtol_l.isra.0+0x11a>
    4eb4:	50b2                	lw	ra,44(sp)
    4eb6:	5422                	lw	s0,40(sp)
    4eb8:	5492                	lw	s1,36(sp)
    4eba:	5902                	lw	s2,32(sp)
    4ebc:	49f2                	lw	s3,28(sp)
    4ebe:	6145                	addi	sp,sp,48
    4ec0:	8082                	ret
    4ec2:	00030463          	beqz	t1,4eca <_strtol_l.isra.0+0x114>
    4ec6:	40a00533          	neg	a0,a0
    4eca:	d66d                	beqz	a2,4eb4 <_strtol_l.isra.0+0xfe>
    4ecc:	00080463          	beqz	a6,4ed4 <_strtol_l.isra.0+0x11e>
    4ed0:	fff48593          	addi	a1,s1,-1
    4ed4:	c20c                	sw	a1,0(a2)
    4ed6:	bff9                	j	4eb4 <_strtol_l.isra.0+0xfe>
    4ed8:	03000793          	li	a5,48
    4edc:	f2a9                	bnez	a3,4e1e <_strtol_l.isra.0+0x68>
    4ede:	46a1                	li	a3,8
    4ee0:	bf3d                	j	4e1e <_strtol_l.isra.0+0x68>
    4ee2:	03000713          	li	a4,48
    4ee6:	f2e782e3          	beq	a5,a4,4e0a <_strtol_l.isra.0+0x54>
    4eea:	46a9                	li	a3,10
    4eec:	bf0d                	j	4e1e <_strtol_l.isra.0+0x68>

00004eee <strtol>:
    4eee:	80c18793          	addi	a5,gp,-2036 # 200001fc <_impure_ptr>
    4ef2:	439c                	lw	a5,0(a5)
    4ef4:	86b2                	mv	a3,a2
    4ef6:	5398                	lw	a4,32(a5)
    4ef8:	e709                	bnez	a4,4f02 <strtol+0x14>
    4efa:	1fffb717          	auipc	a4,0x1fffb
    4efe:	18670713          	addi	a4,a4,390 # 20000080 <__global_locale>
    4f02:	862e                	mv	a2,a1
    4f04:	85aa                	mv	a1,a0
    4f06:	853e                	mv	a0,a5
    4f08:	eafff06f          	j	4db6 <_strtol_l.isra.0>

00004f0c <__locale_ctype_ptr_l>:
    4f0c:	0ec52503          	lw	a0,236(a0)
    4f10:	8082                	ret

00004f12 <__ascii_mbtowc>:
    4f12:	ed91                	bnez	a1,4f2e <__ascii_mbtowc+0x1c>
    4f14:	1141                	addi	sp,sp,-16
    4f16:	006c                	addi	a1,sp,12
    4f18:	4501                	li	a0,0
    4f1a:	ca01                	beqz	a2,4f2a <__ascii_mbtowc+0x18>
    4f1c:	5579                	li	a0,-2
    4f1e:	c691                	beqz	a3,4f2a <__ascii_mbtowc+0x18>
    4f20:	221c                	lbu	a5,0(a2)
    4f22:	c19c                	sw	a5,0(a1)
    4f24:	2208                	lbu	a0,0(a2)
    4f26:	00a03533          	snez	a0,a0
    4f2a:	0141                	addi	sp,sp,16
    4f2c:	8082                	ret
    4f2e:	4501                	li	a0,0
    4f30:	ca09                	beqz	a2,4f42 <__ascii_mbtowc+0x30>
    4f32:	5579                	li	a0,-2
    4f34:	c699                	beqz	a3,4f42 <__ascii_mbtowc+0x30>
    4f36:	221c                	lbu	a5,0(a2)
    4f38:	c19c                	sw	a5,0(a1)
    4f3a:	2208                	lbu	a0,0(a2)
    4f3c:	00a03533          	snez	a0,a0
    4f40:	8082                	ret
    4f42:	8082                	ret

00004f44 <__ascii_wctomb>:
    4f44:	cd89                	beqz	a1,4f5e <__ascii_wctomb+0x1a>
    4f46:	0ff00793          	li	a5,255
    4f4a:	00c7f763          	bgeu	a5,a2,4f58 <__ascii_wctomb+0x14>
    4f4e:	08a00793          	li	a5,138
    4f52:	c11c                	sw	a5,0(a0)
    4f54:	557d                	li	a0,-1
    4f56:	8082                	ret
    4f58:	a190                	sb	a2,0(a1)
    4f5a:	4505                	li	a0,1
    4f5c:	8082                	ret
    4f5e:	4501                	li	a0,0
    4f60:	8082                	ret
	...

00004f64 <Ch6x8>:
	...
    4f6c:	2f00 0000 0000 0007 0007 1400 147f 147f     ./..............
    4f7c:	2400 7f2a 122a 6200 0864 2313 3600 5549     .$*.*..bd..#.6IU
    4f8c:	5022 0000 0305 0000 0000 221c 0041 0000     "P........."A...
    4f9c:	2241 001c 1400 3e08 1408 0800 3e08 0808     A".....>.....>..
    4fac:	0000 a000 0060 0800 0808 0808 0000 6060     ....`.........``
    4fbc:	0000 2000 0810 0204 3e00 4951 3e45 0000     ... .....>QIE>..
    4fcc:	7f42 0040 4200 5161 4649 2100 4541 314b     B.@..BaQIF.!AEK1
    4fdc:	1800 1214 107f 2700 4545 3945 3c00 494a     .......'EEE9.<JI
    4fec:	3049 0100 0971 0305 3600 4949 3649 0600     I0..q....6III6..
    4ffc:	4949 1e29 0000 3636 0000 0000 3656 0000     II)...66....V6..
    500c:	0800 2214 0041 1400 1414 1414 0000 2241     ..."A.........A"
    501c:	0814 0200 5101 0609 3200 5949 3e51 7c00     .....Q...2IYQ>.|
    502c:	1112 7c12 7f00 4949 3649 3e00 4141 2241     ...|..III6.>AAA"
    503c:	7f00 4141 1c22 7f00 4949 4149 7f00 0909     ..AA"...IIIA....
    504c:	0109 3e00 4941 7a49 7f00 0808 7f08 0000     ...>AIIz........
    505c:	7f41 0041 2000 4140 013f 7f00 1408 4122     A.A.. @A?....."A
    506c:	7f00 4040 4040 7f00 0c02 7f02 7f00 0804     ..@@@@..........
    507c:	7f10 3e00 4141 3e41 7f00 0909 0609 3e00     ...>AAA>.......>
    508c:	5141 5e21 7f00 1909 4629 4600 4949 3149     AQ!^....)F.FIII1
    509c:	0100 7f01 0101 3f00 4040 3f40 1f00 4020     .......?@@@?.. @
    50ac:	1f20 3f00 3840 3f40 6300 0814 6314 0700      ..?@8@?.c...c..
    50bc:	7008 0708 6100 4951 4345 0000 417f 0041     .p...aQIEC...AA.
    50cc:	5500 552a 552a 0000 4141 007f 0400 0102     .U*U*U..AA......
    50dc:	0402 4000 4040 4040 0000 0201 0004 2000     ...@@@@@....... 
    50ec:	5454 7854 7f00 4448 3844 3800 4444 2044     TTTx..HDD8.8DDD 
    50fc:	3800 4444 7f48 3800 5454 1854 0800 097e     .8DDH..8TTT...~.
    510c:	0201 1800 a4a4 7ca4 7f00 0408 7804 0000     .......|.....x..
    511c:	7d44 0040 4000 8480 007d 7f00 2810 0044     D}@..@..}....(D.
    512c:	0000 7f41 0040 7c00 1804 7804 7c00 0408     ..A.@..|...x.|..
    513c:	7804 3800 4444 3844 fc00 2424 1824 1800     .x.8DDD8..$$$...
    514c:	2424 fc18 7c00 0408 0804 4800 5454 2054     $$...|.....HTTT 
    515c:	0400 443f 2040 3c00 4040 7c20 1c00 4020     ..?D@ .<@@ |.. @
    516c:	1c20 3c00 3040 3c40 4400 1028 4428 1c00      ..<@0@<.D(.(D..
    517c:	a0a0 7ca0 4400 5464 444c 1414 1414 1414     ...|.DdTLD......

0000518c <Ch8x16>:
	...
    519c:	0000 f800 0000 0000 0000 3300 0030 0000     ...........30...
    51ac:	1000 060c 0c10 0006 0000 0000 0000 0000     ................
    51bc:	c040 4078 78c0 0040 3f04 0404 043f 0004     @.x@.x@..?..?...
    51cc:	7000 fc88 3008 0000 1800 ff20 1e21 0000     .p...0.... .!...
    51dc:	08f0 00f0 18e0 0000 2100 031c 211e 001e     .........!...!..
    51ec:	f000 8808 0070 0000 211e 2423 2719 1021     ....p....!#$.'!.
    51fc:	1610 000e 0000 0000 0000 0000 0000 0000     ................
    520c:	0000 e000 0418 0002 0000 0700 2018 0040     ............. @.
    521c:	0200 1804 00e0 0000 4000 1820 0007 0000     .........@ .....
    522c:	4040 f080 4080 0040 0202 0f01 0201 0002     @@...@@.........
    523c:	0000 f000 0000 0000 0101 1f01 0101 0001     ................
	...
    5254:	b080 0070 0000 0000 0000 0000 0000 0000     ..p.............
    5264:	0100 0101 0101 0101 0000 0000 0000 0000     ................
    5274:	3000 0030 0000 0000 0000 0000 6080 0418     .00..........`..
    5284:	6000 0618 0001 0000 e000 0810 1008 00e0     .`..............
    5294:	0f00 2010 1020 000f 1000 f810 0000 0000     ...  ...........
    52a4:	2000 3f20 2020 0000 7000 0808 8808 0070     .  ?  ...p....p.
    52b4:	3000 2428 2122 0030 3000 8808 4888 0030     .0($"!0..0...H0.
    52c4:	1800 2020 1120 000e 0000 20c0 f810 0000     ..   ...... ....
    52d4:	0700 2404 3f24 0024 f800 8808 0888 0008     ...$$?$.........
    52e4:	1900 2021 1120 000e e000 8810 1888 0000     ..!  ...........
    52f4:	0f00 2011 1120 000e 3800 0808 38c8 0008     ...  ....8...8..
    5304:	0000 3f00 0000 0000 7000 0888 8808 0070     ...?.....p....p.
    5314:	1c00 2122 2221 001c e000 0810 1008 00e0     .."!!"..........
    5324:	0000 2231 1122 000f 0000 c000 00c0 0000     ..1""...........
    5334:	0000 3000 0030 0000 0000 8000 0000 0000     ...00...........
    5344:	0000 6080 0000 0000 0000 4080 1020 0008     ...`.......@ ...
    5354:	0100 0402 1008 0020 4040 4040 4040 0040     ...... .@@@@@@@.
    5364:	0404 0404 0404 0004 0800 2010 8040 0000     ........... @...
    5374:	2000 0810 0204 0001 7000 0848 0808 00f0     . .......pH.....
    5384:	0000 3000 0136 0000 30c0 28c8 10e8 00e0     ...06....0.(....
    5394:	1807 2427 1423 000b 0000 38c0 00e0 0000     ..'$#......8....
    53a4:	3c20 0223 2702 2038 f808 8888 7088 0000      <#..'8 .....p..
    53b4:	3f20 2020 1120 000e 30c0 0808 0808 0038      ?   ....0....8.
    53c4:	1807 2020 1020 0008 f808 0808 1008 00e0     ..   ...........
    53d4:	3f20 2020 1020 000f f808 8888 08e8 0010      ?   ...........
    53e4:	3f20 2020 2023 0018 f808 8888 08e8 0010      ?  # ..........
    53f4:	3f20 0020 0003 0000 30c0 0808 3808 0000      ? ......0...8..
    5404:	1807 2020 1e22 0002 f808 0008 0800 08f8     ..  "...........
    5414:	3f20 0121 2101 203f 0800 f808 0808 0000      ?!..!? ........
    5424:	2000 3f20 2020 0000 0000 0808 08f8 0008     .  ?  ..........
    5434:	80c0 8080 007f 0000 f808 c088 1828 0008     ............(...
    5444:	3f20 0120 3826 0020 f808 0008 0000 0000      ? .&8 .........
    5454:	3f20 2020 2020 0030 f808 00f8 f8f8 0008      ?    0.........
    5464:	3f20 3f00 3f00 0020 f808 c030 0800 08f8      ?.?.? ...0.....
    5474:	3f20 0020 1807 003f 10e0 0808 1008 00e0      ? ...?.........
    5484:	100f 2020 1020 000f f808 0808 0808 00f0     ..   ...........
    5494:	3f20 0121 0101 0000 10e0 0808 1008 00e0      ?!.............
    54a4:	180f 2424 5038 004f f808 8888 8888 0070     ..$$8PO.......p.
    54b4:	3f20 0020 0c03 2030 7000 0888 0808 0038      ? ...0 .p....8.
    54c4:	3800 2120 2221 001c 0818 f808 0808 0018     .8 !!"..........
    54d4:	0000 3f20 0020 0000 f808 0008 0800 08f8     .. ? ...........
    54e4:	1f00 2020 2020 001f 7808 0088 c800 0838     ..    ...x....8.
    54f4:	0000 3807 010e 0000 08f8 f800 0800 00f8     ...8............
    5504:	3c03 0007 3c07 0003 1808 8068 6880 0818     .<...<....h..h..
    5514:	3020 032c 2c03 2030 3808 00c8 38c8 0008      0,..,0 .8...8..
    5524:	0000 3f20 0020 0000 0810 0808 38c8 0008     .. ? ........8..
    5534:	3820 2126 2020 0018 0000 fe00 0202 0002      8&!  ..........
    5544:	0000 7f00 4040 0040 0c00 c030 0000 0000     ....@@@...0.....
    5554:	0000 0100 3806 00c0 0200 0202 00fe 0000     .....8..........
    5564:	4000 4040 007f 0000 0000 0204 0202 0004     .@@@............
	...
    5584:	8080 8080 8080 8080 0200 0402 0000 0000     ................
	...
    559c:	0000 8080 8080 0000 1900 2224 2222 203f     ..........$"""? 
    55ac:	f808 8000 0080 0000 3f00 2011 1120 000e     .........?.  ...
    55bc:	0000 8000 8080 0000 0e00 2011 2020 0011     ...........   ..
    55cc:	0000 8000 8880 00f8 0e00 2011 1020 203f     ...........  .? 
    55dc:	0000 8080 8080 0000 1f00 2222 2222 0013     ..........""""..
    55ec:	8000 f080 8888 1888 2000 3f20 2020 0000     .........  ?  ..
    55fc:	0000 8080 8080 0080 6b00 9494 9394 0060     .........k....`.
    560c:	f808 8000 8080 0000 3f20 0021 2000 203f     ........ ?!.. ? 
    561c:	8000 9898 0000 0000 2000 3f20 2020 0000     .........  ?  ..
    562c:	0000 8000 9898 0000 c000 8080 7f80 0000     ................
    563c:	f808 0000 8080 0080 3f20 0224 302d 0020     ........ ?$.-0 .
    564c:	0800 f808 0000 0000 2000 3f20 2020 0000     .........  ?  ..
    565c:	8080 8080 8080 0080 3f20 0020 203f 3f00     ........ ? .? .?
    566c:	8080 8000 8080 0000 3f20 0021 2000 203f     ........ ?!.. ? 
    567c:	0000 8080 8080 0000 1f00 2020 2020 001f     ..........    ..
    568c:	8080 8000 0080 0000 ff80 20a1 1120 000e     ...........  ...
    569c:	0000 8000 8080 0080 0e00 2011 a020 80ff     ...........  ...
    56ac:	8080 0080 8080 0080 2020 213f 0020 0001     ........  ?! ...
    56bc:	0000 8080 8080 0080 3300 2424 2424 0019     .........3$$$$..
    56cc:	8000 e080 8080 0000 0000 1f00 2020 0000     ............  ..
    56dc:	8080 0000 8000 0080 1f00 2020 1020 203f     ..........   .? 
    56ec:	8080 0080 8000 8080 0100 300e 0608 0001     ...........0....
    56fc:	8080 8000 8000 8080 300f 030c 300c 000f     .........0...0..
    570c:	8000 0080 8080 0080 2000 2e31 310e 0020     ......... 1..1 .
    571c:	8080 0080 8000 8080 8180 708e 0618 0001     ...........p....
    572c:	8000 8080 8080 0080 2100 2c30 2122 0030     .........!0,"!0.
    573c:	0000 0000 7c80 0202 0000 0000 3f00 4040     .....|.......?@@
    574c:	0000 0000 00ff 0000 0000 0000 00ff 0000     ................
    575c:	0200 7c02 0080 0000 4000 3f40 0000 0000     ...|.....@@?....
    576c:	0600 0101 0202 0404 0000 0000 0000 0000     ................
    577c:	0000 42c8 0000 3580 0000 4348 0000 4248     ...B...5..HC..HB
    578c:	0000 bf80 22d1 3f1b a666 43a5 4000 469c     .....".?f..C.@.F
    579c:	3d71 3e8a 5040 4d55 3a50 0000 5640 4c41     q=.>@PUMP:..@VAL
    57ac:	4556 003a 4f40 5455 003a 0000 4c40 5645     VE:.@OUT:...@LEV
    57bc:	4c45 253a 322e 2c66 2e25 6631 252c 312e     EL:%.2f,%.1f,%.1
    57cc:	2c66 6425 0a0d 0000 0000 41d8 6f54 6577     f,%d.......ATowe
    57dc:	2072 6f4d 696e 6f74 0072 0000 6f54 6577     r Monitor...Towe
    57ec:	2072 6552 6461 0d79 0000 0000 6554 706d     r Ready.....Temp
    57fc:	203a 2520 312e 4366 2020 0020 7548 3a6d     :  %.1fC   .Hum:
    580c:	2020 2520 312e 2566 2025 2020 0000 0000        %.1f%%   ....
    581c:	654c 6576 3a6c 2520 312e 6366 206d 2020     Level: %.1fcm   
    582c:	0000 0000 7550 706d 203a 2520 2564 2025     ....Pump:  %d%% 
    583c:	2020 0000 6e28 6c75 296c 0000 d8f4 ffff       ..(null)......
    584c:	d7e6 ffff d7e6 ffff d7e4 ffff d7ec ffff     ................
    585c:	d7ec ffff d7b2 ffff d7e4 ffff d7ec ffff     ................
    586c:	d7b2 ffff d7ec ffff d7e4 ffff d8e0 ffff     ................
    587c:	d8e0 ffff d8e0 ffff d7b2 ffff ea30 ffff     ............0...
    588c:	e956 ffff ea2a ffff e95e ffff ea2a ffff     V...*...^...*...
    589c:	e924 ffff ea2a ffff e95e ffff e956 ffff     $...*...^...V...
    58ac:	e956 ffff e924 ffff e95e ffff e964 ffff     V...$...^...d...
    58bc:	e964 ffff e964 ffff e924 ffff e916 ffff     d...d...$.......
    58cc:	e916 ffff e9ea ffff eac6 ffff e9ea ffff     ................
    58dc:	e8e4 ffff e9ea ffff eac6 ffff e916 ffff     ................
    58ec:	e916 ffff e8e4 ffff eac6 ffff e924 ffff     ............$...
    58fc:	e924 ffff e924 ffff e8e4 ffff ed3a ffff     $...$.......:...
    590c:	ec8c ffff ec8c ffff ec8a ffff ec90 ffff     ................
    591c:	ec90 ffff ec60 ffff ec8a ffff ec90 ffff     ....`...........
    592c:	ec60 ffff ec90 ffff ec8a ffff ed28 ffff     `...........(...
    593c:	ed28 ffff ed28 ffff ec60 ffff               (...(...`...

00005948 <__clz_tab>:
    5948:	0100 0202 0303 0303 0404 0404 0404 0404     ................
    5958:	0505 0505 0505 0505 0505 0505 0505 0505     ................
    5968:	0606 0606 0606 0606 0606 0606 0606 0606     ................
    5978:	0606 0606 0606 0606 0606 0606 0606 0606     ................
    5988:	0707 0707 0707 0707 0707 0707 0707 0707     ................
    5998:	0707 0707 0707 0707 0707 0707 0707 0707     ................
    59a8:	0707 0707 0707 0707 0707 0707 0707 0707     ................
    59b8:	0707 0707 0707 0707 0707 0707 0707 0707     ................
    59c8:	0808 0808 0808 0808 0808 0808 0808 0808     ................
    59d8:	0808 0808 0808 0808 0808 0808 0808 0808     ................
    59e8:	0808 0808 0808 0808 0808 0808 0808 0808     ................
    59f8:	0808 0808 0808 0808 0808 0808 0808 0808     ................
    5a08:	0808 0808 0808 0808 0808 0808 0808 0808     ................
    5a18:	0808 0808 0808 0808 0808 0808 0808 0808     ................
    5a28:	0808 0808 0808 0808 0808 0808 0808 0808     ................
    5a38:	0808 0808 0808 0808 0808 0808 0808 0808     ................
    5a48:	0043 0000 4f50 4953 0058 0000 002e 0000     C...POSIX.......

00005a58 <_ctype_>:
    5a58:	2000 2020 2020 2020 2020 2828 2828 2028     .         ((((( 
    5a68:	2020 2020 2020 2020 2020 2020 2020 2020                     
    5a78:	8820 1010 1010 1010 1010 1010 1010 1010      ...............
    5a88:	0410 0404 0404 0404 0404 1004 1010 1010     ................
    5a98:	1010 4141 4141 4141 0101 0101 0101 0101     ..AAAAAA........
    5aa8:	0101 0101 0101 0101 0101 0101 1010 1010     ................
    5ab8:	1010 4242 4242 4242 0202 0202 0202 0202     ..BBBBBB........
    5ac8:	0202 0202 0202 0202 0202 0202 1010 1010     ................
    5ad8:	0020 0000 0000 0000 0000 0000 0000 0000      ...............
	...
