:040000006F10102746
:1000040000000000000000008C1600008E160000A6
:10001400000000006E1A0000000000000000000054
:100024006E1A00006E1A00000000000000000000BC
:100034006E1A0000000000006E1A000000000000AC
:100044006E1A00006E1A00006E1A00006E1A00008C
:100054006E1A00006E1A00006E1A00006E1A00007C
:100064006E1A00006E1A00006E1A00006E1A00006C
:100074006E1A00006E1A00006E1A00006E1A00005C
:100084006E1A00006E1A00006E1A00006E1A00004C
:100094006E1A00006E1A00006E1A00006E1A00003C
:1000A4006E1A00006E1A00006E1A00002E11000075
:1000B400D20700006E1A00006E1A00006E1A0000CB
:1000C4006E1A00006E1A00006E1A00006E1A00000C
:1000D4006E1A0000C20F00007C090000E205000057
:1000E4006E1A00006E1A00006E1A00006E1A0000EC
:1000F4006E1A00006E1A00006E1A00006E1A0000DC
:10010400000000006E1A00006E1A00006E1A000053
:10011400101600006E1A00006E1A00006E1A00001D
:100124006E1A00006E1A00006E1A00006E1A0000AB
:100134006E1A00006E1A00006E1A00006E1A00009B
:100144006E1A00006E1A00006E1A00006E1A00008B
:100154006E1A00006E1A00006E1A00006E1A00007B
:100164006E1A00006E1A00006E1A00006E1A00006B
:100174006E1A00006E1A00006E1A00006E1A00005B
:100184006E1A00006E1A00006E1A00006E1A00004B
:100194006E1A00006E1A00006E1A00006E1A00003B
:1001A400000000000000000000000000000000004B
:0C01B4000000000000000000000000003F
:1001C000397101436EC619A0397141536AC866CAB4
:1001D00062CC5ECE19A0397101535AD056D252D496
:1001E0004ED64AD826DA22DC06DE3301614082820E
:1001F00041114AC026C222C406C68282B24D4101C4
:10020000024D924C224CB24B4101024B924A224A7F
:10021000B2494101024992442244B24041018280E4
:100220003D432A876373C3029377F700BDEFADE5C3
:10023000937606FF3D8ABA960CC34CC30CC74CC7D5
:100240004107E36BD7FE11E28280B306C3408A0602
:100250009702000096966780A6002307B700A306C2
:10026000B7002306B700A305B7002305B700A30412
:10027000B7002304B700A303B7002303B700A3020A
:10028000B7002302B700A301B7002301B700A30002
:10029000B7002300B700828093F5F50F9396850091
:1002A000D58D93960501D58D61B79396270097025A
:1002B000000096968682E78086FA9680C1171D8F89
:1002C0003E96E374C3F8A5B7EFF29FF279718545C6
:1002D000214502CA02CC02CEEF10902C93070040B9
:1002E000FC82371401408D473ECC4C08E147130592
:1002F00004C03ECEEF107000856793870780FC82B4
:100300004C089147130504C03ECEEF10007F854591
:100310003705040002D002D202D402D6EF10302AF0
:10032000F16737540040938707203ED00C10B70781
:100330000C00130504803ED402D223160102EF10F4
:10034000905205461305048093055052EF10105C3F
:10035000854513050480EF10105A93077013231777
:1003600001007C8685475C87680085473EC8EF10A2
:100370001006456145B5EFF2BFE73754004093756D
:10038000F50F13050480EF10D05B13040480930570
:1003900000082285EF10F05B7DD9ADBDEFF25FE57F
:1003A0002A840305040011E1B5B50504E937D5BF7A
:1003B000EFF21FE41971379600002E87AA86130604
:1003C00006EC930500080A85EF20E06D0A85F937F1
:1003D000096189B5EFF2DFE1197137960000AA864D
:1003E000130686E7930500080A85EF20C06B0A858F
:1003F0007537096105B5EFF23FDD83D6C1BF1384C0
:10040000C1BF5A202A206D7136DE3ADCEF40B03091
:10041000B797000083A547E8EF40C005EF40903C48
:100420002AD80A242EDAEF40102FB797000083A5B0
:1004300087E8EF402004EF40F03A2A892A24AE8969
:10044000EF40702DB797000083A5C7E8EF4080020A
:10045000EF4050392A8A03A54184AE8A035CC40068
:10046000EF4050382A8403A58186AE84EF40903750
:10047000AE8B2A8BEF005021EF40D0364258D25835
:100480006257F256379600002AD42ED65AD05ED242
:1004900022CC26CE62C852C456C64AC04EC21306EB
:1004A00006E99305800CA800EF20E05FA800FD3569
:1004B0005161B9B3EFF2DFD3011137960000AA867C
:1004C0001306C6E6930500020A85EF20C05D0A8583
:1004D000F135056181B3EFF2BFD11D71AA84EF4000
:1004E000D04A894763FFA702B79500002A841D46BA
:1004F000938505ED2685EF40704A15E583877400E6
:100500001307000305466387E70013071003639A88
:10051000E700014637150140C14513050580EF107E
:10052000006A2561C5B9B79500001146938585ED30
:100530002685EF40B04619E9B7950000938505EE92
:100540000810EF4090430810F12EE1BFB79500006E
:1005500011469385C5EE2685EF40504411E5B795C9
:100560000000938545EFE9BF791422869385140036
:100570000810EF4030459C10B79500003E9493085A
:10058000C1015C08130881011808740030009385CC
:1005900005F00810230004FCEF4050379947E312A0
:1005A000F5F82247B70700209387070098C3324722
:1005B000D8C3424798C75247D8C7624798CB7247BB
:1005C000D8CB85B7EFF2DFC2138441898347240477
:1005D00081CB1385418901372310040423010404CE
:1005E00015B9411122C637540040930550521305E6
:1005F0000480EF10B03625C513050480EF10F034E9
:100600009387418983D607041375F50F81EE13078D
:100610000004631EE502054788A32390E7042381B5
:10062000070435A01307E003636FD7021387160092
:100630004207BE96418388A22390E704A946631827
:10064000D5003E972300070005472381E70437556F
:1006500000409305505213050580EF10F0333244EB
:100660004101730020302390070455BF9377350074
:1006700099E793074006B367F502054799E79307A3
:1006800000193365F502133715003A8582808947D2
:100690006394F502EFF2DFB541112EC6C13FF54775
:1006A000B24501E9FD15A567938747E18A05BE9527
:1006B0009C413E854101B9BEFD15A567938747E181
:1006C0008A05BE959C413E858280EFF2DFB083C7EC
:1006D00081823971A5C337040020130704005C4BE5
:1006E0009306B0031389818285075CCB1304040051
:1006F00063DFF6001848232A04005C440507032A38
:10070000840083290400444063C8E60218C8832893
:100710004401032804015C44184454401040B79538
:100720000000938545E40A85EF2060350A85DD2ABF
:10073000230009002161D1BC2328040085075D47FF
:100740006344F7005CC4E1B7A6854E85050A2326FD
:100750000400353F63454501232444014DBF8547CF
:100760001CC4850431476344970044C04DB78509D4
:100770005CC02320340161BFEFF29FA70111AA845E
:100780002E8405458545EF1080637D144C08FD14CB
:1007900037050040E484E082231D0100231B010093
:1007A000EF10606B0546854537050040EF10007B74
:1007B0009307C0027C868D475C87680085473EC8EA
:1007C000EF10E040854537050040EF10A077056148
:1007D00091B4411185453705004022C626C4EF106B
:1007E00050063DC1138401831C40854537050040F8
:1007F00085071CC09387C18298439304803E0507F8
:1008000098C3EF10900518403377970215EFE9234E
:100810001C40B3F797028DEB05472384E18283C721
:100820000187850793F7F70F2388F1860547639DB6
:10083000E700B7950000938545F11385818DEF4062
:10084000D0131385818DF9283244A24441017300ED
:100850002030EFF2FF9979718545114502CA02CC2B
:1008600002CEEF10E0539147FC82371401408D47D0
:100870003ECC4C08E147130504803ECEEF10E02744
:10088000A147FC824C089147130504803ECEEF102F
:10089000C02685453705020002D002D202D402D616
:1008A000EF10E051F16737440040938707200C10A8
:1008B0003ED013050440B7070C003ED402D22316E5
:1008C0000102EF10407A93076013231701007C8622
:1008D00085475C87680085473EC8EF10402F054676
:1008E0001305044093055052EF105002854513053F
:1008F0000440EF10500045616FF0DF91EFF25F8F21
:10090000374400409375F50F13050440EF10700352
:1009100013040440930500082285EF1090037DD94D
:100920006FF05F8FEFF2DF8C2A840305040009E982
:100930007D55E9377D55D9377D55C9376FF09F8D86
:1009400005046D3FDDB79387C19323A00700239271
:10095000070082809387C193D6231307301F636EED
:10096000D700BA238506D6A33386E70068A2050719
:100970001306401F3367C702BAA38280411122C603
:1009800037440040930550521305044026C4EF102D
:10099000E07C05C513050440EF10207BAA84930575
:1009A000505213050440EF10207F13F5F40F5D370C
:1009B000938741839823050798A33244A2444101B9
:1009C000730020309387C1939A233A951307401FF1
:1009D0003365E502AA97E82382809387C193D623E3
:1009E0006367D500EFF2DF80B93F6FF0BF8219C9AE
:1009F0009A231306401FFD1605073367C702D6A3C7
:100A00009AA382808280EFF2AFFB4111653E938C06
:100A1000C193938981B39384C1B91389C1BD03DBA9
:100A20004C00994763F2671F0145693F93075005E2
:100A30006313F518114579379307F00FAA8A6316E7
:100A4000F52E154541372A846311552F19459D3FD1
:100A5000631D852C0545BD3705476318E502294709
:100A6000B795000023A6E186294613070000938569
:100A700085F2138581B723A4E186EF20400013851A
:100A800081B74D351D45913F59BF8947631FF5001B
:100A9000A38B0182238BE182A38C018213060002C7
:100AA00081454A85EFF0CFF7F1BF0D47631DE500A3
:100AB000238BF182A38B0182238C01821306000415
:100AC00081452685C5B791476319F5043795000020
:100AD000CA85130585F3A38B0182238B0182EF1056
:100AE000D07737950000A685130585F4EF10F076D2
:100AF000A6854A85EFF0DF8B1306000281454A8503
:100B0000EFF00FF21306000481452685EFF04FF158
:100B1000A38C0182238C0182B5B79547631EF50033
:100B20008D47238BF182A38B0182A38A0182130656
:100B3000000481454E85BDB79947631EF50437957E
:100B40000000CE85130585F5A38B0182238B0182DE
:100B5000EF10B0704E85EFF0FF879305A0034E8530
:100B6000EF402060B79500001306150011E14E8696
:100B7000938545F6138581B7EF107070138581B7A3
:100B80005533130600048145138581B3EFF04FE917
:100B9000A38A0182C5BD9D476318F500B7070020F1
:100BA00009472384E720F9BDA147E31DF5ECB7070A
:100BB00000200547FDB7930700076318F51603CC1F
:100BC000618363040C1683C77183938A7183639E68
:100BD00007140544930DF00F791B931B040193DB5D
:100BE0000B015E85C533631CB50113851B00D93B22
:100BF0006317B50113852B00F133630AB5010504B2
:100C00001374F40FE34B64FD41016FF02FDF6DDCD3
:100C10007D1485471374F40F631FFC04FD4763E9DB
:100C20008704814705A0138B170013150B01418121
:100C300032C6493B3246930716004A962300FC0011
:100C400008A2DA87138C918313F7F70F03460C0081
:100C5000E36B87FCB307C9002380070037950000CA
:100C600085472380FA00CA85130545F7EF10F05E2B
:100C700013853B0009BD8947631CFC049307F003FF
:100C8000E3E887FE814705A0138B170013150B01BE
:100C9000418132C6053B3246930716002696230053
:100CA000FC0008A2DA87138C818313F7F70F034641
:100CB0000C00E36B87FCB387C400238007003795E3
:100CC000000085472380FA00A685130545F979BF02
:100CD0008D47E31FFCF89307F003E3EB87F88147A8
:100CE00005A0138B170013150B01418132C6D939AA
:100CF0003246930716004E962300FC0008A2DA87BE
:100D0000138C518313F7F70F03460C00E36B87FC3A
:100D1000B387C900238007003795000085472380EB
:100D2000FA00CE85130545FB91B705457D31E9BD38
:100D3000EFF20FCC7971AA848545114502CA02CC25
:100D400002CE02D002D202D402D602C602C8EF10EE
:100D5000200593070020FC82371401408D473ECCCC
:100D60004C08E147130504803ECEEF00105993076D
:100D70000040FC824C089147130504803ECEEF00F2
:100D8000D05785451165EF10A00137440140B707E2
:100D90000C000C10130504803ED426D002D223167A
:100DA0000102EF10402C05461305048093055052B4
:100DB000EF10C035854513050480EF10C03393074D
:100DC00050237C8685475C87680085473EC8EF00D6
:100DD000106045616FF00FC4EFF2EFBFB744014000
:100DE00001441389C181938404809949B307890020
:100DF0008C232685EF10E034930500082685EF103C
:100E000040357DD90504E31334FF6FF00FC018217E
:100E10009307A00A6319F70601478147BD463306C9
:100E2000E50010220507B29793F7F70FE319D7FEF5
:100E30007835631AF7041831342122079387C1BF2C
:100E4000558F9AA3383154212207558FBAA35831B0
:100E500074212207558FDAA3783114252207558F84
:100E6000FAA3183534252207558F9AA7383554250B
:100E70002207558FBAA7583574252207558FDAA750
:100E800005472380E1848280EFF28FB683A5C1837A
:100E900003A58186EF305043930500002A84EF308C
:100EA000F0106354050013040000B797000083A5F9
:100EB00047FD2285EF305018B797000083A547E81B
:100EC000EF30405B6FF00FB5EFF28FB29384018487
:100ED0009C203971638B070C1384C1BF1220B79516
:100EE0000000938585FD0A85EF1070390A85EFF0C3
:100EF0007FA35220B7950000938585FE0A85EF10E9
:100F000010380A85EFF01FA2322093074006B795EC
:100F10000000B376F6029385C5FF0A853356F602C4
:100F2000EF10F0350A85EFF0FF9F12248967938751
:100F30000771B376F602B7950000938545010A85DF
:100F40003356F602EF10B0330A85EFF0BF9D32241E
:100F5000A947B7950000B376F602938585020A8506
:100F60003356F602EF10B0310A85EFF0BF9B5224E2
:100F7000B7950000938585030A85EF1050300A85E8
:100F8000EFF05F9A1137EF40E005AE86B7950000AD
:100F90002A86938585040A85EF10702E0A85EFF066
:100FA0007F98EFF04FC52380040021616FF08FA67A
:100FB00083C7018491C7EFF2AFA339376FF08FA5D4
:100FC0008280411122C637440140930550521305D7
:100FD000048026C4EF1080181DCD13050480EF1087
:100FE000C016938411849C201375F50F95EB93071D
:100FF000A00A631AF5001307A0FA2386E1C085470B
:101000002381F1849CA0374501409305505213057C
:101010000580EF1060183244A24441017300203073
:10102000138421841420BD4763E1D70293871600FF
:101030001387C1C0369793F7F70F08A31CA0414749
:10104000E393E7FC1385C1C0D93323800400230058
:10105000040055BFEFF2CF992A8905657971AE84F6
:1010600013054580854502D202D402D602C602C8C5
:10107000231A010002CC02CE2310010202C202C4D4
:10108000EF00105237140140930700102312F102B1
:101090004C109147130504803ED6EF00102613052F
:1010A000048093050010EF005031373401402C08C4
:1010B000130504C0231E2101E484231F0100231D06
:1010C000010023000102EF0010596C008544130554
:1010D00004C026C802C6231A0100EF00307093072F
:1010E000B02248007C8226C423030100EF00302E8A
:1010F0000546130504C09945EF005066130504C06A
:1011000093050005EF00B066130504C09145EF009C
:101110001067130504C093050008EF00B06785450C
:10112000130504C0EF00106245616FF0AF8E01112E
:1011300022CE373401408945130504C026CC4ACA63
:101140004EC852C656C4EF00D06F6308050E130593
:1011500004C0EF00D06E03A4418503A901832A8A4D
:1011600093844185636089103304894003A7C18457
:101170009389C184B307EA406376EA00C167FD172B
:10118000998FD29723A2F1869387C186884305055C
:1011900088C39387C1C1982701E7D8430507D8C3FF
:1011A000EF307057B797000083A5070B938A8186AD
:1011B000EF30402C23A0AA002DCC23880186228565
:1011C000EF307055B797000083A5470BEF30802AAA
:1011D000B7970000AA8503A5870BEF30A029B79722
:1011E000000083A5C70BEF30206523A2A184EF3058
:1011F000705FAE86B79500002A869385050C13852F
:1012000041C3EF10D007138541C3EFF0AFF103A541
:101210000A00EF30305DAE86B79500002A869385D0
:10122000450D138541C3EF109005138541C3EFF0C1
:101230006FEF23A0490123A02401373401409145D9
:10124000130504C0EF00F05F130504C09945EF00DB
:10125000D0607244E2445249C249324AA24A05610E
:10126000730020309307F9FF3384874001B79387D9
:10127000C1C188A711E503A7018323A2070098C372
:101280008280EFE25FF59387C1C19C273971138497
:10129000C1C1A1C393878184982315C73715014025
:1012A000238007000146C14513050580238C018476
:1012B000EF00F0100145EFF0EF9F379500001305A8
:1012C0008505EFF02FE623260400014521616FE03C
:1012D000DFF31C4083A90183B389F940BD6793877D
:1012E000F7A563FA370B4840138981848D47034A79
:1012F000090063F4A70A238C0184EF30D041B7972B
:10130000000083A5070BEF30E0164C48EF20F05F9C
:101310001C4848C8BE998947232834015CC4631718
:101320000A063715014085470546C1451305058066
:101330002300F900EF00B0089387418003A60183E2
:101340009443372709001307077CB306D64063761A
:10135000D700054590C3EFF0EF95B7950000938552
:1013600085060A85EF3070610A85EFF0AFDB4848EB
:10137000EF305047AE86B79500002A869385050862
:101380000A85EF10C06F0A85EFF0CFD983A70183DC
:10139000232204001CC0484415BF63060A041387B7
:1013A00081851C238546850793F7F70F1CA363FCF3
:1013B000F602371501400146C1451305058023009B
:1013C000070023000900EF00807F0145EFF08F8EBA
:1013D0003795000013058505EFF0CFD49307000083
:1013E000232804005CC8232604004DB7EFE25FE029
:1013F0009387018583A6018398431306703E338744
:10140000E6406373E60494C3AD3D03A94184B797F6
:10141000000083A507094A85EF30E0301384018678
:101420006353A008B797000083A547094A85EF30AA
:10143000E037635A0506142083A701831387C1850B
:1014400091E61CC385471CA06FE0DFDC1843998F31
:101450001D671307F752E379F7FE9387818498237A
:1014600065F73715014005470546C1451305058059
:1014700098A3EF00C0749387418003A6018394432F
:10148000372709001307077CB306D6406376D700D9
:10149000054590C3EFF00F823795000013058509CD
:1014A000EFF04FC855B72300040079BF9387C1C13F
:1014B00013070000D8CB03A7018323A2070023A8AA
:1014C000070023A6070098C38280EFE27FD27971DC
:1014D0002A848545414502CA02CC02CE02D002D2FE
:1014E00002D402D602C602C8EF00900B854537052C
:1014F0000800EF00D00C93070040FC828D473ECCE3
:101500004C08E147371501403ECEC52B85679387D0
:101510000780FC824C089147371501403ECEF12BE5
:1015200022D037540040B7070C000C10130504C03C
:101530003ED402D223160102EF00F0320546130515
:1015400004C093055052EF00703C8545130504C05C
:10155000EF00703A930740247C8689475C876800D7
:1015600085473EC8AD2545616FE0DFCAEFE2BFC6E3
:10157000B79500001D469385850E2A84EF301042F2
:1015800035E91D04AA842285EF307037EF30500C06
:101590002A8A9305C0022285EF30B03C31CD130476
:1015A00015002285EF30B035EF30900AAA899305F7
:1015B000C0022285EF30F03A39C5130415002285A8
:1015C000EF30F033EF30D0082A899305C00222852E
:1015D000EF30303909C50505EF30D032AA8423AE8B
:1015E000418723AA318723A4218123AC9186054713
:1015F000A388E1866FE07FC1B797000003A9470E7B
:1016000093090000E9BFB797000003A9470EC1BFC7
:10161000411122C63754004093055052130504C0AF
:10162000EF00D03325C1130504C0EF0010329375CD
:10163000F50F93070004138401886394F5002300D9
:1016400004001C201307E0076364F70213871700E8
:101650009376F70F138781C9BA9788A314A0A94777
:10166000639AF5003697138581C923000700FD3D75
:10167000230004003755004093055052130505C060
:10168000EF009031324441017300203001A0B707D0
:10169000EFBE37E700E0938707083CC701A0EFE201
:1016A0009FB3411185451305000402C202C402C65E
:1016B000C52D372501404144930740200D494C007A
:1016C000130505807C8222C64AC40529854541450B
:1016D000C12D89474C00371501407C8222C64AC47F
:1016E0002929854511456D2DB7140140854793097A
:1016F00080044C00138504807C824EC6FD2E4C0075
:1017000013850480608222C64AC4C52E13850480D6
:10171000C145652185674C00371501407C824EC666
:10172000E92E41016FE07FAEEFE21FAA3971094552
:1017300061297164012CEF00702713050420EF006C
:10174000B02C9307800873A00780913FEFF06F9053
:10175000EFE09FB713050420EFF03FD79305400655
:101760001305003CEFF04F81EFF0EF9DB16541654F
:101770009385F5B77D15EFF0FF8D096513050558C5
:10178000EFF00FDBEFF09FD20145EFF05FAE3715C2
:1017900001400146C1451305058015213799000018
:1017A000379A0000379B0000EFF0EFA5EFE09FE1D4
:1017B000EFE0BFF1EFF0CFFFEFF05FC383C711871A
:1017C000ADCB03A5C187A3880186EF30B0012A867F
:1017D000AE860A859305090FEF10602A0A85EFF09F
:1017E0006F9403A54187EF30E07F2A86AE860A8595
:1017F00093050A10EF10A0280A85EFF0AF9203A519
:101800008180EF30207E2A86AE860A8593054B11B3
:10181000EF10E0260A85EFF0EF9003A68187B795D9
:101820000000938545120A85EF1060250A85EFF0C8
:101830006F8FB707002003C787208947E316F7F6A5
:101840001305803EEF00F018B1BFB7170240984370
:10185000B706FFF041111367170098C3D843370646
:101860000200758FD8C39843B706F7FEFD16758F33
:1018700098C39843B706FCFFFD16758F98C3D843ED
:10188000B70601FFFD16758FD8C39843B70600EC65
:10189000FD16758F98C33707FF0098C723A6070268
:1018A00002C402C69843C166558F98C3B71602405A
:1018B00005679C42F18F3EC6A24785073EC4B247EA
:1018C00081E7A247E397E7FEB71702409C431397CF
:1018D000E7006357070685473EC632478547631FC3
:1018E000F704B7170240D843B706C1FFFD16D8C3A7
:1018F000D843D8C3D84313670740D8C3D843758F9C
:10190000D8C3D843B7062900558FD8C39843B70624
:101910000001558F98C3984393166700E3DD06FED8
:10192000D843B7160240719BD8C3D843136727002A
:10193000D8C32147DC42B18BE39EE7FE41018280A0
:1019400002C661BFB7160240D8421146318B938759
:10195000C1806305C70021466308C70237177A00B4
:101960001307072098C33717024058431183937613
:10197000F700370700201307870136971423984391
:101980003357D70098C38280D842D44241664983F6
:101990003D8BF18E1306270015CF3D47630FE602FE
:1019A0004147630FE602454781456313E600414620
:1019B000A1E23747024003270780418B0DC7371745
:1019C0007A00130707203306C70290C3C9DD984386
:1019D000058349BF81454946E1BF85453546C9BFB5
:1019E00081453D46F1B737173D0013070790E1BF2A
:1019F0003715024058559316F700585563DF060413
:101A000011833D8B9306170037177A0013070720C1
:101A10003357D70298C35455A182BD8A8DE29546AB
:101A20003307D702058398C33717024058579443AA
:101A30003D8B050733D7E60298C3984369B7054540
:101A40006394A600E546E9BF3D456396A600D146EE
:101A50003387E602C9BF8906E5BF3D8B93061700B1
:101A600037177A00130707203357D702F1B701A0C1
:101A700097F1FF1F938181F91761002013018158AD
:101A8000178500001305C5C397E5FF1F938585578C
:101A90001386818263FAC5008322050023A05500C6
:101AA00011059105E3EAC5FE138581829385C1D1B5
:101AB0006377B500232005001105E36DB5FEFD42F7
:101AC000739002BCAD4273904280B7620000938273
:101AD00082087390023097E2FFFF9382E25293E212
:101AE000320073905230EFF05FD69702000093827D
:101AF000E2C373901234730020309C4513F7070142
:101B000013F8F70001C7D8413368E8008E2113F7B6
:101B1000F50F39C318418146854E3D4F930F800222
:101B200093028004214E3396DE00B3F8C5006311A2
:101B300016039398260033131F011343F3FF3377E3
:101B4000E300B318180133E7E800639FF70550C9B5
:101B50008506E39AC6FD18C11307F00F6375B70435
:101B600054412146854E3D4F930F800293028004DD
:101B7000414EB398CE0033F715016392E802131774
:101B8000260001173313EF001343F3FFB376D3009E
:101B90003317E800D98E639DF701232A1501050646
:101BA000E319C6FD54C18280E39457FA10C94DB7BA
:101BB000E39757FE23281501DDB74CC9828019C26F
:101BC0000CC982804CC9828023A2A188828003A78D
:101BD0004188894710216311F70214318D4763ED65
:101BE000D7003C219A0637E700E09607D58F93F798
:101BF000F70F32972300F74054410547935756009B
:101C00003317C70089CA938707048A07B7E600E03D
:101C1000B69798C3828093870706B7E600E08A07E5
:101C2000B69798C30F1000008280371702405C43BC
:101C30009146B18B6385D700A1466382D706B7175B
:101C40007A00938707201CC1371602405C42370791
:101C50000020130787029183BD8BBA9794231C4100
:101C6000B3D7D7005CC15442A1829D8ABA96942210
:101C7000B3D6D70014C55442AD829D8A3697182337
:101C8000B3D7E7005CC55842398393763700138792
:101C9000018136971823B3D7E7021CC982805C43C1
:101CA0005843C166C983758FB7F6FF1F83A6C670F8
:101CB000BD8B89071396160163480600C546014689
:101CC0006392D702C94739A88946638FD702BD46B8
:101CD000638ED702C146638ED702C5460146639321
:101CE000D700C1471DEF3747024003270780418BCC
:101CF00005C737177A0013070720B307F7021CC17F
:101D000021D61C41858381B701466DBF0546B54785
:101D1000D1BF0146BD47F9B737173D0013070790FC
:101D2000E9BFB7150240D8559316F700D85563DFC1
:101D3000060411833D8B9306170037177A001307AB
:101D400007203357D70218C1D455A182BD8A8DE22E
:101D500095463307D702058318C1371702405857F5
:101D600014413D8B050733D7E60218C1184171B7FE
:101D700085456394B600E546E9BFBD456396B60068
:101D8000D1463387E602C9BF8906E5BF3D8B93067E
:101D9000170037177A00130707203357D702F1B718
:101DA00099C5371702401C4F5D8D08CF8280B71749
:101DB0000240984F1345F5FF798D88CF828099C5F1
:101DC000371702405C4F5D8D48CF8280B7170240C5
:101DD000D84F1345F5FF798DC8CF82801E3192060A
:101DE000558EC207C183F99BC207C1831EB11A2D4C
:101DF0001E3142074183C2071377C7F0C183518F59
:101E00004207F59B4183CD8F93E717001AAD1EB1B2
:101E100082801E31B2062206C207C183BD9BC20763
:101E2000C1831EB1035885011A3185679387F7CFA7
:101E300042074183B3F70701D18E92051377F7FD6F
:101E4000D58FD98DC207C205C183C18193E5050134
:101E50001EAD0EB1828037F7FF1F032747701E218A
:101E6000914611833D8BC2077117C18363E6E60279
:101E700037370140930607C0630ED50013070740AC
:101E8000630AE50037570140930607C06304D50095
:101E9000631AE5000967D98F37370140130707C078
:101EA0006302E50437070040630EE50213070740AD
:101EB000630AE50237170040930607806304D502E2
:101EC000130707C06300E5023737014013070740D7
:101ED000630AE50037570140930607C06304D50045
:101EE0006318E50093F7F7F8BA21C207C183D98FC9
:101EF00037170040630CE500130707406308E5004F
:101F000093F7F7CFFA21C207C183D98F1EA1DE2133
:101F10005EB59E211EB5B7370140138707C0630E1B
:101F2000E50093870740630AF500B7570140138720
:101F300007C06304E5006314F5009C251EB98547BE
:101F40005EA982801E2189C593E717001EA18280A9
:101F5000C207C183F99BC207C183CDBF5E2501C6FD
:101F6000DD8D4EA5828093C5F5FFFD8DDDBF1E255D
:101F7000C207C18393F7F7F8DD8D0EA582801E2579
:101F8000C207C183E19BC207C1831EA51E25DD8D4B
:101F90000EA582801E25C207C18393F7F7F7C207FB
:101FA000C1831EA51E25DD8D0EA582801E2DC207B4
:101FB000C183CD9BC207C1831EAD1E2DDD8D0EAD2D
:101FC00082801A2DFD779387F73FF98F1EAD1E2D66
:101FD000A205DD8DC205C1810EAD8280EFE2AF9F0B
:101FE0002E84AE215220854713B91500AA84060914
:101FF00085496313F60089491E20162426858DE342
:10200000EFF0DFDD6E20268555371624CA8526853C
:102010004E86EFF01FE06E20268565376FE0EF9E5D
:10202000EFF03FDF6E202685693F1624CA8526859E
:102030004E86EFF0BFDA6E2026858D3FC5B74A3950
:1020400082801E294A25ED8F4205418189C76D8D09
:102050003335A00082800145828093C5F5FFC2051B
:10206000C1810EA98280EFE2AF981629F577FD179E
:10207000F58FF621DA257971D58F1EA95625FD77C2
:102080009387379FF58FD6212A842EC6D58F962524
:10209000D58FB625D58F5EA55E29C207C18393F77C
:1020A000F7CFD98F5EA96808EFF03FB8B747014076
:1020B00093870780B245631EF402A2576547B38732
:1020C000E7029841930640060A07B3D7E70233D7E1
:1020D000D702B3F7D7021207920793872703B3D724
:1020E000D702BD8BD98FC207C1831EA445616FE0A3
:1020F0006F929257E1B791C55E250967D98F5EA5AA
:1021000082805A25F977FD17F98FD5BF13F7F50FA0
:1021100085471583B395B7006319F7009307C5008A
:10212000984301CED98D8CC382808946930745019F
:10213000E318D7FE93070501E5B793C5F5FFF98DC1
:10214000DDB793F5F51F4EA182804A211375F51F67
:1021500082800A216D8D3335A000828013F7F50F40
:1021600085461583B397B6006311D7025A25F98FB8
:102170001A2101454207418381CB0545A181B31551
:10218000B5006D8F3335E000828089466314D70037
:102190001A29F1BF5A29E1BFA1818547B397B7003A
:1021A00093C7F7FFC207C1831EA1828083A7C180A6
:1021B00037177A0013070720B3D7E70293F7F70F13
:1021C0002385F1881307803EB387E7022394F188C3
:1021D0008280B7F700E0D8438146799BD8C303D704
:1021E00081883306A70290CBD4CB984313670701AD
:1021F00098C398431367170298C3D843058B75DFBC
:102200009843799B98C38280EFD29FFE2A84116500
:10221000011185451105EFF0BFB8930700207C82BE
:10222000371501408D473EC44C00E147130505803A
:102230003EC6EFF09F8C22C837440140B707080024
:102240000C08130504803ECC02CA231E0100EFF0E7
:102250009FE1854513050480EFF0FFE905616FD02C
:102260007FFBEFD25FF7B7440140AE89328901446A
:1022700093840480634524014A856FD01FF9930538
:1022800000042685EFF0FFEC7DD9B38789008385B4
:10229000070026850504C205C181EFF09FEAD9BF7A
:1022A000138741811C439386C1D13E95636BD50052
:1022B000B78600209386068063E5A60008C33E85A6
:1022C0008280FD57EDBF011106CE2EC60DCD1841FF
:1022D000AA8705C358417D5511CB8546631BD7009E
:1022E00098472300070023A207000545F240056137
:1022F00082809847B24614A39847050798C7D843E9
:102300007D17D8C3DDB705466C00EFF09FF5F1BF30
:10231000797122D426D24ECE52CC56CA06D64AD095
:102320005AC82A8AAE8A32848144930900026344DF
:102330000602B3879A00838707009DE363D6840271
:1023400063D2E402198C93F726009309000281C737
:1023500019E393090003858A014985EA228931A896
:102360008504C1BF058CC5B70144F1BFCE85528538
:102370003AC6EFF05FF532477D19E34920FF228925
:102380006353040001493304244163CBE402CA844B
:10239000B3872441D69783850700A1E1228963434F
:1023A000200563530400014433059400B2502254C5
:1023B00092540259F249624AD24A424B45618280A4
:1023C000B3049740268B9305000352857D1BEFF0E5
:1023D0009FEFE31A0BFE26995DBF5285EFF0BFEE2B
:1023E00085047DB7CE855285EFF0FFED7D1945BFA1
:1023F0005D71A6C252DC86C6A2C4CAC04EDE56DAE1
:10240000BA843E8A9DE1930700030147D28626865F
:102410002C08FC84EFF0DFEFB640264496440649D2
:10242000F259625AD25A616182802A893684C68AF8
:1024300091CAA94701446317F60063D50500B305A7
:10244000B0400544A30701029307F102A546130516
:1024500068FC33F7C50263D3E6002A971307070326
:10246000A38FE7FE9389F7FF33D7C50263FBC5044B
:1024700009CCB9C813772A0021CB9305D0024A852D
:1024800042C6EFF05FE43248FD1493774A008DC3F3
:1024900093071006930500034A85631FF802EFF0C7
:1024A0009FE2930580074A85EFF0FFE10904F914E4
:1024B0005687D2862686CE854A85EFF07FE522951F
:1024C000A1BFBA85CE8771B71307D002A38FE9FEEB
:1024D00001449389E7FF55BFEFF0FFDE93058005C8
:1024E000D9B71D71CAC8CEC6D6C2DAC03A8986CE5F
:1024F000A2CCA6CAD2C45EDE62DC66DA6AD86ED628
:1025000033E7C500BE89AA8A428B8347010631E3BF
:102510008DCF8D679387D7027C8423050100014707
:10252000DA864E862C005685EFF09FDEF640664434
:10253000D6444649B649264A964A064BF25B625C47
:10254000D25C425DB25D25618280930700037C848A
:10255000F9B7368AAE84328463000902A94701497B
:10256000639CF600635A0600B304B040B337900092
:102570003304C0401D8C0549A30F0100130DF10168
:10258000935DFA41A54C138C68FC5286EE86268535
:10259000A285EF00100D63D3AC006295130505030F
:1025A000A30FADFE5286EE862685A285930BFDFF16
:1025B00005236366B401639A8D0263F84403630DD7
:1025C00009006388090293772B0085C79305D00221
:1025D0005685EFF05FCFFD190147DA864E86DE851E
:1025E0005685EFF0FFD24A9591B7AA842E845E8D6E
:1025F00069BF9307D002A38FFBFE0149930BEDFF48
:10260000E1BF5D71A6C2CAC0AA842E892E85B2859B
:1026100086C63ACE42CCA2C44EDE52DCB289368A9D
:1026200056DA5AD8BE8A5ED662D466D2468C6AD052
:10263000EF1090062A8BAE8B01468146CE854A85E7
:10264000EF00D03A724762487D81BA872AC00547B9
:10265000E288D286DA855E862685EFF09FE82A8DAD
:102660009305E0022685EFF01FC6050D8147854CD6
:102670000144294763CE57075A85DE85EF10900D38
:102680002A86AE864A85CE85EF10200D2A89AE892E
:102690006685A285EF10100C2A86AE864A85CE8507
:1026A000EF003040EF10407F13D6F541318DB34736
:1026B000B600B305C5403335B5003386C74002C008
:1026C000E288D687D286098E094826850547EFF02D
:1026D0005FE1B64026446A9596440649F259625A2B
:1026E000D25A425BB25B225C925C025D6161828085
:1026F000B3068702850733349703B30C97033694E8
:1027000095BF5D715AD8379B0000A2C4A6C2CAC04B
:102710004EDE52DC56DA5ED662D486C666D2AA890E
:102720002E893284014A8144930B5002930AB002ED
:10273000294C130B4B13830509008DE563860900B3
:1027400081454E85EFF03FB8B640264426850649C0
:102750009644F259625AD25A425BB25B225C925C56
:1027600061618280638875014E85EFF0DFB5850475
:102770000509D1B783071900930C1900639A7701F3
:10278000930550024E85EFF01FB485046689CDB7DE
:10279000D5D76387570563C8FA00130730026384EF
:1027A000E704814705A01307D002638AE7001307F7
:1027B0000003E398E7FE930C2900894721A0930CBE
:1027C0002900854703870C006303570563C1EA02AC
:1027D00093063002630BD70266890145A54535A8EB
:1027E000930C29007DBF930C29009147E1BF93060C
:1027F000D0026309D70093060003E31FD7FC93E7D9
:10280000270031A0850C8547C1BF93E74700850CA1
:10281000E1B73305850305093695030709009306DB
:1028200007FD13F6F60FE3F6C5FE1306E002994620
:10283000631EC700050981462546030709001307E3
:1028400007FD9375F70F6375B602368A0307090013
:102850001306A0066309C70A6341E6021306C00413
:102860006303C70A130680066308C70801461DA84C
:10287000B38686030509BA96C9B7130640076304F1
:10288000C7081306A0076300C7089305C0060146E2
:10289000631AB700830519000D466394E500050926
:1028A00011460509030709009305000613081006E1
:1028B00063C4E500130810049305700663C2E506BF
:1028C000930550066359B7169305700463CFE5026C
:1028D000130650046351C71693063004E31AD7E871
:1028E0001840930C4400A30E0100230EE100BE86A5
:1028F00001472A866C0871A0830519000146E393FD
:10290000E5FA090945B7050995B793063006E309C5
:10291000D7FC63CEE606930680056303D70289BD24
:10292000930630076306D70463CDE6029306F006EC
:10293000630BD70C9306000793E74700E31AD7E22F
:102940001147631BE60A1D04137784FF0C435043B1
:1029500013048700C28802C03E880147AA87C14687
:10296000B9A0930650076303D7069306800775B78F
:102970001840930C4400DA8511C3BA855287BE868D
:102980002A864E85EFF0DF98AA946684D5B3114766
:102990006314E6021D04137784FF0C4350431304B1
:1029A0008700C28802C03E880547AA87A9464E858F
:1029B000EFF03FB3AA946DBB0C40D28811042A8774
:1029C000854629464E85EFF0BFA2EDB71147631F3C
:1029D000E6001D04137784FF0C4350431304870063
:1029E000C28802C03E880147AA87C9B70C40D28876
:1029F00011042A878146F1B70C40D28811042A8736
:102A000081464146C1B711476310E6021D041377A2
:102A100084FF0C43504313048700C28802C03E88E1
:102A20000147AA87A14661B70C40D28811042A87C2
:102A30008146214641BF1D04137684FF130486009E
:102A40000C4250423307D540C2887D173E884E85E0
:102A5000B687A946EFF0FFBAB1BF39712ED232D492
:102A6000AA855010014506CE36D63AD83EDA42DC69
:102A700046DE32C6EFF0FFC8F24021618280397134
:102A800032D43EDA2AC63010FD57480006CE36D67C
:102A90003AD842DC46DE02C23EC432C0EFF07FC606
:102AA000F24021618280397132833EDA2EC42AC617
:102AB0007010854748009A8506CE36D63AD842DC53
:102AC00046DE3EC232C0EFF0DFC3F24021618280B9
:102AD000B687B2882A832E88639B061463F8C50ADA
:102AE0004167636BE61AB70700016360F6349356DB
:102AF0008601E1471767000013078774369718238C
:102B0000BA97130700021D8F19CB3398E500B3570E
:102B1000F500B318E60033E807013313E50013D6D8
:102B200008013355C80293960801C18293570301E7
:102B30003377C802B385A60242073368F700637A89
:102B4000B80046989307F5FF636418016365B830D1
:102B50003E853308B8403357C8024203135303017C
:102B60003378C802B386E602420833686800637BA4
:102B7000D80046989307F7FF6365180179176363D8
:102B8000D8003E874205598D8145828001E6054780
:102B9000B358C702416763E8E80EB707000163EA6C
:102BA000F82893D68801E1471767000013074769A3
:102BB00036971423BE9693070002958FFDE7939EE8
:102BC00008013387154113DF080193DE0E018545A7
:102BD000935703013355E7033377E703B306D50370
:102BE0004207D98F63FAD700C6971307F5FF63E44E
:102BF000170163E5D7263A85958F33D7E70342035C
:102C000013530301B3F7E703B30ED703C207B3E7C8
:102C1000670063FBD701C6979306F7FF63E51701CB
:102C2000791763E3D70136874205598D828063E1C6
:102C3000D504C16763E1F604B707000163E3F61E3C
:102C400013D786016148976700009387675FBA973B
:102C50009823130E00024297330EEE40631A0E0CB7
:102C600063EDB61C3335C5001345150081458280E0
:102C70008145014582809307F00F63F3D71C13D77A
:102C800086002148C9B71307F00FC686E37E17F107
:102C900093D68800A14709BF1307F00FB286E37BE4
:102CA000C7E493568600A147B1B5B398F80033D670
:102CB000D50013DF0801335EE6033397F500B35602
:102CC000D500558F939E080193DE0E013313F50056
:102CD00093550701B376E603B387CE03C206CD8EC4
:102CE00063FBF600C6961306FEFF63E4161763F255
:102CF000F616791EC6969D8E33D6E6039317070106
:102D0000C183B3F6E6033385CE02139706015D8FC8
:102D1000637BA70046979307F6FF636817136376F4
:102D2000A7127916469793150E01098FD18D4DB5CF
:102D3000B357E600B396C601DD8E33D3E50013DF4B
:102D40000601B357E303939E060193DE0E01339809
:102D5000C5013357E500336807019358080133165E
:102D6000C6013373E303B385FE024203B368130164
:102D700063FBB800B6981387F7FF63EAD80C63F8D3
:102D8000B80CF917B698B388B84033D7E8034208AF
:102D900013580801B3F8E8033383EE02C208B3E521
:102DA000080163FB6500B6951308F7FF63EDD508CE
:102DB00063FB65087917B695C207416FD98F130772
:102DC000FFFFB3F6E70093D80701718F4182B38EFE
:102DD000E602B3856540B386C60213D80E01338779
:102DE000E802BA96C2963386C80263F3E6007A9682
:102DF00093D80601469663E2C5026385C5003E8509
:102E00008145828041677D17F98EC206B3FEEE00D0
:102E10003315C501F696E374D5FE1385F7FF81459A
:102E2000828013D70601414839BD93560601C14738
:102E3000D1B193D60801C14785BB81450545828044
:102E40003687014809B5428785BF3E86E9BDBA8706
:102E50001DBF328E4DB579154698E5B97915C697DF
:102E600061BBB68732882A832E872E8E6391061423
:102E700063F0C50A41676376E61A1307F00FB2865E
:102E80006375C70093568600A147176700001307B4
:102E9000273B3697182393080002BA97B388F84067
:102EA000638C0800B3951501B357F500331816016C
:102EB00033EEB7003313150113560801B357CE0292
:102EC00013150801418193560301337ECE02B307E7
:102ED000F502420E3367DE006378F70042976365C0
:102EE00007016373F70042971D8FB356C70293170C
:102EF0000301C1833377C7023305D5024207D98F57
:102F000063EBA7083385A7403355150181458280BF
:102F100001E605473358C7024167636BE80EB70700
:102F200000016364F82A93568801E147176700009F
:102F3000130707313697182393080002BA97B3880E
:102F4000F840639A081E131E0801B3850541135605
:102F50000801135E0E0113570301B3D6C502B3F582
:102F6000C502B386C603C2054D8F6377D70042976B
:102F700063640701636AD726158F3355C70242037E
:102F8000135303013377C7023305C5034207B36701
:102F9000670063F8A700C29763E5070163F3A70022
:102FA000C2973385A74033551501814582802A8811
:102FB000E3EFD5F4C16763E5F604B707000163E208
:102FC000F62013D38601E1489767000093874727CF
:102FD0009A9703CE070013030002469E3303C341B2
:102FE0006319030463E4B6006369C5003308C54090
:102FF000958D333705013387E5404285BA85828058
:103000009307F00F63FBD71C13D38600A1486DBF55
:103010001307F00FC286E37B07F193568800A147A0
:1030200031B7B70700016366F61A93568601E14788
:10303000A9BDB357C601B3966600DD8EB3D8C501EE
:1030400013D70601B3DEE802139F0601B357C5018B
:10305000135F0F01B3956500DD8D13D8050133169D
:10306000660033156500B3F8E802B307DF03C20852
:1030700033E80801637BF80036989388FEFF6363AA
:10308000D8166371F816F91E36983308F840B3570E
:10309000E802C205C1813378E802330FFF0213173B
:1030A00008014D8F637BE70136979385F7FF6369CE
:1030B000D7126377E713F9173697C20EC162B3EEE2
:1030C000FE001388F2FFB3F80E019355060193DE5C
:1030D0000E0133780601B38F08033307E7413388C5
:1030E0000E0393D70F01B388B802C298C697B38E68
:1030F000BE0263F30701969E41687D1893D50701D0
:10310000B3F70701C207B3FF0F01F695FE9763629D
:10311000B70A630EB708B307F5403335F500B305BA
:10312000B740898D339EC50133D567003365AE0046
:10313000B3D5650082803318180133D7F5001356D4
:103140000801B356C702131E0801B357F500135EFA
:103150000E01B3951501DD8D93DE050133131501C5
:103160003377C702B307DE0293160701B3E6D60131
:1031700063F8F600C29663E5060163F3F600C296B3
:103180009D8E33D7C60293970501C183B3F6C6025D
:103190003307EE0293950601DD8D63F8E500C295D5
:1031A00063E5050163F3E500C295998D6DB3E374A2
:1031B000F5F63386C740B3B7C700B6979D8DB28783
:1031C00099BF13D30601C14801B593560801C14701
:1031D000B1BB93560601C1474DB936838148EDB363
:1031E000AE87E1BDC68E55B5429779B313D7450179
:1031F000B7071000FD1713D846011377F77F930820
:10320000F07F33FEB700AA8EF58FFD81328F1378E1
:10321000F87FFD82630E1703630D180129E3B3687D
:10322000AE00631F08005D8E01EE0143638C08044D
:1032300021A8B3E8C7000943639608046DD305A02D
:10324000638408046385D50205438DCD7D531DA895
:10325000B368AE00094363970802630AE802631487
:1032600008005D8E75D2E391D5FEE34FE8FC63491B
:103270000701E3EBC7FD630FFE0001436374FE002B
:10328000F1D505431A858280EDFE7D53E5BF5D8E45
:1032900079DACDBFE36ADFFB0143E3F5EEFFF5F139
:1032A00075B739714AD813D945014ED652D456D282
:1032B0009399C50006DE22DC26DA5AD05ECE137959
:1032C000F97F2A8A93D9C90093DAF501630D090EB3
:1032D0009307F07F6306F9181354D5018E09B3697B
:1032E00034013704800033E4890093143500130956
:1032F00019C08149814B13D74601139AC600137731
:10330000F77FB285135ACA0013DBF601630B07106F
:103310009307F07F6303F7049357D6010E0A33EA4D
:103320004701130717C0B7078000B367FA0093156A
:1033300036003A99814833C76A01BD463A85130879
:10334000190063E8361717660000130666DF8A095E
:10335000B29983A60900B2968286B367CA001309A0
:10336000F97F6399071293E9290081458948E1B7FC
:1033700001479307F07F3704080081443204D207E5
:1033800031807E075D8C598CA285F250625426856F
:103390004259D254B259225A925A025BF24B2161DD
:1033A00082805A853E84AE84C68B8947638DFB0E2E
:1033B0008D47E38FFBFA85472A87639EFB38814759
:1033C0000144814465BF33E4A90061C036C632C4FC
:1033D000638C092A4E85EF10B04B2246B246AA876D
:1033E000130755FF7544938487FF198CB39999008F
:1033F00033548A0033643401B3149A0013D746015E
:103400001309D0C0139AC6001377F77F3309F94028
:103410008149814BB285135ACA0013DBF601E319C7
:1034200007EEB367CA00B1C7630F0A22528532C4E0
:10343000EF10104622462A87930655FFF54793055D
:1034400087FF958F331ABA00B357F600B3E74701E9
:10345000B315B6003309E9401309D9C08148E1BD6D
:1034600033E4A90001ECA14981441309F07F894BA1
:1034700059B593E919008145854875BD4E84AA84E4
:10348000B1491309F07F8D4BBDB591498144014984
:10349000854B95B593E93900D2878D4869BD894739
:1034A0005685E397FBF02A879307F07F0144814418
:1034B000F1B5C16E1386FEFF93D6040113DE05013C
:1034C000F18CF18D338695023383B6029358060151
:1034D00033059E021A95AA98B382C60363F3680067
:1034E000F692C16F1383FFFF33F5670093D3070193
:1034F000B3F76800C207337366003E933306950244
:1035000093D80801B387A602135F0601B384930220
:10351000BE94FA94B38E760263F3F400FE9E416A81
:103520009307FAFF935F0401B376F400B3F9F40054
:103530007D8EC1803384D502C209338FD401B29904
:10354000CE98B307DE02935E0401B385BF02AE9747
:10355000BE9E330EFE0363F3BE00529EC167938589
:10356000F7FF33F6BE006D8C4206229693DE0E0105
:10357000B305D502769E3385AF0213D40501B38619
:10358000D302AA96A296B38FF30363F3A600BE9F5D
:1035900041657D15B3F7A600C2076D8DAA97B38567
:1035A0005800B3B93501FA97B2953384370133B671
:1035B000C500B30EC4013385CE0033343401B3B734
:1035C000E701C18F33BECE0113D406013336C500E7
:1035D0003E943366CE009394950032947E94B3E487
:1035E0006400260493567501B3349000DD8193176F
:1035F0009500CD8C558CDD8C9317740063DB070030
:1036000093D7140085889316F401DD8CD58C058042
:1036100042899307F93F6359F00893F6740081CE0D
:1036200093F6F40011466388C60093864400B3B451
:1036300096002694B6849316740063D80600B707E4
:1036400000FFFD177D8C930709409306E07F63CF51
:10365000F60E93D634009314D4012604D58C318011
:1036600093F7F77F21BB328532C4EF1070229306A7
:103670005501F147130705022246E3D1D7DC611556
:10368000B317A6008145F9B3EF1090201307550139
:10369000F145930705022246B246E3D5E5D461150C
:1036A0003314AA00814499BB85469D8EB1E7130966
:1036B000E941B3972401B3D4D40033192401B337BB
:1036C000F000B3649900DD8C93F77400B356D40016
:1036D00081CF93F7F40011466388C70093874400B5
:1036E000B3B49700A696BE849397860063D8070468
:1036F00085470144814459B113068003E341D6CC88
:103700007D46E356D6FA0556B307F6409305000208
:103710003356F4006387B6001309E943B317240155
:10372000DD8CB3349000D18C93F67400014499CAB7
:1037300093F7F40011468146E392C7FA139496007A
:103740003180F6068D80D58C81470DB99307F07FC7
:103750000144814425B142896DBD370710007D17B2
:1037600001113373B70093D84601758F935ED6016C
:1037700022CC26CA0E0393D445019357D5010E07D8
:1037800006CE4AC84EC693F8F87F130EF07F33E793
:10379000EE0093F4F47F13D4F50133E36700131FB5
:1037A0003500FD82931E36006380C81993C616004B
:1037B000B38514416305D4126351B018638B081AA2
:1037C000B70780005D8F6381C4599307800363C48A
:1037D000B734FD4763C5B748930700028D8FB3D94F
:1037E000BE003318F700B39EFE003368380133572C
:1037F000B700B339D001336838013303E340B3096C
:103800000F41B3373F013306F3409317860063D36C
:103810000724370980007D1933792601630F092CAD
:103820004A85EF10F006130785FF93070002998F72
:10383000B3D7F9003316E900D18FB399E900634497
:10384000972A058F13061700FD4663C5C63A13076E
:103850000002118FB3D6C9003398E9003397E7000F
:10386000558F33380001B369070133D6C70081444F
:1038700093F7790081CF93F6F90091476388F600BA
:103880009386490033B836014296B689931786006D
:1038900063D6071C138714009307F07F058863061F
:1038A000F720B70780FFFD17F18F1398D70193D941
:1038B0003900A60733683801B1831377F77F9396F1
:1038C000C7005207B1827E04D98EC18EF240624495
:1038D000D2444249B2494285B68505618280635629
:1038E000B00A638A0812B70780005D8F6387C42D12
:1038F0009307800363C7B718FD4763D2B73C1388AB
:1039000005FE93070002B3590701638AF500930788
:103910000004B385B7403317B700B3EEEE00333879
:10392000D0013368380195A2B367D701938514801D
:1039300099E393C61600630AD404D1E19387140077
:1039400093F7E77F6399071EB367E3013368D701F5
:10395000639204166382073C63160842131835000D
:103960009316D3011358380033E8060193573300F8
:1039700019A2B367D7016385071A9387F5FF638B95
:10398000073A638CC523BE8589B56399051C938668
:10399000140093F7E67FC1EFB367E3016390043649
:1039A000638D0744B367D701639407460E05131868
:1039B000D3010D813368A800935733006DA8B385F8
:1039C000984063970420B367E301638D07309387C2
:1039D000F5FF638907401305F07F6383A520BE854B
:1039E0009307800363C2B72AFD4763C8B73C9307B8
:1039F00000028D8F3318F3003356BF00B317FF005A
:103A00003368C800B339F0003353B300336838016A
:103A100033076740B5ACB367D7016383071093875B
:103A2000F5FF638F071E6380C52FBE85D1B5930751
:103A3000F07F638BF606FA9E33B6EE01B307E30020
:103A4000B2971398F70193DE1E00B369D80113D61D
:103A50001700B68493F77900E39F07E09317D60128
:103A600013D839003368F800A6859357360013073A
:103A7000F07F6380E506B207B18313F7F57F058811
:103A80003DBD3367D7013338E000B309E801B3B770
:103A9000E9013386670093178600E3DD07FA8504A2
:103AA0009307F07F639CF41805881307F07F814724
:103AB000014831B5639107106301083C13183600C3
:103AC0009317D701135838003368F800368493579A
:103AD0003700B367F800E9DB01441307F07FB7074D
:103AE00008000148E9BB370680FF7D167D8E93F7FD
:103AF0007900998CE39107D895B74E85EF1040591E
:103B000013078501FD47E3D2E7D2130685FFB3977C
:103B1000C90081492DB33368D70133380001C5B1DD
:103B2000131835009317D301135838003368F80081
:103B3000935733002DBFB309DF413309E3403336D8
:103B40003F013309C9409317890063CA072033E84E
:103B50002901E31508CC8147014431BFB385984062
:103B600063810414B70680009307F07F3363D300AA
:103B70006381F8209307800363CCB722FD4763C9B4
:103B8000B72C930700028D8F3318F300B356BF0094
:103B9000B317FF003368D800B339F0003353B300D4
:103BA000336838011A97B309D801B3B7D9013386FE
:103BB000E700C684CDB5E31108F21318350093175A
:103BC000D301135838003368F8009357330011B706
:103BD000370580009307F07F3363A300E392F8E09A
:103BE0000E061318D7010D823368C80093573700AB
:103BF0003684C5B505179306000233D7E700630A7C
:103C0000D600930600043386C6403396C700B3E956
:103C1000C90033383001B369E800014681441DBD55
:103C2000B309DF01B307E30033BFE9013386E701DE
:103C3000931786008544E3DF07E08944B70780FFD8
:103C4000FD17F18F13D7190013F819003368070116
:103C50009399F701B3E9090113D6170011B9138835
:103C600005FE93070002B3590701638AF500930725
:103C70000004B385B7403317B700B3EEEE00333816
:103C8000D00133683801A5BE3363E30133386000E7
:103C9000B3890E41B3B73E013306F740C68436847C
:103CA000ADB6B367E301638707189387F5FF638CAD
:103CB000071C9306F07F638ED50ABE8565BD93070A
:103CC00000028D8FB3D9BE003318F700B39EFE00FB
:103CD000336838013357B700B339D001336838013E
:103CE0003A9365B3131836009317D7011358380069
:103CF00033E8070136849357370095BBBDCB336754
:103D0000D701E31B07DC0E051318D3010D813368BF
:103D1000A8009357330075BBE30F08E21318360071
:103D20009317D701135838003368F8003684935737
:103D3000370091B3B309DF41B307E340333F3F019D
:103D40003386E7418544D1B4131835009316D30167
:103D50001358380033E80601935733009DBBB389ED
:103D6000EE413306674033B93E01330926413684BC
:103D700075B40E061318D7010D823368C800935727
:103D8000370081BBB309DF41B307E34033363F015E
:103D90003386C7409317860063D7070AB389EE417D
:103DA000B3076740B3BE3E013386D7413684C9B4FA
:103DB0003363E30133386000FDB3138805FE9307D6
:103DC0000002B3590301638AF50093070004B38529
:103DD000B7403313B300336F6F003338E0013368FB
:103DE00038017DB5B389EE41B3076740B3BE3E01EC
:103DF0003386D7413684854409BC1318360093179F
:103E0000D701135838003368F80093573700A5B12D
:103E1000B309DF01B307E30033BFE9013386E701EC
:103E200093178600E3D807C2B70780FFFD177D8E82
:103E300085440DB10E061318D7010D823368C800F2
:103E4000935737002DB133E8C900E30608D019B104
:103E5000138805FE93070002B3590301638AF50036
:103E600093070004B385B7403313B300336F6F007B
:103E70003338E001336838013DB301441307F07F64
:103E8000B70708002DBCB309DF01B307E300B3BED9
:103E9000D9013386D70169BB3707100093D7450195
:103EA0009306F7FF93F7F77F1308E03FED8E13D6E5
:103EB000F5016353F8029305D04363D2F5028545BB
:103EC000918D3305B04013D6F541B7050080B33767
:103ED000A000918D9D8D82800145814582801308CF
:103EE0002043B3E5E6006354F8021387D7BA9387FB
:103EF000D7BC63450704B315E500014565D233051A
:103F0000A040B337A000B305B0409D8D82809306DA
:103F100030439D8E7D47634CD7001387D7BE3397C0
:103F2000E5003355D500598DB3D5D500C1BF130574
:103F300030411D8D33D5A5008145C9B7FD461357C6
:103F400015009D8E3357D700B395F500D98D3315E5
:103F5000F5006DB7011106CE22CC26CA4AC84EC65E
:103F6000B367B5009DCFAE84AA8913D9F50163CE9E
:103F700005042684ADC42685EF1080119306E04326
:103F8000898E9307304363CAD7089397C4002D46A0
:103F90004E8793F6F67FB1836359A600130655FF4B
:103FA000B9A80149814681470147B207F2406244FE
:103FB000D206B1837E09D58FB3E72701D2444249A7
:103FC000B2493A85BE85056182803305A040B3368B
:103FD000A000B304B040958CAA892684C9FC4E8504
:103FE000EF10000B2A869306E04313050502898E25
:103FF0009307A00293F6F67F63C7A70C5506130735
:10400000B002098FB397C40033D7E9005D8F9317CF
:10401000C700B1833397C90049BF9307604363DB8F
:10402000D7022147098F930507FE63C2050CB3D55C
:10403000B40001471306850193078503634C060806
:104040003396C9008149B3E9C90033363001B3E979
:10405000C5003A84A1474E8663C9A704B70780FF0D
:10406000FD17937576003377F40085C59375F600D8
:104070001148638005039305460033B6C5003297A7
:1040800013168700635106089306F0437D8F898ECF
:104090002E8613553600931797001316D7013367F2
:1040A000A600B18393F6F67F09B7930780029305C4
:1040B00085FF898FB3D7F9003317B40033E4E700E5
:1040C0003396B90061BF5516B397C900B207B183E3
:1040D0000147E1BD7D4613D819001D8E3358C80035
:1040E0003396F4003366C800B399F900A9BF7D4642
:1040F000198E93971400B3D5E900B397C700DD8DEF
:1041000033D7E40005BF2E8669B741113707800019
:104110007D1713D8750126C2935475013373A70018
:1041200093F4F40FB376B7004AC01378F80F13591D
:10413000F50106C622C4FD819A8726854A86131E8C
:104140003300939E3600B3880441630AB90E63506E
:10415000100D630408149307F00F638BF414B70772
:104160000004B3EEFE00ED4763C117299307000278
:10417000B3871741B397FE00B3D81E01B337F000E1
:10418000B3E7F800B307FE4013975700635E0718C4
:10419000370400047D147D8C2285EF00706F6D154F
:1041A000B317A4006348951A058D1304150013076F
:1041B0000002018F3397E7003337E000B3D7870061
:1041C000D98F814413F7770019C713F7F700914689
:1041D0006303D700910713975700635B07148504A7
:1041E0001307F00F4A866383E4169A07A58313F535
:1041F000F40FB2402244A6079314750113D597001B
:10420000458D7E0692440249518D41018280639919
:10421000080A138714001377E70F631707146390D6
:104220000422630D0E1EE3860EFCB307DE411397D6
:10423000570063500722B387CE412E8961B7635C74
:10424000100B630E08089307F00F6383F406B7079B
:104250000004B3EEFE00ED4763C9171F9307000289
:10426000B3871741B397FE00B3D81E01B337F000F0
:10427000B3E7F800F297139757006357070A8504CE
:104280001307F00F6384E40CB706007E13D7170002
:10429000FD16858B758FD98F35B7638D0E08FD1888
:1042A000B307DE41E38208EE9307F00FE39DF4EAE3
:1042B000630D030801461305F00FB707400015BF53
:1042C00033079840EDE863020E147D176308071862
:1042D0009307F00F6319F80E2E893683D1BF638BD5
:1042E0000E04FD18B307DE01E38708F89307F00F0B
:1042F000E393F4F675BF63950808850413F7E40F9C
:104300006313071263170510630F0E14E3830EEE99
:10431000B307DE011397570081446357070037073F
:1043200000FC7D17F98F854413F77700E31F07E83A
:1043300013D337009307F00FE38CF4F69317930031
:10434000A58313F5F40F4A866DB54A861305F00F61
:10435000814745B5370700FC7D17F98F13F77700C4
:10436000898CE31407E6E9B73304DE419317540060
:1043700063C3070CE31204E201460145814795BD82
:1043800033079840ADC49307F00FE308F8F4B7077C
:104390000004336EFE00ED4763CCE70C9307000288
:1043A000998FB317FE003357EE00B337F000D98F63
:1043B000F697C284C9B59307F00FE30FF8F0B7077B
:1043C0000004336EFE00ED4763C3E7089306000266
:1043D000998EB316DE00B357EE003337D000D98F75
:1043E000B387FE40C2842E8945B3854761BB630E07
:1043F0000E067D17B307DE01C284E30E07E69307BE
:10440000F00FE31AF8F8368365B53683C2842E8937
:1044100015B7E3040EECE38D0EE869BD638D0E0263
:104420002E86B687F9B39307F00FE381F4F2B30752
:10443000DE018583D5BD3384CE412E89B1BBE31C1B
:104440000EFCE3890EE62E8949BD854725B58547D3
:1044500041BFE39B07EC0146814761BBB387CE4177
:10446000C2842E8915B3B68769B33683C284D9B5A1
:1044700085473DBF3971935775014AD856D25ECEF4
:10448000931A95001359F50106DE22DC26DA4ED682
:1044900052D45AD093F7F70F93DA9A00CA8B6382FB
:1044A00007121307F00F6384E7128E0A3707000420
:1044B000B3EAEA00138A17F80144014B93D7750158
:1044C0009394950093F7F70FA58093D9F501FDC755
:1044D0001307F00F6387E7028E04938717F83707F7
:1044E0000004D98C330AFA408146558C17570000D6
:1044F000130707C90A043A941C4033493901BA9793
:104500008287130A1AF0F9E88946558C175700007C
:10451000130707CB0A043A941C4033493901BA9770
:10452000828701491307F00FB707400013959700E2
:10453000F25062549317770125817E095D8D3365B2
:104540002501D2544259B259225A925A025BF24B77
:10455000216182801307F00F8147C9BFA68ACE8BE5
:10456000368B8947630BFB1A8D47E30CFBFA8547B3
:10457000630AFB0A1307FA0713F91B006357E012DB
:1045800093F77A0099C793F7FA0091466383D700AF
:10459000910A93974A0063D90700B70700F8FD17FF
:1045A000B3FAFA0013070A089307E00FE3C4E7FA27
:1045B00093976A00A5831377F70F8DBFB9E48546FB
:1045C000A9B763940A021144014A054BC5BD63991A
:1045D0000A002144130AF00F094BCDB58D4631B7BF
:1045E0003144130AF00F0D4BD1BD56852EC6EF0096
:1045F000302A9307B5FFB39AFA009307A0F8338ADD
:10460000A7400144014BB24555BD2685EF00502817
:104610001307B5FFB307AA00B394E400138A670732
:104620008146E1B513F91B000147814701B7416697
:10463000139554007D1693570501698E63FA9A0A03
:10464000B3D5FA027D1AD68601473388C502B3F680
:10465000F602C206558F637B07012A979386F5FF02
:104660006368A70A6376070BF9152A973307074192
:10467000B356F7023377F702B38AC60293170701DE
:1046800063FB5701AA971387F6FF63E1A70863FF4F
:104690005707F916AA97C205B38A5741D58DB33A81
:1046A0005001B3EA5501CA8BF1B58546998E11C701
:1046B0006D4601478147E34BD6E6130AEA09339A70
:1046C0004A01B3D7DA00B33A4001B3E7570113F711
:1046D000770019C713F7F70091466303D7009107D6
:1046E00013975700634807029A07A58301473DBD0A
:1046F00093D61A00B3D5F6021397FA014183338893
:10470000C502B1B7CE8B368B814AA1BDBA8661B7DF
:10471000B685A9BF0547814711BD13F91B001307D3
:10472000F00F814721B593567501B7078000FD173B
:1047300013D6750193F6F60F1308F00FB3F8A70020
:104740001357F501ED8F1376F60FFD816381060394
:10475000630C06018DE211E2B1C3638E08026305AA
:10476000B70405451DE78280F5D779558280E39E21
:1047700008FE6309D60211E2EDD7E314B7FEE34267
:10478000D6FE63C7C600E3EE17FD0145E3FDF8FC66
:1047900001E77D558280F5DD054582800145E39284
:1047A00008FC8280F9DBD1B78146E1BF93567501E1
:1047B000B7078000FD1713D6750193F6F60F13089F
:1047C000F00FB3F8A7001357F501ED8F1376F60F2E
:1047D000FD81638706036309060185EA11EA89EB17
:1047E0000145639B080082800945F5FFE5DA31A8A1
:1047F000638C08026300B704054575D77D55828038
:104800000945639808026304D60211E2F5D7E3155F
:10481000B7FEE343D6FE63C7C600E3EF17FD0145CD
:10482000E3F3F8FC19E3D9BFF1D905458280E5D35C
:10483000828082808146C5B7797122D41354750174
:104840004ECE52CC9319950006D626D24AD056CADF
:104850005AC81374F40F93D99900135AF50169C417
:104860009307F00F6308F40E93973900370700049D
:10487000B3E9E700130414F88144014B13D7750121
:10488000939A95001377F70F93DA9A0013D9F501ED
:1048900045CF9307F00F630CF7028E0A130717F842
:1048A000B7070004B3EAFA003A94014633452A01F7
:1048B000BD47AA869305140063E0971017570000C0
:1048C000130707948A04BA949C40BA97828713040A
:1048D000F40F63960A0C93E424000946C1BF014516
:1048E0001307F00FB7074000B2502254A6075E0727
:1048F000A5837E05D98F92540259F249624AD24A61
:10490000424B5D8D45618280CA86D689328B89474C
:10491000630FFB088D47E304FBFC85473685631076
:10492000FB1A01478147C9B7639D090413D7750175
:10493000939A95001377F70F91440144054B93DA4E
:104940009A0013D9F50131F7639D0A0093E414002E
:104950000546A9BF63920902A1441304F00F094B55
:1049600031BF568535279307B5FF098CB39AFA00F6
:104970001304A4F801461DBFB1441304F00F0D4BFE
:10498000F5BD4E852EC629279307B5FF1304A0F861
:10499000B399F900098C8144014BB245C5B593E444
:1049A00034000D4621B78947D286E315FBF63685DC
:1049B0001307F00F81470DBF41639306F3FF13D632
:1049C000090193D80A01B3F7D900B3FADA003388A2
:1049D0005703B389F80213570801B30A5603D6994F
:1049E0004E9733061603637357011A96C167FD1776
:1049F000B376F7003378F800C206C2969399660042
:104A000093570701B3393001E982B2979A07B3E6A9
:104A1000D900B3E9D7009397490063D9070013D7AA
:104A2000190093F71900B369F7002E841307F407F0
:104A30006350E00493F7790099C793F7F900914622
:104A40006383D70091099397490063D90700B7079B
:104A500000F8FD17B3F9F900130704089307E00FF6
:104A600063CBE70493976900A5831377F70FADBD78
:104A70008547B386E74011C76D4601478147E34547
:104A8000D6E61307E4093397E9003337E000B3D7DC
:104A9000D900D98F13F7770019C713F7F70091469C
:104AA0006303D700910713975700634C07009A07D9
:104AB000A583014715BD1307F00F814735B52E8437
:104AC000B5B7054781470DB53707800041117D1700
:104AD0009356750113D87501B377A70093F6F60FB7
:104AE000935EF5013376B70026C24AC01378F80FFB
:104AF00006C622C41303F00F3E8E3689F684139F38
:104B00003700FD8113153600B38806416302681033
:104B100093C51500638CBE106354100D631008100C
:104B20006304051EFD18B307AF40638608029307B0
:104B3000F00F6388F616ED4763C7172913070002C5
:104B4000330717413317E500B35715013337E0003A
:104B5000D98FB307FF40139757006351071A3704E3
:104B600000047D147D8C228525236D15B317A400C8
:104B7000634E251B3305254113041500130700025E
:104B8000018F3397E7003337E000B3D78700D98F21
:104B9000014913F7770019C713F7F700914663032C
:104BA000D700910713975700635E07149306190007
:104BB0001307F00F93FE14006386E6169A07A58389
:104BC00093F6F60FA607B240224413D59700DE06EF
:104BD0009397FE01558D924402495D8D410182807B
:104BE0006392080A138716001377E70F631B0714F5
:104BF0006394062263020F2071D5B307AF40139769
:104C0000570063550722B307E5410149AE8451B708
:104C1000E30005F0638ABE0AE35410FD9307F00F2A
:104C20006381F608B70700045D8D31B7635E100934
:104C3000630108089307F00F6385F606B7070004C1
:104C40005D8DED4763C0171F13070002330717413F
:104C50003317E500B35715013337E000D98FFA97C2
:104C600013975700635C070805091307F00F630BE0
:104C7000E90AB706007E13D71700FD16858B758FDE
:104C8000D98F01BF3307D84063950610630D0F1409
:104C90007D176303071A9307F00F6314F810AE84AF
:104CA000328E630F0E06814E9306F00FB707400059
:104CB00011BF39C9FD18B307AF00E38308FA9307A2
:104CC000F00FE390F6F8F1BF639908081389160016
:104CD0001377E90F63160712639B061063030F1621
:104CE000E30205EEB307AF0013975700014963577E
:104CF0000700370700FC7D17F98F054913F7770088
:104D0000E31C07E813DE37009307F00FE30BF9F815
:104D100093179E00A5839376F90F93FE14005DB55B
:104D200093FE14009306F00F814769BD370700FC1E
:104D30007D17F98F13F777003309A940E31E07E4C5
:104D4000D1B73304AF409317540063C3070CE31C7F
:104D500004E0814E81468147B5B53307D840B5C6DA
:104D60009307F00FE30EF8F2B7070004336FFF006C
:104D7000ED4763CDE70C93070002998FB317FF004F
:104D80003357EF00B337F0005D8FB307A7004289B8
:104D9000C1BD9307F00FE304F8F0B7070004336FC9
:104DA000FF00ED4763C2E70893070002998FB3172E
:104DB000FF003357EF00B337F000D98FB307F5404A
:104DC0004289AE8449BB854769B3630E0F067D17E0
:104DD000B307AF004289E30507E89307F00FE31933
:104DE000F8F8328E7DBD328E4289AE8431BFE30940
:104DF0000FEAE30805EA45BD0DCDAE8EB287D9B303
:104E00009307F00FE300F9F2B307AF008583FDB518
:104E10003304E541AE8481BBE31D0FFCE30505E8E7
:104E2000AE84BDBD854725BD854749BF0149E39790
:104E300007EC814E814779B3B307E5414289AE84DF
:104E400019BBB28741B3328E42897DBD054735BF5C
:104E5000411106C622C426C20DCD9357F54133C475
:104E6000A7001D8CAA84228525249307E009338797
:104E7000A74093076009FD8063CCE702A1469377C2
:104E8000F70F63D5A60061153314A400260425800E
:104E900021A0814481470144260413559400B24067
:104EA0002244DE07FE045D8D458D924441018280DF
:104EB0009307900963DDE7009307B5019546B317A3
:104EC000F400898E3354D400B337F0005D8C9547DD
:104ED00063D6A7009307B5FF3314F400B70600FCB0
:104EE000FD16937774003376D40085C39377F4006E
:104EF0009145638CB70011069317560063D70700DE
:104F00009307F009758E3387A74013146600258038
:104F10009377F70F51B7411106C622C415CD2A84E5
:104F2000852A9307E0093387A7409307600963C088
:104F3000E704A1469377F70F63D5A60061153314F4
:104F4000A40026042580260413559400B240224470
:104F5000DE075D8D410182800144260413559400D3
:104F6000B24022448147DE075D8D41018280930774
:104F7000900963DDE7009307B5019546B317F40088
:104F8000898EB337F0003354D4005D8C954763D6D7
:104F9000A7009307B5FF3314F400B70600FCFD1615
:104FA000937774003376D40085C39377F4009145EA
:104FB000638CB70011069317560063D70700930759
:104FC000F009758E3387A7401314660025802604E8
:104FD00013559400B24022449377F70FDE075D8D9E
:104FE00041018280135775011377F70F4111930721
:104FF000170022C426C21314950006C693F7E70FC4
:1050000025809354F50185C793573400130707385B
:105010007604B2075207B1831395F401D98FC98F73
:10502000B240228522449244BE854101828005EB34
:1050300039C42285B128A94763C6A7042D47098F23
:10504000930755013357E4003314F4009317C70056
:1050500013079038098FB1831377F77F5DBF01CCB9
:1050600013573400B7070800D98FB2077604B1830D
:105070001307F07F79BF1307F07F814759BF0147BE
:10508000814741BF130755FF3317E40001447DBF3B
:10509000C167637CF5029307F00F1307000263EB0F
:1050A000A700974700009387A719AA97882333057D
:1050B000A740828021819747000093876718AA97AD
:1050C000882361473305A7408280B7070001636DDD
:1050D000F50061819747000093878716AA97882378
:1050E00021473305A740828041819747000093877D
:1050F0002715AA97882341473305A7408280814519
:105100006F00305A294681456F00707071713ED32F
:105110009307402006C72EC632CD36CF3AD142D5AE
:1051200046D72312F1022ACC2AD485209707000003
:10513000938727033EDEFD57B2452313F102938781
:1051400081812ACE2AD6884334092E862C0882C62D
:1051500082D036CAEF20C027BA404D618280014517
:10516000828093F5F50F1C2191C76393B70082806D
:105170000505D5BF91C101458280AA879821850781
:105180008505A38FE7FE7DFB8280AA87850703C77D
:10519000F7FF6DFF3385A7407D15828015C27D1610
:1051A0000147B307E500B386E5009C23942263968C
:1051B000D7006304C7000507EDF73385D740828029
:1051C00001458280AA8709CA850503C7F5FF8507BF
:1051D0007D16A38FE7FE65FB3E966393C700828032
:1051E0008507A38F07FED5BF011122CC2A872E8405
:1051F0003A85A28532C606CEEF10105432462A8870
:10520000AE8805C651801374F47F9307B006818F72
:10521000635DF000D2073707F03F01483E974286B2
:10522000BA86EFE00F882A88AE88F2406244428551
:10523000C6850561828035714AC92A89368532D48E
:1052400036C606CF22CD26CB4EC7EAD8EED62E8D57
:1052500052C556C35AC1DEDEE2DCE6DA82C8EF1080
:105260004052AA8D084181440144EFF01FF2B2463A
:10527000AA89EAC635469305B0021305D002130881
:105280000002A548B6479823636BE608637F1709B9
:1052900055C702C8364A93070003814A03470A00EC
:1052A000631BF71283471A00130780056388E70022
:1052B00013068007130700036396C710C24736889A
:1052C0009808D408174600001306460DEC004A85DE
:1052D000EF00306193797500AA8A638809009947C5
:1052E0006397F906050AD2C602C8A25781C7B64716
:1052F00022571CC3C247B9C7B7050080A18DFA4029
:105300006A4426854A49DA44BA492A4A9A4A0A4BE3
:10531000F65B665CD65C465DB65D0D6182806309B6
:10532000B7006303A702E31607F78507BEC699BF58
:1053300002C813871700BAC69C33A9FFA257EAC652
:1053400002C8D5F7A28565BF05473AC8DDB746460E
:1053500011CA93055003A808EF103062C6454A856C
:10536000EF108059FD19914763EE37011747000090
:10537000130707FD8A09BA9983A70900BA9782879C
:10538000E644764493FA8A00E3810AF6B707008080
:105390005D8CA1BFF6453704F0FF7D14B3F785009F
:1053A0005644E644130434439315440133E4B700F0
:1053B000D1BF3704F07FF9B7B705008013C4F5FFFC
:1053C000FD54C9B7B64793861700B6C69C33E38B26
:1053D000E7FE81DF854AB64C014A814B014CA54668
:1053E000A145A9473645034B050013070BFD13766E
:1053F000F70F63FDC60483A50D004E86EFF01FDA9C
:105400003DC1DA87E28D8146014B01451307500605
:105410006387E7001307500481496395E716639695
:105420000D00B3E7560199DB814D364D1307B002ED
:1054300093071D00BEC683471D00638FE70C13074B
:10544000D00201486390E70E0548C1A863C98501F1
:10545000B38BFB02BA9B0505050CAAC661B7330ADC
:10546000FA023A9ACDBF364581464E95AAC61C210E
:10547000630B0C06014BE28D138707FD2546637510
:10548000E602054561B7B647850613861700B2C622
:105490009C33E38AE7FE1387F7FC2146E366E61EAA
:1054A000B64C368B814D8146938707FD13871600D6
:1054B00085C73A9B3385B6016E872148C148294686
:1054C0006316A702850DB69DA14663CEE602294765
:1054D000B38BEB020147BE9BB64793861700B6C657
:1054E0009C33BA8651BF1307000365B793051700B5
:1054F0006346E800B38BCB022E87D9B7E3CEB8FE64
:10550000330ACA02D5BFC1460147E3C7B6FDA94663
:10551000330ADA023E9AC9B7014893072D00BEC686
:1055200083472D00138707FD25466365E60C1307A7
:1055300000036385E70A1387F7FC2146814963630B
:10554000E604B648138707FD2543294EB647138660
:105550001700B2C69C33938507FD93F5F50F63756D
:10556000B3089569330616419389F9E1A148CE85C0
:1055700063C6C800BA8963D3E500AE896304080036
:10558000B309304163960D0CB3E6DA00E39F06D40D
:10559000E31605DA1307E0046389E706634FF704AF
:1055A00013079004E39CE7D897450000938505DE38
:1055B000E800EF106002E30305D8B6479745000006
:1055C000938505DDE800FD17BEC6EF10E00001E59C
:1055D000B6478507BEC63704F07F01BBB6471386C2
:1055E0001700B2C69C33B1B73307C703BA97138706
:1055F00007FDA9BFEAC6814971B713079006E38585
:10560000E7FA1307E006E39BE7D29745000093858E
:10561000A5D8E800EF00507CE30205D2B6479823F6
:10562000930780026313F702B00897450000938543
:1056300025D8E800EF00307D95476318F500F64562
:105640003704F07FE6444D8C4DB13704F8FF71B953
:10565000B38A694163130C006E8CC1476E8D63D3AE
:10566000B701414D5E85EF306074A547AA842E8452
:1056700063DCB70393077DFF13973700974700005C
:10568000938747DABA979043D443EFD09FC12A84D7
:105690005285AE84EF3080712A86AE862285A6853B
:1056A000EF20A07DAA842E84BD4763CDB709E38E89
:1056B0000AC2635450075947634357038E0A9747FA
:1056C0000000938727D6BE9A03A50A0083A54A0047
:1056D0002686A286EFD0FFBCAA842E8439B1130798
:1056E00050023307B741634F5705B38DB741174990
:1056F0000000130929D393973D00CA978843CC43F0
:10570000B38DBA412686A2868E0DEFD09FB9CA9D71
:1057100003A60D0083A64D0075BFA95763C4FA0206
:10572000B3093B41139B390097490000938989CF06
:10573000DA9903A6090083A649002685A285EF20F1
:10574000D06659BF338DAD41569D6357A0119377F5
:10575000FD0099CF174700001307C7CC8E07BA97F3
:105760008843CC432686A286EFD0BFB3AA842E847A
:10577000137D0DFF63080D0A9307401363D5A7053A
:10578000014B814902C6814B930720022320F90077
:105790003704F07F8144B247E38907B4C6454A85A0
:1057A000EF108015DE854A85EF100015CE854A85FD
:1057B000EF108014B2454A85EF100014DA854A854F
:1057C000EF1080131DB6135D4D402685A2858147DD
:1057D000014A054897480000938848C26346A805D7
:1057E00099C3AA842E8417470000130727C1931773
:1057F0003A00BA978843CC433707B0FC22972686F5
:10580000BA86EFD01FAA3704F07FB377B40037070A
:10581000A07CAA84E366F7F63707907C637AF702E8
:105820007D14FD54014ADDA813771D0011CF131715
:105830003A00469710435443EFD0BFA6854705482A
:1058400097480000938888BB050A135D1D4079B70F
:10585000370450032E94F9B7E3060DFC330DA04135
:105860009377FD0099CF174700001307A7BB8E075A
:10587000BA979043D4432685A285EF201053AA847B
:105880002E84135D4D40E30F0DF8FD4763DDA70146
:10589000014B814902C6814B930720028144014498
:1058A0002320F900CDBD137A0D0163040A00130A09
:1058B000A0062685A285974700009387A7B00147D9
:1058C00093761D0081CA9043D4433EC6EFD07F9D9E
:1058D000B2470547135D1D40A107E3130DFE19C331
:1058E000AA842E8463050A029357440113F7F77FB5
:1058F0009307B006998F635CF0007D476354F722ED
:105900001307400381446359F720370470030146AD
:1059100081462685A285EF3080243DD95E87EE86BC
:105920006286E6854A85EF10E00A2AC6E30A05E4A6
:1059300093D7FA41B3093B41B3F7F9003ED056CEB5
:1059400063D30A0002CEB247014B8149B1073ED86A
:10595000B7071000FD173ED6B2474A85CC43EF008B
:10596000F070AA8BE30205E2B247C2553105904BB5
:1059700009060A06EF007064B808D4082286A685D6
:105980004A8526CA22CCEF10C06AAAC8E30E05DEFB
:1059900085454A85EF104019AA89E30705DED647F9
:1059A00063C707180257724C338DE7006647B38709
:1059B000474193066003BA97FD17930D20C0998E57
:1059C00063D6B7193387FD407D46998E6346E61648
:1059D000854DB397ED003ED2814C369CB30DDD0072
:1059E000529CEA8763D3AD01EE876353FC00E287E4
:1059F0006358F000B38DFD40330CFC40330DFD4087
:105A000082576358F002CE853E864A85EF10C02744
:105A1000AA89E30B05D64646AA854A85EF1080126F
:105A20002ADAE30305D6C6454A85EF00F06CD25763
:105A3000BEC8634FB011635A50017246DE854A8575
:105A4000EF108024AA8BE30105D4635A8001DE8520
:105A500062864A85EF10202FAA8BE30705D2635A8E
:105A6000A001CE856A864A85EF10E02DAA89E30D54
:105A700005D0C6455E864A85EF10E03C2A8BE305DB
:105A800005D0032CC500CE8523260500EF108038F5
:105A90006359050C336C9C0063110C129317C400FE
:105AA000639D0710B707F07FE18F3707B006637675
:105AB000F71083274B0191E703270B01854763DE2E
:105AC000E70EDA8505464A85EF10E027CE852A8B5A
:105AD000EF1040346353A00E630C0A10B707F07F39
:105AE000E18F3707B0066345F71037077003E355BA
:105AF000F7DA0147B70750392685A2853A86BE8670
:105B0000EFD02FFA2E84C98DAA84E39905C8930794
:105B100020022320F90059B181177D57B317F700F0
:105B20007D8CF5B37D57B317F700FD8CCDB372476D
:105B3000025D330CF7409DBD930C20BEB387FC4043
:105B4000854CB39CFC0085473ED241BD814CE5BFEE
:105B5000C6456E864A85EF10001FAAC8E31D05ECF6
:105B600025B169E9370710007D17B377E4006309B1
:105B70000C046399E7047D5763000A02B707F07FBE
:105B8000E18FB706A00663E9F600D1839306B0065D
:105B9000B387F6403317F7006396E402B707F07F48
:105BA000FD176315F400FD57E380F4BEB705F07FE1
:105BB000E18D370410002E948144E31C0AF2F9BEF3
:105BC000C58F99DB63820C04B3FC8C00E3870CFE69
:105BD00052862685A285630F0C02EFF0EFE02A863D
:105BE000AE865245E245EF204029AA842E84F1B7C3
:105BF000B705F07FE18D3704F0FFA2953704100060
:105C00007D144D8CFD5455BF9257B3FD9700E3862C
:105C10000DFA7DBFEFF04FDD2A86AE865245E24594
:105C2000EFD0BFB301468146AA842E84EF203073A3
:105C300049F59DB1CE855A85EF10E04C97370000AD
:105C4000938747729043D4432A8DAE8DEFD00FDAFD
:105C50006342A01063010C0A814D370DF03F0147EC
:105C6000B707F03FB706F07FB37CD400B706E07FFC
:105C7000639FDC166AD2370DB0FC229D2685EA852B
:105C80003EDE3ADC6EDAEF10202BD25812582A860C
:105C9000AE864685C285EFD0CFE02686EA86EF2025
:105CA000C01DAA843705F07F3376B500B706A07C07
:105CB0006257F2576365D60C62479307F5FF639608
:105CC000E7005247FD57E381E7ACB707F07F138445
:105CD000F7FFFD54C6454A85EF001042DE854A8530
:105CE000EF009041CE854A85EF001041DA854A8564
:105CF000EF00904095B1B1E0B257E18FA1E797373F
:105D000000009387A7659043D4436A85EE85EFD062
:105D1000EFCD634D0502973700009387A76390434B
:105D2000D4436A85EE85EFD0CFD72A87AE87370D6B
:105D30000080BA8D334DFD0035B785476394F4007C
:105D4000E30C04B4814D370DF0BF11BF0147B70715
:105D5000E03FF1BF973700009387C75F9043D4437C
:105D60006A85EE85EFD0EFD32A87AE872E8D631636
:105D70000C00370D0080334DBD00AA8DE5B537040A
:105D800050032E94E3180AF4B706F07FE18EE393F4
:105D9000DCF4BE853A853A8DBE8CEF20D06DEF20C5
:105DA000D0792A86AE866A85E685EFD01F9BB257EA
:105DB0002A8DAE8DE18FC58F33EC8701630B0C0A02
:105DC000973700009387075B9043D443EFD00FC20F
:105DD000E346059C973700009387475A9043D44386
:105DE0006A85EE85EF20505EE356A0EE45BA630D5E
:105DF0000A04B706A00663E9960597360000938665
:105E0000E6569042D4423A85BE853ADA3ED2EFD089
:105E1000EFBD925752576344A0023A85BE85EF20EA
:105E2000106C11E10545EF2070782A87AE872E8D22
:105E300063160C00370D0080334DBD00AA8DB705E9
:105E4000B0062E9D330D9D415245E2453EDA3AD2D1
:105E5000EF10800E2A86AE866E85EA85EFD06FC47D
:105E60005246E246EF206001AA842E84D257125790
:105E700011BF973700009387E7509043D443EFD08A
:105E8000EFB6E35905E419BA130750066387E70034
:105E90001307500405456399E7EE014B05456FF084
:105EA0004FD8938781819C432E86945389E697A689
:105EB000FF1F9386A61EAA853E856FF0CFB7797126
:105EC0004AD04ECE06D622D426D2AA892E89930451
:105ED000190003C4F4FF3A8536C632C42EC23AC054
:105EE000EF00500822951C3102479245A18B2246B3
:105EF000B246D1E39307D0026311F4089C20054316
:105F000093042900E5C641476390E60213070003A6
:105F1000639CE7009C201307800593F7F70D6392BD
:105F2000E70C9C30C1468904B70800806314030065
:105F300093C8F8FF33FFD80201480145A54FE54E4D
:105F4000FD5233DED802138707FD63E3EF04BA87FF
:105F500063DED704630D58007D58636AAE00631496
:105F6000AE006346FF0005483385A6023E958504D2
:105F700083C7F4FFC9BF268999BF9307B0026305A1
:105F8000F400A2870143BDBF9C2093042900DDBF1C
:105F90001387F7FB63E5EE00938797FC55BF1387E4
:105FA000F7F963E5EE00938797FA5DB7FD57631F36
:105FB000F8009307200223A0F900468519EEB2509D
:105FC000225492540259F2494561828063040300CD
:105FD0003305A0406DD6630408009385F4FF0CC21E
:105FE000F9BF93070003A9F2A1463DBF13070003C1
:105FF000E382E7F2A9460DBF938781819C439853C2
:1060000009E717A7FF1F130767096FF05FEB938777
:1060100081819C43B286985309E717A7FF1F130796
:10602000E7072E86AA853E856FF07FE91049930623
:10603000450113D75540B6876356C7020A060A07BB
:10604000FD8936963697B9C91308470018431303DC
:1060500000023303B3403357B700636EC80098C3E0
:1060600011C391073387D740098718C96394D700B4
:10607000232A050082808328080091071108B3981D
:10608000680033E7E80023AEE7FE0327C8FFE1B767
:1060900011078325C7FF910723AEB7FEE36AC7FE4A
:1060A000D1B7930705FD93F7F70F25476367F7000F
:1060B00001159377F50F3E8582809307F5F993F7E5
:1060C000F70F954663E5F600130595FBDDB713075B
:1060D000F5FB1377F70F8147E3EFE6FC130595FD1A
:1060E000C9BF1D71D6C2AA8A428536C63AC286CEBB
:1060F000CAC8D2C4DAC05EDE3E8B6ED63289AE8D9F
:10610000A2CCA6CACEC662DC66DA6AD89D2D832BE5
:1061100005005E85EFF06F87B387AB0083A60D00A7
:1061200083C7F7FF7957158F3EC82A8A93872600C1
:10613000930600033306F700BE84850703C5F7FF07
:1061400032C4E309D5FEEFF0DFF5631E0510528679
:10615000DE852685EFF08F84631C0510338C4401A7
:1061600003450C00EFF0FFF363050510E28493078D
:1061700000038820630BF500EFF0BFF285479339E9
:106180001500E28C3EC4268C21A08504DDB7050CE9
:1061900003450C00EFF0FFF07DF95286DE85628545
:1061A000EFE0DFFF11E9639C0C00529CE28C034599
:1061B0000C00EFF01FEF5DE9014463850C003384B0
:1061C0008C410A0483470C00130700056387E7002E
:1061D00013060007E28C6390C70683471C00130771
:1061E000B002638BE7081307D002638BE708930CB8
:1061F0001C00014D03C50C00EFF0BFEA9307F5FF4B
:1062000093F7F70FE14563E4F508930705FF850C65
:1062100003C50C003ECAEFF0DFE89305F5FF93F5E8
:10622000F50F6148D247A948637EB80463040D00A6
:10623000B307F0403E9423A09D01638C0904A2475C
:10624000814491E39944F640664426854649D64404
:10625000B649264A964A064BF25B625CD25C425DC6
:10626000B25D256182808149814C31BF050C81B7C7
:10627000268C01448549B9B7014D930C2C009DBF74
:10628000054DE5BFB3871703AA97C11749B7E28C3D
:106290005DB7B3079C40FD1781451D476344F70A6E
:1062A0005685E923054693094501B3074641AA8D62
:1062B0004E8D8148814C3ECA63E9840913054D0027
:1062C00033053541098523209D0123A8AD00931492
:1062D00055006685EF00407A832B0900898C63D8CE
:1062E0009B0CB3847441A6856E85EF00706C2A8A7E
:1062F00005C91386F4FF935656408A06CE969442FB
:1063000005473317C700758F054A19CB6359CA0073
:106310009385E4FF6E85EF00B0690D4A11E1094AEB
:10632000A6856E85EFF09FD0269403278900635FD2
:106330008708EE855685C92392479304300A23A027
:10634000070011B78505858791BF9307FCFF3EC401
:106350000346FCFFC2476309F602930700026397F6
:10636000F80023209D018148110D814C0345FCFF5D
:1063700046CCEFF01FD3E2483D8922433315150187
:10638000B3ECAC00910815A052479307FCFF338390
:10639000E700E36493FC1A855286DE8546CE1ACC6C
:1063A000EFE0DFDF6243F2484DF91A8C31B7014A62
:1063B000E3DD74F7B3849B40EE8526865685EF00B7
:1063C0009018AA8D058C9309450185B703274900CC
:1063D0006355E40E33048740634574070327C900FF
:1063E0008946630AD7048D46630AD7048546631B32
:1063F000D70263998B026391EB0203274900B247EE
:106400009304200698C30547924723A8ED0023A0D4
:10641000E90023A0B70105BD9385FBFF6E85EF0062
:10642000305961FDEE855685C129924793040005D8
:1064300023A0070009BDE3170BFEC1B7E31F0BFA4A
:10644000D5B79304F4FF63180A0691C4A6856E8538
:10645000EF0010562A8A13D754400A074E97184364
:106460008545B3959500F98D99C1136A2A00A285D7
:106470006E85B38B8B40EFF07FBB032449008944CA
:10648000630B0A080327C9008946630AD7028D46B1
:10649000630AD7028546631DD70013772A0009CB0C
:1064A00003A70900336AEA00137A1A00631E0A0080
:1064B00093E404018DA0054A79BF8544D1B705470F
:1064C000330B6741E3060BFE83A90D0113874D01D2
:1064D000FD55139A29003306470114436383B6041C
:1064E000850614C3894613874D016393D408832618
:1064F0000900FD16639F760193D65B408A063697A6
:1065000018438546B39B7601B3FBEB0063830B0016
:10651000854493E40402924723A0B701B24780C3A5
:106520001DB31107232E07FEE369C7FA03A78D00E9
:1065300063C4E90283A54D0056858505052E03A693
:106540000D019385CD002A8B09060A063105B52475
:10655000EE8556855526DA8D03A70D0193061700A3
:1065600011070A0723A8DD006E97854654C39DBF17
:1065700083A60D0163DCD90085456E85EFF01FAB66
:10658000032789000504E35587F865B393FBFB01F6
:106590008544E3800BF852970325C7FFF1291307C1
:1065A0000002B30B7741E34975FDA5B7A1473386D8
:1065B000C7400A0693060002918E5C4118411105FE
:1065C0003398D70033670701B3D7C700232EE5FE02
:1065D0001CC1E364B5FE82801C416548850503C685
:1065E000F5FF850701E61CC10545828098239306C7
:1065F000F7FB93F6F60F6364D80013070702E30F67
:10660000C7FC014582805D7152DC03AA0500A6C269
:106610004EDE93545A405AD88A0486C6A2C4CAC0D1
:1066200056DA5ED662D466D26AD06ECE137AFA019A
:106630002A8BB289B29463030A00910483270B006A
:106640001389C4FF23AE04FECA8D4A840146814AE1
:10665000814B214C930C00021D4D9433138717007E
:106660003AC0B1CA368532C63EC436C2EFF07FA307
:10667000324659E59246A24763E8DC0263D47A03C6
:106680006378B4016346CD00EE852285EFF01FF2FA
:10669000214663F98900930DC4FF232E04FEDE8A90
:1066A0006E840146824755BF93059002639CB608ED
:1066B00089072320FB0063870B086379B4019D479A
:1066C00063C6C700EE852285EFF05FEE63FA8904AA
:1066D000CE8711040327C4FF910723AEE7FEE37AB8
:1066E00089FE910723AE07FEE37DF9FE83270900AB
:1066F00091E76317390585472320F9001545A1A0C7
:106700000506850B6358CC00E3FE89F8232E04FEB2
:10671000054671141C403D899207C98F1CC059B7AA
:10672000E3060AFC93070002B38747417D5AB3573B
:10673000FA0003AAC4FF337AFA0023AE44FF7DB700
:1067400071196DB71145B640264496440649F25971
:10675000625AD25A425BB25B225C925C025DF24D9D
:10676000616182800325C50E8280938781819C436D
:106770009C5389E797A7FF1F9387479203A5C70EEE
:1067800082801305050F828091ED41116C00014557
:1067900001CA795591C61C229CC108223335A0003C
:1067A00041018280014509CA795599C61C229CC1C4
:1067B00008223335A00082808280B3C7A5008D8B6C
:1067C0003307C50081E78D4763EDC700AA87637E65
:1067D000E508942185078505A38FD7FEE3EBE7FE47
:1067E000828093763500AA8789CA9421850785051A
:1067F000A38FD7FE93F63700C5BF9376C7FF1386E6
:1068000006FE63F0C70683A3050083A2450083AF9D
:10681000850003AFC50083AE050103AE450103A3A8
:10682000850183A8C5019385450223A0770003A8AD
:10683000C5FF23A2570023A4F70123A6E70123A83D
:10684000D70123AAC70123AC670023AE17019387A2
:10685000470223AE07FF75B790419107910523AE1C
:10686000C7FEE3EBD7FEE3E6E7F682805C51411119
:1068700022C44AC006C626C22A842E8989EF414511
:10688000EF10E04B48D023220500232405002320ED
:106890000500232605004450DC449DC7585093173B
:1068A00029005847BA97884329E18544B3942401C5
:1068B000138654000A0685452285EF00D01319CDB2
:1068C0002322250104C525A0130610029145228527
:1068D000EF0070125C50C8C4DC47E9F30145B240D8
:1068E00022449244024941018280184198C32328DE
:1068F000050023260500E5B75C51011122CC06CE28
:106900002A8499EF41452EC6EF106043B24548D026
:10691000232205002324050023200500232605004B
:1069200091C95450DC4113972700DC46BA9798432D
:1069300098C18CC3F24062440561828079714ECE69
:10694000AA89416522D426D22E84844906D64AD00B
:10695000D10501487D159C419105050833F7A70035
:106960003307C702C183B387C7023697935607011F
:10697000698FB69793D60701C207BA9723AEF5FE83
:10698000E34B98FCA1C21C4463C7F4024C404E8503
:1069900036C68505EFF09FED10489305C4002A899F
:1069A00009060A063105EFF05FE1A2854E85EFF09A
:1069B000BFF4B2464A84938744008A07A297D4C39F
:1069C000850404C82285B250225492540259F249D7
:1069D0004561828079719387860052CC368AA546BC
:1069E00022D426D24ECE2E84B3C7D70206D64AD0A2
:1069F00056CAAA89B2848546814563CCF6044E8581
:106A00003AC6EFF0BFE6324785471CC958C9A547CB
:106A100063D49704930A9400568926940509834603
:106A2000F9FFAA852946938606FD4E85EFF01FF1F2
:106A3000E31689FE138484FF569426896341490333
:106A4000B250225492540259F249624AD24A4561E4
:106A500082808606850555B72904A544F9BFB3078A
:106A60009940A2979423AA852946938606FD4E85D0
:106A7000EFF0DFEC0509D9B74177698FAA870145A7
:106A800019E3C2074145370700FF7D8F19E3210550
:106A9000A207370700F07D8F19E31105920737072A
:106AA00000C07D8F19E309058A0763C907001397A2
:106AB00017000505634407001305000282801C418E
:106AC00013F777000DC393F61700014799E613F704
:106AD000270011C785831CC105473A8582808983B9
:106AE0001CC10947DDBF93960701C182014799E2A6
:106AF000C183414793F6F70F99E22107A18393F6EB
:106B0000F70099E21107918393F6370099E209079C
:106B1000898393F6170081E68583050799C31CC115
:106B20006DBF1307000255BF411122C42E84854555
:106B300006C6EFF0BFD340C9B2402244054718C98A
:106B40004101828098491C4A797126D206D622D406
:106B50004AD04ECEAE846354F700B2842E8683A909
:106B60000401032906019C44CC403384290163D3EA
:106B70008700850532C6EFF07FCF32461308450106
:106B8000131324004293C28763ED67029385440187
:106B9000939829005106131E2900C166AE98329EB3
:106BA000FD166364C60363568000711383270300D8
:106BB000F1CB00C9B250225492540259F2494561B6
:106BC000828023A007009107C1B7832F0600B3FF7F
:106BD000DF00638A0F04428FAE82814403A7020064
:106BE00083230F00110FB37ED700B38EFE03B3F7DC
:106BF000D30093D303019102BE9E93570701B3873D
:106C0000F703A69E13D70E01B3FEDE009E97BA9738
:106C100093D40701C207B3E7D701232EFFFEE3EFAA
:106C200012FB23209F0083522600638A02048327DD
:106C30000800C28E2E8F814F03270F0083D32E00B2
:106C4000F58F758F33075702910E110F1E977E97A0
:106C5000931F0701B3E7FF0023AEFEFE8357EFFF4C
:106C600083AF0E004183B3875702B3FFDF00FE9767
:106C7000BA9793DF0701E3611FFD23A0FE00110611
:106C8000110805B77D1405B7011126CA4AC84EC6BA
:106C900006CE22CC52C4937736002A89B284AE89BC
:106CA00089CFFD1717370000130747848A07BA9763
:106CB00090438146EFF09FC8AA898984A5CC832799
:106CC000490291EF4145EF1080072322A9022322B8
:106CD0000500232405002320050023260500032AA0
:106CE000490203248A0019E8930510274A85EFF02A
:106CF000BFE32324AA002A842320050093F714006D
:106D000081CFCE8522864A85EFF0DFE32A8ACE85C1
:106D10004A85EFF07FBED289858489CC084009E995
:106D20002286A2854A85EFF0FFE108C023200500F6
:106D30002A84E9B7F24062444E85D2444249B249BE
:106D4000224A05618280797126D2AE844ECE83A913
:106D5000040122D4CC41135456409C44A2994AD0F9
:106D600056CA06D652CCAA8A1389190063C42709C9
:106D7000568532C6EFF09FAF3246930745012A8A07
:106D8000BE8601479106634A8706635304000144A7
:106D900094480A04338787008A06938744017D8AD2
:106DA000BE9625C2130800023308C84081458843B7
:106DB000110791073315C500C98D232EB7FE83A592
:106DC000C7FFB3D50501E3E4D7FE0CC399C113890E
:106DD00029007D1923282A015685A685EFF0DFB109
:106DE000B2502254528592540259F249624AD24A10
:106DF000456182808505860795BF23AE06FE05079F
:106E000051B7910703A6C7FF1107232EC7FEE3EA78
:106E1000D7FEC1B71C499849998F8DE30A075105E0
:106E2000D105B306E500BA95F116F11590429841E7
:106E30006308E600FD576363E60085473E85828070
:106E4000E364D5FEE5BF011126CAAE844EC6B28505
:106E5000AA89268522CC06CE4AC83284EFF09FFB51
:106E600005E181454E85EFF07FA085471CC9232AA7
:106E70000500F2406244D2444249B2490561828031
:106E8000054963460500A28701492684BE844C401B
:106E90004E85EFF0BF9D0323040183A80401130670
:106EA0004401131E2300138844018A08C16E23265F
:106EB0002501329EC29893064501014FFD1E1842DE
:106EC000832F08009106B375D701B3F7DF01FA9558
:106ED0009D8D93DF0F0193570701B387F74113D7B8
:106EE0000541BA9713DF0741B3F5D501C207CD8F2E
:106EF000110823AEF6FE1106E36318FDC165FD150A
:106F00006368C601F1169C4295C72328650095B7B2
:106F10001C429106110633F7B7007A9713580741C0
:106F2000C183C29713DF07416D8FC207D98F23AE8C
:106F3000F6FEF9B77D13F9B7B707F07FFD8DB707F8
:106F4000C0FCBE956355B00081473E858280B30585
:106F5000B04093D745414D476347F700B705080058
:106F6000B3D5F540D5B71387C7FEF94681458547A8
:106F7000E3CDE6FCB7070080B3D7E700F9B7797136
:106F800026D204494ECE930945018A04CE9422D4D8
:106F900003A4C4FF4AD02EC6228506D6EFF0DFAD8B
:106FA000B24593070002898F9CC1A9471389C4FF8A
:106FB00063CDA702AD47898F3707F03FB356F40082
:106FC000D98E014763F4290103A784FF55053315C2
:106FD000A400B357F700C98FB250225492540259FB
:106FE000F2493E85B68545618280814763F6290175
:106FF00083A784FF138984FF551505C91307000271
:107000003306A74033D7C7003314A400598CB70602
:10701000F03FC18E014763F429010327C9FFB397ED
:10702000A7003357C700D98F45BFB706F03FC18EC1
:1070300065B7797122D42E84854526D24AD0B28490
:107040004ECE52CC3A8906D6368AEFF03F823707C9
:1070500010009307F7FFE58FD18093F4F47FAA899E
:10706000B5E03EC62DC4280022C4EFF05FA5A246BD
:1070700021CD324793070002898FB317F700D58FD0
:107080003357A70023AAF9003AC6324423AC89003B
:1070900033348000050423A88900B9C49384D4BC88
:1070A000AA949307500323209A003385A7402320F6
:1070B000A900B25022544E8592540259F249624AB4
:1070C00045618280D98F71BF23AAD9007DBF680036
:1070D000EFF0FF9EB24713050502054423AAF9000D
:1070E000854723A8F90055BF931724001305E5BC75
:1070F000CE972320AA00884B1604EFF0FF97098C47
:10710000232089007DB779714AD02E892C0006D6BC
:1071100022D426D24ECE52CC2A8AEFF05FE6AA893C
:10712000AE842E844A856C00EFF07FE58327090149
:1071300003270A01A2461D8FB24716079D8EB3078B
:10714000D7006355F002D2072E863384970032872A
:10715000A2852A86BA864E85EF102045B250225469
:1071600092540259F249624A456182803707F0FF22
:10717000B387E7023386B700D9BF9387F5FF184A74
:10718000958785078A07930646010A07AA973697C7
:1071900063E5E600636AF5008280910603A6C6FFF8
:1071A0001105232EC5FEEDB71105232E05FEDDB713
:1071B000144993D755401307450163C7F60263DFAF
:1071C000D700FD8981CD93962700BA969042054558
:1071D000B356B600B395B600631EB6008A07BA97D9
:1071E0006366F70001458280B687CDBFF1179443EF
:1071F000E5DA054582803386C502011122CC06CE30
:10720000B28532C621282A8409C532468145EF90CD
:107210002F812285F240624405618280011126CAD5
:1072200093843500F19806CE22CC4AC84EC6A104FC
:10723000B14763F5F404B14463E4B4042A89EF0070
:1072400050329387C18898433A8429E4938701890F
:107250009C4399E781454A85EF00300523A8A18822
:10726000A6854A85EF007004FD5963193507B147BB
:107270002320F9004A85EF00F02E29A0E3DE04FA6E
:10728000B1471CC10145F2406244D2444249B2496F
:10729000056182801C40858F63CF0702AD4663F68F
:1072A000F6001CC03E9404C031A05C40631387020A
:1072B00023A6F1884A85EF00F02A1305B40093074E
:1072C000440061993307F5405DDF3A94898F1CC013
:1072D0005DBF5CC3C5B72287404085BF130435003E
:1072E0007198E30285FCB305A4404A85EF00E07B7A
:1072F000E31B35FBADBF411106C622C426C24AC0FE
:10730000FD57639AF500FD54B24022442685024998
:107310009244410182805E2613F9F50F93F4F50F34
:1073200093F7F7FD5EA65C5A584285C71C5E32840F
:10733000635CF7001C401387F7FF18C0A38F27FF7B
:107340005C4085075CC0C9B7B285EF0030157DD1C0
:107350005DBF144A1C4281CE63FBF60083C6F7FF73
:1073600063979600FD1705071CC258C271BF5CDE0B
:10737000930746045CDA8D471CDE930766041CC243
:10738000854738C2230326055CC2BDBF411122C414
:107390002E84CC5906C69DC1930744046384F5002E
:1073A000EF00701C3C40232A04025CC081CB5C5C73
:1073B00001451CC0B2402244410182801C48232266
:1073C00004007D551CC05E2493E707025EA4DDB770
:1073D000130101D297070000938727F22326312D4E
:1073E000232CF1289309C10197070000938747FADE
:1073F000232C812C232A912C2328212D2324412D39
:107400002322512D2320612D232E712B232C812B00
:10741000232E112C232A912B2328A12B2326B12B99
:10742000AA842E8423240112232601122328311337
:10743000232EF12836CC130A5002130BA002A54BC1
:107440002949972A0000938A2A0B179CFFFF130CE7
:107450006CBB1C2232C6638B0730EFF00FB1324693
:10746000834D0600930C16006E951C31A18BA1C3B1
:107470005C406357F002EFF04FAF1C4098233A9501
:107480001831218B19E36686E9B70327C1128507F6
:107490001CC005072326E11258407D1758C0C9BFFC
:1074A0008327C129A2852685829771D5E9BF639775
:1074B0004D1723220112232E01101C3263976701FE
:1074C000C147232EF110930C260083C50C00668D56
:1074D000850C938705FD63F0FB060D465685EF008E
:1074E000D00601CD330555418547B397A700032545
:1074F000C111668D5D8D232EA11083470D001307EA
:107500007006930C1D006366F7081307500663FBB3
:10751000E71A13077004636AF7021307500463F352
:10752000E71A63880712638B470F8D47232AF112EE
:107530002320211361A083274112B307F902938707
:1075400007FDAE972322F11249B71307B0056380F8
:10755000E7126365F70213078005E398E7FC03274A
:10756000C11113670720232EE11041472320E112A8
:107570001307E006B337F7008D073DA81307300661
:107580006383E71013074006E391E7FA23202113F2
:10759000C5B7130700076380E70C6363F70613079B
:1075A000E006638BE70E636FF70A13079006E39E0E
:1075B000E7F6232001128D47232AF1125C40635520
:1075C000F0108327C11193F7070491EBEFF0EF99C7
:1075D0001C4098233A951831218B631F070E83278F
:1075E00041130947634FF710340822866C0A268539
:1075F00049228547630CF5168947E316F5E8B9A0DB
:1076000013075007E384E7F813078007E389E7F4DB
:1076100013073007E39BE7F0894779BF5C4063516C
:10762000F0021C4098236313B715850758401CC00F
:107630008327C1127D1758C085072326F112A1B5F3
:107640008327C129A2852685829761DD03258112C2
:1076500069ED7D55F9A80327C11113670702232E91
:10766000E110F5BDA1472320F1129147B1B7E6859E
:107670004E858D218327C111AA8C93E70704232E01
:10768000F110854715BF8327C111232A011293E703
:107690000704232EF1101DB78327C11113F707012B
:1076A000E31307DE624793F517008326C112130622
:1076B000470089C532CC1C4396A3F1B332CC1C439E
:1076C00094C3D1B39547CDBD8327C129A285268513
:1076D0008297E30805EE9DBF0327C1120507232605
:1076E000E11258407D1758C06355E00085071CC063
:1076F000F1BD8327C129A28526858297E30805EC81
:10770000B1B711476348F700340822866C0A268512
:107710009122C5B5E3090CD6340822866C0A268569
:1077200097000000E7000000E9B55E2493F7070426
:107730008DF38320C12D0324812D8324412D032922
:10774000012D8329C12C032A812C832A412C032B50
:10775000012C832BC12B032C812B832C412B032D3C
:10776000012B832DC12A1301012E82800325811252
:10777000C9B79C45011122CC26CA52C406CE4AC8BC
:107780004EC656C25AC02A8A2E84B28491E7984DBA
:10779000854711C3FD571CC41C40C18B99E79C420F
:1077A0001387470098C283A907000149854A094BFE
:1077B000084C0DC5631F55079C4098235C48BA9739
:1077C0009C2389EF63170904F2406244D244424982
:1077D000B249224A924A024B056182801C40050947
:1077E000C18B91E79C4085099C23A38FF9FE9840AB
:1077F000DC40050798C01844FD17DCC07D1718C48D
:1078000009CBE347F0FA83270418A68552858297AF
:1078100045D11C40C18B81EB5C4485075CC41C4C8A
:1078200099C3238009001C4801453E99232824015F
:1078300061BF631A6501EFE05FF39C409C233E95B6
:107840001C31A18BC1DFE31609FC084C8547E3120C
:10785000F5FC9DBF5D7197270000938767CBCAC079
:107860003EC23689972700009387C7CA944D3EC40D
:1078700097270000938747CAA2C44EDE5AD86ECE1F
:107880003EC686C6A6C252DC56DA5ED662D466D240
:107890006AD08D47AA892E84B28D170B0000130B76
:1078A000CB3E6396F60017EBFFFF130B2B751C44C2
:1078B0009306C015014A1386F7FF63F7C600138AC3
:1078C00037EA9307D0151CC41C408566938606D002
:1078D0009304C401D58F1CC0130C4100A68A814BB0
:1078E000930C002083A70D0003250C0009468C2370
:1078F000A92939CD8547639EFB0C5C4099E71C4064
:10790000214758C093E707201CC01C4093F7F7AFEE
:107910001CC01C441386F7FF10C49DCB03A60D00AA
:10792000138D1A009307160023A0FD001022238058
:10793000CA0003A64D00EA8A7D1623A2CD00634942
:10794000C00003260418EE854E85029663180510C4
:10795000850B8D47110CE397FBF85C4099E3A94731
:107960005CC05C40484897250000938525BA9D8DF2
:10797000FD7B056C568DB92A814A930C0003938BCD
:10798000FB6F130C0C8014441040BDCE03A50D00FA
:107990004C4803480500C2958C21BDC56318980565
:1079A000B3758601A1C5850A63050A0085067D1A9F
:1079B00014C483A64D00FD1623A2DD006350D0043D
:1079C00083A60D00850623A0DD001444FD1614C413
:1079D0005DBF8947E39FFBF21C4013F60760E31984
:1079E00096F7414758C093E707101DB733767601E5
:1079F00010C01421050DA30FDDFE65BF83260418FA
:107A0000EE854E85829671D1144093F6061085C29C
:107A100063FCA4018345FDFF8326C417130AFDFF01
:107A20006E864E858296528D0545630E9D041840E4
:107A3000418B39E323000D0054400146A6854E8555
:107A4000029B14400327090013F6060211CA93068D
:107A500047002320D900184308C321A8814A6DB7E5
:107A600093F516001306470095CD2320C90018434F
:107A70000AA35844050758C41C48B3049D40D69433
:107A8000BE9404C80145B640264496440649F259BE
:107A9000625AD25A425BB25B225C925C025DF24D4A
:107AA000616182802320C9007DB7411122C42A84EC
:107AB0002E8523AC01D006C6EFA08FFEFD576317BD
:107AC000F500938781D19C4391C31CC0B2402244EE
:107AD000410182809C211307E0056386E704138738
:107AE000150081460146930500103308C5002300A8
:107AF000D8000506E31BB6FE1306F7FF9DC393C629
:107B000016009308D0021308D0053306F50014A21E
:107B10000C2313061700638315036384050189E9A9
:107B20003A8632858280138725009C3185465DBF69
:107B3000AE873287D9BF9307D002E5BF0C33E38C01
:107B400005FFE3CAF5FE090785073306F50014A211
:107B5000E3CCB7FE75BF79714AD04ECE06D622D49B
:107B600026D2AA892E899304190003C4F4FF3A850A
:107B700036C632C42EC23AC0EFE0DFBE22951C31B9
:107B800002479245A18B2246B246A5EF9307D00249
:107B9000631BF4069C20054393042900F9CE41475A
:107BA0006390E60213070003639CE7009C20130721
:107BB000800593F7F70D639DE70A9C30C146890461
:107BC0007D57335ED70201480145254FE54EB37816
:107BD000D702138707FD6363EF04BA8763D0D70624
:107BE000634C08047D58636AAE006314AE0063C63C
:107BF000F80005483385A6023E95850483C7F4FF47
:107C0000C9BF26898DB79307B0026305F400A28728
:107C1000014369B79C2093042900DDBF1387F7FB5C
:107C200063E5EE00938797FC55BF1387F7F963E789
:107C3000EE00938797FA5DB77D58C1B7635F080080
:107C40009307200223A0F9007D5519EEB25022546B
:107C500092540259F249456182806304030033055E
:107C6000A0406DD6630408009385F4FF0CC2F9BFF1
:107C700093070003B1F6A146A1B713070003E387FA
:107C8000E7F2A94635BF938781819C43985309E762
:107C90001787FF1F130787406FF0FFEB011122CCFE
:107CA0002E84CC5906CE26CA4AC84EC652C4930763
:107CB00044046392F50493050040EFF02FD611E9D8
:107CC0007D55F2406244D2444249B249224A05619C
:107CD0008280930700401CDC8347640448D8130566
:107CE000D53F3CA1834754041CB1834744041CA1E5
:107CF00008C00145F9B703298403931919004E867A
:107D00003922AA8455DD330A2501AA854A8652857F
:107D1000EFE0BFAA2320440144D8232C3403D1BF71
:107D200089CD9307F00F63F7C7009307A0081CC124
:107D30007D55828090A10545828001458280938790
:107D40008181AA8588436FF06FCD93F5F50F2A9650
:107D50006314C500014582801C21E38EB7FE050532
:107D6000C5BF82808280DDC183A7C5FF411122C4C7
:107D700006C626C21384C5FF63D307003E94AA84B7
:107D8000EFF03FFE9387C1889C4381EF23220400DC
:107D900023A681882244B2402685924441016FF097
:107DA0007FFC637EF40014403307D4006396E70041
:107DB0009843DC43369718C05CC0D9BFBA87D84314
:107DC00019C3E37DE4FE94433386D700631F860026
:107DD0001040B29694C33386D700E31DC7FA104310
:107DE0005843B29694C3D8C375B76375C400B147FE
:107DF0009CC04DB71040B306C4006316D7001443AF
:107E00005843B29614C058C0C0C369B7828081E598
:107E1000B2856FF0AFC0011122CC06CE26CA4AC887
:107E20004EC6328401EEEFF01FF40149F240624485
:107E30004A85D2444249B24905618280AE84AA890A
:107E40001D202689E37485FEA2854E85EFF00FBDC7
:107E50002A8969DDA6852286EFE03F96A6854E85B4
:107E6000EFF07FF0E1B783A7C5FF1385C7FF63D5A8
:107E70000700AA959C413E958280370810000111A9
:107E80007D183377B80026CA3378D80093D44501DB
:107E900013D34601131E37004EC61357D5010E08E3
:107EA0009357D60193F4F47F1373F37F06CE22CC5D
:107EB0004AC893D9F50193DEF6013367C701131F52
:107EC000350033E80701931F3600338E644063802A
:107ED000D9196356C0136304031CB70680009307C7
:107EE000F07F3368D800638FF4369307800363C054
:107EF000C735FD4763CDC747130500023305C541AC
:107F0000B3D7CF01B316A8003399AF00DD8E333954
:107F10002001B357C80133E926011D8F33092F41D2
:107F2000B3372F013306F7409317860063D4072435
:107F3000370780007D173374E600630C042C22851C
:107F4000EFD00F95130785FF93070002998FB35762
:107F5000F9003316E400D18F3319E9006341972A01
:107F600033059740130615007D47634DC738130747
:107F70000002118FB356C9003319E9003397E700A7
:107F8000558F333920013369270133D6C700814427
:107F90009377790081CF1377F90091476308F70051
:107FA00013074900333927014A963A899317860007
:107FB00063D6071C138514009307F07FCE856304F6
:107FC000F520B70780FFFD17F18F9398D70113595C
:107FD0003900A607B3E82801B1831375F57F93969E
:107FE000C7005205F2406244B182FE05C98ECD8EB3
:107FF000D2444249B2494685B68505618280631EF6
:108000000E0A138314001373E37F63170322B3670D
:10801000E701B368F801639D041A6387074063862C
:1080200008443309FF41B307074133362F01338634
:10803000C7409317860063D6074C3389EF41B307D7
:10804000E84033B62F013386C740F68991B76350B5
:10805000C00F6300030CB70680009307F07F3368FE
:10806000D800638AF43A9307800363CBC713FD47B4
:1080700063DFC73513090EFE93070002B3562801CC
:10808000630AFE00130900043309C94133192801AA
:10809000B3EF2F013339F0013369D90031A2B3674F
:1080A000F801638A071C9307FEFF638C0738930669
:1080B000F07F6309DE1A3E8E0DBDB30593406391D8
:1080C0000422B367E701638707329387F5FF638173
:1080D00007449306F07F638CD520BE859307800309
:1080E00063CCB72AFD4763CFB73C930700028D8F5F
:1080F0003319F700B356BF00B317FF003369D90037
:10810000B337F0003357B7003369F9003308E8405C
:1081100041ACB367F801638007349307FEFF638ABD
:1081200007209306F07F6308DE2E3E8E2DBF631E70
:108130000E149386140093F7E67F63910734B367B8
:10814000E7016395042C6380073EB367F801638EF3
:1081500007303309FF01B3070701333FE9013386D5
:10816000E7019317860063D70700B70780FFFD1765
:108170007D8E854493777900E39F07E09317D601BE
:1081800093583900B3E8F800935736001307F07F8F
:10819000638DE404B207B18313F5F47FCE8581B516
:1081A0003369F801333920017A99B337E90133860D
:1081B000E70093178600E3DF07FA85049307F07F53
:1081C0006396F418CE851305F07F8147814801BD81
:1081D000C1EB6384083A931636009317D8018D8259
:1081E000B3E8D700F68993573800B3E7F800F9DB16
:1081F00081451305F07FB70708008148CDB33706E6
:1082000080FF7D167D8E93777900998CE39507D852
:10821000B5B74A85EFC0DFE713078501FD47E3D512
:10822000E7D2130685FFB317C900014905BB3369BF
:10823000F80133392001DDB13309FF41330607412D
:1082400033342F01330486409317840063CD072411
:10825000B3688900E39308CE8147814981441DBFFB
:10826000E39808F80E059317D7010D81B3E8A7002E
:10827000935737009DBF0E059317D7010D81B3E8C3
:10828000A700F2849357370011B7330593406382F8
:108290000412B70680009307F07F558F630DF32E0D
:1082A0009307800363CBA720FD4763C3A72A9307E7
:1082B0000002898F3319F700B356AF00B317FF00E0
:1082C0003369D900B337F0003357A7003369F90099
:1082D0003A987E99B337F901338607019A84D1BD64
:1082E000B70680009307F07F558FE319F3DE9317ED
:1082F00036008D839318D801B3E81701F689935798
:108300003800E5B5130715FE9306000233D7E700E2
:10831000630AD600930600043386C6403396C7002E
:108320003369C900333920013369E90001468144CA
:1083300091B53309FF01B30707013336E9013E96D2
:10834000931786008544E3D707E28944B70780FF87
:10835000FD17F18F1357190013791900336927019D
:108360009398F70133E9280113D6170015B11309C3
:108370000EFE93070002B3562801630AFE0013099C
:1083800000043309C94133192801B3EF2F013339F0
:10839000F0013369D90059B63369E7013339200157
:1083A00033892F41B3B72F013306F8409A84F689F9
:1083B000A5BEB367E701638207189307F5FF6384DF
:1083C000071C9306F07F6304D5123E85D1BD930749
:1083D0000002B387C741B316F8003399FF0033D6C4
:1083E000CF01D18E33392001B357C80133E92601BB
:1083F0003E975DBB931736008D839318D801B3E881
:108400001701AE8493573800F68949B3EDC3336939
:10841000F801E31F09DC0E059317D7010D81B3683E
:10842000F50093573700D1B36381080E93163600D9
:108430009317D8018D82B3E8D700F6899357380097
:1084400091BB3309FF41B3070741333F2F01338607
:10845000E7418544D1BC0E059317D7010D81B36860
:10846000F500F2849357370015B30E059317D70123
:108470000D81B3E8A7009357370029BB9307F07F1E
:10848000E382F6D43309FF013336E901B30707016C
:10849000B2979398F7011359190033E9280113D6BD
:1084A0001700B684C1B93389EF413307E84033B6CA
:1084B0002F013304C740F68949B43369E7013339E2
:1084C000200101BD938705FE93060002B357F70014
:1084D000638AD50093060004B385B6403317B7000E
:1084E000336FEF003339E0013369F90055BD93175D
:1084F00036008D839318D801B3E8170193573800DD
:10850000EDB1B368C900E39708C68147814959B105
:108510003389EF41B307E84033B62F013386C740B4
:10852000F689854411B4931636009317D8018D82CD
:10853000B3E8D70093573800B1B9931636009317B4
:10854000D8018D82B3E8D700AA84935738003DB98B
:10855000930705FE93060002B357F700630AD500A0
:10856000930600043385A6403317A700336FEF004E
:108570003339E0013369F900A9BB81451305F07F68
:10858000B7070800A9BC3309FF01B3070701333659
:10859000F9013E9675B3931636009317D8018D8274
:1085A000B3E8D7009357380089B1397193D74501A3
:1085B00022DC4AD856D22A891394C50006DE26DA70
:1085C0004ED652D45AD05ECE13F5F77F318093DA6F
:1085D000F501630B05109307F07F630BF514135A35
:1085E000D9010E0433648A00370A8000336A4401DB
:1085F000131B3900930415C00144814B13D8460165
:108600001399C6001378F87FB2881359C90093D91B
:10861000F601630E08089307F07F6300F804135710
:10862000D6010E0933692701130818C0B707800067
:108630003367F90093183600B38404418145BD4780
:1086400033C83A0163E4871A9717000093874703FA
:108650000A043E9410403E9602863367C900938414
:108660001480631207101364240081488945C1BF38
:108670001306F07F81470147B207F2506254520659
:10868000B1837E08D18FB3E70701D2544259B25962
:10869000225A925A025BF24B3A85BE852161828052
:1086A00001481306F07FB70708000147F1B73367A9
:1086B000C9004DC7630809304A8532C4EFC05F9DC9
:1086C0002246130755FFF547930685FF998F331907
:1086D000D900B357F60033E72701B318D600269523
:1086E0009304353F8145A1BF336A240163030A0621
:1086F00036C632C46306042A2285EFC07F9922461B
:10870000B246AA84130755FF754A138B84FF330AB8
:10871000EA4033146401335A4901336A8A00331B37
:1087200069011305D0C0B30495400144814BF9B5EC
:10873000336A240163180A002144014B9304F07F3B
:10874000894B6DBD228A4A8B31449304F07F8D4B57
:1087500075B51144014B8144854B4DB5136414002C
:1087600081488545E9BD136434004A878D45C1BD04
:10877000630A052E8547898F9306800363DDF632F1
:10878000014681470147CDBDCE868947638DF53AC5
:108790008D47E387F5F085473688E383F5FE13853B
:1087A000F43FE357A0FC93F778006396072893D62D
:1087B00038009317770063D80700B70700FFFD174D
:1087C0007D8F138504409307E07FE3C3A7EA131668
:1087D000D70193179700B1833367D6001376F57FDF
:1087E00061BDD6865287DA88DE8545B76361472347
:1087F000630DEA20DA86FD145284014B931787003B
:1088000013D388013363F300935E0301B357D4039A
:10881000131F0301135F0F0193D50601139E8800F8
:108820003374D4033307FF024204C18D63FBE500B8
:108830009A951386F7FF63EE652663FCE526F91724
:108840009A95998D33D7D503C206C182B3F5D50366
:108850003306EF02C205D58D63FBC5009A959306DA
:10886000F7FF63E6652463F4C52479179A95C20778
:1088700041645D8F9307F4FF3375F7009358070148
:10888000935F0E01B377FE00B302F502B386C540D5
:10889000B383F80293D502013386AF021E962E965B
:1088A0003385F803637376002295C168FD189355EC
:1088B0000601337616014206B3F81201AA954696D0
:1088C00063E6B6126382B6123306CB408D8E333B1D
:1088D000CB00338B66411385F43F630C6317B358A9
:1088E000DB0393550601337BDB03B3061F03420B07
:1088F00033EB6501637BDB001A9B9385F8FF636DA7
:108900006B20637BDB20F9181A9B330BDB40B356DB
:10891000DB0342064182337BDB03330FDF02420B72
:1089200033666601637BE6011A969385F6FF6367FB
:10893000661E6375E61FF9161A96C208B3E8D800DA
:108940009395080193D20801C181B38EF5023306D5
:10895000E641B385BF0293D60E01B387F202BE95FE
:10896000AE96B38F5F0263F4F600C167BE9FC16528
:10897000FD1593D70601ED8EC206B3FEBE00BE9F65
:10898000F696637FF6091A969387F8FF6369661A6D
:108990006368F619630FF61BBE8893E8180011B5DB
:1089A0004A85EFC0EFEE13075501F1459304050228
:1089B0002246B246E3DAE5D4130485FF331A890070
:1089C000014B85B3328532C4EFC08FEC13075501DC
:1089D000F146AA87224613050502E3D6E6CEE11743
:1089E0003317F6008148E5B9E370CBEE729B33355F
:1089F000CB011A95AA961305F7FF6378D30263E6B5
:108A0000B6106382D5102A87C1B5E3651BDF935585
:108A10001B009316FA0113541A00CD8E7E0BF9BB7E
:108A2000E31DF6F7E38F06D6B9BFE31ED3FCE37868
:108A3000CBFD2A8751BD93F7F8009146E389D7D63D
:108A400093B7C8FF9386480093C717008D823E975F
:108A50008DB381468547E34CA0FEFD58E31C05D04D
:108A6000930410C085471385E441B316A70033D69D
:108A7000F8003395A800D18E3335A000C98E13F6C7
:108A800076003357F70001CE93F7F600114663885E
:108A9000C70093874600B3B6D7003697BE869317B4
:108AA000870063D80704054681470147F1B636873A
:108AB0007DBBB28779B3FD46E3D7F6FA0556098E3A
:108AC000930600023356C7006388D7009387E443B8
:108AD000B317F700B3E8F800B3361001D18E13F6E0
:108AE0007600814701CE93F7F60011460147E392E5
:108AF000C7FA931797001316D701B18313D736001F
:108B0000518F014695BEE370CBF0729B3335CB019C
:108B10001A957917AA964DBBAE88C5BBAE8631BDF6
:108B200093171E0033BEC70172931A96F9183E8E32
:108B3000E315F6E7E307DEC693E818009DB1BE88AB
:108B4000E30AF6FF99BD36881306F07F8147014797
:108B500025B6E367DEFCBE88E310DEFE99B113D7CD
:108B60004501B7071000FD1713D846011377F77FAB
:108B70009308F07F33FEB700AA8EF58FFD81328F08
:108B80001378F87FFD82630B170105436306180114
:108B900063140701630DFE001A858280B368AE007E
:108BA0000543E39B08FEE319E8FED18FF5F7054383
:108BB000E394EEFF0143E381D5FE054371FF336586
:108BC000AE003333A000C9BF13D74501B70710006B
:108BD000FD1713D846011377F77F9308F07F33F31F
:108BE000B7002A8EF58FFD81B28E1378F87FFD8253
:108BF00063081703630018030DEBB368A300631445
:108C000008005D8E29CA638508046388D50205457E
:108C100095ED8280B3E8C700E38008FE7955828035
:108C20003365A30065FD630CE802631408005D8EE4
:108C300079DEE39ED5FCE34CE8FC63480701E3E8FA
:108C400067FC6303F302637FF30081E57D55828057
:108C5000F5DE054582800145E39B08FA82805D8E42
:108C600069DA6DBF01458280E3E3CEFB0145E37223
:108C7000DEFBE5F1E1BF93D74501B706100013878E
:108C8000F6FF93F7F77F1306E03F6D8FFD81635C7E
:108C9000F6001306D041635AF600370500801345ED
:108CA000F5FF2E95828001458280130630431D8E8C
:108CB0007D48558F635DC80093063041B387F64009
:108CC000B357F7003305F040E5F13E858280938786
:108CD000D7BEB317F7003355C500C98FE5B793D793
:108CE0004501B70610001387F6FF93F7F77F1306C9
:108CF000E03F2A886D8F0145FD816354F60099C1DC
:108D0000828082801306E0417D55E34BF6FE130519
:108D100030431D8D7D46558F634AA6009387D7BE8D
:108D20003317F7003355A800598D82801305304161
:108D3000B307F5403355F7008280411106C622C4BF
:108D400026C20DCD9357F541B3C4A7009D8C2A844C
:108D50002685EFC0EFB39306E041898EA9477D8059
:108D600093F6F67F63CDA7022D47098FB3D7E400B2
:108D70005505B207B394A400B18329A001448146EC
:108D800081478144B207D206B1837E04D58FC18F5B
:108D9000B24022442685BE85924441018280551509
:108DA000B397A400B207B1838144E9BF1DCD41113F
:108DB00022C406C62A84EFC0AFAD9306E041898E77
:108DC000A94793F6F67F63DCA7025515B317A400F5
:108DD000B207B1830147B2402244B207D206B18341
:108DE000D58F3A85BE854101828081478146B20791
:108DF000D206B1830147D58F3A85BE8582802D4743
:108E0000098FB357E400B207130755013317E40085
:108E1000B183D1B71F0000001C0000001F0000003C
:108E20001E0000001F0000001E0000001F000000C8
:108E30001F0000001E0000001F0000001E000000B8
:108E40001F00000074392E7478743D22253034647C
:108E50002D253032642D25303264202025303264B7
:108E60003A253032643A253032642200404C454184
:108E70004B3A25640D0A00004053455256453A25A9
:108E8000730D0A000000C84200401C46000020414B
:108E90004057513A25642C25642C252E32662C250A
:108EA0002E34662C252E31662C25642C252E326618
:108EB0002C252E32662C252E32660D0A000000006D
:108EC00040574946493A25732C25730D0A00000086
:108ED0004056414C56453A0040310D0A0000000012
:108EE0007661302E76616C3D3200000040320D0A12
:108EF000000000007661302E76616C3D310000008C
:108F000025642D25642D25642625643A25643A259B
:108F1000640000007431302E7478743D22304C2F80
:108F20006D696E22000000007431332E7478743D38
:108F300022256422000000005769466920535349E6
:108F4000443A2025730D0A0057694669205057445A
:108F50003A2025730D0A000073657276653A202564
:108F6000730D0A007431342E7478743D22257322F7
:108F700000000000BDD3CAD553534944CAFDBEDD2D
:108F80003A2025732028B3A4B6C83A2564290D0ACF
:108F900000000000BDD3CAD5C3DCC2EBCAFDBEDDF4
:108FA0003A2025732028B3A4B6C83A2564290D0AAF
:108FB00000000000BDD3CAD5B7FECEF1BAC5CAFDC8
:108FC000BEDD3A2025732028B3A4B6C83A2564290B
:108FD0000D0A00003333B33E7432302E7478743D82
:108FE00022256470706D22007432312E7478743DC5
:108FF00022256475732F636D220000007432322EB7
:109000007478743D2225642E253032642025252273
:10901000000000007432332E7478743D2225642ED3
:1090200025303464220000007431332E7478743D8E
:109030002225642E256422007432342E7478743D07
:1090400022256470706D22007431322E7478743D64
:1090500022252E326622000074342E7478743D224C
:10906000E5AE89E585A8220074342E7478743D221B
:10907000E8ADA6E5918AE6BC8FE6B0B421220000F7
:1090800074352E7478743D22252E32664C220000F1
:109090006F12833A8FC2F53C74342E7478743D227B
:1090A000E5BEAEE6BC8FE8ADA6E5918A21220000C0
:1090B00000C0B74500007A444A543239000070427B
:1090C0007431302E7478743D22252E32664C2F6D0B
:1090D000696E22007431312E7478743D22252E324F
:1090E000664C22000000C841404C4556454C3A00B1
:1090F0007432352E7478743D22252E32666D22002E
:109100007432362E7478743D22252E316625252240
:10911000000000007432372E7478743D22252E3101
:10912000662200007432382E7478743D222564253E
:1091300025220000286E756C6C29000076A3FFFFC5
:1091400068A2FFFF68A2FFFF66A2FFFF6EA2FFFFFB
:109150006EA2FFFF34A2FFFF66A2FFFF6EA2FFFF19
:1091600034A2FFFF6EA2FFFF66A2FFFF62A3FFFF14
:1091700062A3FFFF62A3FFFF34A2FFFFB2B4FFFFB1
:10918000D8B3FFFFACB4FFFFE0B3FFFFACB4FFFF09
:10919000A6B3FFFFACB4FFFFE0B3FFFFD8B3FFFF00
:1091A000D8B3FFFFA6B3FFFFE0B3FFFFE6B3FFFFB7
:1091B000E6B3FFFFE6B3FFFFA6B3FFFF98B3FFFFE1
:1091C00098B3FFFF6CB4FFFF48B5FFFF6CB4FFFF1F
:1091D00066B3FFFF6CB4FFFF48B5FFFF98B3FFFF16
:1091E00098B3FFFF66B3FFFF48B5FFFFA6B3FFFFCD
:1091F000A6B3FFFFA6B3FFFF66B3FFFFBCB7FFFF39
:109200000EB7FFFF0EB7FFFF0CB7FFFF12B7FFFF50
:1092100012B7FFFFE2B6FFFF0CB7FFFF12B7FFFF69
:10922000E2B6FFFF12B7FFFF0CB7FFFFAAB7FFFFC1
:10923000AAB7FFFFAAB7FFFFE2B6FFFF00010202D5
:1092400003030303040404040404040405050505DE
:1092500005050505050505050505050506060606BA
:10926000060606060606060606060606060606069E
:10927000060606060606060606060606070707078A
:10928000070707070707070707070707070707076E
:10929000070707070707070707070707070707075E
:1092A000070707070707070707070707070707074E
:1092B000070707070707070707070707080808083A
:1092C000080808080808080808080808080808081E
:1092D000080808080808080808080808080808080E
:1092E00008080808080808080808080808080808FE
:1092F00008080808080808080808080808080808EE
:1093000008080808080808080808080808080808DD
:1093100008080808080808080808080808080808CD
:1093200008080808080808080808080808080808BD
:1093300008080808080808080808080858C0FFFFB7
:1093400044C0FFFF76C0FFFF7CC0FFFF58C0FFFF97
:10935000000000000000E03F000000000000F03FBF
:1093600000000000000000400000C0FFFFFFDF41E0
:109370009535A094FFFFDF3F35E5AF350000E03FB6
:109380009535A094FFFFCF3F6E660000696E69744B
:1093900079000000616E000035000000CEFBFFFF89
:1093A000CB030000010000000000000034000000BA
:1093B000CEFBFFFFCB030000010000000000000017
:1093C000BC89D897B2D29C3C33A7A8D523F649399B
:1093D0003DA7F444FD0FA5329D978CCF08BA5B25BD
:1093E000436FAC642806681143000000504F534996
:1093F000580000002E0000000080E03779C3414390
:10940000176E05B5B5B89346F5F93FE9034F384DEA
:10941000321D30F94877825A3CBF737FDD4F157596
:10942000000000000000F03F0000000000002440A9
:1094300000000000000059400000000000408F4084
:10944000000000000088C34000000000006AF840EF
:109450000000000080842E4100000000D012634113
:109460000000000084D797410000000065CDCD4189
:10947000000000205FA00242000000E8764837426A
:10948000000000A2941A6D42000040E59C30A24208
:109490000000901EC4BCD64200003426F56B0C437D
:1094A0000080E03779C3414300A0D8855734764324
:1094B00000C84E676DC1AB43003D9160E458E14385
:1094C000408CB5781DAF154450EFE2D6E41A4B44FA
:1094D00092D54D06CFF08044F64AE1C7022DB5443F
:1094E000B49DD9794378EA440500000019000000D2
:1094F0007D000000686C4C00412D46612D663839B6
:1095000030313233343536375D0000002B2D00000A
:10951000303000007858000000202020202020203B
:109520002020282828282820202020202020202013
:109530002020202020202020208810101010101023
:10954000101010101010101010040404040404046F
:109550000404041010101010101041414141414109
:1095600001010101010101010101010101010101EB
:1095700001010101101010101010424242424242FB
:1095800002020202020202020202020202020202BB
:109590000202020210101010200000000000000063
:1095A00000000000000000000000000000000000BB
:1095B00000000000000000000000000000000000AB
:1095C000000000000000000000000000000000009B
:1095D000000000000000000000000000000000008B
:1095E000000000000000000000000000000000007B
:1095F000000000000000000000000000000000006B
:10960000000000000000000000000000000000005A
:10961000000000000000000000000000000000004A
:10962000000000000000000000000000000000003A
:10963000000000000000000000000000000000002A
:10964000000000000000000000000000000000001A
:10965000000000000000000000000000000000000A
:1096600000000000000000000000000000000000FA
:1096700000000000000000000000000070F1FFFF8B
:10968000F4EFFFFF04F1FFFF0CF1FFFF04F1FFFF18
:1096900024F0FFFF04F1FFFF0CF1FFFFF4EFFFFFE9
:1096A000F4EFFFFF24F0FFFF0CF1FFFF66F1FFFF77
:0C96B00066F1FFFF66F1FFFF24F0FFFFF2
:1096BC00EA070000040000000B000000100000008E
:1096CC002D0000001400000000000000000000004D
:1096DC00010203040607080900000000010203044C
:1096EC000102030406070809000000003C96000074
:1096FC005C9600001C9600000000000000000000BA
:10970C00000000000000000000000000000000004D
:10971C00000000000000000000000000000000003D
:10972C00000000000000000000000000000000002D
:10973C00000000000000000000000000000000001D
:10974C0000000000000000004300000000000000CA
:10975C0000000000000000000000000000000000FD
:10976C0000000000000000004300000000000000AA
:10977C0000000000000000000000000000000000DD
:10978C00000000000000000043000000000000008A
:10979C0000000000000000000000000000000000BD
:1097AC00000000000000000043000000000000006A
:1097BC00000000000000000000000000000000009D
:1097CC00000000000000000043000000000000004A
:1097DC00000000000000000000000000000000007D
:1097EC00000000000000000043000000000000002A
:1097FC00000000000000000000000000000000005D
:10980C000000000000000000430000000000000009
:10981C00000000000000000000000000000000003C
:10982C000000000000000000207D000088670000A0
:10983C000000000018950000F4930000908F0000C9
:10984C00908F0000908F0000908F0000908F000090
:10985C00908F0000908F0000908F0000908F000080
:10986C00FFFFFFFFFFFFFFFFFFFFFFFFFFFF0000FA
:10987C000100415343494900000000000000000072
:10988C0000000000000000000000000000000000CC
:10989C000000415343494900000000000000000053
:1098AC0000000000000000000000000000000000AC
:1098BC000000000000000000010000003FD8F6FF8F
:1098CC000000C84100D8B80502040608240700208F
:1098DC0038000020A000000000A0000000000000E4
:00000001FF
