
CH32V307VCT.elf:     file format elf32-littleriscv
CH32V307VCT.elf
architecture: riscv:rv32, flags 0x00000112:
EXEC_P, HAS_SYMS, D_PAGED
start address 0x00000000

Program Header:
    LOAD off    0x00001000 vaddr 0x00000000 paddr 0x00000000 align 2**12
         filesz 0x000096bc memsz 0x000096bc flags r-x
    LOAD off    0x0000b000 vaddr 0x20000000 paddr 0x000096bc align 2**12
         filesz 0x00000230 memsz 0x00000724 flags rw-
    LOAD off    0x0000b800 vaddr 0x20007800 paddr 0x20007800 align 2**12
         filesz 0x00000000 memsz 0x00000800 flags rw-

Sections:
Idx Name          Size      VMA       LMA       File off  Algn
  0 .init         00000004  00000000  00000000  00001000  2**1
                  CONTENTS, ALLOC, LOAD, READONLY, CODE
  1 .vector       000001bc  00000004  00000004  00001004  2**1
                  CONTENTS, ALLOC, LOAD, READONLY, CODE
  2 .text         000094fc  000001c0  000001c0  000011c0  2**3
                  CONTENTS, ALLOC, LOAD, READONLY, CODE
  3 .fini         00000000  000096bc  000096bc  0000b230  2**0
                  CONTENTS, ALLOC, LOAD, CODE
  4 .dalign       00000000  20000000  20000000  0000b230  2**0
                  CONTENTS
  5 .dlalign      00000000  000096bc  000096bc  0000b230  2**0
                  CONTENTS
  6 .data         00000230  20000000  000096bc  0000b000  2**2
                  CONTENTS, ALLOC, LOAD, DATA
  7 .bss          000004f4  20000230  000098ec  0000b230  2**2
                  ALLOC
  8 .stack        00000800  20007800  20007800  0000b800  2**0
                  ALLOC
  9 .debug_info   00014b25  00000000  00000000  0000b230  2**0
                  CONTENTS, READONLY, DEBUGGING
 10 .debug_abbrev 00003524  00000000  00000000  0001fd55  2**0
                  CONTENTS, READONLY, DEBUGGING
 11 .debug_loc    00004062  00000000  00000000  00023279  2**0
                  CONTENTS, READONLY, DEBUGGING
 12 .debug_aranges 000009a0  00000000  00000000  000272e0  2**3
                  CONTENTS, READONLY, DEBUGGING
 13 .debug_ranges 00000a68  00000000  00000000  00027c80  2**3
                  CONTENTS, READONLY, DEBUGGING
 14 .debug_line   0000e486  00000000  00000000  000286e8  2**0
                  CONTENTS, READONLY, DEBUGGING
 15 .debug_str    00003239  00000000  00000000  00036b6e  2**0
                  CONTENTS, READONLY, DEBUGGING
 16 .comment      00000033  00000000  00000000  00039da7  2**0
                  CONTENTS, READONLY
 17 .debug_frame  00002974  00000000  00000000  00039ddc  2**2
                  CONTENTS, READONLY, DEBUGGING
 18 .stabstr      000000a9  00000000  00000000  0003c750  2**0
                  CONTENTS, READONLY, DEBUGGING
SYMBOL TABLE:
00000000 l    d  .init	00000000 .init
00000004 l    d  .vector	00000000 .vector
000001c0 l    d  .text	00000000 .text
000096bc l    d  .fini	00000000 .fini
20000000 l    d  .dalign	00000000 .dalign
000096bc l    d  .dlalign	00000000 .dlalign
20000000 l    d  .data	00000000 .data
20000230 l    d  .bss	00000000 .bss
20007800 l    d  .stack	00000000 .stack
00000000 l    d  .debug_info	00000000 .debug_info
00000000 l    d  .debug_abbrev	00000000 .debug_abbrev
00000000 l    d  .debug_loc	00000000 .debug_loc
00000000 l    d  .debug_aranges	00000000 .debug_aranges
00000000 l    d  .debug_ranges	00000000 .debug_ranges
00000000 l    d  .debug_line	00000000 .debug_line
00000000 l    d  .debug_str	00000000 .debug_str
00000000 l    d  .comment	00000000 .comment
00000000 l    d  .debug_frame	00000000 .debug_frame
00000000 l    d  .stabstr	00000000 .stabstr
00000000 l    df *ABS*	00000000 ./Startup/startup_ch32v30x_D8C.o
00000004 l       .vector	00000000 _vector_base
00000000 l    df *ABS*	00000000 esp32_concert.c
00008e14 l     O .text	00000030 days_in_month.5670
00000000 l    df *ABS*	00000000 timer.c
00000000 l    df *ABS*	00000000 tjc_usart_hmi.c
200005a4 l     O .bss	00000040 wifi_pwd
200005e4 l     O .bss	00000020 wifi_ssid
2000023d l     O .bss	00000001 serve_len
2000023e l     O .bss	00000001 wifi_data_type
2000023f l     O .bss	00000001 wifi_frame_received
20000240 l     O .bss	00000001 wifi_pwd_len
20000241 l     O .bss	00000001 wifi_ssid_len
00000000 l    df *ABS*	00000000 water_quality.c
20000614 l     O .bss	00000010 rx_buf
20000244 l     O .bss	00000004 g_monthly_start_flow
20000249 l     O .bss	00000001 rx_in_progress
2000024a l     O .bss	00000001 rx_index
20000224 l     O .data	00000006 WQ_SEND_CMD
00000000 l    df *ABS*	00000000 water_speed.c
20000624 l     O .bss	00000018 g_leak
20000258 l     O .bss	00000004 last_check.5646
2000025c l     O .bss	00000004 last_timer_cnt.5624
20000260 l     O .bss	00000001 leak_clear_cnt
20000264 l     O .bss	00000004 s_low_flow_start
20000268 l     O .bss	00000001 s_low_flow_timing
2000020c l     O .data	00000004 leak_last_alert
00000000 l    df *ABS*	00000000 zigbee.c
200006a0 l     O .bss	00000080 rx_buf
20000288 l     O .bss	00000001 rx_idx
00000000 l    df *ABS*	00000000 ch32v30x_it.c
00000000 l    df *ABS*	00000000 main.c
00000000 l    df *ABS*	00000000 system_ch32v30x.c
00000000 l    df *ABS*	00000000 ch32v30x_gpio.c
00000000 l    df *ABS*	00000000 ch32v30x_misc.c
00000000 l    df *ABS*	00000000 ch32v30x_rcc.c
20000028 l     O .data	00000010 APBAHBPrescTable
20000218 l     O .data	00000004 ADCPrescTable
00000000 l    df *ABS*	00000000 ch32v30x_tim.c
00001ddc l     F .text	00000036 TI1_Config
00001e12 l     F .text	00000044 TI2_Config
00000000 l    df *ABS*	00000000 ch32v30x_usart.c
00000000 l    df *ABS*	00000000 debug.c
20000290 l     O .bss	00000002 p_ms
20000292 l     O .bss	00000001 p_us
2000021c l     O .data	00000004 curbrk.5273
00000000 l    df *ABS*	00000000 printfloat.c
00000000 l    df *ABS*	00000000 libgcc2.c
00000000 l    df *ABS*	00000000 libgcc2.c
00000000 l    df *ABS*	00000000 ledf2.c
00000000 l    df *ABS*	00000000 muldf3.c
00000000 l    df *ABS*	00000000 subdf3.c
00000000 l    df *ABS*	00000000 fixdfdi.c
00000000 l    df *ABS*	00000000 floatdidf.c
00000000 l    df *ABS*	00000000 addsf3.c
00000000 l    df *ABS*	00000000 divsf3.c
00000000 l    df *ABS*	00000000 gesf2.c
00000000 l    df *ABS*	00000000 lesf2.c
00000000 l    df *ABS*	00000000 mulsf3.c
00000000 l    df *ABS*	00000000 subsf3.c
00000000 l    df *ABS*	00000000 floatsisf.c
00000000 l    df *ABS*	00000000 floatunsisf.c
00000000 l    df *ABS*	00000000 extendsfdf2.c
00000000 l    df *ABS*	00000000 libgcc2.c
00000000 l    df *ABS*	00000000 atof.c
00000000 l    df *ABS*	00000000 atoi.c
00000000 l    df *ABS*	00000000 sscanf.c
00000000 l    df *ABS*	00000000 stdio.c
00000000 l    df *ABS*	00000000 strchr.c
00000000 l    df *ABS*	00000000 strcpy.c
00000000 l    df *ABS*	00000000 strlen.c
00000000 l    df *ABS*	00000000 strncmp.c
00000000 l    df *ABS*	00000000 strncpy.c
00000000 l    df *ABS*	00000000 strtod.c
000051e8 l     F .text	0000004e sulp
00009398 l     O .text	00000014 fpi.3395
000093ac l     O .text	00000014 fpinan.3431
000093c0 l     O .text	00000028 tinytens
00000000 l    df *ABS*	00000000 strtol.c
00005ebe l     F .text	0000013a _strtol_l.isra.0
00000000 l    df *ABS*	00000000 gdtoa-gethex.c
0000602c l     F .text	00000076 rshift
00000000 l    df *ABS*	00000000 gdtoa-hexnan.c
000065ac l     F .text	0000002c L_shift
00000000 l    df *ABS*	00000000 locale.c
00000000 l    df *ABS*	00000000 localeconv.c
00000000 l    df *ABS*	00000000 mbtowc_r.c
00000000 l    df *ABS*	00000000 memcpy.c
00000000 l    df *ABS*	00000000 mprec.c
000094e8 l     O .text	0000000c p05.3319
00000000 l    df *ABS*	00000000 nano-mallocr.c
00000000 l    df *ABS*	00000000 nano-mallocr.c
00000000 l    df *ABS*	00000000 nano-vfscanf.c
00000000 l    df *ABS*	00000000 nano-vfscanf_i.c
00000000 l    df *ABS*	00000000 sbrkr.c
00000000 l    df *ABS*	00000000 sccl.c
00000000 l    df *ABS*	00000000 strtoul.c
00007b56 l     F .text	00000130 _strtoul_l.isra.0
00000000 l    df *ABS*	00000000 ungetc.c
00000000 l    df *ABS*	00000000 wctomb_r.c
00000000 l    df *ABS*	00000000 malloc.c
00000000 l    df *ABS*	00000000 memchr.c
00000000 l    df *ABS*	00000000 mlock.c
00000000 l    df *ABS*	00000000 nano-mallocr.c
00000000 l    df *ABS*	00000000 nano-mallocr.c
00000000 l    df *ABS*	00000000 nano-mallocr.c
00000000 l    df *ABS*	00000000 adddf3.c
00000000 l    df *ABS*	00000000 divdf3.c
00000000 l    df *ABS*	00000000 eqdf2.c
00000000 l    df *ABS*	00000000 gedf2.c
00000000 l    df *ABS*	00000000 fixdfsi.c
00000000 l    df *ABS*	00000000 fixunsdfsi.c
00000000 l    df *ABS*	00000000 floatsidf.c
00000000 l    df *ABS*	00000000 floatunsidf.c
00000000 l    df *ABS*	00000000 libgcc2.c
00000000 l    df *ABS*	00000000 ctype_.c
00000000 l    df *ABS*	00000000 findfp.c
00000000 l    df *ABS*	00000000 impure.c
20000038 l     O .data	00000060 impure_data
00000000 l    df *ABS*	00000000 lcd.c
00000000 l    df *ABS*	00000000 reent.c
00000000 l    df *ABS*	00000000 close.c
00002602  w    F .text	00000100 printDouble
00007e66 g     F .text	00000014 _malloc_usable_size_r
00001a6e  w      .text	00000000 EXTI2_IRQHandler
00007772 g     F .text	000000e2 _scanf_chars
00001a6e  w      .text	00000000 TIM8_TRG_COM_IRQHandler
00001a6e  w      .text	00000000 TIM8_CC_IRQHandler
000071b0 g     F .text	00000046 __any_on
0000517a g     F .text	00000010 strcpy
00001a6e  w      .text	00000000 UART8_IRQHandler
00008b5e g     F .text	0000006a .hidden __eqdf2
00002702  w    F .text	00000358 print
00003f54 g     F .text	000001b6 .hidden __floatdidf
00002a5a  w    F .text	00000024 printf
20000a08 g       .data	00000000 __global_pointer$
000001c8 g     F .text	00000028 .hidden __riscv_save_8
0000112e g     F .text	00000140 TIM1_CC_IRQHandler
2000027c g     O .bss	00000004 g_tower_humidity
0000168e g     F .text	00000010 HardFault_Handler
000006ca g     F .text	000000ae lcd_time
000023f0  w    F .text	000000f2 printInt
00007d64 g     F .text	00000002 __malloc_unlock
00000214 g     F .text	0000000c .hidden __riscv_restore_3
00001a6e  w      .text	00000000 TIM6_IRQHandler
00004474 g     F .text	000002b2 .hidden __divsf3
00001a6e  w      .text	00000000 SysTick_Handler
000060a2 g     F .text	00000040 __hexdig_fun
000013ec g     F .text	000000c0 Leak_Task
00001bce g     F .text	0000005c NVIC_Init
00001a6e  w      .text	00000000 PVD_IRQHandler
00001a6e  w      .text	00000000 SDIO_IRQHandler
00001a6e  w      .text	00000000 TIM9_BRK_IRQHandler
00000200 g     F .text	00000020 .hidden __riscv_restore_10
00002aa6 g     F .text	0000002a snprintf
0000676a g     F .text	00000018 __locale_ctype_ptr
00001a6e  w      .text	00000000 DMA2_Channel8_IRQHandler
0000168c g     F .text	00000002 NMI_Handler
0000686c g     F .text	0000008c _Balloc
00001a6e  w      .text	00000000 CAN2_RX1_IRQHandler
00001a6e  w      .text	00000000 EXTI3_IRQHandler
000001c8 g     F .text	00000028 .hidden __riscv_save_11
000003b0 g     F .text	00000024 send_wifi_to_esp32
00008bc8 g     F .text	000000ae .hidden __gtdf2
00006782 g     F .text	00000006 __localeconv_l
00001a6e  w      .text	00000000 USBHS_IRQHandler
00002152 g     F .text	0000000a USART_GetFlagStatus
00001a6e  w      .text	00000000 DMA2_Channel9_IRQHandler
00001a6e  w      .text	00000000 TIM10_CC_IRQHandler
20000720 g     O .bss	00000004 errno
00007854 g     F .text	00000256 _scanf_i
0000515e g     F .text	00000004 __seofread
20000230 g       .bss	00000000 _sbss
00000800 g       *ABS*	00000000 __stack_size
00002208 g     F .text	0000005a USART_Printf_Init
000004b4 g     F .text	00000022 send_leak_to_esp32
00004ac8 g     F .text	00000388 .hidden __subsf3
00001a6e  w      .text	00000000 USBFS_IRQHandler
00000214 g     F .text	0000000c .hidden __riscv_restore_2
000067ba g     F .text	000000b2 memcpy
00006606 g     F .text	0000015e __hexnan
20000250 g     O .bss	00000001 g_leak_alarm_active
00008d3a g     F .text	00000072 .hidden __floatsidf
000024e2  w    F .text	00000120 printLongLongInt
000031ec g     F .text	000000b6 .hidden __ltdf2
20000234 g     O .bss	00000004 speed_flag
00001a6e  w      .text	00000000 EXTI0_IRQHandler
00001a6e  w      .text	00000000 I2C2_EV_IRQHandler
00001a6e  w      .text	00000000 TIM10_TRG_COM_IRQHandler
20000248 g     O .bss	00000001 g_wq_data_ready
00001f44 g     F .text	00000018 TIM_Cmd
20000214 g     O .data	00000004 SystemCoreClock
00007106 g     F .text	00000074 __ratio
0000214a g     F .text	00000008 USART_ReceiveData
00007d3e g     F .text	0000000c malloc
00009420 g     O .text	000000c8 __mprec_tens
00000004 g       .init	00000000 _einit
0000205a g     F .text	0000000c TIM_ClearITPendingBit
000047ac g     F .text	0000008c .hidden __lesf2
00001da0 g     F .text	0000001e RCC_APB2PeriphClockCmd
00008cde g     F .text	0000005c .hidden __fixunsdfsi
000001c0 g     F .text	00000030 .hidden __riscv_save_12
00001a6e  w      .text	00000000 CAN2_SCE_IRQHandler
00001a6e  w      .text	00000000 ADC1_2_IRQHandler
20000208 g     O .data	00000001 flag
0000738c g     F .text	00000044 __ssrefill_r
00001afa g     F .text	000000c0 GPIO_Init
00001a6e  w      .text	00000000 Break_Point_Handler
00006b28 g     F .text	0000001c __i2b
00000200 g     F .text	00000020 .hidden __riscv_restore_11
2000028c g     O .bss	00000004 NVIC_Priority_Group
00001a6e  w      .text	00000000 SPI1_IRQHandler
20000280 g     O .bss	00000004 g_tower_pump_speed
000020f6 g     F .text	00000016 USART_Cmd
00007aaa g     F .text	0000002a _sbrk_r
0000203e g     F .text	00000004 TIM_GetCapture1
00001a6e  w      .text	00000000 TAMPER_IRQHandler
000001f0 g     F .text	0000000c .hidden __riscv_save_1
00000214 g     F .text	0000000c .hidden __riscv_restore_0
000001d6 g     F .text	0000001a .hidden __riscv_save_7
00002198 g     F .text	00000014 USART_ClearITPendingBit
00001a6e  w      .text	00000000 CAN2_RX0_IRQHandler
0000039c g     F .text	00000014 uart_send_esp_string
00004fe4 g     F .text	000000ac .hidden __extendsfdf2
000073d0 g     F .text	000003a2 __ssvfscanf_r
00001a6e  w      .text	00000000 TIM8_UP_IRQHandler
000014ac g     F .text	0000001e Leak_Reset
00001dbe g     F .text	0000001e RCC_APB1PeriphClockCmd
200002e0 g     O .bss	00000064 test1
00007e7a g     F .text	00000730 .hidden __adddf3
00001a6e  w      .text	00000000 Ecall_M_Mode_Handler
20007800 g       .stack	00000000 _heap_end
00006f7e g     F .text	000000b4 __b2d
00002e62 g     F .text	0000038a .hidden __umoddi3
2000026c g     O .bss	00000004 time_interval
20000604 g     O .bss	0000000e g_water_quality
0000020a g     F .text	00000016 .hidden __riscv_restore_5
00007e0e g     F .text	00000058 _realloc_r
00001a6e  w      .text	00000000 DMA2_Channel2_IRQHandler
00002ad0 g     F .text	00000392 .hidden __udivdi3
00001a6e  w      .text	00000000 DMA1_Channel4_IRQHandler
000093f8 g     O .text	00000028 __mprec_bigtens
000069d4 g     F .text	000000a4 __s2b
00008dac g     F .text	00000068 .hidden __floatunsidf
000022a0 g     F .text	00000026 _sbrk
00006e14 g     F .text	00000032 __mcmp
0000600e g     F .text	0000001e strtol
00001a6e  w      .text	00000000 TIM9_UP_IRQHandler
20000230 g     O .bss	00000001 time_flag
0000020a g     F .text	00000016 .hidden __riscv_restore_6
000005e2 g     F .text	0000008a USART3_IRQHandler
0000068e g     F .text	0000003c GetMonthDays
0000066c g     F .text	00000022 IsLeapYear
00001a6e  w      .text	00000000 RTC_IRQHandler
00005236 g     F .text	00000c6c _strtod_l
000065d8 g     F .text	0000002e __match
20000724 g       .bss	00000000 _ebss
00000dd8 g     F .text	00000036 WQ_SendRequest
20000284 g     O .bss	00000004 g_tower_water_level
0000215c g     F .text	0000003c USART_GetITStatus
00001a6e  w      .text	00000000 DMA1_Channel7_IRQHandler
00000e88 g     F .text	00000040 WQ_GetMonthlyCost
00006a78 g     F .text	00000046 __hi0bits
00001a6e  w      .text	00000000 CAN1_RX1_IRQHandler
00008c76 g     F .text	00000068 .hidden __fixdfsi
00000fb0 g     F .text	00000012 WQ_Task
000021ac g     F .text	00000026 Delay_Init
00001a6e  w      .text	00000000 DVP_IRQHandler
00001a6e  w      .text	00000000 UART5_IRQHandler
00005ea2 g     F .text	0000001c strtod
000050fe g     F .text	00000006 atof
00004726 g     F .text	00000086 .hidden __gtsf2
00001a6e  w      .text	00000000 TIM4_IRQHandler
000031ec g     F .text	000000b6 .hidden __ledf2
000001c8 g     F .text	00000028 .hidden __riscv_save_9
00001bbe g     F .text	0000000a GPIO_WriteBit
00001a6e  w      .text	00000000 DMA2_Channel1_IRQHandler
00006c88 g     F .text	000000be __pow5mult
000004d6 g     F .text	000000ee uart_process_frame
0000961c g     O .text	00000020 __sf_fake_stderr
000001d6 g     F .text	0000001a .hidden __riscv_save_4
00000e0e g     F .text	0000007a WQ_ParseResponse
00001a6e  w      .text	00000000 I2C1_EV_IRQHandler
000014ca g     F .text	000000a2 Zigbee_Init
0000169e g     F .text	0000008a GPIO_Toggle_INIT
00002042 g     F .text	00000018 TIM_GetITStatus
0000156c g     F .text	000000a4 Zigbee_ParseCommand
00000ec8 g     F .text	000000e8 WQ_UpdateDisplay
00001c2a g     F .text	00000176 RCC_GetClocksFreq
00001a6e  w      .text	00000000 DMA1_Channel6_IRQHandler
00005090 g     F .text	0000006e .hidden __clzsi2
000009da g     F .text	0000002c deleteRingBuffer
00001610 g     F .text	0000007c UART4_IRQHandler
00001a6e  w      .text	00000000 DMA2_Channel4_IRQHandler
00007d4a g     F .text	00000018 memchr
00002066 g     F .text	00000090 USART_Init
00007d66 g     F .text	000000a8 _free_r
00001a6e  w      .text	00000000 TIM3_IRQHandler
00001a6e  w      .text	00000000 RCC_IRQHandler
000001f0 g     F .text	0000000c .hidden __riscv_save_3
00001a6e  w      .text	00000000 TIM1_TRG_COM_IRQHandler
2000063c g     O .bss	00000064 test
00001a6e  w      .text	00000000 DMA1_Channel1_IRQHandler
000072f6 g     F .text	00000096 _sungetc_r
00000954 g     F .text	00000028 write1ByteToRingBuffer
00000000 g       .init	00000000 _start
00001a6e  w      .text	00000000 DMA2_Channel7_IRQHandler
20000018 g     O .data	00000010 AHBPrescTable
00006d46 g     F .text	000000ce __lshift
00001f6e g     F .text	00000010 TIM_SelectInputTrigger
00004e50 g     F .text	000000c6 .hidden __floatsisf
00002310  w    F .text	000000e0 prints
000003d4 g     F .text	00000022 send_serve_to_esp32
00001a6e  w      .text	00000000 EXTI15_10_IRQHandler
00001f5c g     F .text	00000012 TIM_ITConfig
0000519c g     F .text	00000028 strncmp
00001054 g     F .text	000000da Input_Capture_Init
0000210c g     F .text	00000036 USART_ITConfig
00000a06 g     F .text	0000032a HMI_task
00006b44 g     F .text	00000144 __multiply
000051c4 g     F .text	00000024 strncpy
2000029c g     O .bss	00000044 uart_rx
00007032 g     F .text	000000d4 __d2b
00007c86 g     F .text	00000016 _strtoul_r
00001bba g     F .text	00000004 GPIO_ResetBits
00001a6e  w      .text	00000000 TIM7_IRQHandler
00001a6e  w      .text	00000000 CAN2_TX_IRQHandler
20000000 g       .dalign	00000000 _data_vma
00001a6e  w      .text	00000000 TIM5_IRQHandler
0000510c g     F .text	00000052 sscanf
00001a6e  w      .text	00000000 EXTI9_5_IRQHandler
000085aa g     F .text	000005b4 .hidden __divdf3
0000717a g     F .text	00000036 __copybits
000032a2 g     F .text	000004b8 .hidden __muldf3
000001c8 g     F .text	00000028 .hidden __riscv_save_10
000009c4 g     F .text	00000016 read1ByteFromRingBuffer
00001a6e  w      .text	00000000 ETH_WKUP_IRQHandler
00001fac g     F .text	00000016 TIM_SetIC1Prescaler
00007d62 g     F .text	00000002 __malloc_lock
0000020a g     F .text	00000016 .hidden __riscv_restore_4
00000200 g     F .text	00000020 .hidden __riscv_restore_8
000001d6 g     F .text	0000001a .hidden __riscv_save_6
000071f6 g     F .text	00000026 _calloc_r
00001a6e  w      .text	00000000 SPI2_IRQHandler
0000963c g     O .text	00000020 __sf_fake_stdin
00000220 g     F .text	000000a8 memset
00000200 g     F .text	00000020 .hidden __riscv_restore_9
0000020a g     F .text	00000016 .hidden __riscv_restore_7
00001728 g     F .text	00000122 main
00001a6e  w      .text	00000000 TIM10_BRK_IRQHandler
00000376 g     F .text	00000026 uart_send_esp_char
00001a6e  w      .text	00000000 TIM9_CC_IRQHandler
000047ac g     F .text	0000008c .hidden __ltsf2
20000210 g     O .data	00000004 g_tower_temperature
00001a6e  w      .text	00000000 DMA2_Channel5_IRQHandler
20000279 g     O .bss	00000001 g_tower_data_updated
00005ff8 g     F .text	00000016 _strtol_r
0000721c g     F .text	000000da _malloc_r
00007d20 g     F .text	0000001e __ascii_wctomb
00007c9c g     F .text	00000084 __submore
00001a6e  w      .text	00000000 DMA1_Channel5_IRQHandler
00001a6e  w      .text	00000000 EXTI4_IRQHandler
000021d2 g     F .text	00000036 Delay_Ms
00001a6e  w      .text	00000000 USB_LP_CAN1_RX0_IRQHandler
00000924 g     F .text	00000022 tjc_send_string
00004838 g     F .text	00000290 .hidden __mulsf3
20000274 g     O .bss	00000004 total_pulses
0000510c g     F .text	00000052 siscanf
0000184a g     F .text	000000fa SystemInit
00001a6e  w      .text	00000000 RNG_IRQHandler
00008b5e g     F .text	0000006a .hidden __nedf2
000022c6  w    F .text	0000004a printchar
00000946 g     F .text	0000000e initRingBuffer
00001a6e  w      .text	00000000 USB_HP_CAN1_TX_IRQHandler
00002a7e g     F .text	00000028 sprintf
0000923c g     O .text	00000100 .hidden __clz_tab
00000000 g       .init	00000000 _sinit
00003e98 g     F .text	000000bc .hidden __fixdfdi
00004726 g     F .text	00000086 .hidden __gesf2
00001fdc g     F .text	00000062 TIM_PWMIConfig
00001a6e  w      .text	00000000 DMA1_Channel3_IRQHandler
2000024c g     O .bss	00000004 flow_rate
00001a6e  w      .text	00000000 ETH_IRQHandler
20000270 g     O .bss	00000004 total_flow
20000220 g     O .data	00000004 _impure_ptr
00001a6e  w      .text	00000000 TIM1_UP_IRQHandler
000003f6 g     F .text	000000be send_water_quality_to_esp32
20000278 g     O .bss	00000001 water_speedflage
00001a6e  w      .text	00000000 WWDG_IRQHandler
00001a6e  w      .text	00000000 USBHSWakeup_IRQHandler
00001a6e  w      .text	00000000 DMA2_Channel11_IRQHandler
00006788 g     F .text	00000032 __ascii_mbtowc
00001a6e  w      .text	00000000 Ecall_U_Mode_Handler
00006f38 g     F .text	00000046 __ulp
00001a6e  w      .text	00000000 DMA2_Channel6_IRQHandler
000007d2 g     F .text	00000080 TIM2_IRQHandler
20008000 g       .stack	00000000 _eusrstack
000001f0 g     F .text	0000000c .hidden __riscv_save_2
00001a6e  w      .text	00000000 SW_Handler
000073d0 g     F .text	000003a2 __ssvfiscanf_r
00001a6e  w      .text	00000000 TIM1_BRK_IRQHandler
00002142 g     F .text	00000008 USART_SendData
00001a6e  w      .text	00000000 DMA2_Channel10_IRQHandler
00001a6e  w      .text	00000000 EXTI1_IRQHandler
00001f94 g     F .text	00000018 TIM_SelectMasterSlaveMode
000001d6 g     F .text	0000001a .hidden __riscv_save_5
2000023c g     O .bss	00000001 USART_Rbuffer_Num
00002262 g     F .text	0000003e _write
20000230 g       .data	00000000 _edata
20000724 g       .bss	00000000 _end
00001e56 g     F .text	000000ee TIM_TimeBaseInit
20000580 g     O .bss	00000024 str
00001a6e  w      .text	00000000 RTCAlarm_IRQHandler
000096bc g       .dlalign	00000000 _data_lma
00001a6e  w      .text	00000000 TIM10_UP_IRQHandler
00000852 g     F .text	000000aa UART_HIM_Init
00001a6e  w      .text	00000000 TIM9_TRG_COM_IRQHandler
00001a6e  w      .text	00000000 UART7_IRQHandler
0000097c g     F .text	00000048 USART2_IRQHandler
00001a6e  w      .text	00000000 UART6_IRQHandler
00001944 g     F .text	0000012a SystemCoreClockUpdate
00004f16 g     F .text	000000ce .hidden __floatunsisf
00006e46 g     F .text	000000f2 __mdiff
000005c4 g     F .text	0000001e esp_received
00001a6e  w      .text	00000000 I2C2_ER_IRQHandler
00001a6e  w      .text	00000000 DMA1_Channel2_IRQHandler
0000965c g     O .text	00000020 __sf_fake_stdout
00007ad4 g     F .text	00000082 __sccl
00005104 g     F .text	00000008 atoi
000001fc g     F .text	00000024 .hidden __riscv_restore_12
00001a6e  w      .text	00000000 TIM8_BRK_IRQHandler
00009518 g     O .text	00000101 _ctype_
000008fc g     F .text	00000028 uart_send_char
00001a70  w      .text	00000000 handle_reset
00001a6e  w      .text	00000000 CAN1_SCE_IRQHandler
00001a6e  w      .text	00000000 FLASH_IRQHandler
000001f0 g     F .text	0000000c .hidden __riscv_save_0
00000778 g     F .text	0000005a TIM2_Init
20000540 g     O .bss	00000040 serve_num
00000fc2 g     F .text	00000092 USART1_IRQHandler
0000518a g     F .text	00000012 strlen
00001fc2 g     F .text	0000001a TIM_SetIC2Prescaler
00001a6e  w      .text	00000000 SPI3_IRQHandler
00006764 g     F .text	00000006 __locale_ctype_ptr_l
000002c8 g     F .text	000000ae UART_ESP32_Init
00008bc8 g     F .text	000000ae .hidden __gedf2
000060e2 g     F .text	000004ca __gethex
20000298 g     O .bss	00000004 __malloc_sbrk_start
00001282 g     F .text	0000016a Leak_Detect
00001f7e g     F .text	00000016 TIM_SelectSlaveMode
00001a6e  w      .text	00000000 I2C1_ER_IRQHandler
00005162 g     F .text	00000018 strchr
00001bc8 g     F .text	00000006 NVIC_PriorityGroupConfig
00000d30 g     F .text	000000a8 WQ_Init
20000294 g     O .bss	00000004 __malloc_free_list
20000000 g     O .data	00000018 currentTime
00000214 g     F .text	0000000c .hidden __riscv_restore_1
20000238 g     O .bss	00000004 timer_cnt
0000375a g     F .text	0000073e .hidden __subdf3
00006abe g     F .text	0000006a __lo0bits
20000254 g     O .bss	00000004 last_capture_time
0000410a g     F .text	0000036a .hidden __addsf3
0000126e g     F .text	00000014 Leak_SetSystemActive
20000098 g     O .data	0000016c __global_locale
00001a6e  w      .text	00000000 USBWakeUp_IRQHandler
00001a6e  w      .text	00000000 DMA2_Channel3_IRQHandler
0000693c g     F .text	00000098 __multadd
000068f8 g     F .text	00000044 _Bfree
20000344 g     O .bss	000001fa ringBuffer



Disassembly of section .init:

00000000 <_sinit>:
   0:	2710106f          	j	1a70 <handle_reset>

Disassembly of section .vector:

00000004 <_vector_base>:
	...
   c:	168c                	addi	a1,sp,864
   e:	0000                	unimp
  10:	168e                	slli	a3,a3,0x23
  12:	0000                	unimp
  14:	0000                	unimp
  16:	0000                	unimp
  18:	1a6e                	slli	s4,s4,0x3b
	...
  22:	0000                	unimp
  24:	1a6e                	slli	s4,s4,0x3b
  26:	0000                	unimp
  28:	1a6e                	slli	s4,s4,0x3b
	...
  32:	0000                	unimp
  34:	1a6e                	slli	s4,s4,0x3b
  36:	0000                	unimp
  38:	0000                	unimp
  3a:	0000                	unimp
  3c:	1a6e                	slli	s4,s4,0x3b
  3e:	0000                	unimp
  40:	0000                	unimp
  42:	0000                	unimp
  44:	1a6e                	slli	s4,s4,0x3b
  46:	0000                	unimp
  48:	1a6e                	slli	s4,s4,0x3b
  4a:	0000                	unimp
  4c:	1a6e                	slli	s4,s4,0x3b
  4e:	0000                	unimp
  50:	1a6e                	slli	s4,s4,0x3b
  52:	0000                	unimp
  54:	1a6e                	slli	s4,s4,0x3b
  56:	0000                	unimp
  58:	1a6e                	slli	s4,s4,0x3b
  5a:	0000                	unimp
  5c:	1a6e                	slli	s4,s4,0x3b
  5e:	0000                	unimp
  60:	1a6e                	slli	s4,s4,0x3b
  62:	0000                	unimp
  64:	1a6e                	slli	s4,s4,0x3b
  66:	0000                	unimp
  68:	1a6e                	slli	s4,s4,0x3b
  6a:	0000                	unimp
  6c:	1a6e                	slli	s4,s4,0x3b
  6e:	0000                	unimp
  70:	1a6e                	slli	s4,s4,0x3b
  72:	0000                	unimp
  74:	1a6e                	slli	s4,s4,0x3b
  76:	0000                	unimp
  78:	1a6e                	slli	s4,s4,0x3b
  7a:	0000                	unimp
  7c:	1a6e                	slli	s4,s4,0x3b
  7e:	0000                	unimp
  80:	1a6e                	slli	s4,s4,0x3b
  82:	0000                	unimp
  84:	1a6e                	slli	s4,s4,0x3b
  86:	0000                	unimp
  88:	1a6e                	slli	s4,s4,0x3b
  8a:	0000                	unimp
  8c:	1a6e                	slli	s4,s4,0x3b
  8e:	0000                	unimp
  90:	1a6e                	slli	s4,s4,0x3b
  92:	0000                	unimp
  94:	1a6e                	slli	s4,s4,0x3b
  96:	0000                	unimp
  98:	1a6e                	slli	s4,s4,0x3b
  9a:	0000                	unimp
  9c:	1a6e                	slli	s4,s4,0x3b
  9e:	0000                	unimp
  a0:	1a6e                	slli	s4,s4,0x3b
  a2:	0000                	unimp
  a4:	1a6e                	slli	s4,s4,0x3b
  a6:	0000                	unimp
  a8:	1a6e                	slli	s4,s4,0x3b
  aa:	0000                	unimp
  ac:	1a6e                	slli	s4,s4,0x3b
  ae:	0000                	unimp
  b0:	112e                	slli	sp,sp,0x2b
  b2:	0000                	unimp
  b4:	07d2                	slli	a5,a5,0x14
  b6:	0000                	unimp
  b8:	1a6e                	slli	s4,s4,0x3b
  ba:	0000                	unimp
  bc:	1a6e                	slli	s4,s4,0x3b
  be:	0000                	unimp
  c0:	1a6e                	slli	s4,s4,0x3b
  c2:	0000                	unimp
  c4:	1a6e                	slli	s4,s4,0x3b
  c6:	0000                	unimp
  c8:	1a6e                	slli	s4,s4,0x3b
  ca:	0000                	unimp
  cc:	1a6e                	slli	s4,s4,0x3b
  ce:	0000                	unimp
  d0:	1a6e                	slli	s4,s4,0x3b
  d2:	0000                	unimp
  d4:	1a6e                	slli	s4,s4,0x3b
  d6:	0000                	unimp
  d8:	0fc2                	slli	t6,t6,0x10
  da:	0000                	unimp
  dc:	097c                	addi	a5,sp,156
  de:	0000                	unimp
  e0:	05e2                	slli	a1,a1,0x18
  e2:	0000                	unimp
  e4:	1a6e                	slli	s4,s4,0x3b
  e6:	0000                	unimp
  e8:	1a6e                	slli	s4,s4,0x3b
  ea:	0000                	unimp
  ec:	1a6e                	slli	s4,s4,0x3b
  ee:	0000                	unimp
  f0:	1a6e                	slli	s4,s4,0x3b
  f2:	0000                	unimp
  f4:	1a6e                	slli	s4,s4,0x3b
  f6:	0000                	unimp
  f8:	1a6e                	slli	s4,s4,0x3b
  fa:	0000                	unimp
  fc:	1a6e                	slli	s4,s4,0x3b
  fe:	0000                	unimp
 100:	1a6e                	slli	s4,s4,0x3b
 102:	0000                	unimp
 104:	0000                	unimp
 106:	0000                	unimp
 108:	1a6e                	slli	s4,s4,0x3b
 10a:	0000                	unimp
 10c:	1a6e                	slli	s4,s4,0x3b
 10e:	0000                	unimp
 110:	1a6e                	slli	s4,s4,0x3b
 112:	0000                	unimp
 114:	1610                	addi	a2,sp,800
 116:	0000                	unimp
 118:	1a6e                	slli	s4,s4,0x3b
 11a:	0000                	unimp
 11c:	1a6e                	slli	s4,s4,0x3b
 11e:	0000                	unimp
 120:	1a6e                	slli	s4,s4,0x3b
 122:	0000                	unimp
 124:	1a6e                	slli	s4,s4,0x3b
 126:	0000                	unimp
 128:	1a6e                	slli	s4,s4,0x3b
 12a:	0000                	unimp
 12c:	1a6e                	slli	s4,s4,0x3b
 12e:	0000                	unimp
 130:	1a6e                	slli	s4,s4,0x3b
 132:	0000                	unimp
 134:	1a6e                	slli	s4,s4,0x3b
 136:	0000                	unimp
 138:	1a6e                	slli	s4,s4,0x3b
 13a:	0000                	unimp
 13c:	1a6e                	slli	s4,s4,0x3b
 13e:	0000                	unimp
 140:	1a6e                	slli	s4,s4,0x3b
 142:	0000                	unimp
 144:	1a6e                	slli	s4,s4,0x3b
 146:	0000                	unimp
 148:	1a6e                	slli	s4,s4,0x3b
 14a:	0000                	unimp
 14c:	1a6e                	slli	s4,s4,0x3b
 14e:	0000                	unimp
 150:	1a6e                	slli	s4,s4,0x3b
 152:	0000                	unimp
 154:	1a6e                	slli	s4,s4,0x3b
 156:	0000                	unimp
 158:	1a6e                	slli	s4,s4,0x3b
 15a:	0000                	unimp
 15c:	1a6e                	slli	s4,s4,0x3b
 15e:	0000                	unimp
 160:	1a6e                	slli	s4,s4,0x3b
 162:	0000                	unimp
 164:	1a6e                	slli	s4,s4,0x3b
 166:	0000                	unimp
 168:	1a6e                	slli	s4,s4,0x3b
 16a:	0000                	unimp
 16c:	1a6e                	slli	s4,s4,0x3b
 16e:	0000                	unimp
 170:	1a6e                	slli	s4,s4,0x3b
 172:	0000                	unimp
 174:	1a6e                	slli	s4,s4,0x3b
 176:	0000                	unimp
 178:	1a6e                	slli	s4,s4,0x3b
 17a:	0000                	unimp
 17c:	1a6e                	slli	s4,s4,0x3b
 17e:	0000                	unimp
 180:	1a6e                	slli	s4,s4,0x3b
 182:	0000                	unimp
 184:	1a6e                	slli	s4,s4,0x3b
 186:	0000                	unimp
 188:	1a6e                	slli	s4,s4,0x3b
 18a:	0000                	unimp
 18c:	1a6e                	slli	s4,s4,0x3b
 18e:	0000                	unimp
 190:	1a6e                	slli	s4,s4,0x3b
 192:	0000                	unimp
 194:	1a6e                	slli	s4,s4,0x3b
 196:	0000                	unimp
 198:	1a6e                	slli	s4,s4,0x3b
 19a:	0000                	unimp
 19c:	1a6e                	slli	s4,s4,0x3b
 19e:	0000                	unimp
 1a0:	1a6e                	slli	s4,s4,0x3b
	...

Disassembly of section .text:

000001c0 <__riscv_save_12>:
     1c0:	7139                	addi	sp,sp,-64
     1c2:	4301                	li	t1,0
     1c4:	c66e                	sw	s11,12(sp)
     1c6:	a019                	j	1cc <__riscv_save_10+0x4>

000001c8 <__riscv_save_10>:
     1c8:	7139                	addi	sp,sp,-64
     1ca:	5341                	li	t1,-16
     1cc:	c86a                	sw	s10,16(sp)
     1ce:	ca66                	sw	s9,20(sp)
     1d0:	cc62                	sw	s8,24(sp)
     1d2:	ce5e                	sw	s7,28(sp)
     1d4:	a019                	j	1da <__riscv_save_4+0x4>

000001d6 <__riscv_save_4>:
     1d6:	7139                	addi	sp,sp,-64
     1d8:	5301                	li	t1,-32
     1da:	d05a                	sw	s6,32(sp)
     1dc:	d256                	sw	s5,36(sp)
     1de:	d452                	sw	s4,40(sp)
     1e0:	d64e                	sw	s3,44(sp)
     1e2:	d84a                	sw	s2,48(sp)
     1e4:	da26                	sw	s1,52(sp)
     1e6:	dc22                	sw	s0,56(sp)
     1e8:	de06                	sw	ra,60(sp)
     1ea:	40610133          	sub	sp,sp,t1
     1ee:	8282                	jr	t0

000001f0 <__riscv_save_0>:
     1f0:	1141                	addi	sp,sp,-16
     1f2:	c04a                	sw	s2,0(sp)
     1f4:	c226                	sw	s1,4(sp)
     1f6:	c422                	sw	s0,8(sp)
     1f8:	c606                	sw	ra,12(sp)
     1fa:	8282                	jr	t0

000001fc <__riscv_restore_12>:
     1fc:	4db2                	lw	s11,12(sp)
     1fe:	0141                	addi	sp,sp,16

00000200 <__riscv_restore_10>:
     200:	4d02                	lw	s10,0(sp)
     202:	4c92                	lw	s9,4(sp)
     204:	4c22                	lw	s8,8(sp)
     206:	4bb2                	lw	s7,12(sp)
     208:	0141                	addi	sp,sp,16

0000020a <__riscv_restore_4>:
     20a:	4b02                	lw	s6,0(sp)
     20c:	4a92                	lw	s5,4(sp)
     20e:	4a22                	lw	s4,8(sp)
     210:	49b2                	lw	s3,12(sp)
     212:	0141                	addi	sp,sp,16

00000214 <__riscv_restore_0>:
     214:	4902                	lw	s2,0(sp)
     216:	4492                	lw	s1,4(sp)
     218:	4422                	lw	s0,8(sp)
     21a:	40b2                	lw	ra,12(sp)
     21c:	0141                	addi	sp,sp,16
     21e:	8082                	ret

00000220 <memset>:
     220:	433d                	li	t1,15
     222:	872a                	mv	a4,a0
     224:	02c37363          	bgeu	t1,a2,24a <memset+0x2a>
     228:	00f77793          	andi	a5,a4,15
     22c:	efbd                	bnez	a5,2aa <memset+0x8a>
     22e:	e5ad                	bnez	a1,298 <memset+0x78>
     230:	ff067693          	andi	a3,a2,-16
     234:	8a3d                	andi	a2,a2,15
     236:	96ba                	add	a3,a3,a4
     238:	c30c                	sw	a1,0(a4)
     23a:	c34c                	sw	a1,4(a4)
     23c:	c70c                	sw	a1,8(a4)
     23e:	c74c                	sw	a1,12(a4)
     240:	0741                	addi	a4,a4,16
     242:	fed76be3          	bltu	a4,a3,238 <memset+0x18>
     246:	e211                	bnez	a2,24a <memset+0x2a>
     248:	8082                	ret
     24a:	40c306b3          	sub	a3,t1,a2
     24e:	068a                	slli	a3,a3,0x2
     250:	00000297          	auipc	t0,0x0
     254:	9696                	add	a3,a3,t0
     256:	00a68067          	jr	10(a3)
     25a:	00b70723          	sb	a1,14(a4)
     25e:	00b706a3          	sb	a1,13(a4)
     262:	00b70623          	sb	a1,12(a4)
     266:	00b705a3          	sb	a1,11(a4)
     26a:	00b70523          	sb	a1,10(a4)
     26e:	00b704a3          	sb	a1,9(a4)
     272:	00b70423          	sb	a1,8(a4)
     276:	00b703a3          	sb	a1,7(a4)
     27a:	00b70323          	sb	a1,6(a4)
     27e:	00b702a3          	sb	a1,5(a4)
     282:	00b70223          	sb	a1,4(a4)
     286:	00b701a3          	sb	a1,3(a4)
     28a:	00b70123          	sb	a1,2(a4)
     28e:	00b700a3          	sb	a1,1(a4)
     292:	00b70023          	sb	a1,0(a4)
     296:	8082                	ret
     298:	0ff5f593          	andi	a1,a1,255
     29c:	00859693          	slli	a3,a1,0x8
     2a0:	8dd5                	or	a1,a1,a3
     2a2:	01059693          	slli	a3,a1,0x10
     2a6:	8dd5                	or	a1,a1,a3
     2a8:	b761                	j	230 <memset+0x10>
     2aa:	00279693          	slli	a3,a5,0x2
     2ae:	00000297          	auipc	t0,0x0
     2b2:	9696                	add	a3,a3,t0
     2b4:	8286                	mv	t0,ra
     2b6:	fa8680e7          	jalr	-88(a3)
     2ba:	8096                	mv	ra,t0
     2bc:	17c1                	addi	a5,a5,-16
     2be:	8f1d                	sub	a4,a4,a5
     2c0:	963e                	add	a2,a2,a5
     2c2:	f8c374e3          	bgeu	t1,a2,24a <memset+0x2a>
     2c6:	b7a5                	j	22e <memset+0xe>

000002c8 <UART_ESP32_Init>:
     2c8:	f29ff2ef          	jal	t0,1f0 <__riscv_save_0>
     2cc:	7179                	addi	sp,sp,-48
     2ce:	4585                	li	a1,1
     2d0:	4521                	li	a0,8
     2d2:	ca02                	sw	zero,20(sp)
     2d4:	cc02                	sw	zero,24(sp)
     2d6:	ce02                	sw	zero,28(sp)
     2d8:	2c9010ef          	jal	ra,1da0 <RCC_APB2PeriphClockCmd>
     2dc:	40000793          	li	a5,1024
     2e0:	82fc                	sh	a5,20(sp)
     2e2:	40011437          	lui	s0,0x40011
     2e6:	478d                	li	a5,3
     2e8:	cc3e                	sw	a5,24(sp)
     2ea:	084c                	addi	a1,sp,20
     2ec:	47e1                	li	a5,24
     2ee:	c0040513          	addi	a0,s0,-1024 # 40010c00 <_eusrstack+0x20008c00>
     2f2:	ce3e                	sw	a5,28(sp)
     2f4:	007010ef          	jal	ra,1afa <GPIO_Init>
     2f8:	6785                	lui	a5,0x1
     2fa:	80078793          	addi	a5,a5,-2048 # 800 <__stack_size>
     2fe:	82fc                	sh	a5,20(sp)
     300:	084c                	addi	a1,sp,20
     302:	4791                	li	a5,4
     304:	c0040513          	addi	a0,s0,-1024
     308:	ce3e                	sw	a5,28(sp)
     30a:	7f0010ef          	jal	ra,1afa <GPIO_Init>
     30e:	4585                	li	a1,1
     310:	00040537          	lui	a0,0x40
     314:	d002                	sw	zero,32(sp)
     316:	d202                	sw	zero,36(sp)
     318:	d402                	sw	zero,40(sp)
     31a:	d602                	sw	zero,44(sp)
     31c:	2a3010ef          	jal	ra,1dbe <RCC_APB1PeriphClockCmd>
     320:	67f1                	lui	a5,0x1c
     322:	40005437          	lui	s0,0x40005
     326:	20078793          	addi	a5,a5,512 # 1c200 <_data_lma+0x12b44>
     32a:	d03e                	sw	a5,32(sp)
     32c:	100c                	addi	a1,sp,32
     32e:	000c07b7          	lui	a5,0xc0
     332:	80040513          	addi	a0,s0,-2048 # 40004800 <_eusrstack+0x1fffc800>
     336:	d43e                	sw	a5,40(sp)
     338:	d202                	sw	zero,36(sp)
     33a:	02011623          	sh	zero,44(sp)
     33e:	529010ef          	jal	ra,2066 <USART_Init>
     342:	4605                	li	a2,1
     344:	80040513          	addi	a0,s0,-2048
     348:	52500593          	li	a1,1317
     34c:	5c1010ef          	jal	ra,210c <USART_ITConfig>
     350:	4585                	li	a1,1
     352:	80040513          	addi	a0,s0,-2048
     356:	5a1010ef          	jal	ra,20f6 <USART_Cmd>
     35a:	13700793          	li	a5,311
     35e:	00011723          	sh	zero,14(sp)
     362:	867c                	sh	a5,12(sp)
     364:	4785                	li	a5,1
     366:	875c                	sb	a5,14(sp)
     368:	0068                	addi	a0,sp,12
     36a:	4785                	li	a5,1
     36c:	c83e                	sw	a5,16(sp)
     36e:	061010ef          	jal	ra,1bce <NVIC_Init>
     372:	6145                	addi	sp,sp,48
     374:	b545                	j	214 <__riscv_restore_0>

00000376 <uart_send_esp_char>:
     376:	e7bff2ef          	jal	t0,1f0 <__riscv_save_0>
     37a:	40005437          	lui	s0,0x40005
     37e:	0ff57593          	andi	a1,a0,255
     382:	80040513          	addi	a0,s0,-2048 # 40004800 <_eusrstack+0x1fffc800>
     386:	5bd010ef          	jal	ra,2142 <USART_SendData>
     38a:	80040413          	addi	s0,s0,-2048
     38e:	08000593          	li	a1,128
     392:	8522                	mv	a0,s0
     394:	5bf010ef          	jal	ra,2152 <USART_GetFlagStatus>
     398:	d97d                	beqz	a0,38e <uart_send_esp_char+0x18>
     39a:	bdad                	j	214 <__riscv_restore_0>

0000039c <uart_send_esp_string>:
     39c:	e55ff2ef          	jal	t0,1f0 <__riscv_save_0>
     3a0:	842a                	mv	s0,a0
     3a2:	00040503          	lb	a0,0(s0)
     3a6:	e111                	bnez	a0,3aa <uart_send_esp_string+0xe>
     3a8:	b5b5                	j	214 <__riscv_restore_0>
     3aa:	0405                	addi	s0,s0,1
     3ac:	37e9                	jal	376 <uart_send_esp_char>
     3ae:	bfd5                	j	3a2 <uart_send_esp_string+0x6>

000003b0 <send_wifi_to_esp32>:
     3b0:	e41ff2ef          	jal	t0,1f0 <__riscv_save_0>
     3b4:	7119                	addi	sp,sp,-128
     3b6:	00009637          	lui	a2,0x9
     3ba:	872e                	mv	a4,a1
     3bc:	86aa                	mv	a3,a0
     3be:	ec060613          	addi	a2,a2,-320 # 8ec0 <days_in_month.5670+0xac>
     3c2:	08000593          	li	a1,128
     3c6:	850a                	mv	a0,sp
     3c8:	6de020ef          	jal	ra,2aa6 <snprintf>
     3cc:	850a                	mv	a0,sp
     3ce:	37f9                	jal	39c <uart_send_esp_string>
     3d0:	6109                	addi	sp,sp,128
     3d2:	b589                	j	214 <__riscv_restore_0>

000003d4 <send_serve_to_esp32>:
     3d4:	e1dff2ef          	jal	t0,1f0 <__riscv_save_0>
     3d8:	7119                	addi	sp,sp,-128
     3da:	00009637          	lui	a2,0x9
     3de:	86aa                	mv	a3,a0
     3e0:	e7860613          	addi	a2,a2,-392 # 8e78 <days_in_month.5670+0x64>
     3e4:	08000593          	li	a1,128
     3e8:	850a                	mv	a0,sp
     3ea:	6bc020ef          	jal	ra,2aa6 <snprintf>
     3ee:	850a                	mv	a0,sp
     3f0:	3775                	jal	39c <uart_send_esp_string>
     3f2:	6109                	addi	sp,sp,128
     3f4:	b505                	j	214 <__riscv_restore_0>

000003f6 <send_water_quality_to_esp32>:
     3f6:	dd3ff2ef          	jal	t0,1c8 <__riscv_save_10>
     3fa:	bfc1d683          	lhu	a3,-1028(gp) # 20000604 <g_water_quality>
     3fe:	bfc18413          	addi	s0,gp,-1028 # 20000604 <g_water_quality>
     402:	205a                	lhu	a4,4(s0)
     404:	202a                	lhu	a0,2(s0)
     406:	716d                	addi	sp,sp,-272
     408:	de36                	sw	a3,60(sp)
     40a:	dc3a                	sw	a4,56(sp)
     40c:	30b040ef          	jal	ra,4f16 <__floatunsisf>
     410:	000097b7          	lui	a5,0x9
     414:	e847a583          	lw	a1,-380(a5) # 8e84 <days_in_month.5670+0x70>
     418:	05c040ef          	jal	ra,4474 <__divsf3>
     41c:	3c9040ef          	jal	ra,4fe4 <__extendsfdf2>
     420:	d82a                	sw	a0,48(sp)
     422:	240a                	lhu	a0,8(s0)
     424:	da2e                	sw	a1,52(sp)
     426:	2f1040ef          	jal	ra,4f16 <__floatunsisf>
     42a:	000097b7          	lui	a5,0x9
     42e:	e887a583          	lw	a1,-376(a5) # 8e88 <days_in_month.5670+0x74>
     432:	042040ef          	jal	ra,4474 <__divsf3>
     436:	3af040ef          	jal	ra,4fe4 <__extendsfdf2>
     43a:	892a                	mv	s2,a0
     43c:	242a                	lhu	a0,10(s0)
     43e:	89ae                	mv	s3,a1
     440:	2d7040ef          	jal	ra,4f16 <__floatunsisf>
     444:	000097b7          	lui	a5,0x9
     448:	e8c7a583          	lw	a1,-372(a5) # 8e8c <days_in_month.5670+0x78>
     44c:	028040ef          	jal	ra,4474 <__divsf3>
     450:	395040ef          	jal	ra,4fe4 <__extendsfdf2>
     454:	8a2a                	mv	s4,a0
     456:	8441a503          	lw	a0,-1980(gp) # 2000024c <flow_rate>
     45a:	8aae                	mv	s5,a1
     45c:	00c45c03          	lhu	s8,12(s0)
     460:	385040ef          	jal	ra,4fe4 <__extendsfdf2>
     464:	842a                	mv	s0,a0
     466:	8681a503          	lw	a0,-1944(gp) # 20000270 <total_flow>
     46a:	84ae                	mv	s1,a1
     46c:	379040ef          	jal	ra,4fe4 <__extendsfdf2>
     470:	8bae                	mv	s7,a1
     472:	8b2a                	mv	s6,a0
     474:	215000ef          	jal	ra,e88 <WQ_GetMonthlyCost>
     478:	36d040ef          	jal	ra,4fe4 <__extendsfdf2>
     47c:	5842                	lw	a6,48(sp)
     47e:	58d2                	lw	a7,52(sp)
     480:	5762                	lw	a4,56(sp)
     482:	56f2                	lw	a3,60(sp)
     484:	00009637          	lui	a2,0x9
     488:	d42a                	sw	a0,40(sp)
     48a:	d62e                	sw	a1,44(sp)
     48c:	d05a                	sw	s6,32(sp)
     48e:	d25e                	sw	s7,36(sp)
     490:	cc22                	sw	s0,24(sp)
     492:	ce26                	sw	s1,28(sp)
     494:	c862                	sw	s8,16(sp)
     496:	c452                	sw	s4,8(sp)
     498:	c656                	sw	s5,12(sp)
     49a:	c04a                	sw	s2,0(sp)
     49c:	c24e                	sw	s3,4(sp)
     49e:	e9060613          	addi	a2,a2,-368 # 8e90 <days_in_month.5670+0x7c>
     4a2:	0c800593          	li	a1,200
     4a6:	00a8                	addi	a0,sp,72
     4a8:	5fe020ef          	jal	ra,2aa6 <snprintf>
     4ac:	00a8                	addi	a0,sp,72
     4ae:	35fd                	jal	39c <uart_send_esp_string>
     4b0:	6151                	addi	sp,sp,272
     4b2:	b3b9                	j	200 <__riscv_restore_10>

000004b4 <send_leak_to_esp32>:
     4b4:	d3dff2ef          	jal	t0,1f0 <__riscv_save_0>
     4b8:	1101                	addi	sp,sp,-32
     4ba:	00009637          	lui	a2,0x9
     4be:	86aa                	mv	a3,a0
     4c0:	e6c60613          	addi	a2,a2,-404 # 8e6c <days_in_month.5670+0x58>
     4c4:	02000593          	li	a1,32
     4c8:	850a                	mv	a0,sp
     4ca:	5dc020ef          	jal	ra,2aa6 <snprintf>
     4ce:	850a                	mv	a0,sp
     4d0:	35f1                	jal	39c <uart_send_esp_string>
     4d2:	6105                	addi	sp,sp,32
     4d4:	b381                	j	214 <__riscv_restore_0>

000004d6 <uart_process_frame>:
     4d6:	d1bff2ef          	jal	t0,1f0 <__riscv_save_0>
     4da:	711d                	addi	sp,sp,-96
     4dc:	84aa                	mv	s1,a0
     4de:	4ad040ef          	jal	ra,518a <strlen>
     4e2:	4789                	li	a5,2
     4e4:	02a7ff63          	bgeu	a5,a0,522 <uart_process_frame+0x4c>
     4e8:	000095b7          	lui	a1,0x9
     4ec:	842a                	mv	s0,a0
     4ee:	461d                	li	a2,7
     4f0:	ed058593          	addi	a1,a1,-304 # 8ed0 <days_in_month.5670+0xbc>
     4f4:	8526                	mv	a0,s1
     4f6:	4a7040ef          	jal	ra,519c <strncmp>
     4fa:	e515                	bnez	a0,526 <uart_process_frame+0x50>
     4fc:	00748783          	lb	a5,7(s1)
     500:	03000713          	li	a4,48
     504:	4605                	li	a2,1
     506:	00e78763          	beq	a5,a4,514 <uart_process_frame+0x3e>
     50a:	03100713          	li	a4,49
     50e:	00e79a63          	bne	a5,a4,522 <uart_process_frame+0x4c>
     512:	4601                	li	a2,0
     514:	40011537          	lui	a0,0x40011
     518:	45c1                	li	a1,16
     51a:	80050513          	addi	a0,a0,-2048 # 40010800 <_eusrstack+0x20008800>
     51e:	6a0010ef          	jal	ra,1bbe <GPIO_WriteBit>
     522:	6125                	addi	sp,sp,96
     524:	b9c5                	j	214 <__riscv_restore_0>
     526:	000095b7          	lui	a1,0x9
     52a:	4611                	li	a2,4
     52c:	ed858593          	addi	a1,a1,-296 # 8ed8 <days_in_month.5670+0xc4>
     530:	8526                	mv	a0,s1
     532:	46b040ef          	jal	ra,519c <strncmp>
     536:	e919                	bnez	a0,54c <uart_process_frame+0x76>
     538:	000095b7          	lui	a1,0x9
     53c:	ee058593          	addi	a1,a1,-288 # 8ee0 <days_in_month.5670+0xcc>
     540:	1008                	addi	a0,sp,32
     542:	439040ef          	jal	ra,517a <strcpy>
     546:	1008                	addi	a0,sp,32
     548:	2ef1                	jal	924 <tjc_send_string>
     54a:	bfe1                	j	522 <uart_process_frame+0x4c>
     54c:	000095b7          	lui	a1,0x9
     550:	4611                	li	a2,4
     552:	eec58593          	addi	a1,a1,-276 # 8eec <days_in_month.5670+0xd8>
     556:	8526                	mv	a0,s1
     558:	445040ef          	jal	ra,519c <strncmp>
     55c:	e511                	bnez	a0,568 <uart_process_frame+0x92>
     55e:	000095b7          	lui	a1,0x9
     562:	ef458593          	addi	a1,a1,-268 # 8ef4 <days_in_month.5670+0xe0>
     566:	bfe9                	j	540 <uart_process_frame+0x6a>
     568:	1479                	addi	s0,s0,-2
     56a:	8622                	mv	a2,s0
     56c:	00148593          	addi	a1,s1,1
     570:	1008                	addi	a0,sp,32
     572:	453040ef          	jal	ra,51c4 <strncpy>
     576:	109c                	addi	a5,sp,96
     578:	000095b7          	lui	a1,0x9
     57c:	943e                	add	s0,s0,a5
     57e:	01c10893          	addi	a7,sp,28
     582:	085c                	addi	a5,sp,20
     584:	01810813          	addi	a6,sp,24
     588:	0818                	addi	a4,sp,16
     58a:	0074                	addi	a3,sp,12
     58c:	0030                	addi	a2,sp,8
     58e:	f0058593          	addi	a1,a1,-256 # 8f00 <days_in_month.5670+0xec>
     592:	1008                	addi	a0,sp,32
     594:	fc040023          	sb	zero,-64(s0)
     598:	375040ef          	jal	ra,510c <siscanf>
     59c:	4799                	li	a5,6
     59e:	f8f512e3          	bne	a0,a5,522 <uart_process_frame+0x4c>
     5a2:	4722                	lw	a4,8(sp)
     5a4:	200007b7          	lui	a5,0x20000
     5a8:	00078793          	mv	a5,a5
     5ac:	c398                	sw	a4,0(a5)
     5ae:	4732                	lw	a4,12(sp)
     5b0:	c3d8                	sw	a4,4(a5)
     5b2:	4742                	lw	a4,16(sp)
     5b4:	c798                	sw	a4,8(a5)
     5b6:	4752                	lw	a4,20(sp)
     5b8:	c7d8                	sw	a4,12(a5)
     5ba:	4762                	lw	a4,24(sp)
     5bc:	cb98                	sw	a4,16(a5)
     5be:	4772                	lw	a4,28(sp)
     5c0:	cbd8                	sw	a4,20(a5)
     5c2:	b785                	j	522 <uart_process_frame+0x4c>

000005c4 <esp_received>:
     5c4:	c2dff2ef          	jal	t0,1f0 <__riscv_save_0>
     5c8:	89418413          	addi	s0,gp,-1900 # 2000029c <uart_rx>
     5cc:	04244783          	lbu	a5,66(s0)
     5d0:	cb81                	beqz	a5,5e0 <esp_received+0x1c>
     5d2:	89418513          	addi	a0,gp,-1900 # 2000029c <uart_rx>
     5d6:	3701                	jal	4d6 <uart_process_frame>
     5d8:	04041023          	sh	zero,64(s0)
     5dc:	04040123          	sb	zero,66(s0)
     5e0:	b915                	j	214 <__riscv_restore_0>

000005e2 <USART3_IRQHandler>:
     5e2:	1141                	addi	sp,sp,-16
     5e4:	c622                	sw	s0,12(sp)
     5e6:	40005437          	lui	s0,0x40005
     5ea:	52500593          	li	a1,1317
     5ee:	80040513          	addi	a0,s0,-2048 # 40004800 <_eusrstack+0x1fffc800>
     5f2:	36b010ef          	jal	ra,215c <USART_GetITStatus>
     5f6:	c525                	beqz	a0,65e <USART3_IRQHandler+0x7c>
     5f8:	80040513          	addi	a0,s0,-2048
     5fc:	34f010ef          	jal	ra,214a <USART_ReceiveData>
     600:	89418793          	addi	a5,gp,-1900 # 2000029c <uart_rx>
     604:	0407d683          	lhu	a3,64(a5) # 20000040 <impure_data+0x8>
     608:	0ff57513          	andi	a0,a0,255
     60c:	ee81                	bnez	a3,624 <USART3_IRQHandler+0x42>
     60e:	04000713          	li	a4,64
     612:	02e51e63          	bne	a0,a4,64e <USART3_IRQHandler+0x6c>
     616:	4705                	li	a4,1
     618:	a388                	sb	a0,0(a5)
     61a:	04e79023          	sh	a4,64(a5)
     61e:	04078123          	sb	zero,66(a5)
     622:	a035                	j	64e <USART3_IRQHandler+0x6c>
     624:	03e00713          	li	a4,62
     628:	02d76f63          	bltu	a4,a3,666 <USART3_IRQHandler+0x84>
     62c:	00168713          	addi	a4,a3,1
     630:	0742                	slli	a4,a4,0x10
     632:	96be                	add	a3,a3,a5
     634:	8341                	srli	a4,a4,0x10
     636:	a288                	sb	a0,0(a3)
     638:	04e79023          	sh	a4,64(a5)
     63c:	46a9                	li	a3,10
     63e:	00d51863          	bne	a0,a3,64e <USART3_IRQHandler+0x6c>
     642:	973e                	add	a4,a4,a5
     644:	00070023          	sb	zero,0(a4)
     648:	4705                	li	a4,1
     64a:	04e78123          	sb	a4,66(a5)
     64e:	40005537          	lui	a0,0x40005
     652:	52500593          	li	a1,1317
     656:	80050513          	addi	a0,a0,-2048 # 40004800 <_eusrstack+0x1fffc800>
     65a:	33f010ef          	jal	ra,2198 <USART_ClearITPendingBit>
     65e:	4432                	lw	s0,12(sp)
     660:	0141                	addi	sp,sp,16
     662:	30200073          	mret
     666:	04079023          	sh	zero,64(a5)
     66a:	bf55                	j	61e <USART3_IRQHandler+0x3c>

0000066c <IsLeapYear>:
     66c:	00357793          	andi	a5,a0,3
     670:	e799                	bnez	a5,67e <IsLeapYear+0x12>
     672:	06400793          	li	a5,100
     676:	02f567b3          	rem	a5,a0,a5
     67a:	4705                	li	a4,1
     67c:	e799                	bnez	a5,68a <IsLeapYear+0x1e>
     67e:	19000793          	li	a5,400
     682:	02f56533          	rem	a0,a0,a5
     686:	00153713          	seqz	a4,a0
     68a:	853a                	mv	a0,a4
     68c:	8082                	ret

0000068e <GetMonthDays>:
     68e:	4789                	li	a5,2
     690:	02f59463          	bne	a1,a5,6b8 <GetMonthDays+0x2a>
     694:	b5dff2ef          	jal	t0,1f0 <__riscv_save_0>
     698:	1141                	addi	sp,sp,-16
     69a:	c62e                	sw	a1,12(sp)
     69c:	3fc1                	jal	66c <IsLeapYear>
     69e:	47f5                	li	a5,29
     6a0:	45b2                	lw	a1,12(sp)
     6a2:	e901                	bnez	a0,6b2 <GetMonthDays+0x24>
     6a4:	15fd                	addi	a1,a1,-1
     6a6:	67a5                	lui	a5,0x9
     6a8:	e1478793          	addi	a5,a5,-492 # 8e14 <days_in_month.5670>
     6ac:	058a                	slli	a1,a1,0x2
     6ae:	95be                	add	a1,a1,a5
     6b0:	419c                	lw	a5,0(a1)
     6b2:	853e                	mv	a0,a5
     6b4:	0141                	addi	sp,sp,16
     6b6:	beb9                	j	214 <__riscv_restore_0>
     6b8:	15fd                	addi	a1,a1,-1
     6ba:	67a5                	lui	a5,0x9
     6bc:	e1478793          	addi	a5,a5,-492 # 8e14 <days_in_month.5670>
     6c0:	058a                	slli	a1,a1,0x2
     6c2:	95be                	add	a1,a1,a5
     6c4:	419c                	lw	a5,0(a1)
     6c6:	853e                	mv	a0,a5
     6c8:	8082                	ret

000006ca <lcd_time>:
     6ca:	b0dff2ef          	jal	t0,1d6 <__riscv_save_4>
     6ce:	8281c783          	lbu	a5,-2008(gp) # 20000230 <_edata>
     6d2:	7139                	addi	sp,sp,-64
     6d4:	c3a5                	beqz	a5,734 <lcd_time+0x6a>
     6d6:	20000437          	lui	s0,0x20000
     6da:	00040713          	mv	a4,s0
     6de:	4b5c                	lw	a5,20(a4)
     6e0:	03b00693          	li	a3,59
     6e4:	82818913          	addi	s2,gp,-2008 # 20000230 <_edata>
     6e8:	0785                	addi	a5,a5,1
     6ea:	cb5c                	sw	a5,20(a4)
     6ec:	00040413          	mv	s0,s0
     6f0:	00f6df63          	bge	a3,a5,70e <lcd_time+0x44>
     6f4:	4818                	lw	a4,16(s0)
     6f6:	00042a23          	sw	zero,20(s0) # 20000014 <_data_vma+0x14>
     6fa:	445c                	lw	a5,12(s0)
     6fc:	0705                	addi	a4,a4,1
     6fe:	00842a03          	lw	s4,8(s0)
     702:	00042983          	lw	s3,0(s0)
     706:	4044                	lw	s1,4(s0)
     708:	02e6c863          	blt	a3,a4,738 <lcd_time+0x6e>
     70c:	c818                	sw	a4,16(s0)
     70e:	01442883          	lw	a7,20(s0)
     712:	01042803          	lw	a6,16(s0)
     716:	445c                	lw	a5,12(s0)
     718:	4418                	lw	a4,8(s0)
     71a:	4054                	lw	a3,4(s0)
     71c:	4010                	lw	a2,0(s0)
     71e:	000095b7          	lui	a1,0x9
     722:	e4458593          	addi	a1,a1,-444 # 8e44 <days_in_month.5670+0x30>
     726:	850a                	mv	a0,sp
     728:	356020ef          	jal	ra,2a7e <sprintf>
     72c:	850a                	mv	a0,sp
     72e:	2add                	jal	924 <tjc_send_string>
     730:	00090023          	sb	zero,0(s2)
     734:	6121                	addi	sp,sp,64
     736:	bcd1                	j	20a <__riscv_restore_4>
     738:	00042823          	sw	zero,16(s0)
     73c:	0785                	addi	a5,a5,1
     73e:	475d                	li	a4,23
     740:	00f74463          	blt	a4,a5,748 <lcd_time+0x7e>
     744:	c45c                	sw	a5,12(s0)
     746:	b7e1                	j	70e <lcd_time+0x44>
     748:	85a6                	mv	a1,s1
     74a:	854e                	mv	a0,s3
     74c:	0a05                	addi	s4,s4,1
     74e:	00042623          	sw	zero,12(s0)
     752:	3f35                	jal	68e <GetMonthDays>
     754:	01454563          	blt	a0,s4,75e <lcd_time+0x94>
     758:	01442423          	sw	s4,8(s0)
     75c:	bf4d                	j	70e <lcd_time+0x44>
     75e:	4785                	li	a5,1
     760:	c41c                	sw	a5,8(s0)
     762:	0485                	addi	s1,s1,1
     764:	4731                	li	a4,12
     766:	00974463          	blt	a4,s1,76e <lcd_time+0xa4>
     76a:	c044                	sw	s1,4(s0)
     76c:	b74d                	j	70e <lcd_time+0x44>
     76e:	0985                	addi	s3,s3,1
     770:	c05c                	sw	a5,4(s0)
     772:	01342023          	sw	s3,0(s0)
     776:	bf61                	j	70e <lcd_time+0x44>

00000778 <TIM2_Init>:
     778:	a79ff2ef          	jal	t0,1f0 <__riscv_save_0>
     77c:	1101                	addi	sp,sp,-32
     77e:	84aa                	mv	s1,a0
     780:	842e                	mv	s0,a1
     782:	4505                	li	a0,1
     784:	4585                	li	a1,1
     786:	638010ef          	jal	ra,1dbe <RCC_APB1PeriphClockCmd>
     78a:	147d                	addi	s0,s0,-1
     78c:	084c                	addi	a1,sp,20
     78e:	14fd                	addi	s1,s1,-1
     790:	40000537          	lui	a0,0x40000
     794:	84e4                	sh	s1,24(sp)
     796:	82e0                	sh	s0,20(sp)
     798:	00011d23          	sh	zero,26(sp)
     79c:	00011b23          	sh	zero,22(sp)
     7a0:	6b6010ef          	jal	ra,1e56 <TIM_TimeBaseInit>
     7a4:	4605                	li	a2,1
     7a6:	4585                	li	a1,1
     7a8:	40000537          	lui	a0,0x40000
     7ac:	7b0010ef          	jal	ra,1f5c <TIM_ITConfig>
     7b0:	02c00793          	li	a5,44
     7b4:	867c                	sh	a5,12(sp)
     7b6:	478d                	li	a5,3
     7b8:	875c                	sb	a5,14(sp)
     7ba:	0068                	addi	a0,sp,12
     7bc:	4785                	li	a5,1
     7be:	c83e                	sw	a5,16(sp)
     7c0:	40e010ef          	jal	ra,1bce <NVIC_Init>
     7c4:	4585                	li	a1,1
     7c6:	40000537          	lui	a0,0x40000
     7ca:	77a010ef          	jal	ra,1f44 <TIM_Cmd>
     7ce:	6105                	addi	sp,sp,32
     7d0:	b491                	j	214 <__riscv_restore_0>

000007d2 <TIM2_IRQHandler>:
     7d2:	1141                	addi	sp,sp,-16
     7d4:	4585                	li	a1,1
     7d6:	40000537          	lui	a0,0x40000
     7da:	c622                	sw	s0,12(sp)
     7dc:	c426                	sw	s1,8(sp)
     7de:	065010ef          	jal	ra,2042 <TIM_GetITStatus>
     7e2:	c13d                	beqz	a0,848 <__stack_size+0x48>
     7e4:	83018413          	addi	s0,gp,-2000 # 20000238 <timer_cnt>
     7e8:	401c                	lw	a5,0(s0)
     7ea:	4585                	li	a1,1
     7ec:	40000537          	lui	a0,0x40000
     7f0:	0785                	addi	a5,a5,1
     7f2:	c01c                	sw	a5,0(s0)
     7f4:	82c18793          	addi	a5,gp,-2004 # 20000234 <speed_flag>
     7f8:	4398                	lw	a4,0(a5)
     7fa:	3e800493          	li	s1,1000
     7fe:	0705                	addi	a4,a4,1
     800:	c398                	sw	a4,0(a5)
     802:	059010ef          	jal	ra,205a <TIM_ClearITPendingBit>
     806:	4018                	lw	a4,0(s0)
     808:	02977733          	remu	a4,a4,s1
     80c:	ef15                	bnez	a4,848 <__stack_size+0x48>
     80e:	23e9                	jal	dd8 <WQ_SendRequest>
     810:	401c                	lw	a5,0(s0)
     812:	0297f7b3          	remu	a5,a5,s1
     816:	eb8d                	bnez	a5,848 <__stack_size+0x48>
     818:	4705                	li	a4,1
     81a:	82e18423          	sb	a4,-2008(gp) # 20000230 <_edata>
     81e:	8701c783          	lbu	a5,-1936(gp) # 20000278 <water_speedflage>
     822:	0785                	addi	a5,a5,1
     824:	0ff7f793          	andi	a5,a5,255
     828:	86f18823          	sb	a5,-1936(gp) # 20000278 <water_speedflage>
     82c:	4705                	li	a4,1
     82e:	00e79d63          	bne	a5,a4,848 <__stack_size+0x48>
     832:	000095b7          	lui	a1,0x9
     836:	f1458593          	addi	a1,a1,-236 # 8f14 <days_in_month.5670+0x100>
     83a:	8d818513          	addi	a0,gp,-1832 # 200002e0 <test1>
     83e:	13d040ef          	jal	ra,517a <strcpy>
     842:	8d818513          	addi	a0,gp,-1832 # 200002e0 <test1>
     846:	28f9                	jal	924 <tjc_send_string>
     848:	4432                	lw	s0,12(sp)
     84a:	44a2                	lw	s1,8(sp)
     84c:	0141                	addi	sp,sp,16
     84e:	30200073          	mret

00000852 <UART_HIM_Init>:
     852:	99fff2ef          	jal	t0,1f0 <__riscv_save_0>
     856:	7179                	addi	sp,sp,-48
     858:	4585                	li	a1,1
     85a:	4511                	li	a0,4
     85c:	ca02                	sw	zero,20(sp)
     85e:	cc02                	sw	zero,24(sp)
     860:	ce02                	sw	zero,28(sp)
     862:	53e010ef          	jal	ra,1da0 <RCC_APB2PeriphClockCmd>
     866:	4791                	li	a5,4
     868:	82fc                	sh	a5,20(sp)
     86a:	40011437          	lui	s0,0x40011
     86e:	478d                	li	a5,3
     870:	cc3e                	sw	a5,24(sp)
     872:	084c                	addi	a1,sp,20
     874:	47e1                	li	a5,24
     876:	80040513          	addi	a0,s0,-2048 # 40010800 <_eusrstack+0x20008800>
     87a:	ce3e                	sw	a5,28(sp)
     87c:	27e010ef          	jal	ra,1afa <GPIO_Init>
     880:	47a1                	li	a5,8
     882:	82fc                	sh	a5,20(sp)
     884:	084c                	addi	a1,sp,20
     886:	4791                	li	a5,4
     888:	80040513          	addi	a0,s0,-2048
     88c:	ce3e                	sw	a5,28(sp)
     88e:	26c010ef          	jal	ra,1afa <GPIO_Init>
     892:	4585                	li	a1,1
     894:	00020537          	lui	a0,0x20
     898:	d002                	sw	zero,32(sp)
     89a:	d202                	sw	zero,36(sp)
     89c:	d402                	sw	zero,40(sp)
     89e:	d602                	sw	zero,44(sp)
     8a0:	51e010ef          	jal	ra,1dbe <RCC_APB1PeriphClockCmd>
     8a4:	67f1                	lui	a5,0x1c
     8a6:	40004437          	lui	s0,0x40004
     8aa:	20078793          	addi	a5,a5,512 # 1c200 <_data_lma+0x12b44>
     8ae:	100c                	addi	a1,sp,32
     8b0:	d03e                	sw	a5,32(sp)
     8b2:	40040513          	addi	a0,s0,1024 # 40004400 <_eusrstack+0x1fffc400>
     8b6:	000c07b7          	lui	a5,0xc0
     8ba:	d43e                	sw	a5,40(sp)
     8bc:	d202                	sw	zero,36(sp)
     8be:	02011623          	sh	zero,44(sp)
     8c2:	7a4010ef          	jal	ra,2066 <USART_Init>
     8c6:	13600793          	li	a5,310
     8ca:	00011723          	sh	zero,14(sp)
     8ce:	867c                	sh	a5,12(sp)
     8d0:	4785                	li	a5,1
     8d2:	875c                	sb	a5,14(sp)
     8d4:	0068                	addi	a0,sp,12
     8d6:	4785                	li	a5,1
     8d8:	c83e                	sw	a5,16(sp)
     8da:	2f4010ef          	jal	ra,1bce <NVIC_Init>
     8de:	4605                	li	a2,1
     8e0:	40040513          	addi	a0,s0,1024
     8e4:	52500593          	li	a1,1317
     8e8:	025010ef          	jal	ra,210c <USART_ITConfig>
     8ec:	4585                	li	a1,1
     8ee:	40040513          	addi	a0,s0,1024
     8f2:	005010ef          	jal	ra,20f6 <USART_Cmd>
     8f6:	6145                	addi	sp,sp,48
     8f8:	91dff06f          	j	214 <__riscv_restore_0>

000008fc <uart_send_char>:
     8fc:	8f5ff2ef          	jal	t0,1f0 <__riscv_save_0>
     900:	40004437          	lui	s0,0x40004
     904:	0ff57593          	andi	a1,a0,255
     908:	40040513          	addi	a0,s0,1024 # 40004400 <_eusrstack+0x1fffc400>
     90c:	037010ef          	jal	ra,2142 <USART_SendData>
     910:	40040413          	addi	s0,s0,1024
     914:	08000593          	li	a1,128
     918:	8522                	mv	a0,s0
     91a:	039010ef          	jal	ra,2152 <USART_GetFlagStatus>
     91e:	d97d                	beqz	a0,914 <uart_send_char+0x18>
     920:	8f5ff06f          	j	214 <__riscv_restore_0>

00000924 <tjc_send_string>:
     924:	8cdff2ef          	jal	t0,1f0 <__riscv_save_0>
     928:	842a                	mv	s0,a0
     92a:	00040503          	lb	a0,0(s0)
     92e:	e909                	bnez	a0,940 <tjc_send_string+0x1c>
     930:	557d                	li	a0,-1
     932:	37e9                	jal	8fc <uart_send_char>
     934:	557d                	li	a0,-1
     936:	37d9                	jal	8fc <uart_send_char>
     938:	557d                	li	a0,-1
     93a:	37c9                	jal	8fc <uart_send_char>
     93c:	8d9ff06f          	j	214 <__riscv_restore_0>
     940:	0405                	addi	s0,s0,1
     942:	3f6d                	jal	8fc <uart_send_char>
     944:	b7dd                	j	92a <tjc_send_string+0x6>

00000946 <initRingBuffer>:
     946:	93c18793          	addi	a5,gp,-1732 # 20000344 <ringBuffer>
     94a:	0007a023          	sw	zero,0(a5) # c0000 <_data_lma+0xb6944>
     94e:	00079223          	sh	zero,4(a5)
     952:	8082                	ret

00000954 <write1ByteToRingBuffer>:
     954:	93c18793          	addi	a5,gp,-1732 # 20000344 <ringBuffer>
     958:	23d6                	lhu	a3,4(a5)
     95a:	1f300713          	li	a4,499
     95e:	00d76e63          	bltu	a4,a3,97a <write1ByteToRingBuffer+0x26>
     962:	23ba                	lhu	a4,2(a5)
     964:	0685                	addi	a3,a3,1
     966:	a3d6                	sh	a3,4(a5)
     968:	00e78633          	add	a2,a5,a4
     96c:	a268                	sb	a0,6(a2)
     96e:	0705                	addi	a4,a4,1
     970:	1f400613          	li	a2,500
     974:	02c76733          	rem	a4,a4,a2
     978:	a3ba                	sh	a4,2(a5)
     97a:	8082                	ret

0000097c <USART2_IRQHandler>:
     97c:	1141                	addi	sp,sp,-16
     97e:	c622                	sw	s0,12(sp)
     980:	40004437          	lui	s0,0x40004
     984:	52500593          	li	a1,1317
     988:	40040513          	addi	a0,s0,1024 # 40004400 <_eusrstack+0x1fffc400>
     98c:	c426                	sw	s1,8(sp)
     98e:	7ce010ef          	jal	ra,215c <USART_GetITStatus>
     992:	c505                	beqz	a0,9ba <USART2_IRQHandler+0x3e>
     994:	40040513          	addi	a0,s0,1024
     998:	7b2010ef          	jal	ra,214a <USART_ReceiveData>
     99c:	84aa                	mv	s1,a0
     99e:	52500593          	li	a1,1317
     9a2:	40040513          	addi	a0,s0,1024
     9a6:	7f2010ef          	jal	ra,2198 <USART_ClearITPendingBit>
     9aa:	0ff4f513          	andi	a0,s1,255
     9ae:	375d                	jal	954 <write1ByteToRingBuffer>
     9b0:	83418793          	addi	a5,gp,-1996 # 2000023c <USART_Rbuffer_Num>
     9b4:	2398                	lbu	a4,0(a5)
     9b6:	0705                	addi	a4,a4,1
     9b8:	a398                	sb	a4,0(a5)
     9ba:	4432                	lw	s0,12(sp)
     9bc:	44a2                	lw	s1,8(sp)
     9be:	0141                	addi	sp,sp,16
     9c0:	30200073          	mret

000009c4 <read1ByteFromRingBuffer>:
     9c4:	93c18793          	addi	a5,gp,-1732 # 20000344 <ringBuffer>
     9c8:	239a                	lhu	a4,0(a5)
     9ca:	953a                	add	a0,a0,a4
     9cc:	1f400713          	li	a4,500
     9d0:	02e56533          	rem	a0,a0,a4
     9d4:	97aa                	add	a5,a5,a0
     9d6:	23e8                	lbu	a0,6(a5)
     9d8:	8082                	ret

000009da <deleteRingBuffer>:
     9da:	93c18793          	addi	a5,gp,-1732 # 20000344 <ringBuffer>
     9de:	23d6                	lhu	a3,4(a5)
     9e0:	00d56763          	bltu	a0,a3,9ee <deleteRingBuffer+0x14>
     9e4:	80dff2ef          	jal	t0,1f0 <__riscv_save_0>
     9e8:	3fb9                	jal	946 <initRingBuffer>
     9ea:	82bff06f          	j	214 <__riscv_restore_0>
     9ee:	c919                	beqz	a0,a04 <deleteRingBuffer+0x2a>
     9f0:	239a                	lhu	a4,0(a5)
     9f2:	1f400613          	li	a2,500
     9f6:	16fd                	addi	a3,a3,-1
     9f8:	0705                	addi	a4,a4,1
     9fa:	02c76733          	rem	a4,a4,a2
     9fe:	a3d6                	sh	a3,4(a5)
     a00:	a39a                	sh	a4,0(a5)
     a02:	8082                	ret
     a04:	8082                	ret

00000a06 <HMI_task>:
     a06:	fbaff2ef          	jal	t0,1c0 <__riscv_save_12>
     a0a:	1141                	addi	sp,sp,-16
     a0c:	3e65                	jal	5c4 <esp_received>
     a0e:	93c18c93          	addi	s9,gp,-1732 # 20000344 <ringBuffer>
     a12:	b3818993          	addi	s3,gp,-1224 # 20000540 <serve_num>
     a16:	b9c18493          	addi	s1,gp,-1124 # 200005a4 <wifi_pwd>
     a1a:	bdc18913          	addi	s2,gp,-1060 # 200005e4 <wifi_ssid>
     a1e:	004cdb03          	lhu	s6,4(s9)
     a22:	4799                	li	a5,6
     a24:	1f67f263          	bgeu	a5,s6,c08 <HMI_task+0x202>
     a28:	4501                	li	a0,0
     a2a:	3f69                	jal	9c4 <read1ByteFromRingBuffer>
     a2c:	05500793          	li	a5,85
     a30:	18f51363          	bne	a0,a5,bb6 <HMI_task+0x1b0>
     a34:	4511                	li	a0,4
     a36:	3779                	jal	9c4 <read1ByteFromRingBuffer>
     a38:	0ff00793          	li	a5,255
     a3c:	8aaa                	mv	s5,a0
     a3e:	2ef51663          	bne	a0,a5,d2a <HMI_task+0x324>
     a42:	4515                	li	a0,5
     a44:	3741                	jal	9c4 <read1ByteFromRingBuffer>
     a46:	842a                	mv	s0,a0
     a48:	2f551163          	bne	a0,s5,d2a <HMI_task+0x324>
     a4c:	4519                	li	a0,6
     a4e:	3f9d                	jal	9c4 <read1ByteFromRingBuffer>
     a50:	2c851d63          	bne	a0,s0,d2a <HMI_task+0x324>
     a54:	4505                	li	a0,1
     a56:	37bd                	jal	9c4 <read1ByteFromRingBuffer>
     a58:	4705                	li	a4,1
     a5a:	02e51863          	bne	a0,a4,a8a <HMI_task+0x84>
     a5e:	4729                	li	a4,10
     a60:	000095b7          	lui	a1,0x9
     a64:	86e1a623          	sw	a4,-1940(gp) # 20000274 <total_pulses>
     a68:	4629                	li	a2,10
     a6a:	00000713          	li	a4,0
     a6e:	f2858593          	addi	a1,a1,-216 # 8f28 <days_in_month.5670+0x114>
     a72:	b7818513          	addi	a0,gp,-1160 # 20000580 <str>
     a76:	86e1a423          	sw	a4,-1944(gp) # 20000270 <total_flow>
     a7a:	004020ef          	jal	ra,2a7e <sprintf>
     a7e:	b7818513          	addi	a0,gp,-1160 # 20000580 <str>
     a82:	354d                	jal	924 <tjc_send_string>
     a84:	451d                	li	a0,7
     a86:	3f91                	jal	9da <deleteRingBuffer>
     a88:	bf59                	j	a1e <HMI_task+0x18>
     a8a:	4789                	li	a5,2
     a8c:	00f51f63          	bne	a0,a5,aaa <HMI_task+0xa4>
     a90:	82018ba3          	sb	zero,-1993(gp) # 2000023f <wifi_frame_received>
     a94:	82e18b23          	sb	a4,-1994(gp) # 2000023e <wifi_data_type>
     a98:	82018ca3          	sb	zero,-1991(gp) # 20000241 <wifi_ssid_len>
     a9c:	02000613          	li	a2,32
     aa0:	4581                	li	a1,0
     aa2:	854a                	mv	a0,s2
     aa4:	f7cff0ef          	jal	ra,220 <memset>
     aa8:	bff1                	j	a84 <HMI_task+0x7e>
     aaa:	470d                	li	a4,3
     aac:	00e51d63          	bne	a0,a4,ac6 <HMI_task+0xc0>
     ab0:	82f18b23          	sb	a5,-1994(gp) # 2000023e <wifi_data_type>
     ab4:	82018ba3          	sb	zero,-1993(gp) # 2000023f <wifi_frame_received>
     ab8:	82018c23          	sb	zero,-1992(gp) # 20000240 <wifi_pwd_len>
     abc:	04000613          	li	a2,64
     ac0:	4581                	li	a1,0
     ac2:	8526                	mv	a0,s1
     ac4:	b7c5                	j	aa4 <HMI_task+0x9e>
     ac6:	4791                	li	a5,4
     ac8:	04f51963          	bne	a0,a5,b1a <HMI_task+0x114>
     acc:	00009537          	lui	a0,0x9
     ad0:	85ca                	mv	a1,s2
     ad2:	f3850513          	addi	a0,a0,-200 # 8f38 <days_in_month.5670+0x124>
     ad6:	82018ba3          	sb	zero,-1993(gp) # 2000023f <wifi_frame_received>
     ada:	82018b23          	sb	zero,-1994(gp) # 2000023e <wifi_data_type>
     ade:	77d010ef          	jal	ra,2a5a <printf>
     ae2:	00009537          	lui	a0,0x9
     ae6:	85a6                	mv	a1,s1
     ae8:	f4850513          	addi	a0,a0,-184 # 8f48 <days_in_month.5670+0x134>
     aec:	76f010ef          	jal	ra,2a5a <printf>
     af0:	85a6                	mv	a1,s1
     af2:	854a                	mv	a0,s2
     af4:	8bdff0ef          	jal	ra,3b0 <send_wifi_to_esp32>
     af8:	02000613          	li	a2,32
     afc:	4581                	li	a1,0
     afe:	854a                	mv	a0,s2
     b00:	f20ff0ef          	jal	ra,220 <memset>
     b04:	04000613          	li	a2,64
     b08:	4581                	li	a1,0
     b0a:	8526                	mv	a0,s1
     b0c:	f14ff0ef          	jal	ra,220 <memset>
     b10:	82018ca3          	sb	zero,-1991(gp) # 20000241 <wifi_ssid_len>
     b14:	82018c23          	sb	zero,-1992(gp) # 20000240 <wifi_pwd_len>
     b18:	b7b5                	j	a84 <HMI_task+0x7e>
     b1a:	4795                	li	a5,5
     b1c:	00f51e63          	bne	a0,a5,b38 <HMI_task+0x132>
     b20:	478d                	li	a5,3
     b22:	82f18b23          	sb	a5,-1994(gp) # 2000023e <wifi_data_type>
     b26:	82018ba3          	sb	zero,-1993(gp) # 2000023f <wifi_frame_received>
     b2a:	82018aa3          	sb	zero,-1995(gp) # 2000023d <serve_len>
     b2e:	04000613          	li	a2,64
     b32:	4581                	li	a1,0
     b34:	854e                	mv	a0,s3
     b36:	b7bd                	j	aa4 <HMI_task+0x9e>
     b38:	4799                	li	a5,6
     b3a:	04f51e63          	bne	a0,a5,b96 <HMI_task+0x190>
     b3e:	00009537          	lui	a0,0x9
     b42:	85ce                	mv	a1,s3
     b44:	f5850513          	addi	a0,a0,-168 # 8f58 <days_in_month.5670+0x144>
     b48:	82018ba3          	sb	zero,-1993(gp) # 2000023f <wifi_frame_received>
     b4c:	82018b23          	sb	zero,-1994(gp) # 2000023e <wifi_data_type>
     b50:	70b010ef          	jal	ra,2a5a <printf>
     b54:	854e                	mv	a0,s3
     b56:	87fff0ef          	jal	ra,3d4 <send_serve_to_esp32>
     b5a:	03a00593          	li	a1,58
     b5e:	854e                	mv	a0,s3
     b60:	602040ef          	jal	ra,5162 <strchr>
     b64:	000095b7          	lui	a1,0x9
     b68:	00150613          	addi	a2,a0,1
     b6c:	e111                	bnez	a0,b70 <HMI_task+0x16a>
     b6e:	864e                	mv	a2,s3
     b70:	f6458593          	addi	a1,a1,-156 # 8f64 <days_in_month.5670+0x150>
     b74:	b7818513          	addi	a0,gp,-1160 # 20000580 <str>
     b78:	707010ef          	jal	ra,2a7e <sprintf>
     b7c:	b7818513          	addi	a0,gp,-1160 # 20000580 <str>
     b80:	3355                	jal	924 <tjc_send_string>
     b82:	04000613          	li	a2,64
     b86:	4581                	li	a1,0
     b88:	b3818513          	addi	a0,gp,-1224 # 20000540 <serve_num>
     b8c:	e94ff0ef          	jal	ra,220 <memset>
     b90:	82018aa3          	sb	zero,-1995(gp) # 2000023d <serve_len>
     b94:	bdc5                	j	a84 <HMI_task+0x7e>
     b96:	479d                	li	a5,7
     b98:	00f51863          	bne	a0,a5,ba8 <HMI_task+0x1a2>
     b9c:	200007b7          	lui	a5,0x20000
     ba0:	4709                	li	a4,2
     ba2:	20e78423          	sb	a4,520(a5) # 20000208 <flag>
     ba6:	bdf9                	j	a84 <HMI_task+0x7e>
     ba8:	47a1                	li	a5,8
     baa:	ecf51de3          	bne	a0,a5,a84 <HMI_task+0x7e>
     bae:	200007b7          	lui	a5,0x20000
     bb2:	4705                	li	a4,1
     bb4:	b7fd                	j	ba2 <HMI_task+0x19c>
     bb6:	07000793          	li	a5,112
     bba:	16f51863          	bne	a0,a5,d2a <HMI_task+0x324>
     bbe:	8361cc03          	lbu	s8,-1994(gp) # 2000023e <wifi_data_type>
     bc2:	160c0463          	beqz	s8,d2a <HMI_task+0x324>
     bc6:	8371c783          	lbu	a5,-1993(gp) # 2000023f <wifi_frame_received>
     bca:	83718a93          	addi	s5,gp,-1993 # 2000023f <wifi_frame_received>
     bce:	14079e63          	bnez	a5,d2a <HMI_task+0x324>
     bd2:	4405                	li	s0,1
     bd4:	0ff00d93          	li	s11,255
     bd8:	1b79                	addi	s6,s6,-2
     bda:	01041b93          	slli	s7,s0,0x10
     bde:	010bdb93          	srli	s7,s7,0x10
     be2:	855e                	mv	a0,s7
     be4:	33c5                	jal	9c4 <read1ByteFromRingBuffer>
     be6:	01b51c63          	bne	a0,s11,bfe <HMI_task+0x1f8>
     bea:	001b8513          	addi	a0,s7,1
     bee:	3bd9                	jal	9c4 <read1ByteFromRingBuffer>
     bf0:	01b51763          	bne	a0,s11,bfe <HMI_task+0x1f8>
     bf4:	002b8513          	addi	a0,s7,2
     bf8:	33f1                	jal	9c4 <read1ByteFromRingBuffer>
     bfa:	01b50a63          	beq	a0,s11,c0e <HMI_task+0x208>
     bfe:	0405                	addi	s0,s0,1
     c00:	0ff47413          	andi	s0,s0,255
     c04:	fd644be3          	blt	s0,s6,bda <HMI_task+0x1d4>
     c08:	0141                	addi	sp,sp,16
     c0a:	df2ff06f          	j	1fc <__riscv_restore_12>
     c0e:	dc6d                	beqz	s0,c08 <HMI_task+0x202>
     c10:	147d                	addi	s0,s0,-1
     c12:	4785                	li	a5,1
     c14:	0ff47413          	andi	s0,s0,255
     c18:	04fc1f63          	bne	s8,a5,c76 <HMI_task+0x270>
     c1c:	47fd                	li	a5,31
     c1e:	0487e963          	bltu	a5,s0,c70 <HMI_task+0x26a>
     c22:	4781                	li	a5,0
     c24:	a005                	j	c44 <HMI_task+0x23e>
     c26:	00178b13          	addi	s6,a5,1 # 20000001 <_data_vma+0x1>
     c2a:	010b1513          	slli	a0,s6,0x10
     c2e:	8141                	srli	a0,a0,0x10
     c30:	c632                	sw	a2,12(sp)
     c32:	3b49                	jal	9c4 <read1ByteFromRingBuffer>
     c34:	4632                	lw	a2,12(sp)
     c36:	00160793          	addi	a5,a2,1
     c3a:	964a                	add	a2,a2,s2
     c3c:	00fc0023          	sb	a5,0(s8)
     c40:	a208                	sb	a0,0(a2)
     c42:	87da                	mv	a5,s6
     c44:	83918c13          	addi	s8,gp,-1991 # 20000241 <wifi_ssid_len>
     c48:	0ff7f713          	andi	a4,a5,255
     c4c:	000c4603          	lbu	a2,0(s8)
     c50:	fc876be3          	bltu	a4,s0,c26 <HMI_task+0x220>
     c54:	00c907b3          	add	a5,s2,a2
     c58:	00078023          	sb	zero,0(a5)
     c5c:	00009537          	lui	a0,0x9
     c60:	4785                	li	a5,1
     c62:	00fa8023          	sb	a5,0(s5)
     c66:	85ca                	mv	a1,s2
     c68:	f7450513          	addi	a0,a0,-140 # 8f74 <days_in_month.5670+0x160>
     c6c:	5ef010ef          	jal	ra,2a5a <printf>
     c70:	003b8513          	addi	a0,s7,3
     c74:	bd09                	j	a86 <HMI_task+0x80>
     c76:	4789                	li	a5,2
     c78:	04fc1c63          	bne	s8,a5,cd0 <HMI_task+0x2ca>
     c7c:	03f00793          	li	a5,63
     c80:	fe87e8e3          	bltu	a5,s0,c70 <HMI_task+0x26a>
     c84:	4781                	li	a5,0
     c86:	a005                	j	ca6 <HMI_task+0x2a0>
     c88:	00178b13          	addi	s6,a5,1
     c8c:	010b1513          	slli	a0,s6,0x10
     c90:	8141                	srli	a0,a0,0x10
     c92:	c632                	sw	a2,12(sp)
     c94:	3b05                	jal	9c4 <read1ByteFromRingBuffer>
     c96:	4632                	lw	a2,12(sp)
     c98:	00160793          	addi	a5,a2,1
     c9c:	9626                	add	a2,a2,s1
     c9e:	00fc0023          	sb	a5,0(s8)
     ca2:	a208                	sb	a0,0(a2)
     ca4:	87da                	mv	a5,s6
     ca6:	83818c13          	addi	s8,gp,-1992 # 20000240 <wifi_pwd_len>
     caa:	0ff7f713          	andi	a4,a5,255
     cae:	000c4603          	lbu	a2,0(s8)
     cb2:	fc876be3          	bltu	a4,s0,c88 <HMI_task+0x282>
     cb6:	00c487b3          	add	a5,s1,a2
     cba:	00078023          	sb	zero,0(a5)
     cbe:	00009537          	lui	a0,0x9
     cc2:	4785                	li	a5,1
     cc4:	00fa8023          	sb	a5,0(s5)
     cc8:	85a6                	mv	a1,s1
     cca:	f9450513          	addi	a0,a0,-108 # 8f94 <days_in_month.5670+0x180>
     cce:	bf79                	j	c6c <HMI_task+0x266>
     cd0:	478d                	li	a5,3
     cd2:	f8fc1fe3          	bne	s8,a5,c70 <HMI_task+0x26a>
     cd6:	03f00793          	li	a5,63
     cda:	f887ebe3          	bltu	a5,s0,c70 <HMI_task+0x26a>
     cde:	4781                	li	a5,0
     ce0:	a005                	j	d00 <HMI_task+0x2fa>
     ce2:	00178b13          	addi	s6,a5,1
     ce6:	010b1513          	slli	a0,s6,0x10
     cea:	8141                	srli	a0,a0,0x10
     cec:	c632                	sw	a2,12(sp)
     cee:	39d9                	jal	9c4 <read1ByteFromRingBuffer>
     cf0:	4632                	lw	a2,12(sp)
     cf2:	00160793          	addi	a5,a2,1
     cf6:	964e                	add	a2,a2,s3
     cf8:	00fc0023          	sb	a5,0(s8)
     cfc:	a208                	sb	a0,0(a2)
     cfe:	87da                	mv	a5,s6
     d00:	83518c13          	addi	s8,gp,-1995 # 2000023d <serve_len>
     d04:	0ff7f713          	andi	a4,a5,255
     d08:	000c4603          	lbu	a2,0(s8)
     d0c:	fc876be3          	bltu	a4,s0,ce2 <HMI_task+0x2dc>
     d10:	00c987b3          	add	a5,s3,a2
     d14:	00078023          	sb	zero,0(a5)
     d18:	00009537          	lui	a0,0x9
     d1c:	4785                	li	a5,1
     d1e:	00fa8023          	sb	a5,0(s5)
     d22:	85ce                	mv	a1,s3
     d24:	fb450513          	addi	a0,a0,-76 # 8fb4 <days_in_month.5670+0x1a0>
     d28:	b791                	j	c6c <HMI_task+0x266>
     d2a:	4505                	li	a0,1
     d2c:	317d                	jal	9da <deleteRingBuffer>
     d2e:	bde9                	j	c08 <HMI_task+0x202>

00000d30 <WQ_Init>:
     d30:	cc0ff2ef          	jal	t0,1f0 <__riscv_save_0>
     d34:	7179                	addi	sp,sp,-48
     d36:	84aa                	mv	s1,a0
     d38:	4585                	li	a1,1
     d3a:	4511                	li	a0,4
     d3c:	ca02                	sw	zero,20(sp)
     d3e:	cc02                	sw	zero,24(sp)
     d40:	ce02                	sw	zero,28(sp)
     d42:	d002                	sw	zero,32(sp)
     d44:	d202                	sw	zero,36(sp)
     d46:	d402                	sw	zero,40(sp)
     d48:	d602                	sw	zero,44(sp)
     d4a:	c602                	sw	zero,12(sp)
     d4c:	c802                	sw	zero,16(sp)
     d4e:	052010ef          	jal	ra,1da0 <RCC_APB2PeriphClockCmd>
     d52:	20000793          	li	a5,512
     d56:	82fc                	sh	a5,20(sp)
     d58:	40011437          	lui	s0,0x40011
     d5c:	478d                	li	a5,3
     d5e:	cc3e                	sw	a5,24(sp)
     d60:	084c                	addi	a1,sp,20
     d62:	47e1                	li	a5,24
     d64:	80040513          	addi	a0,s0,-2048 # 40010800 <_eusrstack+0x20008800>
     d68:	ce3e                	sw	a5,28(sp)
     d6a:	591000ef          	jal	ra,1afa <GPIO_Init>
     d6e:	40000793          	li	a5,1024
     d72:	82fc                	sh	a5,20(sp)
     d74:	084c                	addi	a1,sp,20
     d76:	4791                	li	a5,4
     d78:	80040513          	addi	a0,s0,-2048
     d7c:	ce3e                	sw	a5,28(sp)
     d7e:	57d000ef          	jal	ra,1afa <GPIO_Init>
     d82:	4585                	li	a1,1
     d84:	6511                	lui	a0,0x4
     d86:	01a010ef          	jal	ra,1da0 <RCC_APB2PeriphClockCmd>
     d8a:	40014437          	lui	s0,0x40014
     d8e:	000c07b7          	lui	a5,0xc0
     d92:	100c                	addi	a1,sp,32
     d94:	80040513          	addi	a0,s0,-2048 # 40013800 <_eusrstack+0x2000b800>
     d98:	d43e                	sw	a5,40(sp)
     d9a:	d026                	sw	s1,32(sp)
     d9c:	d202                	sw	zero,36(sp)
     d9e:	02011623          	sh	zero,44(sp)
     da2:	2c4010ef          	jal	ra,2066 <USART_Init>
     da6:	4605                	li	a2,1
     da8:	80040513          	addi	a0,s0,-2048
     dac:	52500593          	li	a1,1317
     db0:	35c010ef          	jal	ra,210c <USART_ITConfig>
     db4:	4585                	li	a1,1
     db6:	80040513          	addi	a0,s0,-2048
     dba:	33c010ef          	jal	ra,20f6 <USART_Cmd>
     dbe:	23500793          	li	a5,565
     dc2:	867c                	sh	a5,12(sp)
     dc4:	4785                	li	a5,1
     dc6:	875c                	sb	a5,14(sp)
     dc8:	0068                	addi	a0,sp,12
     dca:	4785                	li	a5,1
     dcc:	c83e                	sw	a5,16(sp)
     dce:	601000ef          	jal	ra,1bce <NVIC_Init>
     dd2:	6145                	addi	sp,sp,48
     dd4:	c40ff06f          	j	214 <__riscv_restore_0>

00000dd8 <WQ_SendRequest>:
     dd8:	bfeff2ef          	jal	t0,1d6 <__riscv_save_4>
     ddc:	400144b7          	lui	s1,0x40014
     de0:	4401                	li	s0,0
     de2:	81c18913          	addi	s2,gp,-2020 # 20000224 <WQ_SEND_CMD>
     de6:	80048493          	addi	s1,s1,-2048 # 40013800 <_eusrstack+0x2000b800>
     dea:	4999                	li	s3,6
     dec:	008907b3          	add	a5,s2,s0
     df0:	238c                	lbu	a1,0(a5)
     df2:	8526                	mv	a0,s1
     df4:	34e010ef          	jal	ra,2142 <USART_SendData>
     df8:	08000593          	li	a1,128
     dfc:	8526                	mv	a0,s1
     dfe:	354010ef          	jal	ra,2152 <USART_GetFlagStatus>
     e02:	d97d                	beqz	a0,df8 <WQ_SendRequest+0x20>
     e04:	0405                	addi	s0,s0,1
     e06:	ff3413e3          	bne	s0,s3,dec <WQ_SendRequest+0x14>
     e0a:	c00ff06f          	j	20a <__riscv_restore_4>

00000e0e <WQ_ParseResponse>:
     e0e:	2118                	lbu	a4,0(a0)
     e10:	0aa00793          	li	a5,170
     e14:	06f71963          	bne	a4,a5,e86 <WQ_ParseResponse+0x78>
     e18:	4701                	li	a4,0
     e1a:	4781                	li	a5,0
     e1c:	46bd                	li	a3,15
     e1e:	00e50633          	add	a2,a0,a4
     e22:	2210                	lbu	a2,0(a2)
     e24:	0705                	addi	a4,a4,1
     e26:	97b2                	add	a5,a5,a2
     e28:	0ff7f793          	andi	a5,a5,255
     e2c:	fed719e3          	bne	a4,a3,e1e <WQ_ParseResponse+0x10>
     e30:	3578                	lbu	a4,15(a0)
     e32:	04f71a63          	bne	a4,a5,e86 <WQ_ParseResponse+0x78>
     e36:	3118                	lbu	a4,1(a0)
     e38:	2134                	lbu	a3,2(a0)
     e3a:	0722                	slli	a4,a4,0x8
     e3c:	bfc18793          	addi	a5,gp,-1028 # 20000604 <g_water_quality>
     e40:	8f55                	or	a4,a4,a3
     e42:	a39a                	sh	a4,0(a5)
     e44:	3138                	lbu	a4,3(a0)
     e46:	2154                	lbu	a3,4(a0)
     e48:	0722                	slli	a4,a4,0x8
     e4a:	8f55                	or	a4,a4,a3
     e4c:	a3ba                	sh	a4,2(a5)
     e4e:	3158                	lbu	a4,5(a0)
     e50:	2174                	lbu	a3,6(a0)
     e52:	0722                	slli	a4,a4,0x8
     e54:	8f55                	or	a4,a4,a3
     e56:	a3da                	sh	a4,4(a5)
     e58:	3178                	lbu	a4,7(a0)
     e5a:	2514                	lbu	a3,8(a0)
     e5c:	0722                	slli	a4,a4,0x8
     e5e:	8f55                	or	a4,a4,a3
     e60:	a3fa                	sh	a4,6(a5)
     e62:	3518                	lbu	a4,9(a0)
     e64:	2534                	lbu	a3,10(a0)
     e66:	0722                	slli	a4,a4,0x8
     e68:	8f55                	or	a4,a4,a3
     e6a:	a79a                	sh	a4,8(a5)
     e6c:	3538                	lbu	a4,11(a0)
     e6e:	2554                	lbu	a3,12(a0)
     e70:	0722                	slli	a4,a4,0x8
     e72:	8f55                	or	a4,a4,a3
     e74:	a7ba                	sh	a4,10(a5)
     e76:	3558                	lbu	a4,13(a0)
     e78:	2574                	lbu	a3,14(a0)
     e7a:	0722                	slli	a4,a4,0x8
     e7c:	8f55                	or	a4,a4,a3
     e7e:	a7da                	sh	a4,12(a5)
     e80:	4705                	li	a4,1
     e82:	84e18023          	sb	a4,-1984(gp) # 20000248 <g_wq_data_ready>
     e86:	8082                	ret

00000e88 <WQ_GetMonthlyCost>:
     e88:	b68ff2ef          	jal	t0,1f0 <__riscv_save_0>
     e8c:	83c1a583          	lw	a1,-1988(gp) # 20000244 <g_monthly_start_flow>
     e90:	8681a503          	lw	a0,-1944(gp) # 20000270 <total_flow>
     e94:	435030ef          	jal	ra,4ac8 <__subsf3>
     e98:	00000593          	li	a1,0
     e9c:	842a                	mv	s0,a0
     e9e:	10f030ef          	jal	ra,47ac <__lesf2>
     ea2:	00055463          	bgez	a0,eaa <WQ_GetMonthlyCost+0x22>
     ea6:	00000413          	li	s0,0
     eaa:	000097b7          	lui	a5,0x9
     eae:	fd47a583          	lw	a1,-44(a5) # 8fd4 <days_in_month.5670+0x1c0>
     eb2:	8522                	mv	a0,s0
     eb4:	185030ef          	jal	ra,4838 <__mulsf3>
     eb8:	000097b7          	lui	a5,0x9
     ebc:	e847a583          	lw	a1,-380(a5) # 8e84 <days_in_month.5670+0x70>
     ec0:	5b4030ef          	jal	ra,4474 <__divsf3>
     ec4:	b50ff06f          	j	214 <__riscv_restore_0>

00000ec8 <WQ_UpdateDisplay>:
     ec8:	b28ff2ef          	jal	t0,1f0 <__riscv_save_0>
     ecc:	84018493          	addi	s1,gp,-1984 # 20000248 <g_wq_data_ready>
     ed0:	209c                	lbu	a5,0(s1)
     ed2:	7139                	addi	sp,sp,-64
     ed4:	0c078b63          	beqz	a5,faa <WQ_UpdateDisplay+0xe2>
     ed8:	bfc18413          	addi	s0,gp,-1028 # 20000604 <g_water_quality>
     edc:	2012                	lhu	a2,0(s0)
     ede:	000095b7          	lui	a1,0x9
     ee2:	fd858593          	addi	a1,a1,-40 # 8fd8 <days_in_month.5670+0x1c4>
     ee6:	850a                	mv	a0,sp
     ee8:	397010ef          	jal	ra,2a7e <sprintf>
     eec:	850a                	mv	a0,sp
     eee:	a37ff0ef          	jal	ra,924 <tjc_send_string>
     ef2:	2052                	lhu	a2,4(s0)
     ef4:	000095b7          	lui	a1,0x9
     ef8:	fe858593          	addi	a1,a1,-24 # 8fe8 <days_in_month.5670+0x1d4>
     efc:	850a                	mv	a0,sp
     efe:	381010ef          	jal	ra,2a7e <sprintf>
     f02:	850a                	mv	a0,sp
     f04:	a21ff0ef          	jal	ra,924 <tjc_send_string>
     f08:	2032                	lhu	a2,2(s0)
     f0a:	06400793          	li	a5,100
     f0e:	000095b7          	lui	a1,0x9
     f12:	02f676b3          	remu	a3,a2,a5
     f16:	ffc58593          	addi	a1,a1,-4 # 8ffc <days_in_month.5670+0x1e8>
     f1a:	850a                	mv	a0,sp
     f1c:	02f65633          	divu	a2,a2,a5
     f20:	35f010ef          	jal	ra,2a7e <sprintf>
     f24:	850a                	mv	a0,sp
     f26:	9ffff0ef          	jal	ra,924 <tjc_send_string>
     f2a:	2412                	lhu	a2,8(s0)
     f2c:	6789                	lui	a5,0x2
     f2e:	71078793          	addi	a5,a5,1808 # 2710 <print+0xe>
     f32:	02f676b3          	remu	a3,a2,a5
     f36:	000095b7          	lui	a1,0x9
     f3a:	01458593          	addi	a1,a1,20 # 9014 <days_in_month.5670+0x200>
     f3e:	850a                	mv	a0,sp
     f40:	02f65633          	divu	a2,a2,a5
     f44:	33b010ef          	jal	ra,2a7e <sprintf>
     f48:	850a                	mv	a0,sp
     f4a:	9dbff0ef          	jal	ra,924 <tjc_send_string>
     f4e:	2432                	lhu	a2,10(s0)
     f50:	47a9                	li	a5,10
     f52:	000095b7          	lui	a1,0x9
     f56:	02f676b3          	remu	a3,a2,a5
     f5a:	02858593          	addi	a1,a1,40 # 9028 <days_in_month.5670+0x214>
     f5e:	850a                	mv	a0,sp
     f60:	02f65633          	divu	a2,a2,a5
     f64:	31b010ef          	jal	ra,2a7e <sprintf>
     f68:	850a                	mv	a0,sp
     f6a:	9bbff0ef          	jal	ra,924 <tjc_send_string>
     f6e:	2452                	lhu	a2,12(s0)
     f70:	000095b7          	lui	a1,0x9
     f74:	03858593          	addi	a1,a1,56 # 9038 <days_in_month.5670+0x224>
     f78:	850a                	mv	a0,sp
     f7a:	305010ef          	jal	ra,2a7e <sprintf>
     f7e:	850a                	mv	a0,sp
     f80:	9a5ff0ef          	jal	ra,924 <tjc_send_string>
     f84:	3711                	jal	e88 <WQ_GetMonthlyCost>
     f86:	05e040ef          	jal	ra,4fe4 <__extendsfdf2>
     f8a:	86ae                	mv	a3,a1
     f8c:	000095b7          	lui	a1,0x9
     f90:	862a                	mv	a2,a0
     f92:	04858593          	addi	a1,a1,72 # 9048 <days_in_month.5670+0x234>
     f96:	850a                	mv	a0,sp
     f98:	2e7010ef          	jal	ra,2a7e <sprintf>
     f9c:	850a                	mv	a0,sp
     f9e:	987ff0ef          	jal	ra,924 <tjc_send_string>
     fa2:	c54ff0ef          	jal	ra,3f6 <send_water_quality_to_esp32>
     fa6:	00048023          	sb	zero,0(s1)
     faa:	6121                	addi	sp,sp,64
     fac:	a68ff06f          	j	214 <__riscv_restore_0>

00000fb0 <WQ_Task>:
     fb0:	8401c783          	lbu	a5,-1984(gp) # 20000248 <g_wq_data_ready>
     fb4:	c791                	beqz	a5,fc0 <WQ_Task+0x10>
     fb6:	a3aff2ef          	jal	t0,1f0 <__riscv_save_0>
     fba:	3739                	jal	ec8 <WQ_UpdateDisplay>
     fbc:	a58ff06f          	j	214 <__riscv_restore_0>
     fc0:	8082                	ret

00000fc2 <USART1_IRQHandler>:
     fc2:	1141                	addi	sp,sp,-16
     fc4:	c622                	sw	s0,12(sp)
     fc6:	40014437          	lui	s0,0x40014
     fca:	52500593          	li	a1,1317
     fce:	80040513          	addi	a0,s0,-2048 # 40013800 <_eusrstack+0x2000b800>
     fd2:	c426                	sw	s1,8(sp)
     fd4:	188010ef          	jal	ra,215c <USART_GetITStatus>
     fd8:	cd1d                	beqz	a0,1016 <USART1_IRQHandler+0x54>
     fda:	80040513          	addi	a0,s0,-2048
     fde:	16c010ef          	jal	ra,214a <USART_ReceiveData>
     fe2:	84118493          	addi	s1,gp,-1983 # 20000249 <rx_in_progress>
     fe6:	209c                	lbu	a5,0(s1)
     fe8:	0ff57513          	andi	a0,a0,255
     fec:	eb95                	bnez	a5,1020 <USART1_IRQHandler+0x5e>
     fee:	0aa00793          	li	a5,170
     ff2:	00f51a63          	bne	a0,a5,1006 <USART1_IRQHandler+0x44>
     ff6:	faa00713          	li	a4,-86
     ffa:	c0e18623          	sb	a4,-1012(gp) # 20000614 <rx_buf>
     ffe:	4785                	li	a5,1
    1000:	84f18123          	sb	a5,-1982(gp) # 2000024a <rx_index>
    1004:	a09c                	sb	a5,0(s1)
    1006:	40014537          	lui	a0,0x40014
    100a:	52500593          	li	a1,1317
    100e:	80050513          	addi	a0,a0,-2048 # 40013800 <_eusrstack+0x2000b800>
    1012:	186010ef          	jal	ra,2198 <USART_ClearITPendingBit>
    1016:	4432                	lw	s0,12(sp)
    1018:	44a2                	lw	s1,8(sp)
    101a:	0141                	addi	sp,sp,16
    101c:	30200073          	mret
    1020:	84218413          	addi	s0,gp,-1982 # 2000024a <rx_index>
    1024:	2014                	lbu	a3,0(s0)
    1026:	47bd                	li	a5,15
    1028:	02d7e163          	bltu	a5,a3,104a <USART1_IRQHandler+0x88>
    102c:	00168793          	addi	a5,a3,1
    1030:	c0c18713          	addi	a4,gp,-1012 # 20000614 <rx_buf>
    1034:	9736                	add	a4,a4,a3
    1036:	0ff7f793          	andi	a5,a5,255
    103a:	a308                	sb	a0,0(a4)
    103c:	a01c                	sb	a5,0(s0)
    103e:	4741                	li	a4,16
    1040:	fce793e3          	bne	a5,a4,1006 <USART1_IRQHandler+0x44>
    1044:	c0c18513          	addi	a0,gp,-1012 # 20000614 <rx_buf>
    1048:	33d9                	jal	e0e <WQ_ParseResponse>
    104a:	00048023          	sb	zero,0(s1)
    104e:	00040023          	sb	zero,0(s0)
    1052:	bf55                	j	1006 <USART1_IRQHandler+0x44>

00001054 <Input_Capture_Init>:
    1054:	99cff2ef          	jal	t0,1f0 <__riscv_save_0>
    1058:	892a                	mv	s2,a0
    105a:	6505                	lui	a0,0x1
    105c:	7179                	addi	sp,sp,-48
    105e:	84ae                	mv	s1,a1
    1060:	80450513          	addi	a0,a0,-2044 # 804 <__stack_size+0x4>
    1064:	4585                	li	a1,1
    1066:	d202                	sw	zero,36(sp)
    1068:	d402                	sw	zero,40(sp)
    106a:	d602                	sw	zero,44(sp)
    106c:	c602                	sw	zero,12(sp)
    106e:	c802                	sw	zero,16(sp)
    1070:	00011a23          	sh	zero,20(sp)
    1074:	cc02                	sw	zero,24(sp)
    1076:	ce02                	sw	zero,28(sp)
    1078:	02011023          	sh	zero,32(sp)
    107c:	c202                	sw	zero,4(sp)
    107e:	c402                	sw	zero,8(sp)
    1080:	521000ef          	jal	ra,1da0 <RCC_APB2PeriphClockCmd>
    1084:	40011437          	lui	s0,0x40011
    1088:	10000793          	li	a5,256
    108c:	02f11223          	sh	a5,36(sp)
    1090:	104c                	addi	a1,sp,36
    1092:	4791                	li	a5,4
    1094:	80040513          	addi	a0,s0,-2048 # 40010800 <_eusrstack+0x20008800>
    1098:	d63e                	sw	a5,44(sp)
    109a:	261000ef          	jal	ra,1afa <GPIO_Init>
    109e:	80040513          	addi	a0,s0,-2048
    10a2:	10000593          	li	a1,256
    10a6:	315000ef          	jal	ra,1bba <GPIO_ResetBits>
    10aa:	40013437          	lui	s0,0x40013
    10ae:	082c                	addi	a1,sp,24
    10b0:	c0040513          	addi	a0,s0,-1024 # 40012c00 <_eusrstack+0x2000ac00>
    10b4:	01211e23          	sh	s2,28(sp)
    10b8:	84e4                	sh	s1,24(sp)
    10ba:	00011f23          	sh	zero,30(sp)
    10be:	00011d23          	sh	zero,26(sp)
    10c2:	02010023          	sb	zero,32(sp)
    10c6:	591000ef          	jal	ra,1e56 <TIM_TimeBaseInit>
    10ca:	006c                	addi	a1,sp,12
    10cc:	4485                	li	s1,1
    10ce:	c0040513          	addi	a0,s0,-1024
    10d2:	c826                	sw	s1,16(sp)
    10d4:	c602                	sw	zero,12(sp)
    10d6:	00011a23          	sh	zero,20(sp)
    10da:	703000ef          	jal	ra,1fdc <TIM_PWMIConfig>
    10de:	22b00793          	li	a5,555
    10e2:	0048                	addi	a0,sp,4
    10e4:	827c                	sh	a5,4(sp)
    10e6:	c426                	sw	s1,8(sp)
    10e8:	00010323          	sb	zero,6(sp)
    10ec:	2e3000ef          	jal	ra,1bce <NVIC_Init>
    10f0:	4605                	li	a2,1
    10f2:	c0040513          	addi	a0,s0,-1024
    10f6:	4599                	li	a1,6
    10f8:	665000ef          	jal	ra,1f5c <TIM_ITConfig>
    10fc:	c0040513          	addi	a0,s0,-1024
    1100:	05000593          	li	a1,80
    1104:	66b000ef          	jal	ra,1f6e <TIM_SelectInputTrigger>
    1108:	c0040513          	addi	a0,s0,-1024
    110c:	4591                	li	a1,4
    110e:	671000ef          	jal	ra,1f7e <TIM_SelectSlaveMode>
    1112:	c0040513          	addi	a0,s0,-1024
    1116:	08000593          	li	a1,128
    111a:	67b000ef          	jal	ra,1f94 <TIM_SelectMasterSlaveMode>
    111e:	4585                	li	a1,1
    1120:	c0040513          	addi	a0,s0,-1024
    1124:	621000ef          	jal	ra,1f44 <TIM_Cmd>
    1128:	6145                	addi	sp,sp,48
    112a:	8eaff06f          	j	214 <__riscv_restore_0>

0000112e <TIM1_CC_IRQHandler>:
    112e:	1101                	addi	sp,sp,-32
    1130:	ce22                	sw	s0,28(sp)
    1132:	40013437          	lui	s0,0x40013
    1136:	4589                	li	a1,2
    1138:	c0040513          	addi	a0,s0,-1024 # 40012c00 <_eusrstack+0x2000ac00>
    113c:	cc26                	sw	s1,24(sp)
    113e:	ca4a                	sw	s2,20(sp)
    1140:	c84e                	sw	s3,16(sp)
    1142:	c652                	sw	s4,12(sp)
    1144:	c456                	sw	s5,8(sp)
    1146:	6fd000ef          	jal	ra,2042 <TIM_GetITStatus>
    114a:	0e050863          	beqz	a0,123a <TIM1_CC_IRQHandler+0x10c>
    114e:	c0040513          	addi	a0,s0,-1024
    1152:	6ed000ef          	jal	ra,203e <TIM_GetCapture1>
    1156:	8541a403          	lw	s0,-1964(gp) # 2000025c <last_timer_cnt.5624>
    115a:	8301a903          	lw	s2,-2000(gp) # 20000238 <timer_cnt>
    115e:	8a2a                	mv	s4,a0
    1160:	85418493          	addi	s1,gp,-1964 # 2000025c <last_timer_cnt.5624>
    1164:	10896063          	bltu	s2,s0,1264 <TIM1_CC_IRQHandler+0x136>
    1168:	40890433          	sub	s0,s2,s0
    116c:	84c1a703          	lw	a4,-1972(gp) # 20000254 <last_capture_time>
    1170:	84c18993          	addi	s3,gp,-1972 # 20000254 <last_capture_time>
    1174:	40ea07b3          	sub	a5,s4,a4
    1178:	00ea7663          	bgeu	s4,a4,1184 <TIM1_CC_IRQHandler+0x56>
    117c:	67c1                	lui	a5,0x10
    117e:	17fd                	addi	a5,a5,-1
    1180:	8f99                	sub	a5,a5,a4
    1182:	97d2                	add	a5,a5,s4
    1184:	86f1a223          	sw	a5,-1948(gp) # 2000026c <time_interval>
    1188:	86c18793          	addi	a5,gp,-1940 # 20000274 <total_pulses>
    118c:	4388                	lw	a0,0(a5)
    118e:	0505                	addi	a0,a0,1
    1190:	c388                	sw	a0,0(a5)
    1192:	c1c18793          	addi	a5,gp,-996 # 20000624 <g_leak>
    1196:	2798                	lbu	a4,8(a5)
    1198:	e701                	bnez	a4,11a0 <TIM1_CC_IRQHandler+0x72>
    119a:	43d8                	lw	a4,4(a5)
    119c:	0705                	addi	a4,a4,1
    119e:	c3d8                	sw	a4,4(a5)
    11a0:	577030ef          	jal	ra,4f16 <__floatunsisf>
    11a4:	000097b7          	lui	a5,0x9
    11a8:	0b07a583          	lw	a1,176(a5) # 90b0 <days_in_month.5670+0x29c>
    11ac:	86818a93          	addi	s5,gp,-1944 # 20000270 <total_flow>
    11b0:	2c4030ef          	jal	ra,4474 <__divsf3>
    11b4:	00aaa023          	sw	a0,0(s5)
    11b8:	cc2d                	beqz	s0,1232 <TIM1_CC_IRQHandler+0x104>
    11ba:	86018823          	sb	zero,-1936(gp) # 20000278 <water_speedflage>
    11be:	8522                	mv	a0,s0
    11c0:	557030ef          	jal	ra,4f16 <__floatunsisf>
    11c4:	000097b7          	lui	a5,0x9
    11c8:	0b47a583          	lw	a1,180(a5) # 90b4 <days_in_month.5670+0x2a0>
    11cc:	2a8030ef          	jal	ra,4474 <__divsf3>
    11d0:	000097b7          	lui	a5,0x9
    11d4:	85aa                	mv	a1,a0
    11d6:	0b87a503          	lw	a0,184(a5) # 90b8 <days_in_month.5670+0x2a4>
    11da:	29a030ef          	jal	ra,4474 <__divsf3>
    11de:	000097b7          	lui	a5,0x9
    11e2:	0bc7a583          	lw	a1,188(a5) # 90bc <days_in_month.5670+0x2a8>
    11e6:	652030ef          	jal	ra,4838 <__mulsf3>
    11ea:	84a1a223          	sw	a0,-1980(gp) # 2000024c <flow_rate>
    11ee:	5f7030ef          	jal	ra,4fe4 <__extendsfdf2>
    11f2:	86ae                	mv	a3,a1
    11f4:	000095b7          	lui	a1,0x9
    11f8:	862a                	mv	a2,a0
    11fa:	0c058593          	addi	a1,a1,192 # 90c0 <days_in_month.5670+0x2ac>
    11fe:	c3418513          	addi	a0,gp,-972 # 2000063c <test>
    1202:	07d010ef          	jal	ra,2a7e <sprintf>
    1206:	c3418513          	addi	a0,gp,-972 # 2000063c <test>
    120a:	f1aff0ef          	jal	ra,924 <tjc_send_string>
    120e:	000aa503          	lw	a0,0(s5)
    1212:	5d3030ef          	jal	ra,4fe4 <__extendsfdf2>
    1216:	86ae                	mv	a3,a1
    1218:	000095b7          	lui	a1,0x9
    121c:	862a                	mv	a2,a0
    121e:	0d458593          	addi	a1,a1,212 # 90d4 <days_in_month.5670+0x2c0>
    1222:	c3418513          	addi	a0,gp,-972 # 2000063c <test>
    1226:	059010ef          	jal	ra,2a7e <sprintf>
    122a:	c3418513          	addi	a0,gp,-972 # 2000063c <test>
    122e:	ef6ff0ef          	jal	ra,924 <tjc_send_string>
    1232:	0149a023          	sw	s4,0(s3)
    1236:	0124a023          	sw	s2,0(s1)
    123a:	40013437          	lui	s0,0x40013
    123e:	4591                	li	a1,4
    1240:	c0040513          	addi	a0,s0,-1024 # 40012c00 <_eusrstack+0x2000ac00>
    1244:	5ff000ef          	jal	ra,2042 <TIM_GetITStatus>
    1248:	c0040513          	addi	a0,s0,-1024
    124c:	4599                	li	a1,6
    124e:	60d000ef          	jal	ra,205a <TIM_ClearITPendingBit>
    1252:	4472                	lw	s0,28(sp)
    1254:	44e2                	lw	s1,24(sp)
    1256:	4952                	lw	s2,20(sp)
    1258:	49c2                	lw	s3,16(sp)
    125a:	4a32                	lw	s4,12(sp)
    125c:	4aa2                	lw	s5,8(sp)
    125e:	6105                	addi	sp,sp,32
    1260:	30200073          	mret
    1264:	fff90793          	addi	a5,s2,-1
    1268:	40878433          	sub	s0,a5,s0
    126c:	b701                	j	116c <TIM1_CC_IRQHandler+0x3e>

0000126e <Leak_SetSystemActive>:
    126e:	c1c18793          	addi	a5,gp,-996 # 20000624 <g_leak>
    1272:	a788                	sb	a0,8(a5)
    1274:	e511                	bnez	a0,1280 <Leak_SetSystemActive+0x12>
    1276:	8301a703          	lw	a4,-2000(gp) # 20000238 <timer_cnt>
    127a:	0007a223          	sw	zero,4(a5)
    127e:	c398                	sw	a4,0(a5)
    1280:	8082                	ret

00001282 <Leak_Detect>:
    1282:	f55fe2ef          	jal	t0,1d6 <__riscv_save_4>
    1286:	c1c18793          	addi	a5,gp,-996 # 20000624 <g_leak>
    128a:	279c                	lbu	a5,8(a5)
    128c:	7139                	addi	sp,sp,-64
    128e:	c1c18413          	addi	s0,gp,-996 # 20000624 <g_leak>
    1292:	c3a1                	beqz	a5,12d2 <Leak_Detect+0x50>
    1294:	84818793          	addi	a5,gp,-1976 # 20000250 <g_leak_alarm_active>
    1298:	2398                	lbu	a4,0(a5)
    129a:	c715                	beqz	a4,12c6 <Leak_Detect+0x44>
    129c:	40011537          	lui	a0,0x40011
    12a0:	00078023          	sb	zero,0(a5)
    12a4:	4601                	li	a2,0
    12a6:	45c1                	li	a1,16
    12a8:	80050513          	addi	a0,a0,-2048 # 40010800 <_eusrstack+0x20008800>
    12ac:	84018c23          	sb	zero,-1960(gp) # 20000260 <leak_clear_cnt>
    12b0:	10f000ef          	jal	ra,1bbe <GPIO_WriteBit>
    12b4:	4501                	li	a0,0
    12b6:	9feff0ef          	jal	ra,4b4 <send_leak_to_esp32>
    12ba:	00009537          	lui	a0,0x9
    12be:	05850513          	addi	a0,a0,88 # 9058 <days_in_month.5670+0x244>
    12c2:	e62ff0ef          	jal	ra,924 <tjc_send_string>
    12c6:	00042623          	sw	zero,12(s0)
    12ca:	4501                	li	a0,0
    12cc:	6121                	addi	sp,sp,64
    12ce:	f3dfe06f          	j	20a <__riscv_restore_4>
    12d2:	401c                	lw	a5,0(s0)
    12d4:	8301a983          	lw	s3,-2000(gp) # 20000238 <timer_cnt>
    12d8:	40f989b3          	sub	s3,s3,a5
    12dc:	67bd                	lui	a5,0xf
    12de:	a5f78793          	addi	a5,a5,-1441 # ea5f <_data_lma+0x53a3>
    12e2:	0b37fa63          	bgeu	a5,s3,1396 <Leak_Detect+0x114>
    12e6:	4048                	lw	a0,4(s0)
    12e8:	84818913          	addi	s2,gp,-1976 # 20000250 <g_leak_alarm_active>
    12ec:	478d                	li	a5,3
    12ee:	00094a03          	lbu	s4,0(s2)
    12f2:	0aa7f463          	bgeu	a5,a0,139a <Leak_Detect+0x118>
    12f6:	84018c23          	sb	zero,-1960(gp) # 20000260 <leak_clear_cnt>
    12fa:	41d030ef          	jal	ra,4f16 <__floatunsisf>
    12fe:	000097b7          	lui	a5,0x9
    1302:	0b07a583          	lw	a1,176(a5) # 90b0 <days_in_month.5670+0x29c>
    1306:	16e030ef          	jal	ra,4474 <__divsf3>
    130a:	484c                	lw	a1,20(s0)
    130c:	5ff020ef          	jal	ra,410a <__addsf3>
    1310:	481c                	lw	a5,16(s0)
    1312:	c848                	sw	a0,20(s0)
    1314:	99be                	add	s3,s3,a5
    1316:	4789                	li	a5,2
    1318:	01342823          	sw	s3,16(s0)
    131c:	c45c                	sw	a5,12(s0)
    131e:	060a1763          	bnez	s4,138c <Leak_Detect+0x10a>
    1322:	40011537          	lui	a0,0x40011
    1326:	4785                	li	a5,1
    1328:	4605                	li	a2,1
    132a:	45c1                	li	a1,16
    132c:	80050513          	addi	a0,a0,-2048 # 40010800 <_eusrstack+0x20008800>
    1330:	00f90023          	sb	a5,0(s2)
    1334:	08b000ef          	jal	ra,1bbe <GPIO_WriteBit>
    1338:	80418793          	addi	a5,gp,-2044 # 2000020c <leak_last_alert>
    133c:	8301a603          	lw	a2,-2000(gp) # 20000238 <timer_cnt>
    1340:	4394                	lw	a3,0(a5)
    1342:	00092737          	lui	a4,0x92
    1346:	7c070713          	addi	a4,a4,1984 # 927c0 <_data_lma+0x89104>
    134a:	40d606b3          	sub	a3,a2,a3
    134e:	00d77663          	bgeu	a4,a3,135a <Leak_Detect+0xd8>
    1352:	4505                	li	a0,1
    1354:	c390                	sw	a2,0(a5)
    1356:	95eff0ef          	jal	ra,4b4 <send_leak_to_esp32>
    135a:	000095b7          	lui	a1,0x9
    135e:	06858593          	addi	a1,a1,104 # 9068 <days_in_month.5670+0x254>
    1362:	850a                	mv	a0,sp
    1364:	617030ef          	jal	ra,517a <strcpy>
    1368:	850a                	mv	a0,sp
    136a:	dbaff0ef          	jal	ra,924 <tjc_send_string>
    136e:	4848                	lw	a0,20(s0)
    1370:	475030ef          	jal	ra,4fe4 <__extendsfdf2>
    1374:	86ae                	mv	a3,a1
    1376:	000095b7          	lui	a1,0x9
    137a:	862a                	mv	a2,a0
    137c:	08058593          	addi	a1,a1,128 # 9080 <days_in_month.5670+0x26c>
    1380:	850a                	mv	a0,sp
    1382:	6fc010ef          	jal	ra,2a7e <sprintf>
    1386:	850a                	mv	a0,sp
    1388:	d9cff0ef          	jal	ra,924 <tjc_send_string>
    138c:	8301a783          	lw	a5,-2000(gp) # 20000238 <timer_cnt>
    1390:	00042223          	sw	zero,4(s0)
    1394:	c01c                	sw	a5,0(s0)
    1396:	4448                	lw	a0,12(s0)
    1398:	bf15                	j	12cc <Leak_Detect+0x4a>
    139a:	040a0663          	beqz	s4,13e6 <Leak_Detect+0x164>
    139e:	85818713          	addi	a4,gp,-1960 # 20000260 <leak_clear_cnt>
    13a2:	231c                	lbu	a5,0(a4)
    13a4:	4685                	li	a3,1
    13a6:	0785                	addi	a5,a5,1
    13a8:	0ff7f793          	andi	a5,a5,255
    13ac:	a31c                	sb	a5,0(a4)
    13ae:	02f6fc63          	bgeu	a3,a5,13e6 <Leak_Detect+0x164>
    13b2:	40011537          	lui	a0,0x40011
    13b6:	4601                	li	a2,0
    13b8:	45c1                	li	a1,16
    13ba:	80050513          	addi	a0,a0,-2048 # 40010800 <_eusrstack+0x20008800>
    13be:	00070023          	sb	zero,0(a4)
    13c2:	00090023          	sb	zero,0(s2)
    13c6:	7f8000ef          	jal	ra,1bbe <GPIO_WriteBit>
    13ca:	4501                	li	a0,0
    13cc:	8e8ff0ef          	jal	ra,4b4 <send_leak_to_esp32>
    13d0:	00009537          	lui	a0,0x9
    13d4:	05850513          	addi	a0,a0,88 # 9058 <days_in_month.5670+0x244>
    13d8:	d4cff0ef          	jal	ra,924 <tjc_send_string>
    13dc:	00000793          	li	a5,0
    13e0:	00042823          	sw	zero,16(s0)
    13e4:	c85c                	sw	a5,20(s0)
    13e6:	00042623          	sw	zero,12(s0)
    13ea:	b74d                	j	138c <Leak_Detect+0x10a>

000013ec <Leak_Task>:
    13ec:	e05fe2ef          	jal	t0,1f0 <__riscv_save_0>
    13f0:	85018793          	addi	a5,gp,-1968 # 20000258 <last_check.5646>
    13f4:	8301a683          	lw	a3,-2000(gp) # 20000238 <timer_cnt>
    13f8:	4398                	lw	a4,0(a5)
    13fa:	3e700613          	li	a2,999
    13fe:	40e68733          	sub	a4,a3,a4
    1402:	04e67363          	bgeu	a2,a4,1448 <Leak_Task+0x5c>
    1406:	c394                	sw	a3,0(a5)
    1408:	3dad                	jal	1282 <Leak_Detect>
    140a:	8441a903          	lw	s2,-1980(gp) # 2000024c <flow_rate>
    140e:	000097b7          	lui	a5,0x9
    1412:	0907a583          	lw	a1,144(a5) # 9090 <days_in_month.5670+0x27c>
    1416:	854a                	mv	a0,s2
    1418:	30e030ef          	jal	ra,4726 <__gesf2>
    141c:	86018413          	addi	s0,gp,-1952 # 20000268 <s_low_flow_timing>
    1420:	08a05363          	blez	a0,14a6 <Leak_Task+0xba>
    1424:	000097b7          	lui	a5,0x9
    1428:	0947a583          	lw	a1,148(a5) # 9094 <days_in_month.5670+0x280>
    142c:	854a                	mv	a0,s2
    142e:	37e030ef          	jal	ra,47ac <__lesf2>
    1432:	06055a63          	bgez	a0,14a6 <Leak_Task+0xba>
    1436:	2014                	lbu	a3,0(s0)
    1438:	8301a783          	lw	a5,-2000(gp) # 20000238 <timer_cnt>
    143c:	85c18713          	addi	a4,gp,-1956 # 20000264 <s_low_flow_start>
    1440:	e691                	bnez	a3,144c <Leak_Task+0x60>
    1442:	c31c                	sw	a5,0(a4)
    1444:	4785                	li	a5,1
    1446:	a01c                	sb	a5,0(s0)
    1448:	dcdfe06f          	j	214 <__riscv_restore_0>
    144c:	4318                	lw	a4,0(a4)
    144e:	8f99                	sub	a5,a5,a4
    1450:	671d                	lui	a4,0x7
    1452:	52f70713          	addi	a4,a4,1327 # 752f <__ssvfiscanf_r+0x15f>
    1456:	fef779e3          	bgeu	a4,a5,1448 <Leak_Task+0x5c>
    145a:	84818793          	addi	a5,gp,-1976 # 20000250 <g_leak_alarm_active>
    145e:	2398                	lbu	a4,0(a5)
    1460:	f765                	bnez	a4,1448 <Leak_Task+0x5c>
    1462:	40011537          	lui	a0,0x40011
    1466:	4705                	li	a4,1
    1468:	4605                	li	a2,1
    146a:	45c1                	li	a1,16
    146c:	80050513          	addi	a0,a0,-2048 # 40010800 <_eusrstack+0x20008800>
    1470:	a398                	sb	a4,0(a5)
    1472:	74c000ef          	jal	ra,1bbe <GPIO_WriteBit>
    1476:	80418793          	addi	a5,gp,-2044 # 2000020c <leak_last_alert>
    147a:	8301a603          	lw	a2,-2000(gp) # 20000238 <timer_cnt>
    147e:	4394                	lw	a3,0(a5)
    1480:	00092737          	lui	a4,0x92
    1484:	7c070713          	addi	a4,a4,1984 # 927c0 <_data_lma+0x89104>
    1488:	40d606b3          	sub	a3,a2,a3
    148c:	00d77663          	bgeu	a4,a3,1498 <Leak_Task+0xac>
    1490:	4505                	li	a0,1
    1492:	c390                	sw	a2,0(a5)
    1494:	820ff0ef          	jal	ra,4b4 <send_leak_to_esp32>
    1498:	00009537          	lui	a0,0x9
    149c:	09850513          	addi	a0,a0,152 # 9098 <days_in_month.5670+0x284>
    14a0:	c84ff0ef          	jal	ra,924 <tjc_send_string>
    14a4:	b755                	j	1448 <Leak_Task+0x5c>
    14a6:	00040023          	sb	zero,0(s0)
    14aa:	bf79                	j	1448 <Leak_Task+0x5c>

000014ac <Leak_Reset>:
    14ac:	c1c18793          	addi	a5,gp,-996 # 20000624 <g_leak>
    14b0:	00000713          	li	a4,0
    14b4:	cbd8                	sw	a4,20(a5)
    14b6:	8301a703          	lw	a4,-2000(gp) # 20000238 <timer_cnt>
    14ba:	0007a223          	sw	zero,4(a5)
    14be:	0007a823          	sw	zero,16(a5)
    14c2:	0007a623          	sw	zero,12(a5)
    14c6:	c398                	sw	a4,0(a5)
    14c8:	8082                	ret

000014ca <Zigbee_Init>:
    14ca:	d27fe2ef          	jal	t0,1f0 <__riscv_save_0>
    14ce:	7179                	addi	sp,sp,-48
    14d0:	842a                	mv	s0,a0
    14d2:	4585                	li	a1,1
    14d4:	4541                	li	a0,16
    14d6:	ca02                	sw	zero,20(sp)
    14d8:	cc02                	sw	zero,24(sp)
    14da:	ce02                	sw	zero,28(sp)
    14dc:	d002                	sw	zero,32(sp)
    14de:	d202                	sw	zero,36(sp)
    14e0:	d402                	sw	zero,40(sp)
    14e2:	d602                	sw	zero,44(sp)
    14e4:	c602                	sw	zero,12(sp)
    14e6:	c802                	sw	zero,16(sp)
    14e8:	0b9000ef          	jal	ra,1da0 <RCC_APB2PeriphClockCmd>
    14ec:	4585                	li	a1,1
    14ee:	00080537          	lui	a0,0x80
    14f2:	0cd000ef          	jal	ra,1dbe <RCC_APB1PeriphClockCmd>
    14f6:	40000793          	li	a5,1024
    14fa:	82fc                	sh	a5,20(sp)
    14fc:	478d                	li	a5,3
    14fe:	cc3e                	sw	a5,24(sp)
    1500:	084c                	addi	a1,sp,20
    1502:	47e1                	li	a5,24
    1504:	40011537          	lui	a0,0x40011
    1508:	ce3e                	sw	a5,28(sp)
    150a:	2bc5                	jal	1afa <GPIO_Init>
    150c:	6785                	lui	a5,0x1
    150e:	80078793          	addi	a5,a5,-2048 # 800 <__stack_size>
    1512:	82fc                	sh	a5,20(sp)
    1514:	084c                	addi	a1,sp,20
    1516:	4791                	li	a5,4
    1518:	40011537          	lui	a0,0x40011
    151c:	ce3e                	sw	a5,28(sp)
    151e:	2bf1                	jal	1afa <GPIO_Init>
    1520:	d022                	sw	s0,32(sp)
    1522:	40005437          	lui	s0,0x40005
    1526:	000c07b7          	lui	a5,0xc0
    152a:	100c                	addi	a1,sp,32
    152c:	c0040513          	addi	a0,s0,-1024 # 40004c00 <_eusrstack+0x1fffcc00>
    1530:	d43e                	sw	a5,40(sp)
    1532:	d202                	sw	zero,36(sp)
    1534:	02011623          	sh	zero,44(sp)
    1538:	32f000ef          	jal	ra,2066 <USART_Init>
    153c:	4605                	li	a2,1
    153e:	c0040513          	addi	a0,s0,-1024
    1542:	52500593          	li	a1,1317
    1546:	3c7000ef          	jal	ra,210c <USART_ITConfig>
    154a:	4585                	li	a1,1
    154c:	c0040513          	addi	a0,s0,-1024
    1550:	3a7000ef          	jal	ra,20f6 <USART_Cmd>
    1554:	24400793          	li	a5,580
    1558:	867c                	sh	a5,12(sp)
    155a:	4789                	li	a5,2
    155c:	875c                	sb	a5,14(sp)
    155e:	0068                	addi	a0,sp,12
    1560:	4785                	li	a5,1
    1562:	c83e                	sw	a5,16(sp)
    1564:	25ad                	jal	1bce <NVIC_Init>
    1566:	6145                	addi	sp,sp,48
    1568:	cadfe06f          	j	214 <__riscv_restore_0>

0000156c <Zigbee_ParseCommand>:
    156c:	c6bfe2ef          	jal	t0,1d6 <__riscv_save_4>
    1570:	000095b7          	lui	a1,0x9
    1574:	461d                	li	a2,7
    1576:	0e858593          	addi	a1,a1,232 # 90e8 <days_in_month.5670+0x2d4>
    157a:	842a                	mv	s0,a0
    157c:	421030ef          	jal	ra,519c <strncmp>
    1580:	e935                	bnez	a0,15f4 <Zigbee_ParseCommand+0x88>
    1582:	041d                	addi	s0,s0,7
    1584:	84aa                	mv	s1,a0
    1586:	8522                	mv	a0,s0
    1588:	377030ef          	jal	ra,50fe <atof>
    158c:	0c5030ef          	jal	ra,4e50 <__floatsisf>
    1590:	8a2a                	mv	s4,a0
    1592:	02c00593          	li	a1,44
    1596:	8522                	mv	a0,s0
    1598:	3cb030ef          	jal	ra,5162 <strchr>
    159c:	cd31                	beqz	a0,15f8 <Zigbee_ParseCommand+0x8c>
    159e:	00150413          	addi	s0,a0,1 # 40011001 <_eusrstack+0x20009001>
    15a2:	8522                	mv	a0,s0
    15a4:	35b030ef          	jal	ra,50fe <atof>
    15a8:	0a9030ef          	jal	ra,4e50 <__floatsisf>
    15ac:	89aa                	mv	s3,a0
    15ae:	02c00593          	li	a1,44
    15b2:	8522                	mv	a0,s0
    15b4:	3af030ef          	jal	ra,5162 <strchr>
    15b8:	c539                	beqz	a0,1606 <Zigbee_ParseCommand+0x9a>
    15ba:	00150413          	addi	s0,a0,1
    15be:	8522                	mv	a0,s0
    15c0:	33f030ef          	jal	ra,50fe <atof>
    15c4:	08d030ef          	jal	ra,4e50 <__floatsisf>
    15c8:	892a                	mv	s2,a0
    15ca:	02c00593          	li	a1,44
    15ce:	8522                	mv	a0,s0
    15d0:	393030ef          	jal	ra,5162 <strchr>
    15d4:	c509                	beqz	a0,15de <Zigbee_ParseCommand+0x72>
    15d6:	0505                	addi	a0,a0,1
    15d8:	32d030ef          	jal	ra,5104 <atoi>
    15dc:	84aa                	mv	s1,a0
    15de:	8741ae23          	sw	s4,-1924(gp) # 20000284 <g_tower_water_level>
    15e2:	8731aa23          	sw	s3,-1932(gp) # 2000027c <g_tower_humidity>
    15e6:	8121a423          	sw	s2,-2040(gp) # 20000210 <g_tower_temperature>
    15ea:	8691ac23          	sw	s1,-1928(gp) # 20000280 <g_tower_pump_speed>
    15ee:	4705                	li	a4,1
    15f0:	86e188a3          	sb	a4,-1935(gp) # 20000279 <g_tower_data_updated>
    15f4:	c17fe06f          	j	20a <__riscv_restore_4>
    15f8:	000097b7          	lui	a5,0x9
    15fc:	0e47a903          	lw	s2,228(a5) # 90e4 <days_in_month.5670+0x2d0>
    1600:	00000993          	li	s3,0
    1604:	bfe9                	j	15de <Zigbee_ParseCommand+0x72>
    1606:	000097b7          	lui	a5,0x9
    160a:	0e47a903          	lw	s2,228(a5) # 90e4 <days_in_month.5670+0x2d0>
    160e:	bfc1                	j	15de <Zigbee_ParseCommand+0x72>

00001610 <UART4_IRQHandler>:
    1610:	1141                	addi	sp,sp,-16
    1612:	c622                	sw	s0,12(sp)
    1614:	40005437          	lui	s0,0x40005
    1618:	52500593          	li	a1,1317
    161c:	c0040513          	addi	a0,s0,-1024 # 40004c00 <_eusrstack+0x1fffcc00>
    1620:	33d000ef          	jal	ra,215c <USART_GetITStatus>
    1624:	c125                	beqz	a0,1684 <UART4_IRQHandler+0x74>
    1626:	c0040513          	addi	a0,s0,-1024
    162a:	321000ef          	jal	ra,214a <USART_ReceiveData>
    162e:	0ff57593          	andi	a1,a0,255
    1632:	04000793          	li	a5,64
    1636:	88018413          	addi	s0,gp,-1920 # 20000288 <rx_idx>
    163a:	00f59463          	bne	a1,a5,1642 <UART4_IRQHandler+0x32>
    163e:	00040023          	sb	zero,0(s0)
    1642:	201c                	lbu	a5,0(s0)
    1644:	07e00713          	li	a4,126
    1648:	02f76463          	bltu	a4,a5,1670 <UART4_IRQHandler+0x60>
    164c:	00178713          	addi	a4,a5,1
    1650:	0ff77693          	andi	a3,a4,255
    1654:	c9818713          	addi	a4,gp,-872 # 200006a0 <rx_buf>
    1658:	97ba                	add	a5,a5,a4
    165a:	a388                	sb	a0,0(a5)
    165c:	a014                	sb	a3,0(s0)
    165e:	47a9                	li	a5,10
    1660:	00f59a63          	bne	a1,a5,1674 <UART4_IRQHandler+0x64>
    1664:	9736                	add	a4,a4,a3
    1666:	c9818513          	addi	a0,gp,-872 # 200006a0 <rx_buf>
    166a:	00070023          	sb	zero,0(a4)
    166e:	3dfd                	jal	156c <Zigbee_ParseCommand>
    1670:	00040023          	sb	zero,0(s0)
    1674:	40005537          	lui	a0,0x40005
    1678:	52500593          	li	a1,1317
    167c:	c0050513          	addi	a0,a0,-1024 # 40004c00 <_eusrstack+0x1fffcc00>
    1680:	319000ef          	jal	ra,2198 <USART_ClearITPendingBit>
    1684:	4432                	lw	s0,12(sp)
    1686:	0141                	addi	sp,sp,16
    1688:	30200073          	mret

0000168c <NMI_Handler>:
    168c:	a001                	j	168c <NMI_Handler>

0000168e <HardFault_Handler>:
    168e:	beef07b7          	lui	a5,0xbeef0
    1692:	e000e737          	lui	a4,0xe000e
    1696:	08078793          	addi	a5,a5,128 # beef0080 <_eusrstack+0x9eee8080>
    169a:	c73c                	sw	a5,72(a4)
    169c:	a001                	j	169c <HardFault_Handler+0xe>

0000169e <GPIO_Toggle_INIT>:
    169e:	b39fe2ef          	jal	t0,1d6 <__riscv_save_4>
    16a2:	1141                	addi	sp,sp,-16
    16a4:	4585                	li	a1,1
    16a6:	04000513          	li	a0,64
    16aa:	c202                	sw	zero,4(sp)
    16ac:	c402                	sw	zero,8(sp)
    16ae:	c602                	sw	zero,12(sp)
    16b0:	2dc5                	jal	1da0 <RCC_APB2PeriphClockCmd>
    16b2:	40012537          	lui	a0,0x40012
    16b6:	4441                	li	s0,16
    16b8:	20400793          	li	a5,516
    16bc:	490d                	li	s2,3
    16be:	004c                	addi	a1,sp,4
    16c0:	80050513          	addi	a0,a0,-2048 # 40011800 <_eusrstack+0x20009800>
    16c4:	827c                	sh	a5,4(sp)
    16c6:	c622                	sw	s0,12(sp)
    16c8:	c44a                	sw	s2,8(sp)
    16ca:	2905                	jal	1afa <GPIO_Init>
    16cc:	4585                	li	a1,1
    16ce:	4541                	li	a0,16
    16d0:	2dc1                	jal	1da0 <RCC_APB2PeriphClockCmd>
    16d2:	4789                	li	a5,2
    16d4:	004c                	addi	a1,sp,4
    16d6:	40011537          	lui	a0,0x40011
    16da:	827c                	sh	a5,4(sp)
    16dc:	c622                	sw	s0,12(sp)
    16de:	c44a                	sw	s2,8(sp)
    16e0:	2929                	jal	1afa <GPIO_Init>
    16e2:	4585                	li	a1,1
    16e4:	4511                	li	a0,4
    16e6:	2d6d                	jal	1da0 <RCC_APB2PeriphClockCmd>
    16e8:	400114b7          	lui	s1,0x40011
    16ec:	4785                	li	a5,1
    16ee:	04800993          	li	s3,72
    16f2:	004c                	addi	a1,sp,4
    16f4:	80048513          	addi	a0,s1,-2048 # 40010800 <_eusrstack+0x20008800>
    16f8:	827c                	sh	a5,4(sp)
    16fa:	c64e                	sw	s3,12(sp)
    16fc:	2efd                	jal	1afa <GPIO_Init>
    16fe:	004c                	addi	a1,sp,4
    1700:	80048513          	addi	a0,s1,-2048
    1704:	8260                	sh	s0,4(sp)
    1706:	c622                	sw	s0,12(sp)
    1708:	c44a                	sw	s2,8(sp)
    170a:	2ec5                	jal	1afa <GPIO_Init>
    170c:	80048513          	addi	a0,s1,-2048
    1710:	45c1                	li	a1,16
    1712:	2165                	jal	1bba <GPIO_ResetBits>
    1714:	6785                	lui	a5,0x1
    1716:	004c                	addi	a1,sp,4
    1718:	40011537          	lui	a0,0x40011
    171c:	827c                	sh	a5,4(sp)
    171e:	c64e                	sw	s3,12(sp)
    1720:	2ee9                	jal	1afa <GPIO_Init>
    1722:	0141                	addi	sp,sp,16
    1724:	ae7fe06f          	j	20a <__riscv_restore_4>

00001728 <main>:
    1728:	aa1fe2ef          	jal	t0,1c8 <__riscv_save_10>
    172c:	7139                	addi	sp,sp,-64
    172e:	4509                	li	a0,2
    1730:	2961                	jal	1bc8 <NVIC_PriorityGroupConfig>
    1732:	6471                	lui	s0,0x1c
    1734:	2c01                	jal	1944 <SystemCoreClockUpdate>
    1736:	277000ef          	jal	ra,21ac <Delay_Init>
    173a:	20040513          	addi	a0,s0,512 # 1c200 <_data_lma+0x12b44>
    173e:	2cb000ef          	jal	ra,2208 <USART_Printf_Init>
    1742:	08800793          	li	a5,136
    1746:	8007a073          	csrs	0x800,a5
    174a:	3f91                	jal	169e <GPIO_Toggle_INIT>
    174c:	906ff0ef          	jal	ra,852 <UART_HIM_Init>
    1750:	b79fe0ef          	jal	ra,2c8 <UART_ESP32_Init>
    1754:	20040513          	addi	a0,s0,512
    1758:	d73ff0ef          	jal	ra,14ca <Zigbee_Init>
    175c:	06400593          	li	a1,100
    1760:	3c000513          	li	a0,960
    1764:	814ff0ef          	jal	ra,778 <TIM2_Init>
    1768:	9deff0ef          	jal	ra,946 <initRingBuffer>
    176c:	65b1                	lui	a1,0xc
    176e:	6541                	lui	a0,0x10
    1770:	b7f58593          	addi	a1,a1,-1153 # bb7f <_data_lma+0x24c3>
    1774:	157d                	addi	a0,a0,-1
    1776:	8dfff0ef          	jal	ra,1054 <Input_Capture_Init>
    177a:	6509                	lui	a0,0x2
    177c:	58050513          	addi	a0,a0,1408 # 2580 <printLongLongInt+0x9e>
    1780:	db0ff0ef          	jal	ra,d30 <WQ_Init>
    1784:	d29ff0ef          	jal	ra,14ac <Leak_Reset>
    1788:	4501                	li	a0,0
    178a:	ae5ff0ef          	jal	ra,126e <Leak_SetSystemActive>
    178e:	40011537          	lui	a0,0x40011
    1792:	4601                	li	a2,0
    1794:	45c1                	li	a1,16
    1796:	80050513          	addi	a0,a0,-2048 # 40010800 <_eusrstack+0x20008800>
    179a:	2115                	jal	1bbe <GPIO_WriteBit>
    179c:	00009937          	lui	s2,0x9
    17a0:	00009a37          	lui	s4,0x9
    17a4:	00009b37          	lui	s6,0x9
    17a8:	a5eff0ef          	jal	ra,a06 <HMI_task>
    17ac:	e19fe0ef          	jal	ra,5c4 <esp_received>
    17b0:	f1bfe0ef          	jal	ra,6ca <lcd_time>
    17b4:	ffcff0ef          	jal	ra,fb0 <WQ_Task>
    17b8:	c35ff0ef          	jal	ra,13ec <Leak_Task>
    17bc:	8711c783          	lbu	a5,-1935(gp) # 20000279 <g_tower_data_updated>
    17c0:	cbad                	beqz	a5,1832 <main+0x10a>
    17c2:	87c1a503          	lw	a0,-1924(gp) # 20000284 <g_tower_water_level>
    17c6:	860188a3          	sb	zero,-1935(gp) # 20000279 <g_tower_data_updated>
    17ca:	01b030ef          	jal	ra,4fe4 <__extendsfdf2>
    17ce:	862a                	mv	a2,a0
    17d0:	86ae                	mv	a3,a1
    17d2:	850a                	mv	a0,sp
    17d4:	0f090593          	addi	a1,s2,240 # 90f0 <days_in_month.5670+0x2dc>
    17d8:	2a6010ef          	jal	ra,2a7e <sprintf>
    17dc:	850a                	mv	a0,sp
    17de:	946ff0ef          	jal	ra,924 <tjc_send_string>
    17e2:	8741a503          	lw	a0,-1932(gp) # 2000027c <g_tower_humidity>
    17e6:	7fe030ef          	jal	ra,4fe4 <__extendsfdf2>
    17ea:	862a                	mv	a2,a0
    17ec:	86ae                	mv	a3,a1
    17ee:	850a                	mv	a0,sp
    17f0:	100a0593          	addi	a1,s4,256 # 9100 <days_in_month.5670+0x2ec>
    17f4:	28a010ef          	jal	ra,2a7e <sprintf>
    17f8:	850a                	mv	a0,sp
    17fa:	92aff0ef          	jal	ra,924 <tjc_send_string>
    17fe:	8081a503          	lw	a0,-2040(gp) # 20000210 <g_tower_temperature>
    1802:	7e2030ef          	jal	ra,4fe4 <__extendsfdf2>
    1806:	862a                	mv	a2,a0
    1808:	86ae                	mv	a3,a1
    180a:	850a                	mv	a0,sp
    180c:	114b0593          	addi	a1,s6,276 # 9114 <days_in_month.5670+0x300>
    1810:	26e010ef          	jal	ra,2a7e <sprintf>
    1814:	850a                	mv	a0,sp
    1816:	90eff0ef          	jal	ra,924 <tjc_send_string>
    181a:	8781a603          	lw	a2,-1928(gp) # 20000280 <g_tower_pump_speed>
    181e:	000095b7          	lui	a1,0x9
    1822:	12458593          	addi	a1,a1,292 # 9124 <days_in_month.5670+0x310>
    1826:	850a                	mv	a0,sp
    1828:	256010ef          	jal	ra,2a7e <sprintf>
    182c:	850a                	mv	a0,sp
    182e:	8f6ff0ef          	jal	ra,924 <tjc_send_string>
    1832:	200007b7          	lui	a5,0x20000
    1836:	2087c703          	lbu	a4,520(a5) # 20000208 <flag>
    183a:	4789                	li	a5,2
    183c:	f6f716e3          	bne	a4,a5,17a8 <main+0x80>
    1840:	3e800513          	li	a0,1000
    1844:	18f000ef          	jal	ra,21d2 <Delay_Ms>
    1848:	bfb1                	j	17a4 <main+0x7c>

0000184a <SystemInit>:
    184a:	400217b7          	lui	a5,0x40021
    184e:	4398                	lw	a4,0(a5)
    1850:	f0ff06b7          	lui	a3,0xf0ff0
    1854:	1141                	addi	sp,sp,-16
    1856:	00176713          	ori	a4,a4,1
    185a:	c398                	sw	a4,0(a5)
    185c:	43d8                	lw	a4,4(a5)
    185e:	00020637          	lui	a2,0x20
    1862:	8f75                	and	a4,a4,a3
    1864:	c3d8                	sw	a4,4(a5)
    1866:	4398                	lw	a4,0(a5)
    1868:	fef706b7          	lui	a3,0xfef70
    186c:	16fd                	addi	a3,a3,-1
    186e:	8f75                	and	a4,a4,a3
    1870:	c398                	sw	a4,0(a5)
    1872:	4398                	lw	a4,0(a5)
    1874:	fffc06b7          	lui	a3,0xfffc0
    1878:	16fd                	addi	a3,a3,-1
    187a:	8f75                	and	a4,a4,a3
    187c:	c398                	sw	a4,0(a5)
    187e:	43d8                	lw	a4,4(a5)
    1880:	ff0106b7          	lui	a3,0xff010
    1884:	16fd                	addi	a3,a3,-1
    1886:	8f75                	and	a4,a4,a3
    1888:	c3d8                	sw	a4,4(a5)
    188a:	4398                	lw	a4,0(a5)
    188c:	ec0006b7          	lui	a3,0xec000
    1890:	16fd                	addi	a3,a3,-1
    1892:	8f75                	and	a4,a4,a3
    1894:	c398                	sw	a4,0(a5)
    1896:	00ff0737          	lui	a4,0xff0
    189a:	c798                	sw	a4,8(a5)
    189c:	0207a623          	sw	zero,44(a5) # 4002102c <_eusrstack+0x2001902c>
    18a0:	c402                	sw	zero,8(sp)
    18a2:	c602                	sw	zero,12(sp)
    18a4:	4398                	lw	a4,0(a5)
    18a6:	66c1                	lui	a3,0x10
    18a8:	8f55                	or	a4,a4,a3
    18aa:	c398                	sw	a4,0(a5)
    18ac:	400216b7          	lui	a3,0x40021
    18b0:	6705                	lui	a4,0x1
    18b2:	429c                	lw	a5,0(a3)
    18b4:	8ff1                	and	a5,a5,a2
    18b6:	c63e                	sw	a5,12(sp)
    18b8:	47a2                	lw	a5,8(sp)
    18ba:	0785                	addi	a5,a5,1
    18bc:	c43e                	sw	a5,8(sp)
    18be:	47b2                	lw	a5,12(sp)
    18c0:	e781                	bnez	a5,18c8 <SystemInit+0x7e>
    18c2:	47a2                	lw	a5,8(sp)
    18c4:	fee797e3          	bne	a5,a4,18b2 <SystemInit+0x68>
    18c8:	400217b7          	lui	a5,0x40021
    18cc:	439c                	lw	a5,0(a5)
    18ce:	00e79713          	slli	a4,a5,0xe
    18d2:	06075763          	bgez	a4,1940 <SystemInit+0xf6>
    18d6:	4785                	li	a5,1
    18d8:	c63e                	sw	a5,12(sp)
    18da:	4732                	lw	a4,12(sp)
    18dc:	4785                	li	a5,1
    18de:	04f71f63          	bne	a4,a5,193c <SystemInit+0xf2>
    18e2:	400217b7          	lui	a5,0x40021
    18e6:	43d8                	lw	a4,4(a5)
    18e8:	ffc106b7          	lui	a3,0xffc10
    18ec:	16fd                	addi	a3,a3,-1
    18ee:	c3d8                	sw	a4,4(a5)
    18f0:	43d8                	lw	a4,4(a5)
    18f2:	c3d8                	sw	a4,4(a5)
    18f4:	43d8                	lw	a4,4(a5)
    18f6:	40076713          	ori	a4,a4,1024
    18fa:	c3d8                	sw	a4,4(a5)
    18fc:	43d8                	lw	a4,4(a5)
    18fe:	8f75                	and	a4,a4,a3
    1900:	c3d8                	sw	a4,4(a5)
    1902:	43d8                	lw	a4,4(a5)
    1904:	002906b7          	lui	a3,0x290
    1908:	8f55                	or	a4,a4,a3
    190a:	c3d8                	sw	a4,4(a5)
    190c:	4398                	lw	a4,0(a5)
    190e:	010006b7          	lui	a3,0x1000
    1912:	8f55                	or	a4,a4,a3
    1914:	c398                	sw	a4,0(a5)
    1916:	4398                	lw	a4,0(a5)
    1918:	00671693          	slli	a3,a4,0x6
    191c:	fe06dde3          	bgez	a3,1916 <SystemInit+0xcc>
    1920:	43d8                	lw	a4,4(a5)
    1922:	400216b7          	lui	a3,0x40021
    1926:	9b71                	andi	a4,a4,-4
    1928:	c3d8                	sw	a4,4(a5)
    192a:	43d8                	lw	a4,4(a5)
    192c:	00276713          	ori	a4,a4,2
    1930:	c3d8                	sw	a4,4(a5)
    1932:	4721                	li	a4,8
    1934:	42dc                	lw	a5,4(a3)
    1936:	8bb1                	andi	a5,a5,12
    1938:	fee79ee3          	bne	a5,a4,1934 <SystemInit+0xea>
    193c:	0141                	addi	sp,sp,16
    193e:	8082                	ret
    1940:	c602                	sw	zero,12(sp)
    1942:	bf61                	j	18da <SystemInit+0x90>

00001944 <SystemCoreClockUpdate>:
    1944:	400216b7          	lui	a3,0x40021
    1948:	42d8                	lw	a4,4(a3)
    194a:	4611                	li	a2,4
    194c:	8b31                	andi	a4,a4,12
    194e:	80c18793          	addi	a5,gp,-2036 # 20000214 <SystemCoreClock>
    1952:	00c70563          	beq	a4,a2,195c <SystemCoreClockUpdate+0x18>
    1956:	4621                	li	a2,8
    1958:	02c70863          	beq	a4,a2,1988 <SystemCoreClockUpdate+0x44>
    195c:	007a1737          	lui	a4,0x7a1
    1960:	20070713          	addi	a4,a4,512 # 7a1200 <_data_lma+0x797b44>
    1964:	c398                	sw	a4,0(a5)
    1966:	40021737          	lui	a4,0x40021
    196a:	4358                	lw	a4,4(a4)
    196c:	8311                	srli	a4,a4,0x4
    196e:	00f77693          	andi	a3,a4,15
    1972:	20000737          	lui	a4,0x20000
    1976:	01870713          	addi	a4,a4,24 # 20000018 <AHBPrescTable>
    197a:	9736                	add	a4,a4,a3
    197c:	2314                	lbu	a3,0(a4)
    197e:	4398                	lw	a4,0(a5)
    1980:	00d75733          	srl	a4,a4,a3
    1984:	c398                	sw	a4,0(a5)
    1986:	8082                	ret
    1988:	42d8                	lw	a4,4(a3)
    198a:	42d4                	lw	a3,4(a3)
    198c:	6641                	lui	a2,0x10
    198e:	8349                	srli	a4,a4,0x12
    1990:	8b3d                	andi	a4,a4,15
    1992:	8ef1                	and	a3,a3,a2
    1994:	00270613          	addi	a2,a4,2
    1998:	cf15                	beqz	a4,19d4 <SystemCoreClockUpdate+0x90>
    199a:	473d                	li	a4,15
    199c:	02e60f63          	beq	a2,a4,19da <SystemCoreClockUpdate+0x96>
    19a0:	4741                	li	a4,16
    19a2:	02e60f63          	beq	a2,a4,19e0 <SystemCoreClockUpdate+0x9c>
    19a6:	4745                	li	a4,17
    19a8:	4581                	li	a1,0
    19aa:	00e61363          	bne	a2,a4,19b0 <SystemCoreClockUpdate+0x6c>
    19ae:	4641                	li	a2,16
    19b0:	e2a1                	bnez	a3,19f0 <SystemCoreClockUpdate+0xac>
    19b2:	40024737          	lui	a4,0x40024
    19b6:	80072703          	lw	a4,-2048(a4) # 40023800 <_eusrstack+0x2001b800>
    19ba:	8b41                	andi	a4,a4,16
    19bc:	c70d                	beqz	a4,19e6 <SystemCoreClockUpdate+0xa2>
    19be:	007a1737          	lui	a4,0x7a1
    19c2:	20070713          	addi	a4,a4,512 # 7a1200 <_data_lma+0x797b44>
    19c6:	02c70633          	mul	a2,a4,a2
    19ca:	c390                	sw	a2,0(a5)
    19cc:	ddc9                	beqz	a1,1966 <SystemCoreClockUpdate+0x22>
    19ce:	4398                	lw	a4,0(a5)
    19d0:	8305                	srli	a4,a4,0x1
    19d2:	bf49                	j	1964 <SystemCoreClockUpdate+0x20>
    19d4:	4581                	li	a1,0
    19d6:	4649                	li	a2,18
    19d8:	bfe1                	j	19b0 <SystemCoreClockUpdate+0x6c>
    19da:	4585                	li	a1,1
    19dc:	4635                	li	a2,13
    19de:	bfc9                	j	19b0 <SystemCoreClockUpdate+0x6c>
    19e0:	4581                	li	a1,0
    19e2:	463d                	li	a2,15
    19e4:	b7f1                	j	19b0 <SystemCoreClockUpdate+0x6c>
    19e6:	003d1737          	lui	a4,0x3d1
    19ea:	90070713          	addi	a4,a4,-1792 # 3d0900 <_data_lma+0x3c7244>
    19ee:	bfe1                	j	19c6 <SystemCoreClockUpdate+0x82>
    19f0:	40021537          	lui	a0,0x40021
    19f4:	5558                	lw	a4,44(a0)
    19f6:	00f71693          	slli	a3,a4,0xf
    19fa:	5558                	lw	a4,44(a0)
    19fc:	0406df63          	bgez	a3,1a5a <SystemCoreClockUpdate+0x116>
    1a00:	8311                	srli	a4,a4,0x4
    1a02:	8b3d                	andi	a4,a4,15
    1a04:	00170693          	addi	a3,a4,1
    1a08:	007a1737          	lui	a4,0x7a1
    1a0c:	20070713          	addi	a4,a4,512 # 7a1200 <_data_lma+0x797b44>
    1a10:	02d75733          	divu	a4,a4,a3
    1a14:	c398                	sw	a4,0(a5)
    1a16:	5554                	lw	a3,44(a0)
    1a18:	82a1                	srli	a3,a3,0x8
    1a1a:	8abd                	andi	a3,a3,15
    1a1c:	e28d                	bnez	a3,1a3e <SystemCoreClockUpdate+0xfa>
    1a1e:	4695                	li	a3,5
    1a20:	02d70733          	mul	a4,a4,a3
    1a24:	8305                	srli	a4,a4,0x1
    1a26:	c398                	sw	a4,0(a5)
    1a28:	40021737          	lui	a4,0x40021
    1a2c:	5758                	lw	a4,44(a4)
    1a2e:	4394                	lw	a3,0(a5)
    1a30:	8b3d                	andi	a4,a4,15
    1a32:	0705                	addi	a4,a4,1
    1a34:	02e6d733          	divu	a4,a3,a4
    1a38:	c398                	sw	a4,0(a5)
    1a3a:	4398                	lw	a4,0(a5)
    1a3c:	b769                	j	19c6 <SystemCoreClockUpdate+0x82>
    1a3e:	4505                	li	a0,1
    1a40:	00a69463          	bne	a3,a0,1a48 <SystemCoreClockUpdate+0x104>
    1a44:	46e5                	li	a3,25
    1a46:	bfe9                	j	1a20 <SystemCoreClockUpdate+0xdc>
    1a48:	453d                	li	a0,15
    1a4a:	00a69663          	bne	a3,a0,1a56 <SystemCoreClockUpdate+0x112>
    1a4e:	46d1                	li	a3,20
    1a50:	02e68733          	mul	a4,a3,a4
    1a54:	bfc9                	j	1a26 <SystemCoreClockUpdate+0xe2>
    1a56:	0689                	addi	a3,a3,2
    1a58:	bfe5                	j	1a50 <SystemCoreClockUpdate+0x10c>
    1a5a:	8b3d                	andi	a4,a4,15
    1a5c:	00170693          	addi	a3,a4,1 # 40021001 <_eusrstack+0x20019001>
    1a60:	007a1737          	lui	a4,0x7a1
    1a64:	20070713          	addi	a4,a4,512 # 7a1200 <_data_lma+0x797b44>
    1a68:	02d75733          	divu	a4,a4,a3
    1a6c:	b7f1                	j	1a38 <SystemCoreClockUpdate+0xf4>

00001a6e <ADC1_2_IRQHandler>:
    1a6e:	a001                	j	1a6e <ADC1_2_IRQHandler>

00001a70 <handle_reset>:
    1a70:	1ffff197          	auipc	gp,0x1ffff
    1a74:	f9818193          	addi	gp,gp,-104 # 20000a08 <__global_pointer$>
    1a78:	20006117          	auipc	sp,0x20006
    1a7c:	58810113          	addi	sp,sp,1416 # 20008000 <_eusrstack>
    1a80:	00008517          	auipc	a0,0x8
    1a84:	c3c50513          	addi	a0,a0,-964 # 96bc <_data_lma>
    1a88:	1fffe597          	auipc	a1,0x1fffe
    1a8c:	57858593          	addi	a1,a1,1400 # 20000000 <_data_vma>
    1a90:	82818613          	addi	a2,gp,-2008 # 20000230 <_edata>
    1a94:	00c5fa63          	bgeu	a1,a2,1aa8 <handle_reset+0x38>
    1a98:	00052283          	lw	t0,0(a0)
    1a9c:	0055a023          	sw	t0,0(a1)
    1aa0:	0511                	addi	a0,a0,4
    1aa2:	0591                	addi	a1,a1,4
    1aa4:	fec5eae3          	bltu	a1,a2,1a98 <handle_reset+0x28>
    1aa8:	82818513          	addi	a0,gp,-2008 # 20000230 <_edata>
    1aac:	d1c18593          	addi	a1,gp,-740 # 20000724 <_ebss>
    1ab0:	00b57763          	bgeu	a0,a1,1abe <handle_reset+0x4e>
    1ab4:	00052023          	sw	zero,0(a0)
    1ab8:	0511                	addi	a0,a0,4
    1aba:	feb56de3          	bltu	a0,a1,1ab4 <handle_reset+0x44>
    1abe:	42fd                	li	t0,31
    1ac0:	bc029073          	csrw	0xbc0,t0
    1ac4:	42ad                	li	t0,11
    1ac6:	80429073          	csrw	0x804,t0
    1aca:	000062b7          	lui	t0,0x6
    1ace:	08828293          	addi	t0,t0,136 # 6088 <rshift+0x5c>
    1ad2:	30029073          	csrw	mstatus,t0
    1ad6:	ffffe297          	auipc	t0,0xffffe
    1ada:	52e28293          	addi	t0,t0,1326 # 4 <_einit>
    1ade:	0032e293          	ori	t0,t0,3
    1ae2:	30529073          	csrw	mtvec,t0
    1ae6:	d65ff0ef          	jal	ra,184a <SystemInit>
    1aea:	00000297          	auipc	t0,0x0
    1aee:	c3e28293          	addi	t0,t0,-962 # 1728 <main>
    1af2:	34129073          	csrw	mepc,t0
    1af6:	30200073          	mret

00001afa <GPIO_Init>:
    1afa:	459c                	lw	a5,8(a1)
    1afc:	0107f713          	andi	a4,a5,16
    1b00:	00f7f813          	andi	a6,a5,15
    1b04:	c701                	beqz	a4,1b0c <GPIO_Init+0x12>
    1b06:	41d8                	lw	a4,4(a1)
    1b08:	00e86833          	or	a6,a6,a4
    1b0c:	218e                	lhu	a1,0(a1)
    1b0e:	0ff5f713          	andi	a4,a1,255
    1b12:	c339                	beqz	a4,1b58 <GPIO_Init+0x5e>
    1b14:	4118                	lw	a4,0(a0)
    1b16:	4681                	li	a3,0
    1b18:	4e85                	li	t4,1
    1b1a:	4f3d                	li	t5,15
    1b1c:	02800f93          	li	t6,40
    1b20:	04800293          	li	t0,72
    1b24:	4e21                	li	t3,8
    1b26:	00de9633          	sll	a2,t4,a3
    1b2a:	00c5f8b3          	and	a7,a1,a2
    1b2e:	03161163          	bne	a2,a7,1b50 <GPIO_Init+0x56>
    1b32:	00269893          	slli	a7,a3,0x2
    1b36:	011f1333          	sll	t1,t5,a7
    1b3a:	fff34313          	not	t1,t1
    1b3e:	00e37733          	and	a4,t1,a4
    1b42:	011818b3          	sll	a7,a6,a7
    1b46:	00e8e733          	or	a4,a7,a4
    1b4a:	05f79f63          	bne	a5,t6,1ba8 <GPIO_Init+0xae>
    1b4e:	c950                	sw	a2,20(a0)
    1b50:	0685                	addi	a3,a3,1
    1b52:	fdc69ae3          	bne	a3,t3,1b26 <GPIO_Init+0x2c>
    1b56:	c118                	sw	a4,0(a0)
    1b58:	0ff00713          	li	a4,255
    1b5c:	04b77563          	bgeu	a4,a1,1ba6 <GPIO_Init+0xac>
    1b60:	4154                	lw	a3,4(a0)
    1b62:	4621                	li	a2,8
    1b64:	4e85                	li	t4,1
    1b66:	4f3d                	li	t5,15
    1b68:	02800f93          	li	t6,40
    1b6c:	04800293          	li	t0,72
    1b70:	4e41                	li	t3,16
    1b72:	00ce98b3          	sll	a7,t4,a2
    1b76:	0115f733          	and	a4,a1,a7
    1b7a:	02e89263          	bne	a7,a4,1b9e <GPIO_Init+0xa4>
    1b7e:	00261713          	slli	a4,a2,0x2
    1b82:	1701                	addi	a4,a4,-32
    1b84:	00ef1333          	sll	t1,t5,a4
    1b88:	fff34313          	not	t1,t1
    1b8c:	00d376b3          	and	a3,t1,a3
    1b90:	00e81733          	sll	a4,a6,a4
    1b94:	8ed9                	or	a3,a3,a4
    1b96:	01f79d63          	bne	a5,t6,1bb0 <GPIO_Init+0xb6>
    1b9a:	01152a23          	sw	a7,20(a0)
    1b9e:	0605                	addi	a2,a2,1
    1ba0:	fdc619e3          	bne	a2,t3,1b72 <GPIO_Init+0x78>
    1ba4:	c154                	sw	a3,4(a0)
    1ba6:	8082                	ret
    1ba8:	fa5794e3          	bne	a5,t0,1b50 <GPIO_Init+0x56>
    1bac:	c910                	sw	a2,16(a0)
    1bae:	b74d                	j	1b50 <GPIO_Init+0x56>
    1bb0:	fe5797e3          	bne	a5,t0,1b9e <GPIO_Init+0xa4>
    1bb4:	01152823          	sw	a7,16(a0)
    1bb8:	b7dd                	j	1b9e <GPIO_Init+0xa4>

00001bba <GPIO_ResetBits>:
    1bba:	c94c                	sw	a1,20(a0)
    1bbc:	8082                	ret

00001bbe <GPIO_WriteBit>:
    1bbe:	c219                	beqz	a2,1bc4 <GPIO_WriteBit+0x6>
    1bc0:	c90c                	sw	a1,16(a0)
    1bc2:	8082                	ret
    1bc4:	c94c                	sw	a1,20(a0)
    1bc6:	8082                	ret

00001bc8 <NVIC_PriorityGroupConfig>:
    1bc8:	88a1a223          	sw	a0,-1916(gp) # 2000028c <NVIC_Priority_Group>
    1bcc:	8082                	ret

00001bce <NVIC_Init>:
    1bce:	8841a703          	lw	a4,-1916(gp) # 2000028c <NVIC_Priority_Group>
    1bd2:	4789                	li	a5,2
    1bd4:	2110                	lbu	a2,0(a0)
    1bd6:	02f71163          	bne	a4,a5,1bf8 <NVIC_Init+0x2a>
    1bda:	3114                	lbu	a3,1(a0)
    1bdc:	478d                	li	a5,3
    1bde:	00d7ed63          	bltu	a5,a3,1bf8 <NVIC_Init+0x2a>
    1be2:	213c                	lbu	a5,2(a0)
    1be4:	069a                	slli	a3,a3,0x6
    1be6:	e000e737          	lui	a4,0xe000e
    1bea:	0796                	slli	a5,a5,0x5
    1bec:	8fd5                	or	a5,a5,a3
    1bee:	0ff7f793          	andi	a5,a5,255
    1bf2:	9732                	add	a4,a4,a2
    1bf4:	40f70023          	sb	a5,1024(a4) # e000e400 <_eusrstack+0xc0006400>
    1bf8:	4154                	lw	a3,4(a0)
    1bfa:	4705                	li	a4,1
    1bfc:	00565793          	srli	a5,a2,0x5
    1c00:	00c71733          	sll	a4,a4,a2
    1c04:	ca89                	beqz	a3,1c16 <NVIC_Init+0x48>
    1c06:	04078793          	addi	a5,a5,64 # 40021040 <_eusrstack+0x20019040>
    1c0a:	078a                	slli	a5,a5,0x2
    1c0c:	e000e6b7          	lui	a3,0xe000e
    1c10:	97b6                	add	a5,a5,a3
    1c12:	c398                	sw	a4,0(a5)
    1c14:	8082                	ret
    1c16:	06078793          	addi	a5,a5,96
    1c1a:	e000e6b7          	lui	a3,0xe000e
    1c1e:	078a                	slli	a5,a5,0x2
    1c20:	97b6                	add	a5,a5,a3
    1c22:	c398                	sw	a4,0(a5)
    1c24:	0000100f          	fence.i
    1c28:	8082                	ret

00001c2a <RCC_GetClocksFreq>:
    1c2a:	40021737          	lui	a4,0x40021
    1c2e:	435c                	lw	a5,4(a4)
    1c30:	4691                	li	a3,4
    1c32:	8bb1                	andi	a5,a5,12
    1c34:	00d78563          	beq	a5,a3,1c3e <RCC_GetClocksFreq+0x14>
    1c38:	46a1                	li	a3,8
    1c3a:	06d78263          	beq	a5,a3,1c9e <RCC_GetClocksFreq+0x74>
    1c3e:	007a17b7          	lui	a5,0x7a1
    1c42:	20078793          	addi	a5,a5,512 # 7a1200 <_data_lma+0x797b44>
    1c46:	c11c                	sw	a5,0(a0)
    1c48:	40021637          	lui	a2,0x40021
    1c4c:	425c                	lw	a5,4(a2)
    1c4e:	20000737          	lui	a4,0x20000
    1c52:	02870713          	addi	a4,a4,40 # 20000028 <APBAHBPrescTable>
    1c56:	8391                	srli	a5,a5,0x4
    1c58:	8bbd                	andi	a5,a5,15
    1c5a:	97ba                	add	a5,a5,a4
    1c5c:	2394                	lbu	a3,0(a5)
    1c5e:	411c                	lw	a5,0(a0)
    1c60:	00d7d7b3          	srl	a5,a5,a3
    1c64:	c15c                	sw	a5,4(a0)
    1c66:	4254                	lw	a3,4(a2)
    1c68:	82a1                	srli	a3,a3,0x8
    1c6a:	8a9d                	andi	a3,a3,7
    1c6c:	96ba                	add	a3,a3,a4
    1c6e:	2294                	lbu	a3,0(a3)
    1c70:	00d7d6b3          	srl	a3,a5,a3
    1c74:	c514                	sw	a3,8(a0)
    1c76:	4254                	lw	a3,4(a2)
    1c78:	82ad                	srli	a3,a3,0xb
    1c7a:	8a9d                	andi	a3,a3,7
    1c7c:	9736                	add	a4,a4,a3
    1c7e:	2318                	lbu	a4,0(a4)
    1c80:	00e7d7b3          	srl	a5,a5,a4
    1c84:	c55c                	sw	a5,12(a0)
    1c86:	4258                	lw	a4,4(a2)
    1c88:	8339                	srli	a4,a4,0xe
    1c8a:	00377693          	andi	a3,a4,3
    1c8e:	81018713          	addi	a4,gp,-2032 # 20000218 <ADCPrescTable>
    1c92:	9736                	add	a4,a4,a3
    1c94:	2318                	lbu	a4,0(a4)
    1c96:	02e7d7b3          	divu	a5,a5,a4
    1c9a:	c91c                	sw	a5,16(a0)
    1c9c:	8082                	ret
    1c9e:	435c                	lw	a5,4(a4)
    1ca0:	4358                	lw	a4,4(a4)
    1ca2:	66c1                	lui	a3,0x10
    1ca4:	83c9                	srli	a5,a5,0x12
    1ca6:	8f75                	and	a4,a4,a3
    1ca8:	1ffff6b7          	lui	a3,0x1ffff
    1cac:	70c6a683          	lw	a3,1804(a3) # 1ffff70c <_data_lma+0x1fff6050>
    1cb0:	8bbd                	andi	a5,a5,15
    1cb2:	0789                	addi	a5,a5,2
    1cb4:	01169613          	slli	a2,a3,0x11
    1cb8:	00064863          	bltz	a2,1cc8 <RCC_GetClocksFreq+0x9e>
    1cbc:	46c5                	li	a3,17
    1cbe:	4601                	li	a2,0
    1cc0:	02d79263          	bne	a5,a3,1ce4 <RCC_GetClocksFreq+0xba>
    1cc4:	47c9                	li	a5,18
    1cc6:	a839                	j	1ce4 <RCC_GetClocksFreq+0xba>
    1cc8:	4689                	li	a3,2
    1cca:	02d78f63          	beq	a5,a3,1d08 <RCC_GetClocksFreq+0xde>
    1cce:	46bd                	li	a3,15
    1cd0:	02d78e63          	beq	a5,a3,1d0c <RCC_GetClocksFreq+0xe2>
    1cd4:	46c1                	li	a3,16
    1cd6:	02d78e63          	beq	a5,a3,1d12 <RCC_GetClocksFreq+0xe8>
    1cda:	46c5                	li	a3,17
    1cdc:	4601                	li	a2,0
    1cde:	00d79363          	bne	a5,a3,1ce4 <RCC_GetClocksFreq+0xba>
    1ce2:	47c1                	li	a5,16
    1ce4:	ef1d                	bnez	a4,1d22 <RCC_GetClocksFreq+0xf8>
    1ce6:	40024737          	lui	a4,0x40024
    1cea:	80072703          	lw	a4,-2048(a4) # 40023800 <_eusrstack+0x2001b800>
    1cee:	8b41                	andi	a4,a4,16
    1cf0:	c705                	beqz	a4,1d18 <RCC_GetClocksFreq+0xee>
    1cf2:	007a1737          	lui	a4,0x7a1
    1cf6:	20070713          	addi	a4,a4,512 # 7a1200 <_data_lma+0x797b44>
    1cfa:	02f707b3          	mul	a5,a4,a5
    1cfe:	c11c                	sw	a5,0(a0)
    1d00:	d621                	beqz	a2,1c48 <RCC_GetClocksFreq+0x1e>
    1d02:	411c                	lw	a5,0(a0)
    1d04:	8385                	srli	a5,a5,0x1
    1d06:	b781                	j	1c46 <RCC_GetClocksFreq+0x1c>
    1d08:	4601                	li	a2,0
    1d0a:	bf6d                	j	1cc4 <RCC_GetClocksFreq+0x9a>
    1d0c:	4605                	li	a2,1
    1d0e:	47b5                	li	a5,13
    1d10:	bfd1                	j	1ce4 <RCC_GetClocksFreq+0xba>
    1d12:	4601                	li	a2,0
    1d14:	47bd                	li	a5,15
    1d16:	b7f9                	j	1ce4 <RCC_GetClocksFreq+0xba>
    1d18:	003d1737          	lui	a4,0x3d1
    1d1c:	90070713          	addi	a4,a4,-1792 # 3d0900 <_data_lma+0x3c7244>
    1d20:	bfe9                	j	1cfa <RCC_GetClocksFreq+0xd0>
    1d22:	400215b7          	lui	a1,0x40021
    1d26:	55d8                	lw	a4,44(a1)
    1d28:	00f71693          	slli	a3,a4,0xf
    1d2c:	55d8                	lw	a4,44(a1)
    1d2e:	0406df63          	bgez	a3,1d8c <RCC_GetClocksFreq+0x162>
    1d32:	8311                	srli	a4,a4,0x4
    1d34:	8b3d                	andi	a4,a4,15
    1d36:	00170693          	addi	a3,a4,1
    1d3a:	007a1737          	lui	a4,0x7a1
    1d3e:	20070713          	addi	a4,a4,512 # 7a1200 <_data_lma+0x797b44>
    1d42:	02d75733          	divu	a4,a4,a3
    1d46:	c118                	sw	a4,0(a0)
    1d48:	55d4                	lw	a3,44(a1)
    1d4a:	82a1                	srli	a3,a3,0x8
    1d4c:	8abd                	andi	a3,a3,15
    1d4e:	e28d                	bnez	a3,1d70 <RCC_GetClocksFreq+0x146>
    1d50:	4695                	li	a3,5
    1d52:	02d70733          	mul	a4,a4,a3
    1d56:	8305                	srli	a4,a4,0x1
    1d58:	c118                	sw	a4,0(a0)
    1d5a:	40021737          	lui	a4,0x40021
    1d5e:	5758                	lw	a4,44(a4)
    1d60:	4114                	lw	a3,0(a0)
    1d62:	8b3d                	andi	a4,a4,15
    1d64:	0705                	addi	a4,a4,1
    1d66:	02e6d733          	divu	a4,a3,a4
    1d6a:	c118                	sw	a4,0(a0)
    1d6c:	4118                	lw	a4,0(a0)
    1d6e:	b771                	j	1cfa <RCC_GetClocksFreq+0xd0>
    1d70:	4585                	li	a1,1
    1d72:	00b69463          	bne	a3,a1,1d7a <RCC_GetClocksFreq+0x150>
    1d76:	46e5                	li	a3,25
    1d78:	bfe9                	j	1d52 <RCC_GetClocksFreq+0x128>
    1d7a:	45bd                	li	a1,15
    1d7c:	00b69663          	bne	a3,a1,1d88 <RCC_GetClocksFreq+0x15e>
    1d80:	46d1                	li	a3,20
    1d82:	02e68733          	mul	a4,a3,a4
    1d86:	bfc9                	j	1d58 <RCC_GetClocksFreq+0x12e>
    1d88:	0689                	addi	a3,a3,2
    1d8a:	bfe5                	j	1d82 <RCC_GetClocksFreq+0x158>
    1d8c:	8b3d                	andi	a4,a4,15
    1d8e:	00170693          	addi	a3,a4,1 # 40021001 <_eusrstack+0x20019001>
    1d92:	007a1737          	lui	a4,0x7a1
    1d96:	20070713          	addi	a4,a4,512 # 7a1200 <_data_lma+0x797b44>
    1d9a:	02d75733          	divu	a4,a4,a3
    1d9e:	b7f1                	j	1d6a <RCC_GetClocksFreq+0x140>

00001da0 <RCC_APB2PeriphClockCmd>:
    1da0:	c599                	beqz	a1,1dae <RCC_APB2PeriphClockCmd+0xe>
    1da2:	40021737          	lui	a4,0x40021
    1da6:	4f1c                	lw	a5,24(a4)
    1da8:	8d5d                	or	a0,a0,a5
    1daa:	cf08                	sw	a0,24(a4)
    1dac:	8082                	ret
    1dae:	400217b7          	lui	a5,0x40021
    1db2:	4f98                	lw	a4,24(a5)
    1db4:	fff54513          	not	a0,a0
    1db8:	8d79                	and	a0,a0,a4
    1dba:	cf88                	sw	a0,24(a5)
    1dbc:	8082                	ret

00001dbe <RCC_APB1PeriphClockCmd>:
    1dbe:	c599                	beqz	a1,1dcc <RCC_APB1PeriphClockCmd+0xe>
    1dc0:	40021737          	lui	a4,0x40021
    1dc4:	4f5c                	lw	a5,28(a4)
    1dc6:	8d5d                	or	a0,a0,a5
    1dc8:	cf48                	sw	a0,28(a4)
    1dca:	8082                	ret
    1dcc:	400217b7          	lui	a5,0x40021
    1dd0:	4fd8                	lw	a4,28(a5)
    1dd2:	fff54513          	not	a0,a0
    1dd6:	8d79                	and	a0,a0,a4
    1dd8:	cfc8                	sw	a0,28(a5)
    1dda:	8082                	ret

00001ddc <TI1_Config>:
    1ddc:	311e                	lhu	a5,32(a0)
    1dde:	0692                	slli	a3,a3,0x4
    1de0:	8e55                	or	a2,a2,a3
    1de2:	07c2                	slli	a5,a5,0x10
    1de4:	83c1                	srli	a5,a5,0x10
    1de6:	9bf9                	andi	a5,a5,-2
    1de8:	07c2                	slli	a5,a5,0x10
    1dea:	83c1                	srli	a5,a5,0x10
    1dec:	b11e                	sh	a5,32(a0)
    1dee:	2d1a                	lhu	a4,24(a0)
    1df0:	311e                	lhu	a5,32(a0)
    1df2:	0742                	slli	a4,a4,0x10
    1df4:	8341                	srli	a4,a4,0x10
    1df6:	07c2                	slli	a5,a5,0x10
    1df8:	f0c77713          	andi	a4,a4,-244
    1dfc:	83c1                	srli	a5,a5,0x10
    1dfe:	8f51                	or	a4,a4,a2
    1e00:	0742                	slli	a4,a4,0x10
    1e02:	9bf5                	andi	a5,a5,-3
    1e04:	8341                	srli	a4,a4,0x10
    1e06:	8fcd                	or	a5,a5,a1
    1e08:	0017e793          	ori	a5,a5,1
    1e0c:	ad1a                	sh	a4,24(a0)
    1e0e:	b11e                	sh	a5,32(a0)
    1e10:	8082                	ret

00001e12 <TI2_Config>:
    1e12:	311e                	lhu	a5,32(a0)
    1e14:	06b2                	slli	a3,a3,0xc
    1e16:	0622                	slli	a2,a2,0x8
    1e18:	07c2                	slli	a5,a5,0x10
    1e1a:	83c1                	srli	a5,a5,0x10
    1e1c:	9bbd                	andi	a5,a5,-17
    1e1e:	07c2                	slli	a5,a5,0x10
    1e20:	83c1                	srli	a5,a5,0x10
    1e22:	b11e                	sh	a5,32(a0)
    1e24:	01855803          	lhu	a6,24(a0)
    1e28:	311a                	lhu	a4,32(a0)
    1e2a:	6785                	lui	a5,0x1
    1e2c:	cff78793          	addi	a5,a5,-769 # cff <HMI_task+0x2f9>
    1e30:	0742                	slli	a4,a4,0x10
    1e32:	8341                	srli	a4,a4,0x10
    1e34:	0107f7b3          	and	a5,a5,a6
    1e38:	8ed1                	or	a3,a3,a2
    1e3a:	0592                	slli	a1,a1,0x4
    1e3c:	fdf77713          	andi	a4,a4,-33
    1e40:	8fd5                	or	a5,a5,a3
    1e42:	8dd9                	or	a1,a1,a4
    1e44:	07c2                	slli	a5,a5,0x10
    1e46:	05c2                	slli	a1,a1,0x10
    1e48:	83c1                	srli	a5,a5,0x10
    1e4a:	81c1                	srli	a1,a1,0x10
    1e4c:	0105e593          	ori	a1,a1,16
    1e50:	ad1e                	sh	a5,24(a0)
    1e52:	b10e                	sh	a1,32(a0)
    1e54:	8082                	ret

00001e56 <TIM_TimeBaseInit>:
    1e56:	1ffff737          	lui	a4,0x1ffff
    1e5a:	70472703          	lw	a4,1796(a4) # 1ffff704 <_data_lma+0x1fff6048>
    1e5e:	211e                	lhu	a5,0(a0)
    1e60:	4691                	li	a3,4
    1e62:	8311                	srli	a4,a4,0x4
    1e64:	8b3d                	andi	a4,a4,15
    1e66:	07c2                	slli	a5,a5,0x10
    1e68:	1771                	addi	a4,a4,-4
    1e6a:	83c1                	srli	a5,a5,0x10
    1e6c:	02e6e663          	bltu	a3,a4,1e98 <TIM_TimeBaseInit+0x42>
    1e70:	40013737          	lui	a4,0x40013
    1e74:	c0070693          	addi	a3,a4,-1024 # 40012c00 <_eusrstack+0x2000ac00>
    1e78:	00d50e63          	beq	a0,a3,1e94 <TIM_TimeBaseInit+0x3e>
    1e7c:	40070713          	addi	a4,a4,1024
    1e80:	00e50a63          	beq	a0,a4,1e94 <TIM_TimeBaseInit+0x3e>
    1e84:	40015737          	lui	a4,0x40015
    1e88:	c0070693          	addi	a3,a4,-1024 # 40014c00 <_eusrstack+0x2000cc00>
    1e8c:	00d50463          	beq	a0,a3,1e94 <TIM_TimeBaseInit+0x3e>
    1e90:	00e51a63          	bne	a0,a4,1ea4 <TIM_TimeBaseInit+0x4e>
    1e94:	6709                	lui	a4,0x2
    1e96:	8fd9                	or	a5,a5,a4
    1e98:	40013737          	lui	a4,0x40013
    1e9c:	c0070713          	addi	a4,a4,-1024 # 40012c00 <_eusrstack+0x2000ac00>
    1ea0:	04e50263          	beq	a0,a4,1ee4 <TIM_TimeBaseInit+0x8e>
    1ea4:	40000737          	lui	a4,0x40000
    1ea8:	02e50e63          	beq	a0,a4,1ee4 <TIM_TimeBaseInit+0x8e>
    1eac:	40070713          	addi	a4,a4,1024 # 40000400 <_eusrstack+0x1fff8400>
    1eb0:	02e50a63          	beq	a0,a4,1ee4 <TIM_TimeBaseInit+0x8e>
    1eb4:	40001737          	lui	a4,0x40001
    1eb8:	80070693          	addi	a3,a4,-2048 # 40000800 <_eusrstack+0x1fff8800>
    1ebc:	02d50463          	beq	a0,a3,1ee4 <TIM_TimeBaseInit+0x8e>
    1ec0:	c0070713          	addi	a4,a4,-1024
    1ec4:	02e50063          	beq	a0,a4,1ee4 <TIM_TimeBaseInit+0x8e>
    1ec8:	40013737          	lui	a4,0x40013
    1ecc:	40070713          	addi	a4,a4,1024 # 40013400 <_eusrstack+0x2000b400>
    1ed0:	00e50a63          	beq	a0,a4,1ee4 <TIM_TimeBaseInit+0x8e>
    1ed4:	40015737          	lui	a4,0x40015
    1ed8:	c0070693          	addi	a3,a4,-1024 # 40014c00 <_eusrstack+0x2000cc00>
    1edc:	00d50463          	beq	a0,a3,1ee4 <TIM_TimeBaseInit+0x8e>
    1ee0:	00e51863          	bne	a0,a4,1ef0 <TIM_TimeBaseInit+0x9a>
    1ee4:	f8f7f793          	andi	a5,a5,-113
    1ee8:	21ba                	lhu	a4,2(a1)
    1eea:	07c2                	slli	a5,a5,0x10
    1eec:	83c1                	srli	a5,a5,0x10
    1eee:	8fd9                	or	a5,a5,a4
    1ef0:	40001737          	lui	a4,0x40001
    1ef4:	00e50c63          	beq	a0,a4,1f0c <TIM_TimeBaseInit+0xb6>
    1ef8:	40070713          	addi	a4,a4,1024 # 40001400 <_eusrstack+0x1fff9400>
    1efc:	00e50863          	beq	a0,a4,1f0c <TIM_TimeBaseInit+0xb6>
    1f00:	cff7f793          	andi	a5,a5,-769
    1f04:	21fa                	lhu	a4,6(a1)
    1f06:	07c2                	slli	a5,a5,0x10
    1f08:	83c1                	srli	a5,a5,0x10
    1f0a:	8fd9                	or	a5,a5,a4
    1f0c:	a11e                	sh	a5,0(a0)
    1f0e:	21de                	lhu	a5,4(a1)
    1f10:	b55e                	sh	a5,44(a0)
    1f12:	219e                	lhu	a5,0(a1)
    1f14:	b51e                	sh	a5,40(a0)
    1f16:	400137b7          	lui	a5,0x40013
    1f1a:	c0078713          	addi	a4,a5,-1024 # 40012c00 <_eusrstack+0x2000ac00>
    1f1e:	00e50e63          	beq	a0,a4,1f3a <TIM_TimeBaseInit+0xe4>
    1f22:	40078793          	addi	a5,a5,1024
    1f26:	00f50a63          	beq	a0,a5,1f3a <TIM_TimeBaseInit+0xe4>
    1f2a:	400157b7          	lui	a5,0x40015
    1f2e:	c0078713          	addi	a4,a5,-1024 # 40014c00 <_eusrstack+0x2000cc00>
    1f32:	00e50463          	beq	a0,a4,1f3a <TIM_TimeBaseInit+0xe4>
    1f36:	00f51463          	bne	a0,a5,1f3e <TIM_TimeBaseInit+0xe8>
    1f3a:	259c                	lbu	a5,8(a1)
    1f3c:	b91e                	sh	a5,48(a0)
    1f3e:	4785                	li	a5,1
    1f40:	a95e                	sh	a5,20(a0)
    1f42:	8082                	ret

00001f44 <TIM_Cmd>:
    1f44:	211e                	lhu	a5,0(a0)
    1f46:	c589                	beqz	a1,1f50 <TIM_Cmd+0xc>
    1f48:	0017e793          	ori	a5,a5,1
    1f4c:	a11e                	sh	a5,0(a0)
    1f4e:	8082                	ret
    1f50:	07c2                	slli	a5,a5,0x10
    1f52:	83c1                	srli	a5,a5,0x10
    1f54:	9bf9                	andi	a5,a5,-2
    1f56:	07c2                	slli	a5,a5,0x10
    1f58:	83c1                	srli	a5,a5,0x10
    1f5a:	bfcd                	j	1f4c <TIM_Cmd+0x8>

00001f5c <TIM_ITConfig>:
    1f5c:	255e                	lhu	a5,12(a0)
    1f5e:	c601                	beqz	a2,1f66 <TIM_ITConfig+0xa>
    1f60:	8ddd                	or	a1,a1,a5
    1f62:	a54e                	sh	a1,12(a0)
    1f64:	8082                	ret
    1f66:	fff5c593          	not	a1,a1
    1f6a:	8dfd                	and	a1,a1,a5
    1f6c:	bfdd                	j	1f62 <TIM_ITConfig+0x6>

00001f6e <TIM_SelectInputTrigger>:
    1f6e:	251e                	lhu	a5,8(a0)
    1f70:	07c2                	slli	a5,a5,0x10
    1f72:	83c1                	srli	a5,a5,0x10
    1f74:	f8f7f793          	andi	a5,a5,-113
    1f78:	8ddd                	or	a1,a1,a5
    1f7a:	a50e                	sh	a1,8(a0)
    1f7c:	8082                	ret

00001f7e <TIM_SelectSlaveMode>:
    1f7e:	251e                	lhu	a5,8(a0)
    1f80:	07c2                	slli	a5,a5,0x10
    1f82:	83c1                	srli	a5,a5,0x10
    1f84:	9be1                	andi	a5,a5,-8
    1f86:	07c2                	slli	a5,a5,0x10
    1f88:	83c1                	srli	a5,a5,0x10
    1f8a:	a51e                	sh	a5,8(a0)
    1f8c:	251e                	lhu	a5,8(a0)
    1f8e:	8ddd                	or	a1,a1,a5
    1f90:	a50e                	sh	a1,8(a0)
    1f92:	8082                	ret

00001f94 <TIM_SelectMasterSlaveMode>:
    1f94:	251e                	lhu	a5,8(a0)
    1f96:	07c2                	slli	a5,a5,0x10
    1f98:	83c1                	srli	a5,a5,0x10
    1f9a:	f7f7f793          	andi	a5,a5,-129
    1f9e:	07c2                	slli	a5,a5,0x10
    1fa0:	83c1                	srli	a5,a5,0x10
    1fa2:	a51e                	sh	a5,8(a0)
    1fa4:	251e                	lhu	a5,8(a0)
    1fa6:	8ddd                	or	a1,a1,a5
    1fa8:	a50e                	sh	a1,8(a0)
    1faa:	8082                	ret

00001fac <TIM_SetIC1Prescaler>:
    1fac:	2d1e                	lhu	a5,24(a0)
    1fae:	07c2                	slli	a5,a5,0x10
    1fb0:	83c1                	srli	a5,a5,0x10
    1fb2:	9bcd                	andi	a5,a5,-13
    1fb4:	07c2                	slli	a5,a5,0x10
    1fb6:	83c1                	srli	a5,a5,0x10
    1fb8:	ad1e                	sh	a5,24(a0)
    1fba:	2d1e                	lhu	a5,24(a0)
    1fbc:	8ddd                	or	a1,a1,a5
    1fbe:	ad0e                	sh	a1,24(a0)
    1fc0:	8082                	ret

00001fc2 <TIM_SetIC2Prescaler>:
    1fc2:	2d1a                	lhu	a4,24(a0)
    1fc4:	77fd                	lui	a5,0xfffff
    1fc6:	3ff78793          	addi	a5,a5,1023 # fffff3ff <_eusrstack+0xdfff73ff>
    1fca:	8ff9                	and	a5,a5,a4
    1fcc:	ad1e                	sh	a5,24(a0)
    1fce:	2d1e                	lhu	a5,24(a0)
    1fd0:	05a2                	slli	a1,a1,0x8
    1fd2:	8ddd                	or	a1,a1,a5
    1fd4:	05c2                	slli	a1,a1,0x10
    1fd6:	81c1                	srli	a1,a1,0x10
    1fd8:	ad0e                	sh	a1,24(a0)
    1fda:	8082                	ret

00001fdc <TIM_PWMIConfig>:
    1fdc:	9fafe2ef          	jal	t0,1d6 <__riscv_save_4>
    1fe0:	842e                	mv	s0,a1
    1fe2:	21ae                	lhu	a1,2(a1)
    1fe4:	2052                	lhu	a2,4(s0)
    1fe6:	4785                	li	a5,1
    1fe8:	0015b913          	seqz	s2,a1
    1fec:	84aa                	mv	s1,a0
    1fee:	0906                	slli	s2,s2,0x1
    1ff0:	4985                	li	s3,1
    1ff2:	00f61363          	bne	a2,a5,1ff8 <TIM_PWMIConfig+0x1c>
    1ff6:	4989                	li	s3,2
    1ff8:	201e                	lhu	a5,0(s0)
    1ffa:	2416                	lhu	a3,8(s0)
    1ffc:	8526                	mv	a0,s1
    1ffe:	e38d                	bnez	a5,2020 <TIM_PWMIConfig+0x44>
    2000:	dddff0ef          	jal	ra,1ddc <TI1_Config>
    2004:	206e                	lhu	a1,6(s0)
    2006:	8526                	mv	a0,s1
    2008:	3755                	jal	1fac <TIM_SetIC1Prescaler>
    200a:	2416                	lhu	a3,8(s0)
    200c:	85ca                	mv	a1,s2
    200e:	8526                	mv	a0,s1
    2010:	864e                	mv	a2,s3
    2012:	e01ff0ef          	jal	ra,1e12 <TI2_Config>
    2016:	206e                	lhu	a1,6(s0)
    2018:	8526                	mv	a0,s1
    201a:	3765                	jal	1fc2 <TIM_SetIC2Prescaler>
    201c:	9eefe06f          	j	20a <__riscv_restore_4>
    2020:	df3ff0ef          	jal	ra,1e12 <TI2_Config>
    2024:	206e                	lhu	a1,6(s0)
    2026:	8526                	mv	a0,s1
    2028:	3f69                	jal	1fc2 <TIM_SetIC2Prescaler>
    202a:	2416                	lhu	a3,8(s0)
    202c:	85ca                	mv	a1,s2
    202e:	8526                	mv	a0,s1
    2030:	864e                	mv	a2,s3
    2032:	dabff0ef          	jal	ra,1ddc <TI1_Config>
    2036:	206e                	lhu	a1,6(s0)
    2038:	8526                	mv	a0,s1
    203a:	3f8d                	jal	1fac <TIM_SetIC1Prescaler>
    203c:	b7c5                	j	201c <TIM_PWMIConfig+0x40>

0000203e <TIM_GetCapture1>:
    203e:	394a                	lhu	a0,52(a0)
    2040:	8082                	ret

00002042 <TIM_GetITStatus>:
    2042:	291e                	lhu	a5,16(a0)
    2044:	254a                	lhu	a0,12(a0)
    2046:	8fed                	and	a5,a5,a1
    2048:	0542                	slli	a0,a0,0x10
    204a:	8141                	srli	a0,a0,0x10
    204c:	c789                	beqz	a5,2056 <TIM_GetITStatus+0x14>
    204e:	8d6d                	and	a0,a0,a1
    2050:	00a03533          	snez	a0,a0
    2054:	8082                	ret
    2056:	4501                	li	a0,0
    2058:	8082                	ret

0000205a <TIM_ClearITPendingBit>:
    205a:	fff5c593          	not	a1,a1
    205e:	05c2                	slli	a1,a1,0x10
    2060:	81c1                	srli	a1,a1,0x10
    2062:	a90e                	sh	a1,16(a0)
    2064:	8082                	ret

00002066 <USART_Init>:
    2066:	98afe2ef          	jal	t0,1f0 <__riscv_save_0>
    206a:	2916                	lhu	a3,16(a0)
    206c:	77f5                	lui	a5,0xffffd
    206e:	17fd                	addi	a5,a5,-1
    2070:	8ff5                	and	a5,a5,a3
    2072:	21f6                	lhu	a3,6(a1)
    2074:	25da                	lhu	a4,12(a1)
    2076:	7179                	addi	sp,sp,-48
    2078:	8fd5                	or	a5,a5,a3
    207a:	a91e                	sh	a5,16(a0)
    207c:	2556                	lhu	a3,12(a0)
    207e:	77fd                	lui	a5,0xfffff
    2080:	9f378793          	addi	a5,a5,-1549 # ffffe9f3 <_eusrstack+0xdfff69f3>
    2084:	8ff5                	and	a5,a5,a3
    2086:	21d6                	lhu	a3,4(a1)
    2088:	842a                	mv	s0,a0
    208a:	c62e                	sw	a1,12(sp)
    208c:	8fd5                	or	a5,a5,a3
    208e:	2596                	lhu	a3,8(a1)
    2090:	8fd5                	or	a5,a5,a3
    2092:	25b6                	lhu	a3,10(a1)
    2094:	8fd5                	or	a5,a5,a3
    2096:	a55e                	sh	a5,12(a0)
    2098:	295e                	lhu	a5,20(a0)
    209a:	07c2                	slli	a5,a5,0x10
    209c:	83c1                	srli	a5,a5,0x10
    209e:	cff7f793          	andi	a5,a5,-769
    20a2:	8fd9                	or	a5,a5,a4
    20a4:	a95e                	sh	a5,20(a0)
    20a6:	0868                	addi	a0,sp,28
    20a8:	b83ff0ef          	jal	ra,1c2a <RCC_GetClocksFreq>
    20ac:	400147b7          	lui	a5,0x40014
    20b0:	80078793          	addi	a5,a5,-2048 # 40013800 <_eusrstack+0x2000b800>
    20b4:	45b2                	lw	a1,12(sp)
    20b6:	02f41e63          	bne	s0,a5,20f2 <USART_Init+0x8c>
    20ba:	57a2                	lw	a5,40(sp)
    20bc:	4765                	li	a4,25
    20be:	02e787b3          	mul	a5,a5,a4
    20c2:	4198                	lw	a4,0(a1)
    20c4:	06400693          	li	a3,100
    20c8:	070a                	slli	a4,a4,0x2
    20ca:	02e7d7b3          	divu	a5,a5,a4
    20ce:	02d7d733          	divu	a4,a5,a3
    20d2:	02d7f7b3          	remu	a5,a5,a3
    20d6:	0712                	slli	a4,a4,0x4
    20d8:	0792                	slli	a5,a5,0x4
    20da:	03278793          	addi	a5,a5,50
    20de:	02d7d7b3          	divu	a5,a5,a3
    20e2:	8bbd                	andi	a5,a5,15
    20e4:	8fd9                	or	a5,a5,a4
    20e6:	07c2                	slli	a5,a5,0x10
    20e8:	83c1                	srli	a5,a5,0x10
    20ea:	a41e                	sh	a5,8(s0)
    20ec:	6145                	addi	sp,sp,48
    20ee:	926fe06f          	j	214 <__riscv_restore_0>
    20f2:	5792                	lw	a5,36(sp)
    20f4:	b7e1                	j	20bc <USART_Init+0x56>

000020f6 <USART_Cmd>:
    20f6:	c591                	beqz	a1,2102 <USART_Cmd+0xc>
    20f8:	255e                	lhu	a5,12(a0)
    20fa:	6709                	lui	a4,0x2
    20fc:	8fd9                	or	a5,a5,a4
    20fe:	a55e                	sh	a5,12(a0)
    2100:	8082                	ret
    2102:	255a                	lhu	a4,12(a0)
    2104:	77f9                	lui	a5,0xffffe
    2106:	17fd                	addi	a5,a5,-1
    2108:	8ff9                	and	a5,a5,a4
    210a:	bfd5                	j	20fe <USART_Cmd+0x8>

0000210c <USART_ITConfig>:
    210c:	0ff5f713          	andi	a4,a1,255
    2110:	4785                	li	a5,1
    2112:	8315                	srli	a4,a4,0x5
    2114:	00b795b3          	sll	a1,a5,a1
    2118:	00f71963          	bne	a4,a5,212a <USART_ITConfig+0x1e>
    211c:	00c50793          	addi	a5,a0,12
    2120:	4398                	lw	a4,0(a5)
    2122:	ce01                	beqz	a2,213a <USART_ITConfig+0x2e>
    2124:	8dd9                	or	a1,a1,a4
    2126:	c38c                	sw	a1,0(a5)
    2128:	8082                	ret
    212a:	4689                	li	a3,2
    212c:	01450793          	addi	a5,a0,20
    2130:	fed718e3          	bne	a4,a3,2120 <USART_ITConfig+0x14>
    2134:	01050793          	addi	a5,a0,16
    2138:	b7e5                	j	2120 <USART_ITConfig+0x14>
    213a:	fff5c593          	not	a1,a1
    213e:	8df9                	and	a1,a1,a4
    2140:	b7dd                	j	2126 <USART_ITConfig+0x1a>

00002142 <USART_SendData>:
    2142:	1ff5f593          	andi	a1,a1,511
    2146:	a14e                	sh	a1,4(a0)
    2148:	8082                	ret

0000214a <USART_ReceiveData>:
    214a:	214a                	lhu	a0,4(a0)
    214c:	1ff57513          	andi	a0,a0,511
    2150:	8082                	ret

00002152 <USART_GetFlagStatus>:
    2152:	210a                	lhu	a0,0(a0)
    2154:	8d6d                	and	a0,a0,a1
    2156:	00a03533          	snez	a0,a0
    215a:	8082                	ret

0000215c <USART_GetITStatus>:
    215c:	0ff5f713          	andi	a4,a1,255
    2160:	4685                	li	a3,1
    2162:	8315                	srli	a4,a4,0x5
    2164:	00b697b3          	sll	a5,a3,a1
    2168:	02d71163          	bne	a4,a3,218a <USART_GetITStatus+0x2e>
    216c:	255a                	lhu	a4,12(a0)
    216e:	8ff9                	and	a5,a5,a4
    2170:	211a                	lhu	a4,0(a0)
    2172:	4501                	li	a0,0
    2174:	0742                	slli	a4,a4,0x10
    2176:	8341                	srli	a4,a4,0x10
    2178:	cb81                	beqz	a5,2188 <USART_GetITStatus+0x2c>
    217a:	4505                	li	a0,1
    217c:	81a1                	srli	a1,a1,0x8
    217e:	00b515b3          	sll	a1,a0,a1
    2182:	8f6d                	and	a4,a4,a1
    2184:	00e03533          	snez	a0,a4
    2188:	8082                	ret
    218a:	4689                	li	a3,2
    218c:	00d71463          	bne	a4,a3,2194 <USART_GetITStatus+0x38>
    2190:	291a                	lhu	a4,16(a0)
    2192:	bff1                	j	216e <USART_GetITStatus+0x12>
    2194:	295a                	lhu	a4,20(a0)
    2196:	bfe1                	j	216e <USART_GetITStatus+0x12>

00002198 <USART_ClearITPendingBit>:
    2198:	81a1                	srli	a1,a1,0x8
    219a:	4785                	li	a5,1
    219c:	00b797b3          	sll	a5,a5,a1
    21a0:	fff7c793          	not	a5,a5
    21a4:	07c2                	slli	a5,a5,0x10
    21a6:	83c1                	srli	a5,a5,0x10
    21a8:	a11e                	sh	a5,0(a0)
    21aa:	8082                	ret

000021ac <Delay_Init>:
    21ac:	80c1a783          	lw	a5,-2036(gp) # 20000214 <SystemCoreClock>
    21b0:	007a1737          	lui	a4,0x7a1
    21b4:	20070713          	addi	a4,a4,512 # 7a1200 <_data_lma+0x797b44>
    21b8:	02e7d7b3          	divu	a5,a5,a4
    21bc:	0ff7f793          	andi	a5,a5,255
    21c0:	88f18523          	sb	a5,-1910(gp) # 20000292 <p_us>
    21c4:	3e800713          	li	a4,1000
    21c8:	02e787b3          	mul	a5,a5,a4
    21cc:	88f19423          	sh	a5,-1912(gp) # 20000290 <p_ms>
    21d0:	8082                	ret

000021d2 <Delay_Ms>:
    21d2:	e000f7b7          	lui	a5,0xe000f
    21d6:	43d8                	lw	a4,4(a5)
    21d8:	4681                	li	a3,0
    21da:	9b79                	andi	a4,a4,-2
    21dc:	c3d8                	sw	a4,4(a5)
    21de:	8881d703          	lhu	a4,-1912(gp) # 20000290 <p_ms>
    21e2:	02a70633          	mul	a2,a4,a0
    21e6:	cb90                	sw	a2,16(a5)
    21e8:	cbd4                	sw	a3,20(a5)
    21ea:	4398                	lw	a4,0(a5)
    21ec:	01076713          	ori	a4,a4,16
    21f0:	c398                	sw	a4,0(a5)
    21f2:	4398                	lw	a4,0(a5)
    21f4:	02176713          	ori	a4,a4,33
    21f8:	c398                	sw	a4,0(a5)
    21fa:	43d8                	lw	a4,4(a5)
    21fc:	8b05                	andi	a4,a4,1
    21fe:	df75                	beqz	a4,21fa <Delay_Ms+0x28>
    2200:	4398                	lw	a4,0(a5)
    2202:	9b79                	andi	a4,a4,-2
    2204:	c398                	sw	a4,0(a5)
    2206:	8082                	ret

00002208 <USART_Printf_Init>:
    2208:	fe9fd2ef          	jal	t0,1f0 <__riscv_save_0>
    220c:	842a                	mv	s0,a0
    220e:	6511                	lui	a0,0x4
    2210:	1101                	addi	sp,sp,-32
    2212:	4585                	li	a1,1
    2214:	0511                	addi	a0,a0,4
    2216:	b8bff0ef          	jal	ra,1da0 <RCC_APB2PeriphClockCmd>
    221a:	20000793          	li	a5,512
    221e:	827c                	sh	a5,4(sp)
    2220:	40011537          	lui	a0,0x40011
    2224:	478d                	li	a5,3
    2226:	c43e                	sw	a5,8(sp)
    2228:	004c                	addi	a1,sp,4
    222a:	47e1                	li	a5,24
    222c:	80050513          	addi	a0,a0,-2048 # 40010800 <_eusrstack+0x20008800>
    2230:	c63e                	sw	a5,12(sp)
    2232:	8c9ff0ef          	jal	ra,1afa <GPIO_Init>
    2236:	c822                	sw	s0,16(sp)
    2238:	40014437          	lui	s0,0x40014
    223c:	000807b7          	lui	a5,0x80
    2240:	080c                	addi	a1,sp,16
    2242:	80040513          	addi	a0,s0,-2048 # 40013800 <_eusrstack+0x2000b800>
    2246:	cc3e                	sw	a5,24(sp)
    2248:	ca02                	sw	zero,20(sp)
    224a:	00011e23          	sh	zero,28(sp)
    224e:	e19ff0ef          	jal	ra,2066 <USART_Init>
    2252:	4585                	li	a1,1
    2254:	80040513          	addi	a0,s0,-2048
    2258:	e9fff0ef          	jal	ra,20f6 <USART_Cmd>
    225c:	6105                	addi	sp,sp,32
    225e:	fb7fd06f          	j	214 <__riscv_restore_0>

00002262 <_write>:
    2262:	f75fd2ef          	jal	t0,1d6 <__riscv_save_4>
    2266:	400144b7          	lui	s1,0x40014
    226a:	89ae                	mv	s3,a1
    226c:	8932                	mv	s2,a2
    226e:	4401                	li	s0,0
    2270:	80048493          	addi	s1,s1,-2048 # 40013800 <_eusrstack+0x2000b800>
    2274:	01244563          	blt	s0,s2,227e <_write+0x1c>
    2278:	854a                	mv	a0,s2
    227a:	f91fd06f          	j	20a <__riscv_restore_4>
    227e:	04000593          	li	a1,64
    2282:	8526                	mv	a0,s1
    2284:	ecfff0ef          	jal	ra,2152 <USART_GetFlagStatus>
    2288:	d97d                	beqz	a0,227e <_write+0x1c>
    228a:	008987b3          	add	a5,s3,s0
    228e:	00078583          	lb	a1,0(a5) # 80000 <_data_lma+0x76944>
    2292:	8526                	mv	a0,s1
    2294:	0405                	addi	s0,s0,1
    2296:	05c2                	slli	a1,a1,0x10
    2298:	81c1                	srli	a1,a1,0x10
    229a:	ea9ff0ef          	jal	ra,2142 <USART_SendData>
    229e:	bfd9                	j	2274 <_write+0x12>

000022a0 <_sbrk>:
    22a0:	81418713          	addi	a4,gp,-2028 # 2000021c <curbrk.5273>
    22a4:	431c                	lw	a5,0(a4)
    22a6:	d1c18693          	addi	a3,gp,-740 # 20000724 <_ebss>
    22aa:	953e                	add	a0,a0,a5
    22ac:	00d56b63          	bltu	a0,a3,22c2 <_sbrk+0x22>
    22b0:	200086b7          	lui	a3,0x20008
    22b4:	80068693          	addi	a3,a3,-2048 # 20007800 <_heap_end>
    22b8:	00a6e563          	bltu	a3,a0,22c2 <_sbrk+0x22>
    22bc:	c308                	sw	a0,0(a4)
    22be:	853e                	mv	a0,a5
    22c0:	8082                	ret
    22c2:	57fd                	li	a5,-1
    22c4:	bfed                	j	22be <_sbrk+0x1e>

000022c6 <printchar>:
    22c6:	1101                	addi	sp,sp,-32
    22c8:	ce06                	sw	ra,28(sp)
    22ca:	c62e                	sw	a1,12(sp)
    22cc:	cd0d                	beqz	a0,2306 <printchar+0x40>
    22ce:	4118                	lw	a4,0(a0)
    22d0:	87aa                	mv	a5,a0
    22d2:	c305                	beqz	a4,22f2 <printchar+0x2c>
    22d4:	4158                	lw	a4,4(a0)
    22d6:	557d                	li	a0,-1
    22d8:	cb11                	beqz	a4,22ec <printchar+0x26>
    22da:	4685                	li	a3,1
    22dc:	00d71b63          	bne	a4,a3,22f2 <printchar+0x2c>
    22e0:	4798                	lw	a4,8(a5)
    22e2:	00070023          	sb	zero,0(a4)
    22e6:	0007a223          	sw	zero,4(a5)
    22ea:	4505                	li	a0,1
    22ec:	40f2                	lw	ra,28(sp)
    22ee:	6105                	addi	sp,sp,32
    22f0:	8082                	ret
    22f2:	4798                	lw	a4,8(a5)
    22f4:	46b2                	lw	a3,12(sp)
    22f6:	a314                	sb	a3,0(a4)
    22f8:	4798                	lw	a4,8(a5)
    22fa:	0705                	addi	a4,a4,1
    22fc:	c798                	sw	a4,8(a5)
    22fe:	43d8                	lw	a4,4(a5)
    2300:	177d                	addi	a4,a4,-1
    2302:	c3d8                	sw	a4,4(a5)
    2304:	b7dd                	j	22ea <printchar+0x24>
    2306:	4605                	li	a2,1
    2308:	006c                	addi	a1,sp,12
    230a:	f59ff0ef          	jal	ra,2262 <_write>
    230e:	bff1                	j	22ea <printchar+0x24>

00002310 <prints>:
    2310:	7179                	addi	sp,sp,-48
    2312:	d422                	sw	s0,40(sp)
    2314:	d226                	sw	s1,36(sp)
    2316:	ce4e                	sw	s3,28(sp)
    2318:	cc52                	sw	s4,24(sp)
    231a:	ca56                	sw	s5,20(sp)
    231c:	d606                	sw	ra,44(sp)
    231e:	d04a                	sw	s2,32(sp)
    2320:	c85a                	sw	s6,16(sp)
    2322:	8a2a                	mv	s4,a0
    2324:	8aae                	mv	s5,a1
    2326:	8432                	mv	s0,a2
    2328:	4481                	li	s1,0
    232a:	02000993          	li	s3,32
    232e:	02064463          	bltz	a2,2356 <prints+0x46>
    2332:	009a87b3          	add	a5,s5,s1
    2336:	00078783          	lb	a5,0(a5)
    233a:	e39d                	bnez	a5,2360 <prints+0x50>
    233c:	0284d663          	bge	s1,s0,2368 <prints+0x58>
    2340:	02e4d263          	bge	s1,a4,2364 <prints+0x54>
    2344:	8c19                	sub	s0,s0,a4
    2346:	0026f793          	andi	a5,a3,2
    234a:	02000993          	li	s3,32
    234e:	c781                	beqz	a5,2356 <prints+0x46>
    2350:	e319                	bnez	a4,2356 <prints+0x46>
    2352:	03000993          	li	s3,48
    2356:	8a85                	andi	a3,a3,1
    2358:	4901                	li	s2,0
    235a:	ea85                	bnez	a3,238a <prints+0x7a>
    235c:	8922                	mv	s2,s0
    235e:	a831                	j	237a <prints+0x6a>
    2360:	0485                	addi	s1,s1,1
    2362:	bfc1                	j	2332 <prints+0x22>
    2364:	8c05                	sub	s0,s0,s1
    2366:	b7c5                	j	2346 <prints+0x36>
    2368:	4401                	li	s0,0
    236a:	bff1                	j	2346 <prints+0x36>
    236c:	85ce                	mv	a1,s3
    236e:	8552                	mv	a0,s4
    2370:	c63a                	sw	a4,12(sp)
    2372:	f55ff0ef          	jal	ra,22c6 <printchar>
    2376:	4732                	lw	a4,12(sp)
    2378:	197d                	addi	s2,s2,-1
    237a:	ff2049e3          	bgtz	s2,236c <prints+0x5c>
    237e:	8922                	mv	s2,s0
    2380:	00045363          	bgez	s0,2386 <prints+0x76>
    2384:	4901                	li	s2,0
    2386:	41240433          	sub	s0,s0,s2
    238a:	02e4cb63          	blt	s1,a4,23c0 <prints+0xb0>
    238e:	84ca                	mv	s1,s2
    2390:	412487b3          	sub	a5,s1,s2
    2394:	97d6                	add	a5,a5,s5
    2396:	00078583          	lb	a1,0(a5)
    239a:	e1a1                	bnez	a1,23da <prints+0xca>
    239c:	8922                	mv	s2,s0
    239e:	05204363          	bgtz	s2,23e4 <prints+0xd4>
    23a2:	00045363          	bgez	s0,23a8 <prints+0x98>
    23a6:	4401                	li	s0,0
    23a8:	00940533          	add	a0,s0,s1
    23ac:	50b2                	lw	ra,44(sp)
    23ae:	5422                	lw	s0,40(sp)
    23b0:	5492                	lw	s1,36(sp)
    23b2:	5902                	lw	s2,32(sp)
    23b4:	49f2                	lw	s3,28(sp)
    23b6:	4a62                	lw	s4,24(sp)
    23b8:	4ad2                	lw	s5,20(sp)
    23ba:	4b42                	lw	s6,16(sp)
    23bc:	6145                	addi	sp,sp,48
    23be:	8082                	ret
    23c0:	409704b3          	sub	s1,a4,s1
    23c4:	8b26                	mv	s6,s1
    23c6:	03000593          	li	a1,48
    23ca:	8552                	mv	a0,s4
    23cc:	1b7d                	addi	s6,s6,-1
    23ce:	ef9ff0ef          	jal	ra,22c6 <printchar>
    23d2:	fe0b1ae3          	bnez	s6,23c6 <prints+0xb6>
    23d6:	9926                	add	s2,s2,s1
    23d8:	bf5d                	j	238e <prints+0x7e>
    23da:	8552                	mv	a0,s4
    23dc:	eebff0ef          	jal	ra,22c6 <printchar>
    23e0:	0485                	addi	s1,s1,1
    23e2:	b77d                	j	2390 <prints+0x80>
    23e4:	85ce                	mv	a1,s3
    23e6:	8552                	mv	a0,s4
    23e8:	edfff0ef          	jal	ra,22c6 <printchar>
    23ec:	197d                	addi	s2,s2,-1
    23ee:	bf45                	j	239e <prints+0x8e>

000023f0 <printInt>:
    23f0:	715d                	addi	sp,sp,-80
    23f2:	c2a6                	sw	s1,68(sp)
    23f4:	dc52                	sw	s4,56(sp)
    23f6:	c686                	sw	ra,76(sp)
    23f8:	c4a2                	sw	s0,72(sp)
    23fa:	c0ca                	sw	s2,64(sp)
    23fc:	de4e                	sw	s3,60(sp)
    23fe:	da56                	sw	s5,52(sp)
    2400:	84ba                	mv	s1,a4
    2402:	8a3e                	mv	s4,a5
    2404:	e19d                	bnez	a1,242a <printInt+0x3a>
    2406:	03000793          	li	a5,48
    240a:	4701                	li	a4,0
    240c:	86d2                	mv	a3,s4
    240e:	8626                	mv	a2,s1
    2410:	082c                	addi	a1,sp,24
    2412:	84fc                	sh	a5,24(sp)
    2414:	efdff0ef          	jal	ra,2310 <prints>
    2418:	40b6                	lw	ra,76(sp)
    241a:	4426                	lw	s0,72(sp)
    241c:	4496                	lw	s1,68(sp)
    241e:	4906                	lw	s2,64(sp)
    2420:	59f2                	lw	s3,60(sp)
    2422:	5a62                	lw	s4,56(sp)
    2424:	5ad2                	lw	s5,52(sp)
    2426:	6161                	addi	sp,sp,80
    2428:	8082                	ret
    242a:	892a                	mv	s2,a0
    242c:	8436                	mv	s0,a3
    242e:	8ac6                	mv	s5,a7
    2430:	ca91                	beqz	a3,2444 <printInt+0x54>
    2432:	47a9                	li	a5,10
    2434:	4401                	li	s0,0
    2436:	00f61763          	bne	a2,a5,2444 <printInt+0x54>
    243a:	0005d563          	bgez	a1,2444 <printInt+0x54>
    243e:	40b005b3          	neg	a1,a1
    2442:	4405                	li	s0,1
    2444:	020107a3          	sb	zero,47(sp)
    2448:	02f10793          	addi	a5,sp,47
    244c:	46a5                	li	a3,9
    244e:	fc680513          	addi	a0,a6,-58
    2452:	02c5f733          	remu	a4,a1,a2
    2456:	00e6d363          	bge	a3,a4,245c <printInt+0x6c>
    245a:	972a                	add	a4,a4,a0
    245c:	03070713          	addi	a4,a4,48
    2460:	fee78fa3          	sb	a4,-1(a5)
    2464:	fff78993          	addi	s3,a5,-1
    2468:	02c5d733          	divu	a4,a1,a2
    246c:	04c5fb63          	bgeu	a1,a2,24c2 <printInt+0xd2>
    2470:	cc09                	beqz	s0,248a <printInt+0x9a>
    2472:	c8b9                	beqz	s1,24c8 <printInt+0xd8>
    2474:	002a7713          	andi	a4,s4,2
    2478:	cb21                	beqz	a4,24c8 <printInt+0xd8>
    247a:	02d00593          	li	a1,45
    247e:	854a                	mv	a0,s2
    2480:	c642                	sw	a6,12(sp)
    2482:	e45ff0ef          	jal	ra,22c6 <printchar>
    2486:	4832                	lw	a6,12(sp)
    2488:	14fd                	addi	s1,s1,-1
    248a:	004a7793          	andi	a5,s4,4
    248e:	c38d                	beqz	a5,24b0 <printInt+0xc0>
    2490:	06100793          	li	a5,97
    2494:	03000593          	li	a1,48
    2498:	854a                	mv	a0,s2
    249a:	02f81f63          	bne	a6,a5,24d8 <printInt+0xe8>
    249e:	e29ff0ef          	jal	ra,22c6 <printchar>
    24a2:	07800593          	li	a1,120
    24a6:	854a                	mv	a0,s2
    24a8:	e1fff0ef          	jal	ra,22c6 <printchar>
    24ac:	0409                	addi	s0,s0,2
    24ae:	14f9                	addi	s1,s1,-2
    24b0:	8756                	mv	a4,s5
    24b2:	86d2                	mv	a3,s4
    24b4:	8626                	mv	a2,s1
    24b6:	85ce                	mv	a1,s3
    24b8:	854a                	mv	a0,s2
    24ba:	e57ff0ef          	jal	ra,2310 <prints>
    24be:	9522                	add	a0,a0,s0
    24c0:	bfa1                	j	2418 <printInt+0x28>
    24c2:	85ba                	mv	a1,a4
    24c4:	87ce                	mv	a5,s3
    24c6:	b771                	j	2452 <printInt+0x62>
    24c8:	02d00713          	li	a4,45
    24cc:	fee98fa3          	sb	a4,-1(s3)
    24d0:	4401                	li	s0,0
    24d2:	ffe78993          	addi	s3,a5,-2
    24d6:	bf55                	j	248a <printInt+0x9a>
    24d8:	defff0ef          	jal	ra,22c6 <printchar>
    24dc:	05800593          	li	a1,88
    24e0:	b7d9                	j	24a6 <printInt+0xb6>

000024e2 <printLongLongInt>:
    24e2:	711d                	addi	sp,sp,-96
    24e4:	c8ca                	sw	s2,80(sp)
    24e6:	c6ce                	sw	s3,76(sp)
    24e8:	c2d6                	sw	s5,68(sp)
    24ea:	c0da                	sw	s6,64(sp)
    24ec:	893a                	mv	s2,a4
    24ee:	ce86                	sw	ra,92(sp)
    24f0:	cca2                	sw	s0,88(sp)
    24f2:	caa6                	sw	s1,84(sp)
    24f4:	c4d2                	sw	s4,72(sp)
    24f6:	de5e                	sw	s7,60(sp)
    24f8:	dc62                	sw	s8,56(sp)
    24fa:	da66                	sw	s9,52(sp)
    24fc:	d86a                	sw	s10,48(sp)
    24fe:	d66e                	sw	s11,44(sp)
    2500:	00c5e733          	or	a4,a1,a2
    2504:	89be                	mv	s3,a5
    2506:	8aaa                	mv	s5,a0
    2508:	8b42                	mv	s6,a6
    250a:	06014783          	lbu	a5,96(sp)
    250e:	e331                	bnez	a4,2552 <printLongLongInt+0x70>
    2510:	cf8d                	beqz	a5,254a <printLongLongInt+0x68>
    2512:	678d                	lui	a5,0x3
    2514:	02d78793          	addi	a5,a5,45 # 302d <__umoddi3+0x1cb>
    2518:	847c                	sh	a5,8(sp)
    251a:	00010523          	sb	zero,10(sp)
    251e:	4701                	li	a4,0
    2520:	86da                	mv	a3,s6
    2522:	864e                	mv	a2,s3
    2524:	002c                	addi	a1,sp,8
    2526:	8556                	mv	a0,s5
    2528:	de9ff0ef          	jal	ra,2310 <prints>
    252c:	40f6                	lw	ra,92(sp)
    252e:	4466                	lw	s0,88(sp)
    2530:	44d6                	lw	s1,84(sp)
    2532:	4946                	lw	s2,80(sp)
    2534:	49b6                	lw	s3,76(sp)
    2536:	4a26                	lw	s4,72(sp)
    2538:	4a96                	lw	s5,68(sp)
    253a:	4b06                	lw	s6,64(sp)
    253c:	5bf2                	lw	s7,60(sp)
    253e:	5c62                	lw	s8,56(sp)
    2540:	5cd2                	lw	s9,52(sp)
    2542:	5d42                	lw	s10,48(sp)
    2544:	5db2                	lw	s11,44(sp)
    2546:	6125                	addi	sp,sp,96
    2548:	8082                	ret
    254a:	03000793          	li	a5,48
    254e:	847c                	sh	a5,8(sp)
    2550:	b7f9                	j	251e <printLongLongInt+0x3c>
    2552:	8a36                	mv	s4,a3
    2554:	84ae                	mv	s1,a1
    2556:	8432                	mv	s0,a2
    2558:	02090063          	beqz	s2,2578 <printLongLongInt+0x96>
    255c:	47a9                	li	a5,10
    255e:	4901                	li	s2,0
    2560:	00f69c63          	bne	a3,a5,2578 <printLongLongInt+0x96>
    2564:	00065a63          	bgez	a2,2578 <printLongLongInt+0x96>
    2568:	40b004b3          	neg	s1,a1
    256c:	009037b3          	snez	a5,s1
    2570:	40c00433          	neg	s0,a2
    2574:	8c1d                	sub	s0,s0,a5
    2576:	4905                	li	s2,1
    2578:	00010fa3          	sb	zero,31(sp)
    257c:	01f10d13          	addi	s10,sp,31
    2580:	41fa5d93          	srai	s11,s4,0x1f
    2584:	4ca5                	li	s9,9
    2586:	fc688c13          	addi	s8,a7,-58
    258a:	8652                	mv	a2,s4
    258c:	86ee                	mv	a3,s11
    258e:	8526                	mv	a0,s1
    2590:	85a2                	mv	a1,s0
    2592:	0d1000ef          	jal	ra,2e62 <__umoddi3>
    2596:	00acd363          	bge	s9,a0,259c <printLongLongInt+0xba>
    259a:	9562                	add	a0,a0,s8
    259c:	03050513          	addi	a0,a0,48
    25a0:	fead0fa3          	sb	a0,-1(s10)
    25a4:	8652                	mv	a2,s4
    25a6:	86ee                	mv	a3,s11
    25a8:	8526                	mv	a0,s1
    25aa:	85a2                	mv	a1,s0
    25ac:	fffd0b93          	addi	s7,s10,-1
    25b0:	2305                	jal	2ad0 <__udivdi3>
    25b2:	01b46663          	bltu	s0,s11,25be <printLongLongInt+0xdc>
    25b6:	028d9a63          	bne	s11,s0,25ea <printLongLongInt+0x108>
    25ba:	0344f863          	bgeu	s1,s4,25ea <printLongLongInt+0x108>
    25be:	00090d63          	beqz	s2,25d8 <printLongLongInt+0xf6>
    25c2:	02098863          	beqz	s3,25f2 <printLongLongInt+0x110>
    25c6:	002b7793          	andi	a5,s6,2
    25ca:	c785                	beqz	a5,25f2 <printLongLongInt+0x110>
    25cc:	02d00593          	li	a1,45
    25d0:	8556                	mv	a0,s5
    25d2:	cf5ff0ef          	jal	ra,22c6 <printchar>
    25d6:	19fd                	addi	s3,s3,-1
    25d8:	4701                	li	a4,0
    25da:	86da                	mv	a3,s6
    25dc:	864e                	mv	a2,s3
    25de:	85de                	mv	a1,s7
    25e0:	8556                	mv	a0,s5
    25e2:	d2fff0ef          	jal	ra,2310 <prints>
    25e6:	954a                	add	a0,a0,s2
    25e8:	b791                	j	252c <printLongLongInt+0x4a>
    25ea:	84aa                	mv	s1,a0
    25ec:	842e                	mv	s0,a1
    25ee:	8d5e                	mv	s10,s7
    25f0:	bf69                	j	258a <printLongLongInt+0xa8>
    25f2:	02d00793          	li	a5,45
    25f6:	fefb8fa3          	sb	a5,-1(s7)
    25fa:	4901                	li	s2,0
    25fc:	ffed0b93          	addi	s7,s10,-2
    2600:	bfe1                	j	25d8 <printLongLongInt+0xf6>

00002602 <printDouble>:
    2602:	715d                	addi	sp,sp,-80
    2604:	c2a6                	sw	s1,68(sp)
    2606:	c0ca                	sw	s2,64(sp)
    2608:	84aa                	mv	s1,a0
    260a:	892e                	mv	s2,a1
    260c:	852e                	mv	a0,a1
    260e:	85b2                	mv	a1,a2
    2610:	c686                	sw	ra,76(sp)
    2612:	ce3a                	sw	a4,28(sp)
    2614:	cc42                	sw	a6,24(sp)
    2616:	c4a2                	sw	s0,72(sp)
    2618:	de4e                	sw	s3,60(sp)
    261a:	dc52                	sw	s4,56(sp)
    261c:	89b2                	mv	s3,a2
    261e:	8a36                	mv	s4,a3
    2620:	da56                	sw	s5,52(sp)
    2622:	d85a                	sw	s6,48(sp)
    2624:	8abe                	mv	s5,a5
    2626:	d65e                	sw	s7,44(sp)
    2628:	d462                	sw	s8,40(sp)
    262a:	d266                	sw	s9,36(sp)
    262c:	8c46                	mv	s8,a7
    262e:	d06a                	sw	s10,32(sp)
    2630:	069010ef          	jal	ra,3e98 <__fixdfdi>
    2634:	8b2a                	mv	s6,a0
    2636:	8bae                	mv	s7,a1
    2638:	4601                	li	a2,0
    263a:	4681                	li	a3,0
    263c:	85ce                	mv	a1,s3
    263e:	854a                	mv	a0,s2
    2640:	3ad000ef          	jal	ra,31ec <__ledf2>
    2644:	4772                	lw	a4,28(sp)
    2646:	4862                	lw	a6,24(sp)
    2648:	817d                	srli	a0,a0,0x1f
    264a:	87ba                	mv	a5,a4
    264c:	c02a                	sw	a0,0(sp)
    264e:	4705                	li	a4,1
    2650:	88e2                	mv	a7,s8
    2652:	86d2                	mv	a3,s4
    2654:	85da                	mv	a1,s6
    2656:	865e                	mv	a2,s7
    2658:	8526                	mv	a0,s1
    265a:	e89ff0ef          	jal	ra,24e2 <printLongLongInt>
    265e:	8d2a                	mv	s10,a0
    2660:	02e00593          	li	a1,46
    2664:	8526                	mv	a0,s1
    2666:	c61ff0ef          	jal	ra,22c6 <printchar>
    266a:	0d05                	addi	s10,s10,1
    266c:	4781                	li	a5,0
    266e:	4c85                	li	s9,1
    2670:	4401                	li	s0,0
    2672:	4729                	li	a4,10
    2674:	0757ce63          	blt	a5,s5,26f0 <printDouble+0xee>
    2678:	855a                	mv	a0,s6
    267a:	85de                	mv	a1,s7
    267c:	0d9010ef          	jal	ra,3f54 <__floatdidf>
    2680:	862a                	mv	a2,a0
    2682:	86ae                	mv	a3,a1
    2684:	854a                	mv	a0,s2
    2686:	85ce                	mv	a1,s3
    2688:	0d2010ef          	jal	ra,375a <__subdf3>
    268c:	892a                	mv	s2,a0
    268e:	89ae                	mv	s3,a1
    2690:	8566                	mv	a0,s9
    2692:	85a2                	mv	a1,s0
    2694:	0c1010ef          	jal	ra,3f54 <__floatdidf>
    2698:	862a                	mv	a2,a0
    269a:	86ae                	mv	a3,a1
    269c:	854a                	mv	a0,s2
    269e:	85ce                	mv	a1,s3
    26a0:	403000ef          	jal	ra,32a2 <__muldf3>
    26a4:	7f4010ef          	jal	ra,3e98 <__fixdfdi>
    26a8:	41f5d613          	srai	a2,a1,0x1f
    26ac:	8d31                	xor	a0,a0,a2
    26ae:	00b647b3          	xor	a5,a2,a1
    26b2:	40c505b3          	sub	a1,a0,a2
    26b6:	00b53533          	sltu	a0,a0,a1
    26ba:	40c78633          	sub	a2,a5,a2
    26be:	c002                	sw	zero,0(sp)
    26c0:	88e2                	mv	a7,s8
    26c2:	87d6                	mv	a5,s5
    26c4:	86d2                	mv	a3,s4
    26c6:	8e09                	sub	a2,a2,a0
    26c8:	4809                	li	a6,2
    26ca:	8526                	mv	a0,s1
    26cc:	4705                	li	a4,1
    26ce:	e15ff0ef          	jal	ra,24e2 <printLongLongInt>
    26d2:	40b6                	lw	ra,76(sp)
    26d4:	4426                	lw	s0,72(sp)
    26d6:	956a                	add	a0,a0,s10
    26d8:	4496                	lw	s1,68(sp)
    26da:	4906                	lw	s2,64(sp)
    26dc:	59f2                	lw	s3,60(sp)
    26de:	5a62                	lw	s4,56(sp)
    26e0:	5ad2                	lw	s5,52(sp)
    26e2:	5b42                	lw	s6,48(sp)
    26e4:	5bb2                	lw	s7,44(sp)
    26e6:	5c22                	lw	s8,40(sp)
    26e8:	5c92                	lw	s9,36(sp)
    26ea:	5d02                	lw	s10,32(sp)
    26ec:	6161                	addi	sp,sp,80
    26ee:	8082                	ret
    26f0:	028706b3          	mul	a3,a4,s0
    26f4:	0785                	addi	a5,a5,1
    26f6:	03973433          	mulhu	s0,a4,s9
    26fa:	03970cb3          	mul	s9,a4,s9
    26fe:	9436                	add	s0,s0,a3
    2700:	bf95                	j	2674 <printDouble+0x72>

00002702 <print>:
    2702:	715d                	addi	sp,sp,-80
    2704:	d85a                	sw	s6,48(sp)
    2706:	00009b37          	lui	s6,0x9
    270a:	c4a2                	sw	s0,72(sp)
    270c:	c2a6                	sw	s1,68(sp)
    270e:	c0ca                	sw	s2,64(sp)
    2710:	de4e                	sw	s3,60(sp)
    2712:	dc52                	sw	s4,56(sp)
    2714:	da56                	sw	s5,52(sp)
    2716:	d65e                	sw	s7,44(sp)
    2718:	d462                	sw	s8,40(sp)
    271a:	c686                	sw	ra,76(sp)
    271c:	d266                	sw	s9,36(sp)
    271e:	89aa                	mv	s3,a0
    2720:	892e                	mv	s2,a1
    2722:	8432                	mv	s0,a2
    2724:	4a01                	li	s4,0
    2726:	4481                	li	s1,0
    2728:	02500b93          	li	s7,37
    272c:	02b00a93          	li	s5,43
    2730:	4c29                	li	s8,10
    2732:	134b0b13          	addi	s6,s6,308 # 9134 <days_in_month.5670+0x320>
    2736:	00090583          	lb	a1,0(s2)
    273a:	e58d                	bnez	a1,2764 <print+0x62>
    273c:	00098663          	beqz	s3,2748 <print+0x46>
    2740:	4581                	li	a1,0
    2742:	854e                	mv	a0,s3
    2744:	b83ff0ef          	jal	ra,22c6 <printchar>
    2748:	40b6                	lw	ra,76(sp)
    274a:	4426                	lw	s0,72(sp)
    274c:	8526                	mv	a0,s1
    274e:	4906                	lw	s2,64(sp)
    2750:	4496                	lw	s1,68(sp)
    2752:	59f2                	lw	s3,60(sp)
    2754:	5a62                	lw	s4,56(sp)
    2756:	5ad2                	lw	s5,52(sp)
    2758:	5b42                	lw	s6,48(sp)
    275a:	5bb2                	lw	s7,44(sp)
    275c:	5c22                	lw	s8,40(sp)
    275e:	5c92                	lw	s9,36(sp)
    2760:	6161                	addi	sp,sp,80
    2762:	8082                	ret
    2764:	01758863          	beq	a1,s7,2774 <print+0x72>
    2768:	854e                	mv	a0,s3
    276a:	b5dff0ef          	jal	ra,22c6 <printchar>
    276e:	0485                	addi	s1,s1,1
    2770:	0905                	addi	s2,s2,1
    2772:	b7d1                	j	2736 <print+0x34>
    2774:	00190783          	lb	a5,1(s2)
    2778:	00190c93          	addi	s9,s2,1
    277c:	01779a63          	bne	a5,s7,2790 <print+0x8e>
    2780:	02500593          	li	a1,37
    2784:	854e                	mv	a0,s3
    2786:	b41ff0ef          	jal	ra,22c6 <printchar>
    278a:	0485                	addi	s1,s1,1
    278c:	8966                	mv	s2,s9
    278e:	b7cd                	j	2770 <print+0x6e>
    2790:	d7d5                	beqz	a5,273c <print+0x3a>
    2792:	05578763          	beq	a5,s5,27e0 <print+0xde>
    2796:	00fac863          	blt	s5,a5,27a6 <print+0xa4>
    279a:	02300713          	li	a4,35
    279e:	04e78463          	beq	a5,a4,27e6 <print+0xe4>
    27a2:	4781                	li	a5,0
    27a4:	a005                	j	27c4 <print+0xc2>
    27a6:	02d00713          	li	a4,45
    27aa:	00e78a63          	beq	a5,a4,27be <print+0xbc>
    27ae:	03000713          	li	a4,48
    27b2:	fee798e3          	bne	a5,a4,27a2 <print+0xa0>
    27b6:	00290c93          	addi	s9,s2,2
    27ba:	4789                	li	a5,2
    27bc:	a021                	j	27c4 <print+0xc2>
    27be:	00290c93          	addi	s9,s2,2
    27c2:	4785                	li	a5,1
    27c4:	000c8703          	lb	a4,0(s9)
    27c8:	05570363          	beq	a4,s5,280e <print+0x10c>
    27cc:	02eac163          	blt	s5,a4,27ee <print+0xec>
    27d0:	02300693          	li	a3,35
    27d4:	02d70b63          	beq	a4,a3,280a <print+0x108>
    27d8:	8966                	mv	s2,s9
    27da:	4501                	li	a0,0
    27dc:	45a5                	li	a1,9
    27de:	a835                	j	281a <print+0x118>
    27e0:	00290c93          	addi	s9,s2,2
    27e4:	bf7d                	j	27a2 <print+0xa0>
    27e6:	00290c93          	addi	s9,s2,2
    27ea:	4791                	li	a5,4
    27ec:	bfe1                	j	27c4 <print+0xc2>
    27ee:	02d00693          	li	a3,45
    27f2:	00d70963          	beq	a4,a3,2804 <print+0x102>
    27f6:	03000693          	li	a3,48
    27fa:	fcd71fe3          	bne	a4,a3,27d8 <print+0xd6>
    27fe:	0027e793          	ori	a5,a5,2
    2802:	a031                	j	280e <print+0x10c>
    2804:	0c85                	addi	s9,s9,1
    2806:	4785                	li	a5,1
    2808:	bfc1                	j	27d8 <print+0xd6>
    280a:	0047e793          	ori	a5,a5,4
    280e:	0c85                	addi	s9,s9,1
    2810:	b7e1                	j	27d8 <print+0xd6>
    2812:	03850533          	mul	a0,a0,s8
    2816:	0905                	addi	s2,s2,1
    2818:	9536                	add	a0,a0,a3
    281a:	00090703          	lb	a4,0(s2)
    281e:	fd070693          	addi	a3,a4,-48
    2822:	0ff6f613          	andi	a2,a3,255
    2826:	fec5f6e3          	bgeu	a1,a2,2812 <print+0x110>
    282a:	02e00613          	li	a2,46
    282e:	4699                	li	a3,6
    2830:	00c71e63          	bne	a4,a2,284c <print+0x14a>
    2834:	0905                	addi	s2,s2,1
    2836:	4681                	li	a3,0
    2838:	4625                	li	a2,9
    283a:	00090703          	lb	a4,0(s2)
    283e:	fd070713          	addi	a4,a4,-48
    2842:	0ff77593          	andi	a1,a4,255
    2846:	02b67563          	bgeu	a2,a1,2870 <print+0x16e>
    284a:	8a36                	mv	s4,a3
    284c:	00090703          	lb	a4,0(s2)
    2850:	06a00613          	li	a2,106
    2854:	0ac70963          	beq	a4,a2,2906 <print+0x204>
    2858:	02e64163          	blt	a2,a4,287a <print+0x178>
    285c:	04c00613          	li	a2,76
    2860:	0ac70363          	beq	a4,a2,2906 <print+0x204>
    2864:	06800613          	li	a2,104
    2868:	08c70863          	beq	a4,a2,28f8 <print+0x1f6>
    286c:	4601                	li	a2,0
    286e:	a81d                	j	28a4 <print+0x1a2>
    2870:	038686b3          	mul	a3,a3,s8
    2874:	0905                	addi	s2,s2,1
    2876:	96ba                	add	a3,a3,a4
    2878:	b7c9                	j	283a <print+0x138>
    287a:	07400613          	li	a2,116
    287e:	08c70463          	beq	a4,a2,2906 <print+0x204>
    2882:	07a00613          	li	a2,122
    2886:	08c70063          	beq	a4,a2,2906 <print+0x204>
    288a:	06c00593          	li	a1,108
    288e:	4601                	li	a2,0
    2890:	00b71a63          	bne	a4,a1,28a4 <print+0x1a2>
    2894:	00190583          	lb	a1,1(s2)
    2898:	460d                	li	a2,3
    289a:	00e59463          	bne	a1,a4,28a2 <print+0x1a0>
    289e:	0905                	addi	s2,s2,1
    28a0:	4611                	li	a2,4
    28a2:	0905                	addi	s2,s2,1
    28a4:	00090703          	lb	a4,0(s2)
    28a8:	06000593          	li	a1,96
    28ac:	06100813          	li	a6,97
    28b0:	00e5c463          	blt	a1,a4,28b8 <print+0x1b6>
    28b4:	04100813          	li	a6,65
    28b8:	06700593          	li	a1,103
    28bc:	06e5c263          	blt	a1,a4,2920 <print+0x21e>
    28c0:	06500593          	li	a1,101
    28c4:	16b75963          	bge	a4,a1,2a36 <print+0x334>
    28c8:	04700593          	li	a1,71
    28cc:	02e5cf63          	blt	a1,a4,290a <print+0x208>
    28d0:	04500613          	li	a2,69
    28d4:	16c75163          	bge	a4,a2,2a36 <print+0x334>
    28d8:	04300693          	li	a3,67
    28dc:	e8d71ae3          	bne	a4,a3,2770 <print+0x6e>
    28e0:	4018                	lw	a4,0(s0)
    28e2:	00440c93          	addi	s9,s0,4
    28e6:	00010ea3          	sb	zero,29(sp)
    28ea:	00e10e23          	sb	a4,28(sp)
    28ee:	86be                	mv	a3,a5
    28f0:	4701                	li	a4,0
    28f2:	862a                	mv	a2,a0
    28f4:	086c                	addi	a1,sp,28
    28f6:	a071                	j	2982 <print+0x280>
    28f8:	00190583          	lb	a1,1(s2)
    28fc:	4601                	li	a2,0
    28fe:	fae593e3          	bne	a1,a4,28a4 <print+0x1a2>
    2902:	0909                	addi	s2,s2,2
    2904:	b745                	j	28a4 <print+0x1a2>
    2906:	0905                	addi	s2,s2,1
    2908:	b795                	j	286c <print+0x16a>
    290a:	06300693          	li	a3,99
    290e:	fcd709e3          	beq	a4,a3,28e0 <print+0x1de>
    2912:	06e6ce63          	blt	a3,a4,298e <print+0x28c>
    2916:	05800693          	li	a3,88
    291a:	02d70363          	beq	a4,a3,2940 <print+0x23e>
    291e:	bd89                	j	2770 <print+0x6e>
    2920:	07300693          	li	a3,115
    2924:	04d70663          	beq	a4,a3,2970 <print+0x26e>
    2928:	02e6cd63          	blt	a3,a4,2962 <print+0x260>
    292c:	06f00693          	li	a3,111
    2930:	0cd70b63          	beq	a4,a3,2a06 <print+0x304>
    2934:	07000693          	li	a3,112
    2938:	0047e793          	ori	a5,a5,4
    293c:	e2d71ae3          	bne	a4,a3,2770 <print+0x6e>
    2940:	4711                	li	a4,4
    2942:	0ae61b63          	bne	a2,a4,29f8 <print+0x2f6>
    2946:	041d                	addi	s0,s0,7
    2948:	ff847713          	andi	a4,s0,-8
    294c:	430c                	lw	a1,0(a4)
    294e:	4350                	lw	a2,4(a4)
    2950:	00870413          	addi	s0,a4,8
    2954:	88c2                	mv	a7,a6
    2956:	c002                	sw	zero,0(sp)
    2958:	883e                	mv	a6,a5
    295a:	4701                	li	a4,0
    295c:	87aa                	mv	a5,a0
    295e:	46c1                	li	a3,16
    2960:	a0b9                	j	29ae <print+0x2ac>
    2962:	07500693          	li	a3,117
    2966:	06d70363          	beq	a4,a3,29cc <print+0x2ca>
    296a:	07800693          	li	a3,120
    296e:	b775                	j	291a <print+0x218>
    2970:	4018                	lw	a4,0(s0)
    2972:	00440c93          	addi	s9,s0,4
    2976:	85da                	mv	a1,s6
    2978:	c311                	beqz	a4,297c <print+0x27a>
    297a:	85ba                	mv	a1,a4
    297c:	8752                	mv	a4,s4
    297e:	86be                	mv	a3,a5
    2980:	862a                	mv	a2,a0
    2982:	854e                	mv	a0,s3
    2984:	98dff0ef          	jal	ra,2310 <prints>
    2988:	94aa                	add	s1,s1,a0
    298a:	8466                	mv	s0,s9
    298c:	b3d5                	j	2770 <print+0x6e>
    298e:	4711                	li	a4,4
    2990:	02e61463          	bne	a2,a4,29b8 <print+0x2b6>
    2994:	041d                	addi	s0,s0,7
    2996:	ff847713          	andi	a4,s0,-8
    299a:	430c                	lw	a1,0(a4)
    299c:	4350                	lw	a2,4(a4)
    299e:	00870413          	addi	s0,a4,8
    29a2:	88c2                	mv	a7,a6
    29a4:	c002                	sw	zero,0(sp)
    29a6:	883e                	mv	a6,a5
    29a8:	4705                	li	a4,1
    29aa:	87aa                	mv	a5,a0
    29ac:	46a9                	li	a3,10
    29ae:	854e                	mv	a0,s3
    29b0:	b33ff0ef          	jal	ra,24e2 <printLongLongInt>
    29b4:	94aa                	add	s1,s1,a0
    29b6:	bb6d                	j	2770 <print+0x6e>
    29b8:	400c                	lw	a1,0(s0)
    29ba:	88d2                	mv	a7,s4
    29bc:	0411                	addi	s0,s0,4
    29be:	872a                	mv	a4,a0
    29c0:	4685                	li	a3,1
    29c2:	4629                	li	a2,10
    29c4:	854e                	mv	a0,s3
    29c6:	a2bff0ef          	jal	ra,23f0 <printInt>
    29ca:	b7ed                	j	29b4 <print+0x2b2>
    29cc:	4711                	li	a4,4
    29ce:	00e61f63          	bne	a2,a4,29ec <print+0x2ea>
    29d2:	041d                	addi	s0,s0,7
    29d4:	ff847713          	andi	a4,s0,-8
    29d8:	430c                	lw	a1,0(a4)
    29da:	4350                	lw	a2,4(a4)
    29dc:	00870413          	addi	s0,a4,8
    29e0:	88c2                	mv	a7,a6
    29e2:	c002                	sw	zero,0(sp)
    29e4:	883e                	mv	a6,a5
    29e6:	4701                	li	a4,0
    29e8:	87aa                	mv	a5,a0
    29ea:	b7c9                	j	29ac <print+0x2aa>
    29ec:	400c                	lw	a1,0(s0)
    29ee:	88d2                	mv	a7,s4
    29f0:	0411                	addi	s0,s0,4
    29f2:	872a                	mv	a4,a0
    29f4:	4681                	li	a3,0
    29f6:	b7f1                	j	29c2 <print+0x2c0>
    29f8:	400c                	lw	a1,0(s0)
    29fa:	88d2                	mv	a7,s4
    29fc:	0411                	addi	s0,s0,4
    29fe:	872a                	mv	a4,a0
    2a00:	4681                	li	a3,0
    2a02:	4641                	li	a2,16
    2a04:	b7c1                	j	29c4 <print+0x2c2>
    2a06:	4711                	li	a4,4
    2a08:	02e61063          	bne	a2,a4,2a28 <print+0x326>
    2a0c:	041d                	addi	s0,s0,7
    2a0e:	ff847713          	andi	a4,s0,-8
    2a12:	430c                	lw	a1,0(a4)
    2a14:	4350                	lw	a2,4(a4)
    2a16:	00870413          	addi	s0,a4,8
    2a1a:	88c2                	mv	a7,a6
    2a1c:	c002                	sw	zero,0(sp)
    2a1e:	883e                	mv	a6,a5
    2a20:	4701                	li	a4,0
    2a22:	87aa                	mv	a5,a0
    2a24:	46a1                	li	a3,8
    2a26:	b761                	j	29ae <print+0x2ac>
    2a28:	400c                	lw	a1,0(s0)
    2a2a:	88d2                	mv	a7,s4
    2a2c:	0411                	addi	s0,s0,4
    2a2e:	872a                	mv	a4,a0
    2a30:	4681                	li	a3,0
    2a32:	4621                	li	a2,8
    2a34:	bf41                	j	29c4 <print+0x2c2>
    2a36:	041d                	addi	s0,s0,7
    2a38:	ff847613          	andi	a2,s0,-8
    2a3c:	00860413          	addi	s0,a2,8 # 40021008 <_eusrstack+0x20019008>
    2a40:	420c                	lw	a1,0(a2)
    2a42:	4250                	lw	a2,4(a2)
    2a44:	40d50733          	sub	a4,a0,a3
    2a48:	88c2                	mv	a7,a6
    2a4a:	177d                	addi	a4,a4,-1
    2a4c:	883e                	mv	a6,a5
    2a4e:	854e                	mv	a0,s3
    2a50:	87b6                	mv	a5,a3
    2a52:	46a9                	li	a3,10
    2a54:	bafff0ef          	jal	ra,2602 <printDouble>
    2a58:	bfb1                	j	29b4 <print+0x2b2>

00002a5a <printf>:
    2a5a:	7139                	addi	sp,sp,-64
    2a5c:	d22e                	sw	a1,36(sp)
    2a5e:	d432                	sw	a2,40(sp)
    2a60:	85aa                	mv	a1,a0
    2a62:	1050                	addi	a2,sp,36
    2a64:	4501                	li	a0,0
    2a66:	ce06                	sw	ra,28(sp)
    2a68:	d636                	sw	a3,44(sp)
    2a6a:	d83a                	sw	a4,48(sp)
    2a6c:	da3e                	sw	a5,52(sp)
    2a6e:	dc42                	sw	a6,56(sp)
    2a70:	de46                	sw	a7,60(sp)
    2a72:	c632                	sw	a2,12(sp)
    2a74:	c8fff0ef          	jal	ra,2702 <print>
    2a78:	40f2                	lw	ra,28(sp)
    2a7a:	6121                	addi	sp,sp,64
    2a7c:	8082                	ret

00002a7e <sprintf>:
    2a7e:	7139                	addi	sp,sp,-64
    2a80:	d432                	sw	a2,40(sp)
    2a82:	da3e                	sw	a5,52(sp)
    2a84:	c62a                	sw	a0,12(sp)
    2a86:	1030                	addi	a2,sp,40
    2a88:	57fd                	li	a5,-1
    2a8a:	0048                	addi	a0,sp,4
    2a8c:	ce06                	sw	ra,28(sp)
    2a8e:	d636                	sw	a3,44(sp)
    2a90:	d83a                	sw	a4,48(sp)
    2a92:	dc42                	sw	a6,56(sp)
    2a94:	de46                	sw	a7,60(sp)
    2a96:	c202                	sw	zero,4(sp)
    2a98:	c43e                	sw	a5,8(sp)
    2a9a:	c032                	sw	a2,0(sp)
    2a9c:	c67ff0ef          	jal	ra,2702 <print>
    2aa0:	40f2                	lw	ra,28(sp)
    2aa2:	6121                	addi	sp,sp,64
    2aa4:	8082                	ret

00002aa6 <snprintf>:
    2aa6:	7139                	addi	sp,sp,-64
    2aa8:	8332                	mv	t1,a2
    2aaa:	da3e                	sw	a5,52(sp)
    2aac:	c42e                	sw	a1,8(sp)
    2aae:	c62a                	sw	a0,12(sp)
    2ab0:	1070                	addi	a2,sp,44
    2ab2:	4785                	li	a5,1
    2ab4:	0048                	addi	a0,sp,4
    2ab6:	859a                	mv	a1,t1
    2ab8:	ce06                	sw	ra,28(sp)
    2aba:	d636                	sw	a3,44(sp)
    2abc:	d83a                	sw	a4,48(sp)
    2abe:	dc42                	sw	a6,56(sp)
    2ac0:	de46                	sw	a7,60(sp)
    2ac2:	c23e                	sw	a5,4(sp)
    2ac4:	c032                	sw	a2,0(sp)
    2ac6:	c3dff0ef          	jal	ra,2702 <print>
    2aca:	40f2                	lw	ra,28(sp)
    2acc:	6121                	addi	sp,sp,64
    2ace:	8082                	ret

00002ad0 <__udivdi3>:
    2ad0:	87b6                	mv	a5,a3
    2ad2:	88b2                	mv	a7,a2
    2ad4:	832a                	mv	t1,a0
    2ad6:	882e                	mv	a6,a1
    2ad8:	14069b63          	bnez	a3,2c2e <__udivdi3+0x15e>
    2adc:	0ac5f863          	bgeu	a1,a2,2b8c <__udivdi3+0xbc>
    2ae0:	6741                	lui	a4,0x10
    2ae2:	1ae66b63          	bltu	a2,a4,2c98 <__udivdi3+0x1c8>
    2ae6:	010007b7          	lui	a5,0x1000
    2aea:	34f66063          	bltu	a2,a5,2e2a <__udivdi3+0x35a>
    2aee:	01865693          	srli	a3,a2,0x18
    2af2:	47e1                	li	a5,24
    2af4:	00006717          	auipc	a4,0x6
    2af8:	74870713          	addi	a4,a4,1864 # 923c <__clz_tab>
    2afc:	9736                	add	a4,a4,a3
    2afe:	2318                	lbu	a4,0(a4)
    2b00:	97ba                	add	a5,a5,a4
    2b02:	02000713          	li	a4,32
    2b06:	8f1d                	sub	a4,a4,a5
    2b08:	cb19                	beqz	a4,2b1e <__udivdi3+0x4e>
    2b0a:	00e59833          	sll	a6,a1,a4
    2b0e:	00f557b3          	srl	a5,a0,a5
    2b12:	00e618b3          	sll	a7,a2,a4
    2b16:	0107e833          	or	a6,a5,a6
    2b1a:	00e51333          	sll	t1,a0,a4
    2b1e:	0108d613          	srli	a2,a7,0x10
    2b22:	02c85533          	divu	a0,a6,a2
    2b26:	01089693          	slli	a3,a7,0x10
    2b2a:	82c1                	srli	a3,a3,0x10
    2b2c:	01035793          	srli	a5,t1,0x10
    2b30:	02c87733          	remu	a4,a6,a2
    2b34:	02a685b3          	mul	a1,a3,a0
    2b38:	0742                	slli	a4,a4,0x10
    2b3a:	00f76833          	or	a6,a4,a5
    2b3e:	00b87a63          	bgeu	a6,a1,2b52 <__udivdi3+0x82>
    2b42:	9846                	add	a6,a6,a7
    2b44:	fff50793          	addi	a5,a0,-1
    2b48:	01186463          	bltu	a6,a7,2b50 <__udivdi3+0x80>
    2b4c:	30b86563          	bltu	a6,a1,2e56 <__udivdi3+0x386>
    2b50:	853e                	mv	a0,a5
    2b52:	40b80833          	sub	a6,a6,a1
    2b56:	02c85733          	divu	a4,a6,a2
    2b5a:	0342                	slli	t1,t1,0x10
    2b5c:	01035313          	srli	t1,t1,0x10
    2b60:	02c87833          	remu	a6,a6,a2
    2b64:	02e686b3          	mul	a3,a3,a4
    2b68:	0842                	slli	a6,a6,0x10
    2b6a:	00686833          	or	a6,a6,t1
    2b6e:	00d87b63          	bgeu	a6,a3,2b84 <__udivdi3+0xb4>
    2b72:	9846                	add	a6,a6,a7
    2b74:	fff70793          	addi	a5,a4,-1
    2b78:	01186563          	bltu	a6,a7,2b82 <__udivdi3+0xb2>
    2b7c:	1779                	addi	a4,a4,-2
    2b7e:	00d86363          	bltu	a6,a3,2b84 <__udivdi3+0xb4>
    2b82:	873e                	mv	a4,a5
    2b84:	0542                	slli	a0,a0,0x10
    2b86:	8d59                	or	a0,a0,a4
    2b88:	4581                	li	a1,0
    2b8a:	8082                	ret
    2b8c:	e601                	bnez	a2,2b94 <__udivdi3+0xc4>
    2b8e:	4705                	li	a4,1
    2b90:	02c758b3          	divu	a7,a4,a2
    2b94:	6741                	lui	a4,0x10
    2b96:	0ee8e863          	bltu	a7,a4,2c86 <__udivdi3+0x1b6>
    2b9a:	010007b7          	lui	a5,0x1000
    2b9e:	28f8ea63          	bltu	a7,a5,2e32 <__udivdi3+0x362>
    2ba2:	0188d693          	srli	a3,a7,0x18
    2ba6:	47e1                	li	a5,24
    2ba8:	00006717          	auipc	a4,0x6
    2bac:	69470713          	addi	a4,a4,1684 # 923c <__clz_tab>
    2bb0:	9736                	add	a4,a4,a3
    2bb2:	2314                	lbu	a3,0(a4)
    2bb4:	96be                	add	a3,a3,a5
    2bb6:	02000793          	li	a5,32
    2bba:	8f95                	sub	a5,a5,a3
    2bbc:	e7fd                	bnez	a5,2caa <__udivdi3+0x1da>
    2bbe:	01089e93          	slli	t4,a7,0x10
    2bc2:	41158733          	sub	a4,a1,a7
    2bc6:	0108df13          	srli	t5,a7,0x10
    2bca:	010ede93          	srli	t4,t4,0x10
    2bce:	4585                	li	a1,1
    2bd0:	01035793          	srli	a5,t1,0x10
    2bd4:	03e75533          	divu	a0,a4,t5
    2bd8:	03e77733          	remu	a4,a4,t5
    2bdc:	03d506b3          	mul	a3,a0,t4
    2be0:	0742                	slli	a4,a4,0x10
    2be2:	8fd9                	or	a5,a5,a4
    2be4:	00d7fa63          	bgeu	a5,a3,2bf8 <__udivdi3+0x128>
    2be8:	97c6                	add	a5,a5,a7
    2bea:	fff50713          	addi	a4,a0,-1
    2bee:	0117e463          	bltu	a5,a7,2bf6 <__udivdi3+0x126>
    2bf2:	26d7e563          	bltu	a5,a3,2e5c <__udivdi3+0x38c>
    2bf6:	853a                	mv	a0,a4
    2bf8:	8f95                	sub	a5,a5,a3
    2bfa:	03e7d733          	divu	a4,a5,t5
    2bfe:	0342                	slli	t1,t1,0x10
    2c00:	01035313          	srli	t1,t1,0x10
    2c04:	03e7f7b3          	remu	a5,a5,t5
    2c08:	03d70eb3          	mul	t4,a4,t4
    2c0c:	07c2                	slli	a5,a5,0x10
    2c0e:	0067e7b3          	or	a5,a5,t1
    2c12:	01d7fb63          	bgeu	a5,t4,2c28 <__udivdi3+0x158>
    2c16:	97c6                	add	a5,a5,a7
    2c18:	fff70693          	addi	a3,a4,-1
    2c1c:	0117e563          	bltu	a5,a7,2c26 <__udivdi3+0x156>
    2c20:	1779                	addi	a4,a4,-2
    2c22:	01d7e363          	bltu	a5,t4,2c28 <__udivdi3+0x158>
    2c26:	8736                	mv	a4,a3
    2c28:	0542                	slli	a0,a0,0x10
    2c2a:	8d59                	or	a0,a0,a4
    2c2c:	8082                	ret
    2c2e:	04d5e163          	bltu	a1,a3,2c70 <__udivdi3+0x1a0>
    2c32:	67c1                	lui	a5,0x10
    2c34:	04f6e163          	bltu	a3,a5,2c76 <__udivdi3+0x1a6>
    2c38:	010007b7          	lui	a5,0x1000
    2c3c:	1ef6e363          	bltu	a3,a5,2e22 <__udivdi3+0x352>
    2c40:	0186d713          	srli	a4,a3,0x18
    2c44:	4861                	li	a6,24
    2c46:	00006797          	auipc	a5,0x6
    2c4a:	5f678793          	addi	a5,a5,1526 # 923c <__clz_tab>
    2c4e:	97ba                	add	a5,a5,a4
    2c50:	2398                	lbu	a4,0(a5)
    2c52:	02000e13          	li	t3,32
    2c56:	9742                	add	a4,a4,a6
    2c58:	40ee0e33          	sub	t3,t3,a4
    2c5c:	0c0e1a63          	bnez	t3,2d30 <__udivdi3+0x260>
    2c60:	1cb6ed63          	bltu	a3,a1,2e3a <__udivdi3+0x36a>
    2c64:	00c53533          	sltu	a0,a0,a2
    2c68:	00154513          	xori	a0,a0,1
    2c6c:	4581                	li	a1,0
    2c6e:	8082                	ret
    2c70:	4581                	li	a1,0
    2c72:	4501                	li	a0,0
    2c74:	8082                	ret
    2c76:	0ff00793          	li	a5,255
    2c7a:	1cd7f363          	bgeu	a5,a3,2e40 <__udivdi3+0x370>
    2c7e:	0086d713          	srli	a4,a3,0x8
    2c82:	4821                	li	a6,8
    2c84:	b7c9                	j	2c46 <__udivdi3+0x176>
    2c86:	0ff00713          	li	a4,255
    2c8a:	86c6                	mv	a3,a7
    2c8c:	f1177ee3          	bgeu	a4,a7,2ba8 <__udivdi3+0xd8>
    2c90:	0088d693          	srli	a3,a7,0x8
    2c94:	47a1                	li	a5,8
    2c96:	bf09                	j	2ba8 <__udivdi3+0xd8>
    2c98:	0ff00713          	li	a4,255
    2c9c:	86b2                	mv	a3,a2
    2c9e:	e4c77be3          	bgeu	a4,a2,2af4 <__udivdi3+0x24>
    2ca2:	00865693          	srli	a3,a2,0x8
    2ca6:	47a1                	li	a5,8
    2ca8:	b5b1                	j	2af4 <__udivdi3+0x24>
    2caa:	00f898b3          	sll	a7,a7,a5
    2cae:	00d5d633          	srl	a2,a1,a3
    2cb2:	0108df13          	srli	t5,a7,0x10
    2cb6:	03e65e33          	divu	t3,a2,t5
    2cba:	00f59733          	sll	a4,a1,a5
    2cbe:	00d556b3          	srl	a3,a0,a3
    2cc2:	8f55                	or	a4,a4,a3
    2cc4:	01089e93          	slli	t4,a7,0x10
    2cc8:	010ede93          	srli	t4,t4,0x10
    2ccc:	00f51333          	sll	t1,a0,a5
    2cd0:	01075593          	srli	a1,a4,0x10
    2cd4:	03e676b3          	remu	a3,a2,t5
    2cd8:	03ce87b3          	mul	a5,t4,t3
    2cdc:	06c2                	slli	a3,a3,0x10
    2cde:	8ecd                	or	a3,a3,a1
    2ce0:	00f6fb63          	bgeu	a3,a5,2cf6 <__udivdi3+0x226>
    2ce4:	96c6                	add	a3,a3,a7
    2ce6:	fffe0613          	addi	a2,t3,-1
    2cea:	1716e463          	bltu	a3,a7,2e52 <__udivdi3+0x382>
    2cee:	16f6f263          	bgeu	a3,a5,2e52 <__udivdi3+0x382>
    2cf2:	1e79                	addi	t3,t3,-2
    2cf4:	96c6                	add	a3,a3,a7
    2cf6:	8e9d                	sub	a3,a3,a5
    2cf8:	03e6d633          	divu	a2,a3,t5
    2cfc:	01071793          	slli	a5,a4,0x10
    2d00:	83c1                	srli	a5,a5,0x10
    2d02:	03e6f6b3          	remu	a3,a3,t5
    2d06:	02ce8533          	mul	a0,t4,a2
    2d0a:	01069713          	slli	a4,a3,0x10
    2d0e:	8f5d                	or	a4,a4,a5
    2d10:	00a77b63          	bgeu	a4,a0,2d26 <__udivdi3+0x256>
    2d14:	9746                	add	a4,a4,a7
    2d16:	fff60793          	addi	a5,a2,-1
    2d1a:	13176863          	bltu	a4,a7,2e4a <__udivdi3+0x37a>
    2d1e:	12a77663          	bgeu	a4,a0,2e4a <__udivdi3+0x37a>
    2d22:	1679                	addi	a2,a2,-2
    2d24:	9746                	add	a4,a4,a7
    2d26:	010e1593          	slli	a1,t3,0x10
    2d2a:	8f09                	sub	a4,a4,a0
    2d2c:	8dd1                	or	a1,a1,a2
    2d2e:	b54d                	j	2bd0 <__udivdi3+0x100>
    2d30:	00e657b3          	srl	a5,a2,a4
    2d34:	01c696b3          	sll	a3,a3,t3
    2d38:	8edd                	or	a3,a3,a5
    2d3a:	00e5d333          	srl	t1,a1,a4
    2d3e:	0106df13          	srli	t5,a3,0x10
    2d42:	03e357b3          	divu	a5,t1,t5
    2d46:	01069e93          	slli	t4,a3,0x10
    2d4a:	010ede93          	srli	t4,t4,0x10
    2d4e:	01c59833          	sll	a6,a1,t3
    2d52:	00e55733          	srl	a4,a0,a4
    2d56:	01076833          	or	a6,a4,a6
    2d5a:	01085893          	srli	a7,a6,0x10
    2d5e:	01c61633          	sll	a2,a2,t3
    2d62:	03e37333          	remu	t1,t1,t5
    2d66:	02fe85b3          	mul	a1,t4,a5
    2d6a:	0342                	slli	t1,t1,0x10
    2d6c:	011368b3          	or	a7,t1,a7
    2d70:	00b8fb63          	bgeu	a7,a1,2d86 <__udivdi3+0x2b6>
    2d74:	98b6                	add	a7,a7,a3
    2d76:	fff78713          	addi	a4,a5,-1
    2d7a:	0cd8ea63          	bltu	a7,a3,2e4e <__udivdi3+0x37e>
    2d7e:	0cb8f863          	bgeu	a7,a1,2e4e <__udivdi3+0x37e>
    2d82:	17f9                	addi	a5,a5,-2
    2d84:	98b6                	add	a7,a7,a3
    2d86:	40b888b3          	sub	a7,a7,a1
    2d8a:	03e8d733          	divu	a4,a7,t5
    2d8e:	0842                	slli	a6,a6,0x10
    2d90:	01085813          	srli	a6,a6,0x10
    2d94:	03e8f8b3          	remu	a7,a7,t5
    2d98:	02ee8333          	mul	t1,t4,a4
    2d9c:	08c2                	slli	a7,a7,0x10
    2d9e:	0108e5b3          	or	a1,a7,a6
    2da2:	0065fb63          	bgeu	a1,t1,2db8 <__udivdi3+0x2e8>
    2da6:	95b6                	add	a1,a1,a3
    2da8:	fff70813          	addi	a6,a4,-1
    2dac:	08d5ed63          	bltu	a1,a3,2e46 <__udivdi3+0x376>
    2db0:	0865fb63          	bgeu	a1,t1,2e46 <__udivdi3+0x376>
    2db4:	1779                	addi	a4,a4,-2
    2db6:	95b6                	add	a1,a1,a3
    2db8:	07c2                	slli	a5,a5,0x10
    2dba:	6f41                	lui	t5,0x10
    2dbc:	8fd9                	or	a5,a5,a4
    2dbe:	ffff0713          	addi	a4,t5,-1 # ffff <_data_lma+0x6943>
    2dc2:	00e7f6b3          	and	a3,a5,a4
    2dc6:	0107d893          	srli	a7,a5,0x10
    2dca:	8f71                	and	a4,a4,a2
    2dcc:	8241                	srli	a2,a2,0x10
    2dce:	02e68eb3          	mul	t4,a3,a4
    2dd2:	406585b3          	sub	a1,a1,t1
    2dd6:	02c686b3          	mul	a3,a3,a2
    2dda:	010ed813          	srli	a6,t4,0x10
    2dde:	02e88733          	mul	a4,a7,a4
    2de2:	96ba                	add	a3,a3,a4
    2de4:	96c2                	add	a3,a3,a6
    2de6:	02c88633          	mul	a2,a7,a2
    2dea:	00e6f363          	bgeu	a3,a4,2df0 <__udivdi3+0x320>
    2dee:	967a                	add	a2,a2,t5
    2df0:	0106d893          	srli	a7,a3,0x10
    2df4:	9646                	add	a2,a2,a7
    2df6:	02c5e263          	bltu	a1,a2,2e1a <__udivdi3+0x34a>
    2dfa:	00c58563          	beq	a1,a2,2e04 <__udivdi3+0x334>
    2dfe:	853e                	mv	a0,a5
    2e00:	4581                	li	a1,0
    2e02:	8082                	ret
    2e04:	6741                	lui	a4,0x10
    2e06:	177d                	addi	a4,a4,-1
    2e08:	8ef9                	and	a3,a3,a4
    2e0a:	06c2                	slli	a3,a3,0x10
    2e0c:	00eefeb3          	and	t4,t4,a4
    2e10:	01c51533          	sll	a0,a0,t3
    2e14:	96f6                	add	a3,a3,t4
    2e16:	fed574e3          	bgeu	a0,a3,2dfe <__udivdi3+0x32e>
    2e1a:	fff78513          	addi	a0,a5,-1
    2e1e:	4581                	li	a1,0
    2e20:	8082                	ret
    2e22:	0106d713          	srli	a4,a3,0x10
    2e26:	4841                	li	a6,16
    2e28:	bd39                	j	2c46 <__udivdi3+0x176>
    2e2a:	01065693          	srli	a3,a2,0x10
    2e2e:	47c1                	li	a5,16
    2e30:	b1d1                	j	2af4 <__udivdi3+0x24>
    2e32:	0108d693          	srli	a3,a7,0x10
    2e36:	47c1                	li	a5,16
    2e38:	bb85                	j	2ba8 <__udivdi3+0xd8>
    2e3a:	4581                	li	a1,0
    2e3c:	4505                	li	a0,1
    2e3e:	8082                	ret
    2e40:	8736                	mv	a4,a3
    2e42:	4801                	li	a6,0
    2e44:	b509                	j	2c46 <__udivdi3+0x176>
    2e46:	8742                	mv	a4,a6
    2e48:	bf85                	j	2db8 <__udivdi3+0x2e8>
    2e4a:	863e                	mv	a2,a5
    2e4c:	bde9                	j	2d26 <__udivdi3+0x256>
    2e4e:	87ba                	mv	a5,a4
    2e50:	bf1d                	j	2d86 <__udivdi3+0x2b6>
    2e52:	8e32                	mv	t3,a2
    2e54:	b54d                	j	2cf6 <__udivdi3+0x226>
    2e56:	1579                	addi	a0,a0,-2
    2e58:	9846                	add	a6,a6,a7
    2e5a:	b9e5                	j	2b52 <__udivdi3+0x82>
    2e5c:	1579                	addi	a0,a0,-2
    2e5e:	97c6                	add	a5,a5,a7
    2e60:	bb61                	j	2bf8 <__udivdi3+0x128>

00002e62 <__umoddi3>:
    2e62:	87b6                	mv	a5,a3
    2e64:	8832                	mv	a6,a2
    2e66:	832a                	mv	t1,a0
    2e68:	872e                	mv	a4,a1
    2e6a:	8e2e                	mv	t3,a1
    2e6c:	14069163          	bnez	a3,2fae <__umoddi3+0x14c>
    2e70:	0ac5f063          	bgeu	a1,a2,2f10 <__umoddi3+0xae>
    2e74:	6741                	lui	a4,0x10
    2e76:	1ae67663          	bgeu	a2,a4,3022 <__umoddi3+0x1c0>
    2e7a:	0ff00713          	li	a4,255
    2e7e:	86b2                	mv	a3,a2
    2e80:	00c77563          	bgeu	a4,a2,2e8a <__umoddi3+0x28>
    2e84:	00865693          	srli	a3,a2,0x8
    2e88:	47a1                	li	a5,8
    2e8a:	00006717          	auipc	a4,0x6
    2e8e:	3b270713          	addi	a4,a4,946 # 923c <__clz_tab>
    2e92:	9736                	add	a4,a4,a3
    2e94:	2318                	lbu	a4,0(a4)
    2e96:	02000893          	li	a7,32
    2e9a:	97ba                	add	a5,a5,a4
    2e9c:	40f888b3          	sub	a7,a7,a5
    2ea0:	00088c63          	beqz	a7,2eb8 <__umoddi3+0x56>
    2ea4:	011595b3          	sll	a1,a1,a7
    2ea8:	00f557b3          	srl	a5,a0,a5
    2eac:	01161833          	sll	a6,a2,a7
    2eb0:	00b7ee33          	or	t3,a5,a1
    2eb4:	01151333          	sll	t1,a0,a7
    2eb8:	01085613          	srli	a2,a6,0x10
    2ebc:	02ce57b3          	divu	a5,t3,a2
    2ec0:	01081513          	slli	a0,a6,0x10
    2ec4:	8141                	srli	a0,a0,0x10
    2ec6:	01035693          	srli	a3,t1,0x10
    2eca:	02ce7e33          	remu	t3,t3,a2
    2ece:	02f507b3          	mul	a5,a0,a5
    2ed2:	0e42                	slli	t3,t3,0x10
    2ed4:	00de6733          	or	a4,t3,a3
    2ed8:	00f77863          	bgeu	a4,a5,2ee8 <__umoddi3+0x86>
    2edc:	9742                	add	a4,a4,a6
    2ede:	01076563          	bltu	a4,a6,2ee8 <__umoddi3+0x86>
    2ee2:	00f77363          	bgeu	a4,a5,2ee8 <__umoddi3+0x86>
    2ee6:	9742                	add	a4,a4,a6
    2ee8:	8f1d                	sub	a4,a4,a5
    2eea:	02c756b3          	divu	a3,a4,a2
    2eee:	01031793          	slli	a5,t1,0x10
    2ef2:	83c1                	srli	a5,a5,0x10
    2ef4:	02c77733          	remu	a4,a4,a2
    2ef8:	02d50533          	mul	a0,a0,a3
    2efc:	0742                	slli	a4,a4,0x10
    2efe:	8fd9                	or	a5,a5,a4
    2f00:	08a7eb63          	bltu	a5,a0,2f96 <__umoddi3+0x134>
    2f04:	40a78533          	sub	a0,a5,a0
    2f08:	01155533          	srl	a0,a0,a7
    2f0c:	4581                	li	a1,0
    2f0e:	8082                	ret
    2f10:	e601                	bnez	a2,2f18 <__umoddi3+0xb6>
    2f12:	4705                	li	a4,1
    2f14:	02c75833          	divu	a6,a4,a2
    2f18:	6741                	lui	a4,0x10
    2f1a:	0ee86b63          	bltu	a6,a4,3010 <__umoddi3+0x1ae>
    2f1e:	010007b7          	lui	a5,0x1000
    2f22:	2af86463          	bltu	a6,a5,31ca <__umoddi3+0x368>
    2f26:	01885693          	srli	a3,a6,0x18
    2f2a:	47e1                	li	a5,24
    2f2c:	00006717          	auipc	a4,0x6
    2f30:	31070713          	addi	a4,a4,784 # 923c <__clz_tab>
    2f34:	9736                	add	a4,a4,a3
    2f36:	2318                	lbu	a4,0(a4)
    2f38:	02000893          	li	a7,32
    2f3c:	97ba                	add	a5,a5,a4
    2f3e:	40f888b3          	sub	a7,a7,a5
    2f42:	1e089a63          	bnez	a7,3136 <__umoddi3+0x2d4>
    2f46:	01081e13          	slli	t3,a6,0x10
    2f4a:	410585b3          	sub	a1,a1,a6
    2f4e:	01085613          	srli	a2,a6,0x10
    2f52:	010e5e13          	srli	t3,t3,0x10
    2f56:	01035713          	srli	a4,t1,0x10
    2f5a:	02c5d6b3          	divu	a3,a1,a2
    2f5e:	02c5f5b3          	remu	a1,a1,a2
    2f62:	03c686b3          	mul	a3,a3,t3
    2f66:	05c2                	slli	a1,a1,0x10
    2f68:	8f4d                	or	a4,a4,a1
    2f6a:	00d77763          	bgeu	a4,a3,2f78 <__umoddi3+0x116>
    2f6e:	9742                	add	a4,a4,a6
    2f70:	01076463          	bltu	a4,a6,2f78 <__umoddi3+0x116>
    2f74:	26d76a63          	bltu	a4,a3,31e8 <__umoddi3+0x386>
    2f78:	8f15                	sub	a4,a4,a3
    2f7a:	02c75533          	divu	a0,a4,a2
    2f7e:	0342                	slli	t1,t1,0x10
    2f80:	01035313          	srli	t1,t1,0x10
    2f84:	02c77733          	remu	a4,a4,a2
    2f88:	03c50533          	mul	a0,a0,t3
    2f8c:	0742                	slli	a4,a4,0x10
    2f8e:	006767b3          	or	a5,a4,t1
    2f92:	00a7f863          	bgeu	a5,a0,2fa2 <__umoddi3+0x140>
    2f96:	97c2                	add	a5,a5,a6
    2f98:	0107e563          	bltu	a5,a6,2fa2 <__umoddi3+0x140>
    2f9c:	00a7f363          	bgeu	a5,a0,2fa2 <__umoddi3+0x140>
    2fa0:	97c2                	add	a5,a5,a6
    2fa2:	40a78533          	sub	a0,a5,a0
    2fa6:	01155533          	srl	a0,a0,a7
    2faa:	4581                	li	a1,0
    2fac:	8082                	ret
    2fae:	882a                	mv	a6,a0
    2fb0:	f4d5efe3          	bltu	a1,a3,2f0e <__umoddi3+0xac>
    2fb4:	67c1                	lui	a5,0x10
    2fb6:	04f6e563          	bltu	a3,a5,3000 <__umoddi3+0x19e>
    2fba:	010007b7          	lui	a5,0x1000
    2fbe:	20f6e263          	bltu	a3,a5,31c2 <__umoddi3+0x360>
    2fc2:	0186d313          	srli	t1,a3,0x18
    2fc6:	48e1                	li	a7,24
    2fc8:	00006797          	auipc	a5,0x6
    2fcc:	27478793          	addi	a5,a5,628 # 923c <__clz_tab>
    2fd0:	979a                	add	a5,a5,t1
    2fd2:	0007ce03          	lbu	t3,0(a5)
    2fd6:	02000313          	li	t1,32
    2fda:	9e46                	add	t3,t3,a7
    2fdc:	41c30333          	sub	t1,t1,t3
    2fe0:	04031963          	bnez	t1,3032 <__umoddi3+0x1d0>
    2fe4:	00b6e463          	bltu	a3,a1,2fec <__umoddi3+0x18a>
    2fe8:	00c56963          	bltu	a0,a2,2ffa <__umoddi3+0x198>
    2fec:	40c50833          	sub	a6,a0,a2
    2ff0:	8d95                	sub	a1,a1,a3
    2ff2:	01053733          	sltu	a4,a0,a6
    2ff6:	40e58733          	sub	a4,a1,a4
    2ffa:	8542                	mv	a0,a6
    2ffc:	85ba                	mv	a1,a4
    2ffe:	8082                	ret
    3000:	0ff00793          	li	a5,255
    3004:	1cd7fb63          	bgeu	a5,a3,31da <__umoddi3+0x378>
    3008:	0086d313          	srli	t1,a3,0x8
    300c:	48a1                	li	a7,8
    300e:	bf6d                	j	2fc8 <__umoddi3+0x166>
    3010:	0ff00713          	li	a4,255
    3014:	86c2                	mv	a3,a6
    3016:	f1077be3          	bgeu	a4,a6,2f2c <__umoddi3+0xca>
    301a:	00885693          	srli	a3,a6,0x8
    301e:	47a1                	li	a5,8
    3020:	b731                	j	2f2c <__umoddi3+0xca>
    3022:	010007b7          	lui	a5,0x1000
    3026:	1af66663          	bltu	a2,a5,31d2 <__umoddi3+0x370>
    302a:	01865693          	srli	a3,a2,0x18
    302e:	47e1                	li	a5,24
    3030:	bda9                	j	2e8a <__umoddi3+0x28>
    3032:	01c657b3          	srl	a5,a2,t3
    3036:	006696b3          	sll	a3,a3,t1
    303a:	8edd                	or	a3,a3,a5
    303c:	01c5d8b3          	srl	a7,a1,t3
    3040:	0106d713          	srli	a4,a3,0x10
    3044:	02e8deb3          	divu	t4,a7,a4
    3048:	01069f13          	slli	t5,a3,0x10
    304c:	01c557b3          	srl	a5,a0,t3
    3050:	010f5f13          	srli	t5,t5,0x10
    3054:	006595b3          	sll	a1,a1,t1
    3058:	8ddd                	or	a1,a1,a5
    305a:	0105d813          	srli	a6,a1,0x10
    305e:	00661633          	sll	a2,a2,t1
    3062:	00651533          	sll	a0,a0,t1
    3066:	02e8f8b3          	remu	a7,a7,a4
    306a:	03df07b3          	mul	a5,t5,t4
    306e:	08c2                	slli	a7,a7,0x10
    3070:	0108e833          	or	a6,a7,a6
    3074:	00f87b63          	bgeu	a6,a5,308a <__umoddi3+0x228>
    3078:	9836                	add	a6,a6,a3
    307a:	fffe8893          	addi	a7,t4,-1
    307e:	16d86363          	bltu	a6,a3,31e4 <__umoddi3+0x382>
    3082:	16f87163          	bgeu	a6,a5,31e4 <__umoddi3+0x382>
    3086:	1ef9                	addi	t4,t4,-2
    3088:	9836                	add	a6,a6,a3
    308a:	40f80833          	sub	a6,a6,a5
    308e:	02e857b3          	divu	a5,a6,a4
    3092:	05c2                	slli	a1,a1,0x10
    3094:	81c1                	srli	a1,a1,0x10
    3096:	02e87833          	remu	a6,a6,a4
    309a:	02ff0f33          	mul	t5,t5,a5
    309e:	01081713          	slli	a4,a6,0x10
    30a2:	8f4d                	or	a4,a4,a1
    30a4:	01e77b63          	bgeu	a4,t5,30ba <__umoddi3+0x258>
    30a8:	9736                	add	a4,a4,a3
    30aa:	fff78593          	addi	a1,a5,-1 # ffffff <_data_lma+0xff6943>
    30ae:	12d76963          	bltu	a4,a3,31e0 <__umoddi3+0x37e>
    30b2:	13e77763          	bgeu	a4,t5,31e0 <__umoddi3+0x37e>
    30b6:	17f9                	addi	a5,a5,-2
    30b8:	9736                	add	a4,a4,a3
    30ba:	0ec2                	slli	t4,t4,0x10
    30bc:	62c1                	lui	t0,0x10
    30be:	00feeeb3          	or	t4,t4,a5
    30c2:	fff28813          	addi	a6,t0,-1 # ffff <_data_lma+0x6943>
    30c6:	010ef8b3          	and	a7,t4,a6
    30ca:	01065593          	srli	a1,a2,0x10
    30ce:	010ede93          	srli	t4,t4,0x10
    30d2:	01067833          	and	a6,a2,a6
    30d6:	03088fb3          	mul	t6,a7,a6
    30da:	41e70733          	sub	a4,a4,t5
    30de:	030e8833          	mul	a6,t4,a6
    30e2:	010fd793          	srli	a5,t6,0x10
    30e6:	02b888b3          	mul	a7,a7,a1
    30ea:	98c2                	add	a7,a7,a6
    30ec:	97c6                	add	a5,a5,a7
    30ee:	02be8eb3          	mul	t4,t4,a1
    30f2:	0107f363          	bgeu	a5,a6,30f8 <__umoddi3+0x296>
    30f6:	9e96                	add	t4,t4,t0
    30f8:	6841                	lui	a6,0x10
    30fa:	187d                	addi	a6,a6,-1
    30fc:	0107d593          	srli	a1,a5,0x10
    3100:	0107f7b3          	and	a5,a5,a6
    3104:	07c2                	slli	a5,a5,0x10
    3106:	010fffb3          	and	t6,t6,a6
    310a:	95f6                	add	a1,a1,t4
    310c:	97fe                	add	a5,a5,t6
    310e:	0ab76263          	bltu	a4,a1,31b2 <__umoddi3+0x350>
    3112:	08b70e63          	beq	a4,a1,31ae <__umoddi3+0x34c>
    3116:	40f507b3          	sub	a5,a0,a5
    311a:	00f53533          	sltu	a0,a0,a5
    311e:	40b705b3          	sub	a1,a4,a1
    3122:	8d89                	sub	a1,a1,a0
    3124:	01c59e33          	sll	t3,a1,t3
    3128:	0067d533          	srl	a0,a5,t1
    312c:	00ae6533          	or	a0,t3,a0
    3130:	0065d5b3          	srl	a1,a1,t1
    3134:	8082                	ret
    3136:	01181833          	sll	a6,a6,a7
    313a:	00f5d733          	srl	a4,a1,a5
    313e:	01085613          	srli	a2,a6,0x10
    3142:	02c756b3          	divu	a3,a4,a2
    3146:	01081e13          	slli	t3,a6,0x10
    314a:	00f557b3          	srl	a5,a0,a5
    314e:	010e5e13          	srli	t3,t3,0x10
    3152:	011595b3          	sll	a1,a1,a7
    3156:	8ddd                	or	a1,a1,a5
    3158:	0105de93          	srli	t4,a1,0x10
    315c:	01151333          	sll	t1,a0,a7
    3160:	02c77733          	remu	a4,a4,a2
    3164:	02de07b3          	mul	a5,t3,a3
    3168:	01071693          	slli	a3,a4,0x10
    316c:	01d6e6b3          	or	a3,a3,t4
    3170:	00f6f863          	bgeu	a3,a5,3180 <__umoddi3+0x31e>
    3174:	96c2                	add	a3,a3,a6
    3176:	0106e563          	bltu	a3,a6,3180 <__umoddi3+0x31e>
    317a:	00f6f363          	bgeu	a3,a5,3180 <__umoddi3+0x31e>
    317e:	96c2                	add	a3,a3,a6
    3180:	8e9d                	sub	a3,a3,a5
    3182:	02c6d733          	divu	a4,a3,a2
    3186:	01059793          	slli	a5,a1,0x10
    318a:	83c1                	srli	a5,a5,0x10
    318c:	02c6f6b3          	remu	a3,a3,a2
    3190:	02ee0733          	mul	a4,t3,a4
    3194:	01069593          	slli	a1,a3,0x10
    3198:	8ddd                	or	a1,a1,a5
    319a:	00e5f863          	bgeu	a1,a4,31aa <__umoddi3+0x348>
    319e:	95c2                	add	a1,a1,a6
    31a0:	0105e563          	bltu	a1,a6,31aa <__umoddi3+0x348>
    31a4:	00e5f363          	bgeu	a1,a4,31aa <__umoddi3+0x348>
    31a8:	95c2                	add	a1,a1,a6
    31aa:	8d99                	sub	a1,a1,a4
    31ac:	b36d                	j	2f56 <__umoddi3+0xf4>
    31ae:	f6f574e3          	bgeu	a0,a5,3116 <__umoddi3+0x2b4>
    31b2:	40c78633          	sub	a2,a5,a2
    31b6:	00c7b7b3          	sltu	a5,a5,a2
    31ba:	97b6                	add	a5,a5,a3
    31bc:	8d9d                	sub	a1,a1,a5
    31be:	87b2                	mv	a5,a2
    31c0:	bf99                	j	3116 <__umoddi3+0x2b4>
    31c2:	0106d313          	srli	t1,a3,0x10
    31c6:	48c1                	li	a7,16
    31c8:	b501                	j	2fc8 <__umoddi3+0x166>
    31ca:	01085693          	srli	a3,a6,0x10
    31ce:	47c1                	li	a5,16
    31d0:	bbb1                	j	2f2c <__umoddi3+0xca>
    31d2:	01065693          	srli	a3,a2,0x10
    31d6:	47c1                	li	a5,16
    31d8:	b94d                	j	2e8a <__umoddi3+0x28>
    31da:	8336                	mv	t1,a3
    31dc:	4881                	li	a7,0
    31de:	b3ed                	j	2fc8 <__umoddi3+0x166>
    31e0:	87ae                	mv	a5,a1
    31e2:	bde1                	j	30ba <__umoddi3+0x258>
    31e4:	8ec6                	mv	t4,a7
    31e6:	b555                	j	308a <__umoddi3+0x228>
    31e8:	9742                	add	a4,a4,a6
    31ea:	b379                	j	2f78 <__umoddi3+0x116>

000031ec <__ledf2>:
    31ec:	0145d713          	srli	a4,a1,0x14
    31f0:	001007b7          	lui	a5,0x100
    31f4:	17fd                	addi	a5,a5,-1
    31f6:	0146d813          	srli	a6,a3,0x14
    31fa:	7ff77713          	andi	a4,a4,2047
    31fe:	7ff00893          	li	a7,2047
    3202:	00b7fe33          	and	t3,a5,a1
    3206:	8eaa                	mv	t4,a0
    3208:	8ff5                	and	a5,a5,a3
    320a:	81fd                	srli	a1,a1,0x1f
    320c:	8f32                	mv	t5,a2
    320e:	7ff87813          	andi	a6,a6,2047
    3212:	82fd                	srli	a3,a3,0x1f
    3214:	03170e63          	beq	a4,a7,3250 <__ledf2+0x64>
    3218:	01180d63          	beq	a6,a7,3232 <__ledf2+0x46>
    321c:	e329                	bnez	a4,325e <__ledf2+0x72>
    321e:	00ae68b3          	or	a7,t3,a0
    3222:	00081f63          	bnez	a6,3240 <__ledf2+0x54>
    3226:	8e5d                	or	a2,a2,a5
    3228:	ee01                	bnez	a2,3240 <__ledf2+0x54>
    322a:	4301                	li	t1,0
    322c:	04088c63          	beqz	a7,3284 <__ledf2+0x98>
    3230:	a821                	j	3248 <__ledf2+0x5c>
    3232:	00c7e8b3          	or	a7,a5,a2
    3236:	4309                	li	t1,2
    3238:	04089663          	bnez	a7,3284 <__ledf2+0x98>
    323c:	d36d                	beqz	a4,321e <__ledf2+0x32>
    323e:	a005                	j	325e <__ledf2+0x72>
    3240:	04088463          	beqz	a7,3288 <__ledf2+0x9c>
    3244:	02d58563          	beq	a1,a3,326e <__ledf2+0x82>
    3248:	4305                	li	t1,1
    324a:	cd8d                	beqz	a1,3284 <__ledf2+0x98>
    324c:	537d                	li	t1,-1
    324e:	a81d                	j	3284 <__ledf2+0x98>
    3250:	00ae68b3          	or	a7,t3,a0
    3254:	4309                	li	t1,2
    3256:	02089763          	bnez	a7,3284 <__ledf2+0x98>
    325a:	02e80a63          	beq	a6,a4,328e <__ledf2+0xa2>
    325e:	00081463          	bnez	a6,3266 <__ledf2+0x7a>
    3262:	8e5d                	or	a2,a2,a5
    3264:	d275                	beqz	a2,3248 <__ledf2+0x5c>
    3266:	fed591e3          	bne	a1,a3,3248 <__ledf2+0x5c>
    326a:	fce84fe3          	blt	a6,a4,3248 <__ledf2+0x5c>
    326e:	01074963          	blt	a4,a6,3280 <__ledf2+0x94>
    3272:	fdc7ebe3          	bltu	a5,t3,3248 <__ledf2+0x5c>
    3276:	00fe0f63          	beq	t3,a5,3294 <__ledf2+0xa8>
    327a:	4301                	li	t1,0
    327c:	00fe7463          	bgeu	t3,a5,3284 <__ledf2+0x98>
    3280:	d5f1                	beqz	a1,324c <__ledf2+0x60>
    3282:	4305                	li	t1,1
    3284:	851a                	mv	a0,t1
    3286:	8082                	ret
    3288:	feed                	bnez	a3,3282 <__ledf2+0x96>
    328a:	537d                	li	t1,-1
    328c:	bfe5                	j	3284 <__ledf2+0x98>
    328e:	8e5d                	or	a2,a2,a5
    3290:	da79                	beqz	a2,3266 <__ledf2+0x7a>
    3292:	bfcd                	j	3284 <__ledf2+0x98>
    3294:	fbdf6ae3          	bltu	t5,t4,3248 <__ledf2+0x5c>
    3298:	4301                	li	t1,0
    329a:	ffeef5e3          	bgeu	t4,t5,3284 <__ledf2+0x98>
    329e:	f1f5                	bnez	a1,3282 <__ledf2+0x96>
    32a0:	b775                	j	324c <__ledf2+0x60>

000032a2 <__muldf3>:
    32a2:	7139                	addi	sp,sp,-64
    32a4:	d84a                	sw	s2,48(sp)
    32a6:	0145d913          	srli	s2,a1,0x14
    32aa:	d64e                	sw	s3,44(sp)
    32ac:	d452                	sw	s4,40(sp)
    32ae:	d256                	sw	s5,36(sp)
    32b0:	00c59993          	slli	s3,a1,0xc
    32b4:	de06                	sw	ra,60(sp)
    32b6:	dc22                	sw	s0,56(sp)
    32b8:	da26                	sw	s1,52(sp)
    32ba:	d05a                	sw	s6,32(sp)
    32bc:	ce5e                	sw	s7,28(sp)
    32be:	7ff97913          	andi	s2,s2,2047
    32c2:	8a2a                	mv	s4,a0
    32c4:	00c9d993          	srli	s3,s3,0xc
    32c8:	01f5da93          	srli	s5,a1,0x1f
    32cc:	0e090d63          	beqz	s2,33c6 <__muldf3+0x124>
    32d0:	7ff00793          	li	a5,2047
    32d4:	18f90663          	beq	s2,a5,3460 <__muldf3+0x1be>
    32d8:	01d55413          	srli	s0,a0,0x1d
    32dc:	098e                	slli	s3,s3,0x3
    32de:	013469b3          	or	s3,s0,s3
    32e2:	00800437          	lui	s0,0x800
    32e6:	0089e433          	or	s0,s3,s0
    32ea:	00351493          	slli	s1,a0,0x3
    32ee:	c0190913          	addi	s2,s2,-1023
    32f2:	4981                	li	s3,0
    32f4:	4b81                	li	s7,0
    32f6:	0146d713          	srli	a4,a3,0x14
    32fa:	00c69a13          	slli	s4,a3,0xc
    32fe:	7ff77713          	andi	a4,a4,2047
    3302:	85b2                	mv	a1,a2
    3304:	00ca5a13          	srli	s4,s4,0xc
    3308:	01f6db13          	srli	s6,a3,0x1f
    330c:	10070b63          	beqz	a4,3422 <__muldf3+0x180>
    3310:	7ff00793          	li	a5,2047
    3314:	04f70363          	beq	a4,a5,335a <__muldf3+0xb8>
    3318:	01d65793          	srli	a5,a2,0x1d
    331c:	0a0e                	slli	s4,s4,0x3
    331e:	0147ea33          	or	s4,a5,s4
    3322:	c0170713          	addi	a4,a4,-1023
    3326:	008007b7          	lui	a5,0x800
    332a:	00fa67b3          	or	a5,s4,a5
    332e:	00361593          	slli	a1,a2,0x3
    3332:	993a                	add	s2,s2,a4
    3334:	4881                	li	a7,0
    3336:	016ac733          	xor	a4,s5,s6
    333a:	46bd                	li	a3,15
    333c:	853a                	mv	a0,a4
    333e:	00190813          	addi	a6,s2,1
    3342:	1736e863          	bltu	a3,s3,34b2 <__muldf3+0x210>
    3346:	00006617          	auipc	a2,0x6
    334a:	df660613          	addi	a2,a2,-522 # 913c <days_in_month.5670+0x328>
    334e:	098a                	slli	s3,s3,0x2
    3350:	99b2                	add	s3,s3,a2
    3352:	0009a683          	lw	a3,0(s3)
    3356:	96b2                	add	a3,a3,a2
    3358:	8682                	jr	a3
    335a:	00ca67b3          	or	a5,s4,a2
    335e:	7ff90913          	addi	s2,s2,2047
    3362:	12079963          	bnez	a5,3494 <__muldf3+0x1f2>
    3366:	0029e993          	ori	s3,s3,2
    336a:	4581                	li	a1,0
    336c:	4889                	li	a7,2
    336e:	b7e1                	j	3336 <__muldf3+0x94>
    3370:	4701                	li	a4,0
    3372:	7ff00793          	li	a5,2047
    3376:	00080437          	lui	s0,0x80
    337a:	4481                	li	s1,0
    337c:	0432                	slli	s0,s0,0xc
    337e:	07d2                	slli	a5,a5,0x14
    3380:	8031                	srli	s0,s0,0xc
    3382:	077e                	slli	a4,a4,0x1f
    3384:	8c5d                	or	s0,s0,a5
    3386:	8c59                	or	s0,s0,a4
    3388:	85a2                	mv	a1,s0
    338a:	50f2                	lw	ra,60(sp)
    338c:	5462                	lw	s0,56(sp)
    338e:	8526                	mv	a0,s1
    3390:	5942                	lw	s2,48(sp)
    3392:	54d2                	lw	s1,52(sp)
    3394:	59b2                	lw	s3,44(sp)
    3396:	5a22                	lw	s4,40(sp)
    3398:	5a92                	lw	s5,36(sp)
    339a:	5b02                	lw	s6,32(sp)
    339c:	4bf2                	lw	s7,28(sp)
    339e:	6121                	addi	sp,sp,64
    33a0:	8082                	ret
    33a2:	855a                	mv	a0,s6
    33a4:	843e                	mv	s0,a5
    33a6:	84ae                	mv	s1,a1
    33a8:	8bc6                	mv	s7,a7
    33aa:	4789                	li	a5,2
    33ac:	0efb8d63          	beq	s7,a5,34a6 <__muldf3+0x204>
    33b0:	478d                	li	a5,3
    33b2:	fafb8fe3          	beq	s7,a5,3370 <__muldf3+0xce>
    33b6:	4785                	li	a5,1
    33b8:	872a                	mv	a4,a0
    33ba:	38fb9e63          	bne	s7,a5,3756 <__muldf3+0x4b4>
    33be:	4781                	li	a5,0
    33c0:	4401                	li	s0,0
    33c2:	4481                	li	s1,0
    33c4:	bf65                	j	337c <__muldf3+0xda>
    33c6:	00a9e433          	or	s0,s3,a0
    33ca:	c061                	beqz	s0,348a <__muldf3+0x1e8>
    33cc:	c636                	sw	a3,12(sp)
    33ce:	c432                	sw	a2,8(sp)
    33d0:	2a098c63          	beqz	s3,3688 <__muldf3+0x3e6>
    33d4:	854e                	mv	a0,s3
    33d6:	4bb010ef          	jal	ra,5090 <__clzsi2>
    33da:	4622                	lw	a2,8(sp)
    33dc:	46b2                	lw	a3,12(sp)
    33de:	87aa                	mv	a5,a0
    33e0:	ff550713          	addi	a4,a0,-11
    33e4:	4475                	li	s0,29
    33e6:	ff878493          	addi	s1,a5,-8 # 7ffff8 <_data_lma+0x7f693c>
    33ea:	8c19                	sub	s0,s0,a4
    33ec:	009999b3          	sll	s3,s3,s1
    33f0:	008a5433          	srl	s0,s4,s0
    33f4:	01346433          	or	s0,s0,s3
    33f8:	009a14b3          	sll	s1,s4,s1
    33fc:	0146d713          	srli	a4,a3,0x14
    3400:	c0d00913          	li	s2,-1011
    3404:	00c69a13          	slli	s4,a3,0xc
    3408:	7ff77713          	andi	a4,a4,2047
    340c:	40f90933          	sub	s2,s2,a5
    3410:	4981                	li	s3,0
    3412:	4b81                	li	s7,0
    3414:	85b2                	mv	a1,a2
    3416:	00ca5a13          	srli	s4,s4,0xc
    341a:	01f6db13          	srli	s6,a3,0x1f
    341e:	ee0719e3          	bnez	a4,3310 <__muldf3+0x6e>
    3422:	00ca67b3          	or	a5,s4,a2
    3426:	c7b1                	beqz	a5,3472 <__muldf3+0x1d0>
    3428:	220a0f63          	beqz	s4,3666 <__muldf3+0x3c4>
    342c:	8552                	mv	a0,s4
    342e:	c432                	sw	a2,8(sp)
    3430:	461010ef          	jal	ra,5090 <__clzsi2>
    3434:	4622                	lw	a2,8(sp)
    3436:	872a                	mv	a4,a0
    3438:	ff550693          	addi	a3,a0,-11
    343c:	47f5                	li	a5,29
    343e:	ff870593          	addi	a1,a4,-8
    3442:	8f95                	sub	a5,a5,a3
    3444:	00ba1a33          	sll	s4,s4,a1
    3448:	00f657b3          	srl	a5,a2,a5
    344c:	0147e7b3          	or	a5,a5,s4
    3450:	00b615b3          	sll	a1,a2,a1
    3454:	40e90933          	sub	s2,s2,a4
    3458:	c0d90913          	addi	s2,s2,-1011
    345c:	4881                	li	a7,0
    345e:	bde1                	j	3336 <__muldf3+0x94>
    3460:	00a9e433          	or	s0,s3,a0
    3464:	ec01                	bnez	s0,347c <__muldf3+0x1da>
    3466:	49a1                	li	s3,8
    3468:	4481                	li	s1,0
    346a:	7ff00913          	li	s2,2047
    346e:	4b89                	li	s7,2
    3470:	b559                	j	32f6 <__muldf3+0x54>
    3472:	0019e993          	ori	s3,s3,1
    3476:	4581                	li	a1,0
    3478:	4885                	li	a7,1
    347a:	bd75                	j	3336 <__muldf3+0x94>
    347c:	844e                	mv	s0,s3
    347e:	84aa                	mv	s1,a0
    3480:	49b1                	li	s3,12
    3482:	7ff00913          	li	s2,2047
    3486:	4b8d                	li	s7,3
    3488:	b5bd                	j	32f6 <__muldf3+0x54>
    348a:	4991                	li	s3,4
    348c:	4481                	li	s1,0
    348e:	4901                	li	s2,0
    3490:	4b85                	li	s7,1
    3492:	b595                	j	32f6 <__muldf3+0x54>
    3494:	0039e993          	ori	s3,s3,3
    3498:	87d2                	mv	a5,s4
    349a:	488d                	li	a7,3
    349c:	bd69                	j	3336 <__muldf3+0x94>
    349e:	4789                	li	a5,2
    34a0:	8556                	mv	a0,s5
    34a2:	f0fb97e3          	bne	s7,a5,33b0 <__muldf3+0x10e>
    34a6:	872a                	mv	a4,a0
    34a8:	7ff00793          	li	a5,2047
    34ac:	4401                	li	s0,0
    34ae:	4481                	li	s1,0
    34b0:	b5f1                	j	337c <__muldf3+0xda>
    34b2:	6ec1                	lui	t4,0x10
    34b4:	fffe8613          	addi	a2,t4,-1 # ffff <_data_lma+0x6943>
    34b8:	0104d693          	srli	a3,s1,0x10
    34bc:	0105de13          	srli	t3,a1,0x10
    34c0:	8cf1                	and	s1,s1,a2
    34c2:	8df1                	and	a1,a1,a2
    34c4:	02958633          	mul	a2,a1,s1
    34c8:	02b68333          	mul	t1,a3,a1
    34cc:	01065893          	srli	a7,a2,0x10
    34d0:	029e0533          	mul	a0,t3,s1
    34d4:	951a                	add	a0,a0,t1
    34d6:	98aa                	add	a7,a7,a0
    34d8:	03c682b3          	mul	t0,a3,t3
    34dc:	0068f363          	bgeu	a7,t1,34e2 <__muldf3+0x240>
    34e0:	92f6                	add	t0,t0,t4
    34e2:	6fc1                	lui	t6,0x10
    34e4:	ffff8313          	addi	t1,t6,-1 # ffff <_data_lma+0x6943>
    34e8:	0067f533          	and	a0,a5,t1
    34ec:	0107d393          	srli	t2,a5,0x10
    34f0:	0068f7b3          	and	a5,a7,t1
    34f4:	07c2                	slli	a5,a5,0x10
    34f6:	00667333          	and	t1,a2,t1
    34fa:	933e                	add	t1,t1,a5
    34fc:	02950633          	mul	a2,a0,s1
    3500:	0108d893          	srli	a7,a7,0x10
    3504:	02a687b3          	mul	a5,a3,a0
    3508:	01065f13          	srli	t5,a2,0x10
    350c:	029384b3          	mul	s1,t2,s1
    3510:	94be                	add	s1,s1,a5
    3512:	94fa                	add	s1,s1,t5
    3514:	02768eb3          	mul	t4,a3,t2
    3518:	00f4f363          	bgeu	s1,a5,351e <__muldf3+0x27c>
    351c:	9efe                	add	t4,t4,t6
    351e:	6a41                	lui	s4,0x10
    3520:	fffa0793          	addi	a5,s4,-1 # ffff <_data_lma+0x6943>
    3524:	01045f93          	srli	t6,s0,0x10
    3528:	00f476b3          	and	a3,s0,a5
    352c:	00f4f9b3          	and	s3,s1,a5
    3530:	8e7d                	and	a2,a2,a5
    3532:	80c1                	srli	s1,s1,0x10
    3534:	02d58433          	mul	s0,a1,a3
    3538:	09c2                	slli	s3,s3,0x10
    353a:	01d48f33          	add	t5,s1,t4
    353e:	99b2                	add	s3,s3,a2
    3540:	98ce                	add	a7,a7,s3
    3542:	02de07b3          	mul	a5,t3,a3
    3546:	01045e93          	srli	t4,s0,0x10
    354a:	02bf85b3          	mul	a1,t6,a1
    354e:	97ae                	add	a5,a5,a1
    3550:	9ebe                	add	t4,t4,a5
    3552:	03fe0e33          	mul	t3,t3,t6
    3556:	00bef363          	bgeu	t4,a1,355c <__muldf3+0x2ba>
    355a:	9e52                	add	t3,t3,s4
    355c:	67c1                	lui	a5,0x10
    355e:	fff78593          	addi	a1,a5,-1 # ffff <_data_lma+0x6943>
    3562:	00bef633          	and	a2,t4,a1
    3566:	8c6d                	and	s0,s0,a1
    3568:	0642                	slli	a2,a2,0x10
    356a:	9622                	add	a2,a2,s0
    356c:	010ede93          	srli	t4,t4,0x10
    3570:	02d505b3          	mul	a1,a0,a3
    3574:	9e76                	add	t3,t3,t4
    3576:	02af8533          	mul	a0,t6,a0
    357a:	0105d413          	srli	s0,a1,0x10
    357e:	02d386b3          	mul	a3,t2,a3
    3582:	96aa                	add	a3,a3,a0
    3584:	96a2                	add	a3,a3,s0
    3586:	03f38fb3          	mul	t6,t2,t6
    358a:	00a6f363          	bgeu	a3,a0,3590 <__muldf3+0x2ee>
    358e:	9fbe                	add	t6,t6,a5
    3590:	6541                	lui	a0,0x10
    3592:	157d                	addi	a0,a0,-1
    3594:	00a6f7b3          	and	a5,a3,a0
    3598:	07c2                	slli	a5,a5,0x10
    359a:	8d6d                	and	a0,a0,a1
    359c:	97aa                	add	a5,a5,a0
    359e:	005885b3          	add	a1,a7,t0
    35a2:	0135b9b3          	sltu	s3,a1,s3
    35a6:	97fa                	add	a5,a5,t5
    35a8:	95b2                	add	a1,a1,a2
    35aa:	01378433          	add	s0,a5,s3
    35ae:	00c5b633          	sltu	a2,a1,a2
    35b2:	01c40eb3          	add	t4,s0,t3
    35b6:	00ce8533          	add	a0,t4,a2
    35ba:	01343433          	sltu	s0,s0,s3
    35be:	01e7b7b3          	sltu	a5,a5,t5
    35c2:	8fc1                	or	a5,a5,s0
    35c4:	01cebe33          	sltu	t3,t4,t3
    35c8:	0106d413          	srli	s0,a3,0x10
    35cc:	00c53633          	sltu	a2,a0,a2
    35d0:	943e                	add	s0,s0,a5
    35d2:	00ce6633          	or	a2,t3,a2
    35d6:	00959493          	slli	s1,a1,0x9
    35da:	9432                	add	s0,s0,a2
    35dc:	947e                	add	s0,s0,t6
    35de:	0064e4b3          	or	s1,s1,t1
    35e2:	0426                	slli	s0,s0,0x9
    35e4:	01755693          	srli	a3,a0,0x17
    35e8:	009034b3          	snez	s1,s1
    35ec:	81dd                	srli	a1,a1,0x17
    35ee:	00951793          	slli	a5,a0,0x9
    35f2:	8ccd                	or	s1,s1,a1
    35f4:	8c55                	or	s0,s0,a3
    35f6:	8cdd                	or	s1,s1,a5
    35f8:	00741793          	slli	a5,s0,0x7
    35fc:	0007db63          	bgez	a5,3612 <__muldf3+0x370>
    3600:	0014d793          	srli	a5,s1,0x1
    3604:	8885                	andi	s1,s1,1
    3606:	01f41693          	slli	a3,s0,0x1f
    360a:	8cdd                	or	s1,s1,a5
    360c:	8cd5                	or	s1,s1,a3
    360e:	8005                	srli	s0,s0,0x1
    3610:	8942                	mv	s2,a6
    3612:	3ff90793          	addi	a5,s2,1023
    3616:	08f05963          	blez	a5,36a8 <__muldf3+0x406>
    361a:	0074f693          	andi	a3,s1,7
    361e:	ce81                	beqz	a3,3636 <__muldf3+0x394>
    3620:	00f4f693          	andi	a3,s1,15
    3624:	4611                	li	a2,4
    3626:	00c68863          	beq	a3,a2,3636 <__muldf3+0x394>
    362a:	00448693          	addi	a3,s1,4
    362e:	0096b4b3          	sltu	s1,a3,s1
    3632:	9426                	add	s0,s0,s1
    3634:	84b6                	mv	s1,a3
    3636:	00741693          	slli	a3,s0,0x7
    363a:	0006d863          	bgez	a3,364a <__muldf3+0x3a8>
    363e:	ff0007b7          	lui	a5,0xff000
    3642:	17fd                	addi	a5,a5,-1
    3644:	8c7d                	and	s0,s0,a5
    3646:	40090793          	addi	a5,s2,1024
    364a:	7fe00693          	li	a3,2046
    364e:	0ef6cf63          	blt	a3,a5,374c <__muldf3+0x4aa>
    3652:	0034d693          	srli	a3,s1,0x3
    3656:	01d41493          	slli	s1,s0,0x1d
    365a:	0426                	slli	s0,s0,0x9
    365c:	8cd5                	or	s1,s1,a3
    365e:	8031                	srli	s0,s0,0xc
    3660:	7ff7f793          	andi	a5,a5,2047
    3664:	bb21                	j	337c <__muldf3+0xda>
    3666:	8532                	mv	a0,a2
    3668:	c432                	sw	a2,8(sp)
    366a:	227010ef          	jal	ra,5090 <__clzsi2>
    366e:	01550693          	addi	a3,a0,21 # 10015 <_data_lma+0x6959>
    3672:	47f1                	li	a5,28
    3674:	02050713          	addi	a4,a0,32
    3678:	4622                	lw	a2,8(sp)
    367a:	dcd7d1e3          	bge	a5,a3,343c <__muldf3+0x19a>
    367e:	1561                	addi	a0,a0,-8
    3680:	00a617b3          	sll	a5,a2,a0
    3684:	4581                	li	a1,0
    3686:	b3f9                	j	3454 <__muldf3+0x1b2>
    3688:	209010ef          	jal	ra,5090 <__clzsi2>
    368c:	01550713          	addi	a4,a0,21
    3690:	45f1                	li	a1,28
    3692:	02050793          	addi	a5,a0,32
    3696:	4622                	lw	a2,8(sp)
    3698:	46b2                	lw	a3,12(sp)
    369a:	d4e5d5e3          	bge	a1,a4,33e4 <__muldf3+0x142>
    369e:	1561                	addi	a0,a0,-8
    36a0:	00aa1433          	sll	s0,s4,a0
    36a4:	4481                	li	s1,0
    36a6:	bb99                	j	33fc <__muldf3+0x15a>
    36a8:	4685                	li	a3,1
    36aa:	8e9d                	sub	a3,a3,a5
    36ac:	e7b1                	bnez	a5,36f8 <__muldf3+0x456>
    36ae:	41e90913          	addi	s2,s2,1054
    36b2:	012497b3          	sll	a5,s1,s2
    36b6:	00d4d4b3          	srl	s1,s1,a3
    36ba:	01241933          	sll	s2,s0,s2
    36be:	00f037b3          	snez	a5,a5
    36c2:	009964b3          	or	s1,s2,s1
    36c6:	8cdd                	or	s1,s1,a5
    36c8:	0074f793          	andi	a5,s1,7
    36cc:	00d456b3          	srl	a3,s0,a3
    36d0:	cf81                	beqz	a5,36e8 <__muldf3+0x446>
    36d2:	00f4f793          	andi	a5,s1,15
    36d6:	4611                	li	a2,4
    36d8:	00c78863          	beq	a5,a2,36e8 <__muldf3+0x446>
    36dc:	00448793          	addi	a5,s1,4
    36e0:	0097b4b3          	sltu	s1,a5,s1
    36e4:	96a6                	add	a3,a3,s1
    36e6:	84be                	mv	s1,a5
    36e8:	00869793          	slli	a5,a3,0x8
    36ec:	0407d863          	bgez	a5,373c <__muldf3+0x49a>
    36f0:	4785                	li	a5,1
    36f2:	4401                	li	s0,0
    36f4:	4481                	li	s1,0
    36f6:	b159                	j	337c <__muldf3+0xda>
    36f8:	03800613          	li	a2,56
    36fc:	ccd641e3          	blt	a2,a3,33be <__muldf3+0x11c>
    3700:	467d                	li	a2,31
    3702:	fad656e3          	bge	a2,a3,36ae <__muldf3+0x40c>
    3706:	5605                	li	a2,-31
    3708:	40f607b3          	sub	a5,a2,a5
    370c:	02000593          	li	a1,32
    3710:	00f45633          	srl	a2,s0,a5
    3714:	00b68763          	beq	a3,a1,3722 <__muldf3+0x480>
    3718:	43e90913          	addi	s2,s2,1086
    371c:	012417b3          	sll	a5,s0,s2
    3720:	8cdd                	or	s1,s1,a5
    3722:	009034b3          	snez	s1,s1
    3726:	8cd1                	or	s1,s1,a2
    3728:	0074f693          	andi	a3,s1,7
    372c:	4401                	li	s0,0
    372e:	ca99                	beqz	a3,3744 <__muldf3+0x4a2>
    3730:	00f4f793          	andi	a5,s1,15
    3734:	4611                	li	a2,4
    3736:	4681                	li	a3,0
    3738:	fac792e3          	bne	a5,a2,36dc <__muldf3+0x43a>
    373c:	00969413          	slli	s0,a3,0x9
    3740:	8031                	srli	s0,s0,0xc
    3742:	06f6                	slli	a3,a3,0x1d
    3744:	808d                	srli	s1,s1,0x3
    3746:	8cd5                	or	s1,s1,a3
    3748:	4781                	li	a5,0
    374a:	b90d                	j	337c <__muldf3+0xda>
    374c:	7ff00793          	li	a5,2047
    3750:	4401                	li	s0,0
    3752:	4481                	li	s1,0
    3754:	b125                	j	337c <__muldf3+0xda>
    3756:	8942                	mv	s2,a6
    3758:	bd6d                	j	3612 <__muldf3+0x370>

0000375a <__subdf3>:
    375a:	00100737          	lui	a4,0x100
    375e:	177d                	addi	a4,a4,-1
    3760:	1101                	addi	sp,sp,-32
    3762:	00b77333          	and	t1,a4,a1
    3766:	0146d893          	srli	a7,a3,0x14
    376a:	8f75                	and	a4,a4,a3
    376c:	01d65e93          	srli	t4,a2,0x1d
    3770:	cc22                	sw	s0,24(sp)
    3772:	ca26                	sw	s1,20(sp)
    3774:	030e                	slli	t1,t1,0x3
    3776:	0145d493          	srli	s1,a1,0x14
    377a:	01d55793          	srli	a5,a0,0x1d
    377e:	070e                	slli	a4,a4,0x3
    3780:	ce06                	sw	ra,28(sp)
    3782:	c84a                	sw	s2,16(sp)
    3784:	c64e                	sw	s3,12(sp)
    3786:	7ff8f893          	andi	a7,a7,2047
    378a:	7ff00e13          	li	t3,2047
    378e:	00eee733          	or	a4,t4,a4
    3792:	7ff4f493          	andi	s1,s1,2047
    3796:	01f5d413          	srli	s0,a1,0x1f
    379a:	0067e333          	or	t1,a5,t1
    379e:	00351f13          	slli	t5,a0,0x3
    37a2:	82fd                	srli	a3,a3,0x1f
    37a4:	00361e93          	slli	t4,a2,0x3
    37a8:	19c88063          	beq	a7,t3,3928 <__subdf3+0x1ce>
    37ac:	0016c693          	xori	a3,a3,1
    37b0:	411485b3          	sub	a1,s1,a7
    37b4:	12d40563          	beq	s0,a3,38de <__subdf3+0x184>
    37b8:	18b05163          	blez	a1,393a <__subdf3+0x1e0>
    37bc:	1a088b63          	beqz	a7,3972 <__subdf3+0x218>
    37c0:	008007b7          	lui	a5,0x800
    37c4:	8f5d                	or	a4,a4,a5
    37c6:	59c48163          	beq	s1,t3,3d48 <__subdf3+0x5ee>
    37ca:	03800793          	li	a5,56
    37ce:	34b7c463          	blt	a5,a1,3b16 <__subdf3+0x3bc>
    37d2:	47fd                	li	a5,31
    37d4:	48b7c563          	blt	a5,a1,3c5e <__subdf3+0x504>
    37d8:	02000793          	li	a5,32
    37dc:	8f8d                	sub	a5,a5,a1
    37de:	00bed9b3          	srl	s3,t4,a1
    37e2:	00f71833          	sll	a6,a4,a5
    37e6:	00fe9eb3          	sll	t4,t4,a5
    37ea:	01386833          	or	a6,a6,s3
    37ee:	00b75733          	srl	a4,a4,a1
    37f2:	01d039b3          	snez	s3,t4
    37f6:	01386833          	or	a6,a6,s3
    37fa:	40e30333          	sub	t1,t1,a4
    37fe:	410f09b3          	sub	s3,t5,a6
    3802:	013f37b3          	sltu	a5,t5,s3
    3806:	40f30633          	sub	a2,t1,a5
    380a:	00861793          	slli	a5,a2,0x8
    380e:	2407d363          	bgez	a5,3a54 <__subdf3+0x2fa>
    3812:	00800937          	lui	s2,0x800
    3816:	197d                	addi	s2,s2,-1
    3818:	01267933          	and	s2,a2,s2
    381c:	2c090f63          	beqz	s2,3afa <__subdf3+0x3a0>
    3820:	854a                	mv	a0,s2
    3822:	06f010ef          	jal	ra,5090 <__clzsi2>
    3826:	ff850713          	addi	a4,a0,-8
    382a:	02000793          	li	a5,32
    382e:	8f99                	sub	a5,a5,a4
    3830:	00f9d7b3          	srl	a5,s3,a5
    3834:	00e91633          	sll	a2,s2,a4
    3838:	8fd1                	or	a5,a5,a2
    383a:	00e999b3          	sll	s3,s3,a4
    383e:	2a974463          	blt	a4,s1,3ae6 <__subdf3+0x38c>
    3842:	8f05                	sub	a4,a4,s1
    3844:	00170613          	addi	a2,a4,1 # 100001 <_data_lma+0xf6945>
    3848:	46fd                	li	a3,31
    384a:	3ac6c563          	blt	a3,a2,3bf4 <__subdf3+0x49a>
    384e:	02000713          	li	a4,32
    3852:	8f11                	sub	a4,a4,a2
    3854:	00c9d6b3          	srl	a3,s3,a2
    3858:	00e99833          	sll	a6,s3,a4
    385c:	00e79733          	sll	a4,a5,a4
    3860:	8f55                	or	a4,a4,a3
    3862:	01003833          	snez	a6,a6
    3866:	010769b3          	or	s3,a4,a6
    386a:	00c7d633          	srl	a2,a5,a2
    386e:	4481                	li	s1,0
    3870:	0079f793          	andi	a5,s3,7
    3874:	cf81                	beqz	a5,388c <__subdf3+0x132>
    3876:	00f9f693          	andi	a3,s3,15
    387a:	4791                	li	a5,4
    387c:	00f68863          	beq	a3,a5,388c <__subdf3+0x132>
    3880:	00498693          	addi	a3,s3,4
    3884:	0136b833          	sltu	a6,a3,s3
    3888:	9642                	add	a2,a2,a6
    388a:	89b6                	mv	s3,a3
    388c:	00861793          	slli	a5,a2,0x8
    3890:	1c07d663          	bgez	a5,3a5c <__subdf3+0x302>
    3894:	00148713          	addi	a4,s1,1
    3898:	7ff00793          	li	a5,2047
    389c:	8805                	andi	s0,s0,1
    389e:	20f70663          	beq	a4,a5,3aaa <__subdf3+0x350>
    38a2:	ff8007b7          	lui	a5,0xff800
    38a6:	17fd                	addi	a5,a5,-1
    38a8:	8ff1                	and	a5,a5,a2
    38aa:	01d79813          	slli	a6,a5,0x1d
    38ae:	0039d993          	srli	s3,s3,0x3
    38b2:	07a6                	slli	a5,a5,0x9
    38b4:	01386833          	or	a6,a6,s3
    38b8:	83b1                	srli	a5,a5,0xc
    38ba:	7ff77713          	andi	a4,a4,2047
    38be:	00c79693          	slli	a3,a5,0xc
    38c2:	0752                	slli	a4,a4,0x14
    38c4:	82b1                	srli	a3,a3,0xc
    38c6:	047e                	slli	s0,s0,0x1f
    38c8:	8ed9                	or	a3,a3,a4
    38ca:	8ec1                	or	a3,a3,s0
    38cc:	40f2                	lw	ra,28(sp)
    38ce:	4462                	lw	s0,24(sp)
    38d0:	44d2                	lw	s1,20(sp)
    38d2:	4942                	lw	s2,16(sp)
    38d4:	49b2                	lw	s3,12(sp)
    38d6:	8542                	mv	a0,a6
    38d8:	85b6                	mv	a1,a3
    38da:	6105                	addi	sp,sp,32
    38dc:	8082                	ret
    38de:	0ab05663          	blez	a1,398a <__subdf3+0x230>
    38e2:	12088a63          	beqz	a7,3a16 <__subdf3+0x2bc>
    38e6:	008007b7          	lui	a5,0x800
    38ea:	8f5d                	or	a4,a4,a5
    38ec:	2dc48763          	beq	s1,t3,3bba <__subdf3+0x460>
    38f0:	03800793          	li	a5,56
    38f4:	18b7c763          	blt	a5,a1,3a82 <__subdf3+0x328>
    38f8:	47fd                	li	a5,31
    38fa:	3cb7d263          	bge	a5,a1,3cbe <__subdf3+0x564>
    38fe:	fe058813          	addi	a6,a1,-32 # 40020fe0 <_eusrstack+0x20018fe0>
    3902:	02000793          	li	a5,32
    3906:	010759b3          	srl	s3,a4,a6
    390a:	00f58a63          	beq	a1,a5,391e <__subdf3+0x1c4>
    390e:	04000793          	li	a5,64
    3912:	40b785b3          	sub	a1,a5,a1
    3916:	00b71733          	sll	a4,a4,a1
    391a:	00eeeeb3          	or	t4,t4,a4
    391e:	01d03833          	snez	a6,t4
    3922:	01386833          	or	a6,a6,s3
    3926:	a295                	j	3a8a <__subdf3+0x330>
    3928:	01d767b3          	or	a5,a4,t4
    392c:	80148593          	addi	a1,s1,-2047
    3930:	e399                	bnez	a5,3936 <__subdf3+0x1dc>
    3932:	0016c693          	xori	a3,a3,1
    3936:	04d40a63          	beq	s0,a3,398a <__subdf3+0x230>
    393a:	e1d1                	bnez	a1,39be <__subdf3+0x264>
    393c:	00148793          	addi	a5,s1,1
    3940:	7fe7f793          	andi	a5,a5,2046
    3944:	1e079963          	bnez	a5,3b36 <__subdf3+0x3dc>
    3948:	01e367b3          	or	a5,t1,t5
    394c:	01d76833          	or	a6,a4,t4
    3950:	16049263          	bnez	s1,3ab4 <__subdf3+0x35a>
    3954:	3c078263          	beqz	a5,3d18 <__subdf3+0x5be>
    3958:	42081663          	bnez	a6,3d84 <__subdf3+0x62a>
    395c:	00351813          	slli	a6,a0,0x3
    3960:	01d31693          	slli	a3,t1,0x1d
    3964:	00385813          	srli	a6,a6,0x3
    3968:	0106e833          	or	a6,a3,a6
    396c:	00335793          	srli	a5,t1,0x3
    3970:	a219                	j	3a76 <__subdf3+0x31c>
    3972:	01d767b3          	or	a5,a4,t4
    3976:	1a078563          	beqz	a5,3b20 <__subdf3+0x3c6>
    397a:	fff58793          	addi	a5,a1,-1
    397e:	3a078b63          	beqz	a5,3d34 <__subdf3+0x5da>
    3982:	23c58c63          	beq	a1,t3,3bba <__subdf3+0x460>
    3986:	85be                	mv	a1,a5
    3988:	b589                	j	37ca <__subdf3+0x70>
    398a:	1c059963          	bnez	a1,3b5c <__subdf3+0x402>
    398e:	00148693          	addi	a3,s1,1
    3992:	7fe6f793          	andi	a5,a3,2046
    3996:	efc1                	bnez	a5,3a2e <__subdf3+0x2d4>
    3998:	01e367b3          	or	a5,t1,t5
    399c:	36049063          	bnez	s1,3cfc <__subdf3+0x5a2>
    39a0:	44078d63          	beqz	a5,3dfa <__subdf3+0x6a0>
    39a4:	01d767b3          	or	a5,a4,t4
    39a8:	46079463          	bnez	a5,3e10 <__subdf3+0x6b6>
    39ac:	050e                	slli	a0,a0,0x3
    39ae:	01d31813          	slli	a6,t1,0x1d
    39b2:	810d                	srli	a0,a0,0x3
    39b4:	00a86833          	or	a6,a6,a0
    39b8:	00335793          	srli	a5,t1,0x3
    39bc:	a86d                	j	3a76 <__subdf3+0x31c>
    39be:	409885b3          	sub	a1,a7,s1
    39c2:	20049763          	bnez	s1,3bd0 <__subdf3+0x476>
    39c6:	01e367b3          	or	a5,t1,t5
    39ca:	30078d63          	beqz	a5,3ce4 <__subdf3+0x58a>
    39ce:	fff58793          	addi	a5,a1,-1
    39d2:	40078963          	beqz	a5,3de4 <__subdf3+0x68a>
    39d6:	7ff00513          	li	a0,2047
    39da:	20a58363          	beq	a1,a0,3be0 <__subdf3+0x486>
    39de:	85be                	mv	a1,a5
    39e0:	03800793          	li	a5,56
    39e4:	2ab7c263          	blt	a5,a1,3c88 <__subdf3+0x52e>
    39e8:	47fd                	li	a5,31
    39ea:	3cb7c863          	blt	a5,a1,3dba <__subdf3+0x660>
    39ee:	02000793          	li	a5,32
    39f2:	8f8d                	sub	a5,a5,a1
    39f4:	00f31833          	sll	a6,t1,a5
    39f8:	00bf5633          	srl	a2,t5,a1
    39fc:	00ff17b3          	sll	a5,t5,a5
    3a00:	00c86833          	or	a6,a6,a2
    3a04:	00f039b3          	snez	s3,a5
    3a08:	00b35333          	srl	t1,t1,a1
    3a0c:	01386833          	or	a6,a6,s3
    3a10:	40670733          	sub	a4,a4,t1
    3a14:	acb5                	j	3c90 <__subdf3+0x536>
    3a16:	01d767b3          	or	a5,a4,t4
    3a1a:	10078363          	beqz	a5,3b20 <__subdf3+0x3c6>
    3a1e:	fff58793          	addi	a5,a1,-1
    3a22:	1e078f63          	beqz	a5,3c20 <__subdf3+0x4c6>
    3a26:	2fc58063          	beq	a1,t3,3d06 <__subdf3+0x5ac>
    3a2a:	85be                	mv	a1,a5
    3a2c:	b5d1                	j	38f0 <__subdf3+0x196>
    3a2e:	7ff00793          	li	a5,2047
    3a32:	06f68b63          	beq	a3,a5,3aa8 <__subdf3+0x34e>
    3a36:	9efa                	add	t4,t4,t5
    3a38:	01eeb633          	sltu	a2,t4,t5
    3a3c:	00e307b3          	add	a5,t1,a4
    3a40:	97b2                	add	a5,a5,a2
    3a42:	01f79813          	slli	a6,a5,0x1f
    3a46:	001ede93          	srli	t4,t4,0x1
    3a4a:	01d869b3          	or	s3,a6,t4
    3a4e:	0017d613          	srli	a2,a5,0x1
    3a52:	84b6                	mv	s1,a3
    3a54:	0079f793          	andi	a5,s3,7
    3a58:	e0079fe3          	bnez	a5,3876 <__subdf3+0x11c>
    3a5c:	01d61793          	slli	a5,a2,0x1d
    3a60:	0039d813          	srli	a6,s3,0x3
    3a64:	00f86833          	or	a6,a6,a5
    3a68:	85a6                	mv	a1,s1
    3a6a:	00365793          	srli	a5,a2,0x3
    3a6e:	7ff00713          	li	a4,2047
    3a72:	06e58063          	beq	a1,a4,3ad2 <__subdf3+0x378>
    3a76:	07b2                	slli	a5,a5,0xc
    3a78:	83b1                	srli	a5,a5,0xc
    3a7a:	7ff5f713          	andi	a4,a1,2047
    3a7e:	8805                	andi	s0,s0,1
    3a80:	bd3d                	j	38be <__subdf3+0x164>
    3a82:	01d76733          	or	a4,a4,t4
    3a86:	00e03833          	snez	a6,a4
    3a8a:	01e809b3          	add	s3,a6,t5
    3a8e:	01e9b7b3          	sltu	a5,s3,t5
    3a92:	00678633          	add	a2,a5,t1
    3a96:	00861793          	slli	a5,a2,0x8
    3a9a:	fa07dde3          	bgez	a5,3a54 <__subdf3+0x2fa>
    3a9e:	0485                	addi	s1,s1,1
    3aa0:	7ff00793          	li	a5,2047
    3aa4:	18f49c63          	bne	s1,a5,3c3c <__subdf3+0x4e2>
    3aa8:	8805                	andi	s0,s0,1
    3aaa:	7ff00713          	li	a4,2047
    3aae:	4781                	li	a5,0
    3ab0:	4801                	li	a6,0
    3ab2:	b531                	j	38be <__subdf3+0x164>
    3ab4:	10079163          	bnez	a5,3bb6 <__subdf3+0x45c>
    3ab8:	3c080163          	beqz	a6,3e7a <__subdf3+0x720>
    3abc:	00361813          	slli	a6,a2,0x3
    3ac0:	01d71793          	slli	a5,a4,0x1d
    3ac4:	00385813          	srli	a6,a6,0x3
    3ac8:	00f86833          	or	a6,a6,a5
    3acc:	8436                	mv	s0,a3
    3ace:	00375793          	srli	a5,a4,0x3
    3ad2:	00f867b3          	or	a5,a6,a5
    3ad6:	dbe9                	beqz	a5,3aa8 <__subdf3+0x34e>
    3ad8:	4401                	li	s0,0
    3ada:	7ff00713          	li	a4,2047
    3ade:	000807b7          	lui	a5,0x80
    3ae2:	4801                	li	a6,0
    3ae4:	bbe9                	j	38be <__subdf3+0x164>
    3ae6:	ff800637          	lui	a2,0xff800
    3aea:	167d                	addi	a2,a2,-1
    3aec:	8e7d                	and	a2,a2,a5
    3aee:	0079f793          	andi	a5,s3,7
    3af2:	8c99                	sub	s1,s1,a4
    3af4:	d80791e3          	bnez	a5,3876 <__subdf3+0x11c>
    3af8:	b795                	j	3a5c <__subdf3+0x302>
    3afa:	854e                	mv	a0,s3
    3afc:	594010ef          	jal	ra,5090 <__clzsi2>
    3b00:	01850713          	addi	a4,a0,24
    3b04:	47fd                	li	a5,31
    3b06:	d2e7d2e3          	bge	a5,a4,382a <__subdf3+0xd0>
    3b0a:	ff850613          	addi	a2,a0,-8
    3b0e:	00c997b3          	sll	a5,s3,a2
    3b12:	4981                	li	s3,0
    3b14:	b32d                	j	383e <__subdf3+0xe4>
    3b16:	01d76833          	or	a6,a4,t4
    3b1a:	01003833          	snez	a6,a6
    3b1e:	b1c5                	j	37fe <__subdf3+0xa4>
    3b20:	00351813          	slli	a6,a0,0x3
    3b24:	01d31793          	slli	a5,t1,0x1d
    3b28:	00385813          	srli	a6,a6,0x3
    3b2c:	00f86833          	or	a6,a6,a5
    3b30:	00335793          	srli	a5,t1,0x3
    3b34:	bf2d                	j	3a6e <__subdf3+0x314>
    3b36:	41df09b3          	sub	s3,t5,t4
    3b3a:	40e30933          	sub	s2,t1,a4
    3b3e:	013f3633          	sltu	a2,t5,s3
    3b42:	40c90933          	sub	s2,s2,a2
    3b46:	00891793          	slli	a5,s2,0x8
    3b4a:	2007ca63          	bltz	a5,3d5e <__subdf3+0x604>
    3b4e:	0129e833          	or	a6,s3,s2
    3b52:	cc0815e3          	bnez	a6,381c <__subdf3+0xc2>
    3b56:	4781                	li	a5,0
    3b58:	4401                	li	s0,0
    3b5a:	bf31                	j	3a76 <__subdf3+0x31c>
    3b5c:	409885b3          	sub	a1,a7,s1
    3b60:	14048163          	beqz	s1,3ca2 <__subdf3+0x548>
    3b64:	008006b7          	lui	a3,0x800
    3b68:	7ff00793          	li	a5,2047
    3b6c:	00d36333          	or	t1,t1,a3
    3b70:	20f88163          	beq	a7,a5,3d72 <__subdf3+0x618>
    3b74:	03800793          	li	a5,56
    3b78:	22b7cc63          	blt	a5,a1,3db0 <__subdf3+0x656>
    3b7c:	47fd                	li	a5,31
    3b7e:	2cb7c963          	blt	a5,a1,3e50 <__subdf3+0x6f6>
    3b82:	02000793          	li	a5,32
    3b86:	8f8d                	sub	a5,a5,a1
    3b88:	00f31833          	sll	a6,t1,a5
    3b8c:	00bf56b3          	srl	a3,t5,a1
    3b90:	00ff17b3          	sll	a5,t5,a5
    3b94:	00d86833          	or	a6,a6,a3
    3b98:	00f039b3          	snez	s3,a5
    3b9c:	00b35333          	srl	t1,t1,a1
    3ba0:	01386833          	or	a6,a6,s3
    3ba4:	971a                	add	a4,a4,t1
    3ba6:	01d809b3          	add	s3,a6,t4
    3baa:	01d9b7b3          	sltu	a5,s3,t4
    3bae:	00e78633          	add	a2,a5,a4
    3bb2:	84c6                	mv	s1,a7
    3bb4:	b5cd                	j	3a96 <__subdf3+0x33c>
    3bb6:	f20811e3          	bnez	a6,3ad8 <__subdf3+0x37e>
    3bba:	00351813          	slli	a6,a0,0x3
    3bbe:	01d31793          	slli	a5,t1,0x1d
    3bc2:	00385813          	srli	a6,a6,0x3
    3bc6:	00f86833          	or	a6,a6,a5
    3bca:	00335793          	srli	a5,t1,0x3
    3bce:	b711                	j	3ad2 <__subdf3+0x378>
    3bd0:	00800537          	lui	a0,0x800
    3bd4:	7ff00793          	li	a5,2047
    3bd8:	00a36333          	or	t1,t1,a0
    3bdc:	e0f892e3          	bne	a7,a5,39e0 <__subdf3+0x286>
    3be0:	060e                	slli	a2,a2,0x3
    3be2:	01d71813          	slli	a6,a4,0x1d
    3be6:	820d                	srli	a2,a2,0x3
    3be8:	00c86833          	or	a6,a6,a2
    3bec:	00375793          	srli	a5,a4,0x3
    3bf0:	8436                	mv	s0,a3
    3bf2:	b5c5                	j	3ad2 <__subdf3+0x378>
    3bf4:	1705                	addi	a4,a4,-31
    3bf6:	02000693          	li	a3,32
    3bfa:	00e7d733          	srl	a4,a5,a4
    3bfe:	00d60a63          	beq	a2,a3,3c12 <__subdf3+0x4b8>
    3c02:	04000693          	li	a3,64
    3c06:	40c68633          	sub	a2,a3,a2
    3c0a:	00c79633          	sll	a2,a5,a2
    3c0e:	00c9e9b3          	or	s3,s3,a2
    3c12:	01303833          	snez	a6,s3
    3c16:	00e869b3          	or	s3,a6,a4
    3c1a:	4601                	li	a2,0
    3c1c:	4481                	li	s1,0
    3c1e:	bd1d                	j	3a54 <__subdf3+0x2fa>
    3c20:	01df09b3          	add	s3,t5,t4
    3c24:	00e307b3          	add	a5,t1,a4
    3c28:	01e9bf33          	sltu	t5,s3,t5
    3c2c:	01e78633          	add	a2,a5,t5
    3c30:	00861793          	slli	a5,a2,0x8
    3c34:	4485                	li	s1,1
    3c36:	e007dfe3          	bgez	a5,3a54 <__subdf3+0x2fa>
    3c3a:	4489                	li	s1,2
    3c3c:	ff8007b7          	lui	a5,0xff800
    3c40:	17fd                	addi	a5,a5,-1
    3c42:	8ff1                	and	a5,a5,a2
    3c44:	0019d713          	srli	a4,s3,0x1
    3c48:	0019f813          	andi	a6,s3,1
    3c4c:	01076833          	or	a6,a4,a6
    3c50:	01f79993          	slli	s3,a5,0x1f
    3c54:	0109e9b3          	or	s3,s3,a6
    3c58:	0017d613          	srli	a2,a5,0x1
    3c5c:	b911                	j	3870 <__subdf3+0x116>
    3c5e:	fe058813          	addi	a6,a1,-32
    3c62:	02000793          	li	a5,32
    3c66:	010759b3          	srl	s3,a4,a6
    3c6a:	00f58a63          	beq	a1,a5,3c7e <__subdf3+0x524>
    3c6e:	04000793          	li	a5,64
    3c72:	40b785b3          	sub	a1,a5,a1
    3c76:	00b71733          	sll	a4,a4,a1
    3c7a:	00eeeeb3          	or	t4,t4,a4
    3c7e:	01d03833          	snez	a6,t4
    3c82:	01386833          	or	a6,a6,s3
    3c86:	bea5                	j	37fe <__subdf3+0xa4>
    3c88:	01e36333          	or	t1,t1,t5
    3c8c:	00603833          	snez	a6,t1
    3c90:	410e89b3          	sub	s3,t4,a6
    3c94:	013eb7b3          	sltu	a5,t4,s3
    3c98:	40f70633          	sub	a2,a4,a5
    3c9c:	84c6                	mv	s1,a7
    3c9e:	8436                	mv	s0,a3
    3ca0:	b6ad                	j	380a <__subdf3+0xb0>
    3ca2:	01e367b3          	or	a5,t1,t5
    3ca6:	18078763          	beqz	a5,3e34 <__subdf3+0x6da>
    3caa:	fff58793          	addi	a5,a1,-1
    3cae:	1c078c63          	beqz	a5,3e86 <__subdf3+0x72c>
    3cb2:	7ff00693          	li	a3,2047
    3cb6:	0ad58e63          	beq	a1,a3,3d72 <__subdf3+0x618>
    3cba:	85be                	mv	a1,a5
    3cbc:	bd65                	j	3b74 <__subdf3+0x41a>
    3cbe:	02000793          	li	a5,32
    3cc2:	8f8d                	sub	a5,a5,a1
    3cc4:	00bed9b3          	srl	s3,t4,a1
    3cc8:	00f71833          	sll	a6,a4,a5
    3ccc:	00fe9eb3          	sll	t4,t4,a5
    3cd0:	01386833          	or	a6,a6,s3
    3cd4:	00b75733          	srl	a4,a4,a1
    3cd8:	01d039b3          	snez	s3,t4
    3cdc:	01386833          	or	a6,a6,s3
    3ce0:	933a                	add	t1,t1,a4
    3ce2:	b365                	j	3a8a <__subdf3+0x330>
    3ce4:	00361813          	slli	a6,a2,0x3
    3ce8:	01d71793          	slli	a5,a4,0x1d
    3cec:	00385813          	srli	a6,a6,0x3
    3cf0:	0107e833          	or	a6,a5,a6
    3cf4:	8436                	mv	s0,a3
    3cf6:	00375793          	srli	a5,a4,0x3
    3cfa:	bb95                	j	3a6e <__subdf3+0x314>
    3cfc:	cbbd                	beqz	a5,3d72 <__subdf3+0x618>
    3cfe:	01d76733          	or	a4,a4,t4
    3d02:	dc071be3          	bnez	a4,3ad8 <__subdf3+0x37e>
    3d06:	050e                	slli	a0,a0,0x3
    3d08:	01d31813          	slli	a6,t1,0x1d
    3d0c:	810d                	srli	a0,a0,0x3
    3d0e:	00a86833          	or	a6,a6,a0
    3d12:	00335793          	srli	a5,t1,0x3
    3d16:	bb75                	j	3ad2 <__subdf3+0x378>
    3d18:	e2080fe3          	beqz	a6,3b56 <__subdf3+0x3fc>
    3d1c:	00361813          	slli	a6,a2,0x3
    3d20:	01d71793          	slli	a5,a4,0x1d
    3d24:	00385813          	srli	a6,a6,0x3
    3d28:	00f86833          	or	a6,a6,a5
    3d2c:	8436                	mv	s0,a3
    3d2e:	00375793          	srli	a5,a4,0x3
    3d32:	b391                	j	3a76 <__subdf3+0x31c>
    3d34:	41df09b3          	sub	s3,t5,t4
    3d38:	40e307b3          	sub	a5,t1,a4
    3d3c:	013f3f33          	sltu	t5,t5,s3
    3d40:	41e78633          	sub	a2,a5,t5
    3d44:	4485                	li	s1,1
    3d46:	b4d1                	j	380a <__subdf3+0xb0>
    3d48:	00351813          	slli	a6,a0,0x3
    3d4c:	01d31693          	slli	a3,t1,0x1d
    3d50:	00385813          	srli	a6,a6,0x3
    3d54:	0106e833          	or	a6,a3,a6
    3d58:	00335793          	srli	a5,t1,0x3
    3d5c:	bb9d                	j	3ad2 <__subdf3+0x378>
    3d5e:	41ee89b3          	sub	s3,t4,t5
    3d62:	40670633          	sub	a2,a4,t1
    3d66:	013eb933          	sltu	s2,t4,s3
    3d6a:	41260933          	sub	s2,a2,s2
    3d6e:	8436                	mv	s0,a3
    3d70:	b475                	j	381c <__subdf3+0xc2>
    3d72:	060e                	slli	a2,a2,0x3
    3d74:	01d71813          	slli	a6,a4,0x1d
    3d78:	820d                	srli	a2,a2,0x3
    3d7a:	00c86833          	or	a6,a6,a2
    3d7e:	00375793          	srli	a5,a4,0x3
    3d82:	bb81                	j	3ad2 <__subdf3+0x378>
    3d84:	41df09b3          	sub	s3,t5,t4
    3d88:	40e307b3          	sub	a5,t1,a4
    3d8c:	013f3633          	sltu	a2,t5,s3
    3d90:	40c78633          	sub	a2,a5,a2
    3d94:	00861793          	slli	a5,a2,0x8
    3d98:	0a07d763          	bgez	a5,3e46 <__subdf3+0x6ec>
    3d9c:	41ee89b3          	sub	s3,t4,t5
    3da0:	406707b3          	sub	a5,a4,t1
    3da4:	013ebeb3          	sltu	t4,t4,s3
    3da8:	41d78633          	sub	a2,a5,t4
    3dac:	8436                	mv	s0,a3
    3dae:	b4c9                	j	3870 <__subdf3+0x116>
    3db0:	01e36333          	or	t1,t1,t5
    3db4:	00603833          	snez	a6,t1
    3db8:	b3fd                	j	3ba6 <__subdf3+0x44c>
    3dba:	fe058813          	addi	a6,a1,-32
    3dbe:	02000793          	li	a5,32
    3dc2:	010359b3          	srl	s3,t1,a6
    3dc6:	00f58a63          	beq	a1,a5,3dda <__subdf3+0x680>
    3dca:	04000793          	li	a5,64
    3dce:	40b785b3          	sub	a1,a5,a1
    3dd2:	00b31333          	sll	t1,t1,a1
    3dd6:	006f6f33          	or	t5,t5,t1
    3dda:	01e03833          	snez	a6,t5
    3dde:	01386833          	or	a6,a6,s3
    3de2:	b57d                	j	3c90 <__subdf3+0x536>
    3de4:	41ee89b3          	sub	s3,t4,t5
    3de8:	406707b3          	sub	a5,a4,t1
    3dec:	013ebeb3          	sltu	t4,t4,s3
    3df0:	41d78633          	sub	a2,a5,t4
    3df4:	8436                	mv	s0,a3
    3df6:	4485                	li	s1,1
    3df8:	bc09                	j	380a <__subdf3+0xb0>
    3dfa:	00361813          	slli	a6,a2,0x3
    3dfe:	01d71793          	slli	a5,a4,0x1d
    3e02:	00385813          	srli	a6,a6,0x3
    3e06:	00f86833          	or	a6,a6,a5
    3e0a:	00375793          	srli	a5,a4,0x3
    3e0e:	b1a5                	j	3a76 <__subdf3+0x31c>
    3e10:	01df09b3          	add	s3,t5,t4
    3e14:	00e307b3          	add	a5,t1,a4
    3e18:	01e9bf33          	sltu	t5,s3,t5
    3e1c:	01e78633          	add	a2,a5,t5
    3e20:	00861793          	slli	a5,a2,0x8
    3e24:	c207d8e3          	bgez	a5,3a54 <__subdf3+0x2fa>
    3e28:	ff8007b7          	lui	a5,0xff800
    3e2c:	17fd                	addi	a5,a5,-1
    3e2e:	8e7d                	and	a2,a2,a5
    3e30:	4485                	li	s1,1
    3e32:	b10d                	j	3a54 <__subdf3+0x2fa>
    3e34:	060e                	slli	a2,a2,0x3
    3e36:	01d71813          	slli	a6,a4,0x1d
    3e3a:	820d                	srli	a2,a2,0x3
    3e3c:	00c86833          	or	a6,a6,a2
    3e40:	00375793          	srli	a5,a4,0x3
    3e44:	b12d                	j	3a6e <__subdf3+0x314>
    3e46:	00c9e833          	or	a6,s3,a2
    3e4a:	d00806e3          	beqz	a6,3b56 <__subdf3+0x3fc>
    3e4e:	b119                	j	3a54 <__subdf3+0x2fa>
    3e50:	fe058813          	addi	a6,a1,-32
    3e54:	02000793          	li	a5,32
    3e58:	010359b3          	srl	s3,t1,a6
    3e5c:	00f58a63          	beq	a1,a5,3e70 <__subdf3+0x716>
    3e60:	04000793          	li	a5,64
    3e64:	40b785b3          	sub	a1,a5,a1
    3e68:	00b31333          	sll	t1,t1,a1
    3e6c:	006f6f33          	or	t5,t5,t1
    3e70:	01e03833          	snez	a6,t5
    3e74:	01386833          	or	a6,a6,s3
    3e78:	b33d                	j	3ba6 <__subdf3+0x44c>
    3e7a:	4401                	li	s0,0
    3e7c:	7ff00713          	li	a4,2047
    3e80:	000807b7          	lui	a5,0x80
    3e84:	bc2d                	j	38be <__subdf3+0x164>
    3e86:	01df09b3          	add	s3,t5,t4
    3e8a:	00e307b3          	add	a5,t1,a4
    3e8e:	01d9beb3          	sltu	t4,s3,t4
    3e92:	01d78633          	add	a2,a5,t4
    3e96:	bb69                	j	3c30 <__subdf3+0x4d6>

00003e98 <__fixdfdi>:
    3e98:	00100737          	lui	a4,0x100
    3e9c:	0145d793          	srli	a5,a1,0x14
    3ea0:	fff70693          	addi	a3,a4,-1 # fffff <_data_lma+0xf6943>
    3ea4:	7ff7f793          	andi	a5,a5,2047
    3ea8:	3fe00813          	li	a6,1022
    3eac:	8eed                	and	a3,a3,a1
    3eae:	01f5d613          	srli	a2,a1,0x1f
    3eb2:	02f85363          	bge	a6,a5,3ed8 <__fixdfdi+0x40>
    3eb6:	43d00593          	li	a1,1085
    3eba:	02f5d263          	bge	a1,a5,3ede <__fixdfdi+0x46>
    3ebe:	4585                	li	a1,1
    3ec0:	8d91                	sub	a1,a1,a2
    3ec2:	40b00533          	neg	a0,a1
    3ec6:	41f5d613          	srai	a2,a1,0x1f
    3eca:	800005b7          	lui	a1,0x80000
    3ece:	00a037b3          	snez	a5,a0
    3ed2:	8d91                	sub	a1,a1,a2
    3ed4:	8d9d                	sub	a1,a1,a5
    3ed6:	8082                	ret
    3ed8:	4501                	li	a0,0
    3eda:	4581                	li	a1,0
    3edc:	8082                	ret
    3ede:	43200813          	li	a6,1074
    3ee2:	00e6e5b3          	or	a1,a3,a4
    3ee6:	02f85463          	bge	a6,a5,3f0e <__fixdfdi+0x76>
    3eea:	bad78713          	addi	a4,a5,-1107 # 7fbad <_data_lma+0x764f1>
    3eee:	bcd78793          	addi	a5,a5,-1075
    3ef2:	04074563          	bltz	a4,3f3c <__fixdfdi+0xa4>
    3ef6:	00e515b3          	sll	a1,a0,a4
    3efa:	4501                	li	a0,0
    3efc:	d265                	beqz	a2,3edc <__fixdfdi+0x44>
    3efe:	40a00533          	neg	a0,a0
    3f02:	00a037b3          	snez	a5,a0
    3f06:	40b005b3          	neg	a1,a1
    3f0a:	8d9d                	sub	a1,a1,a5
    3f0c:	8082                	ret
    3f0e:	43300693          	li	a3,1075
    3f12:	8e9d                	sub	a3,a3,a5
    3f14:	477d                	li	a4,31
    3f16:	00d74c63          	blt	a4,a3,3f2e <__fixdfdi+0x96>
    3f1a:	bed78713          	addi	a4,a5,-1043
    3f1e:	00e59733          	sll	a4,a1,a4
    3f22:	00d55533          	srl	a0,a0,a3
    3f26:	8d59                	or	a0,a0,a4
    3f28:	00d5d5b3          	srl	a1,a1,a3
    3f2c:	bfc1                	j	3efc <__fixdfdi+0x64>
    3f2e:	41300513          	li	a0,1043
    3f32:	8d1d                	sub	a0,a0,a5
    3f34:	00a5d533          	srl	a0,a1,a0
    3f38:	4581                	li	a1,0
    3f3a:	b7c9                	j	3efc <__fixdfdi+0x64>
    3f3c:	46fd                	li	a3,31
    3f3e:	00155713          	srli	a4,a0,0x1
    3f42:	8e9d                	sub	a3,a3,a5
    3f44:	00d75733          	srl	a4,a4,a3
    3f48:	00f595b3          	sll	a1,a1,a5
    3f4c:	8dd9                	or	a1,a1,a4
    3f4e:	00f51533          	sll	a0,a0,a5
    3f52:	b76d                	j	3efc <__fixdfdi+0x64>

00003f54 <__floatdidf>:
    3f54:	1101                	addi	sp,sp,-32
    3f56:	ce06                	sw	ra,28(sp)
    3f58:	cc22                	sw	s0,24(sp)
    3f5a:	ca26                	sw	s1,20(sp)
    3f5c:	c84a                	sw	s2,16(sp)
    3f5e:	c64e                	sw	s3,12(sp)
    3f60:	00b567b3          	or	a5,a0,a1
    3f64:	cf9d                	beqz	a5,3fa2 <__floatdidf+0x4e>
    3f66:	84ae                	mv	s1,a1
    3f68:	89aa                	mv	s3,a0
    3f6a:	01f5d913          	srli	s2,a1,0x1f
    3f6e:	0405ce63          	bltz	a1,3fca <__floatdidf+0x76>
    3f72:	8426                	mv	s0,s1
    3f74:	c4ad                	beqz	s1,3fde <__floatdidf+0x8a>
    3f76:	8526                	mv	a0,s1
    3f78:	118010ef          	jal	ra,5090 <__clzsi2>
    3f7c:	43e00693          	li	a3,1086
    3f80:	8e89                	sub	a3,a3,a0
    3f82:	43300793          	li	a5,1075
    3f86:	08d7ca63          	blt	a5,a3,401a <__floatdidf+0xc6>
    3f8a:	00c49793          	slli	a5,s1,0xc
    3f8e:	462d                	li	a2,11
    3f90:	874e                	mv	a4,s3
    3f92:	7ff6f693          	andi	a3,a3,2047
    3f96:	83b1                	srli	a5,a5,0xc
    3f98:	00a65963          	bge	a2,a0,3faa <__floatdidf+0x56>
    3f9c:	ff550613          	addi	a2,a0,-11 # 7ffff5 <_data_lma+0x7f6939>
    3fa0:	a8b9                	j	3ffe <__floatdidf+0xaa>
    3fa2:	4901                	li	s2,0
    3fa4:	4681                	li	a3,0
    3fa6:	4781                	li	a5,0
    3fa8:	4701                	li	a4,0
    3faa:	07b2                	slli	a5,a5,0xc
    3fac:	40f2                	lw	ra,28(sp)
    3fae:	4462                	lw	s0,24(sp)
    3fb0:	06d2                	slli	a3,a3,0x14
    3fb2:	83b1                	srli	a5,a5,0xc
    3fb4:	097e                	slli	s2,s2,0x1f
    3fb6:	8fd5                	or	a5,a5,a3
    3fb8:	0127e7b3          	or	a5,a5,s2
    3fbc:	44d2                	lw	s1,20(sp)
    3fbe:	4942                	lw	s2,16(sp)
    3fc0:	49b2                	lw	s3,12(sp)
    3fc2:	853a                	mv	a0,a4
    3fc4:	85be                	mv	a1,a5
    3fc6:	6105                	addi	sp,sp,32
    3fc8:	8082                	ret
    3fca:	40a00533          	neg	a0,a0
    3fce:	00a036b3          	snez	a3,a0
    3fd2:	40b004b3          	neg	s1,a1
    3fd6:	8c95                	sub	s1,s1,a3
    3fd8:	89aa                	mv	s3,a0
    3fda:	8426                	mv	s0,s1
    3fdc:	fcc9                	bnez	s1,3f76 <__floatdidf+0x22>
    3fde:	854e                	mv	a0,s3
    3fe0:	0b0010ef          	jal	ra,5090 <__clzsi2>
    3fe4:	862a                	mv	a2,a0
    3fe6:	43e00693          	li	a3,1086
    3fea:	02050513          	addi	a0,a0,32
    3fee:	8e89                	sub	a3,a3,a0
    3ff0:	02a00793          	li	a5,42
    3ff4:	7ff6f693          	andi	a3,a3,2047
    3ff8:	0ca7c763          	blt	a5,a0,40c6 <__floatdidf+0x172>
    3ffc:	0655                	addi	a2,a2,21
    3ffe:	02b00713          	li	a4,43
    4002:	8f09                	sub	a4,a4,a0
    4004:	00c497b3          	sll	a5,s1,a2
    4008:	00e9d733          	srl	a4,s3,a4
    400c:	8f5d                	or	a4,a4,a5
    400e:	00c71793          	slli	a5,a4,0xc
    4012:	83b1                	srli	a5,a5,0xc
    4014:	00c99733          	sll	a4,s3,a2
    4018:	bf49                	j	3faa <__floatdidf+0x56>
    401a:	43600793          	li	a5,1078
    401e:	02d7db63          	bge	a5,a3,4054 <__floatdidf+0x100>
    4022:	4721                	li	a4,8
    4024:	8f09                	sub	a4,a4,a0
    4026:	fe070593          	addi	a1,a4,-32
    402a:	0c05c263          	bltz	a1,40ee <__floatdidf+0x19a>
    402e:	00b4d5b3          	srl	a1,s1,a1
    4032:	4701                	li	a4,0
    4034:	01850613          	addi	a2,a0,24
    4038:	03850793          	addi	a5,a0,56
    403c:	08064c63          	bltz	a2,40d4 <__floatdidf+0x180>
    4040:	00c99633          	sll	a2,s3,a2
    4044:	4981                	li	s3,0
    4046:	00c9e9b3          	or	s3,s3,a2
    404a:	01303633          	snez	a2,s3
    404e:	00c5e9b3          	or	s3,a1,a2
    4052:	843a                	mv	s0,a4
    4054:	47a1                	li	a5,8
    4056:	864e                	mv	a2,s3
    4058:	04a7c963          	blt	a5,a0,40aa <__floatdidf+0x156>
    405c:	ff8007b7          	lui	a5,0xff800
    4060:	17fd                	addi	a5,a5,-1
    4062:	00767593          	andi	a1,a2,7
    4066:	00f47733          	and	a4,s0,a5
    406a:	c585                	beqz	a1,4092 <__floatdidf+0x13e>
    406c:	00f67593          	andi	a1,a2,15
    4070:	4811                	li	a6,4
    4072:	03058063          	beq	a1,a6,4092 <__floatdidf+0x13e>
    4076:	00460593          	addi	a1,a2,4 # ff800004 <_eusrstack+0xdf7f8004>
    407a:	00c5b633          	sltu	a2,a1,a2
    407e:	9732                	add	a4,a4,a2
    4080:	00871613          	slli	a2,a4,0x8
    4084:	08065163          	bgez	a2,4106 <__floatdidf+0x1b2>
    4088:	43f00693          	li	a3,1087
    408c:	8f7d                	and	a4,a4,a5
    408e:	8e89                	sub	a3,a3,a0
    4090:	862e                	mv	a2,a1
    4092:	00365513          	srli	a0,a2,0x3
    4096:	00971793          	slli	a5,a4,0x9
    409a:	01d71613          	slli	a2,a4,0x1d
    409e:	00a66733          	or	a4,a2,a0
    40a2:	83b1                	srli	a5,a5,0xc
    40a4:	7ff6f693          	andi	a3,a3,2047
    40a8:	b709                	j	3faa <__floatdidf+0x56>
    40aa:	02800793          	li	a5,40
    40ae:	ff850593          	addi	a1,a0,-8
    40b2:	8f89                	sub	a5,a5,a0
    40b4:	00f9d7b3          	srl	a5,s3,a5
    40b8:	00b41733          	sll	a4,s0,a1
    40bc:	00e7e433          	or	s0,a5,a4
    40c0:	00b99633          	sll	a2,s3,a1
    40c4:	bf61                	j	405c <__floatdidf+0x108>
    40c6:	1655                	addi	a2,a2,-11
    40c8:	00c997b3          	sll	a5,s3,a2
    40cc:	07b2                	slli	a5,a5,0xc
    40ce:	83b1                	srli	a5,a5,0xc
    40d0:	4701                	li	a4,0
    40d2:	bde1                	j	3faa <__floatdidf+0x56>
    40d4:	467d                	li	a2,31
    40d6:	0019d813          	srli	a6,s3,0x1
    40da:	8e1d                	sub	a2,a2,a5
    40dc:	00c85833          	srl	a6,a6,a2
    40e0:	00f49633          	sll	a2,s1,a5
    40e4:	00c86633          	or	a2,a6,a2
    40e8:	00f999b3          	sll	s3,s3,a5
    40ec:	bfa9                	j	4046 <__floatdidf+0xf2>
    40ee:	467d                	li	a2,31
    40f0:	8e19                	sub	a2,a2,a4
    40f2:	00149793          	slli	a5,s1,0x1
    40f6:	00e9d5b3          	srl	a1,s3,a4
    40fa:	00c797b3          	sll	a5,a5,a2
    40fe:	8ddd                	or	a1,a1,a5
    4100:	00e4d733          	srl	a4,s1,a4
    4104:	bf05                	j	4034 <__floatdidf+0xe0>
    4106:	862e                	mv	a2,a1
    4108:	b769                	j	4092 <__floatdidf+0x13e>

0000410a <__addsf3>:
    410a:	1141                	addi	sp,sp,-16
    410c:	00800737          	lui	a4,0x800
    4110:	177d                	addi	a4,a4,-1
    4112:	0175d813          	srli	a6,a1,0x17
    4116:	c226                	sw	s1,4(sp)
    4118:	01755493          	srli	s1,a0,0x17
    411c:	00a77333          	and	t1,a4,a0
    4120:	0ff4f493          	andi	s1,s1,255
    4124:	00b776b3          	and	a3,a4,a1
    4128:	c04a                	sw	s2,0(sp)
    412a:	0ff87813          	andi	a6,a6,255
    412e:	01f55913          	srli	s2,a0,0x1f
    4132:	c606                	sw	ra,12(sp)
    4134:	c422                	sw	s0,8(sp)
    4136:	81fd                	srli	a1,a1,0x1f
    4138:	879a                	mv	a5,t1
    413a:	8526                	mv	a0,s1
    413c:	864a                	mv	a2,s2
    413e:	00331e13          	slli	t3,t1,0x3
    4142:	00369e93          	slli	t4,a3,0x3
    4146:	410488b3          	sub	a7,s1,a6
    414a:	0eb90a63          	beq	s2,a1,423e <__addsf3+0x134>
    414e:	0d105063          	blez	a7,420e <__addsf3+0x104>
    4152:	14080463          	beqz	a6,429a <__addsf3+0x190>
    4156:	0ff00793          	li	a5,255
    415a:	14f48b63          	beq	s1,a5,42b0 <__addsf3+0x1a6>
    415e:	040007b7          	lui	a5,0x4000
    4162:	00feeeb3          	or	t4,t4,a5
    4166:	47ed                	li	a5,27
    4168:	2917c163          	blt	a5,a7,43ea <__addsf3+0x2e0>
    416c:	02000793          	li	a5,32
    4170:	411787b3          	sub	a5,a5,a7
    4174:	00fe97b3          	sll	a5,t4,a5
    4178:	011ed8b3          	srl	a7,t4,a7
    417c:	00f037b3          	snez	a5,a5
    4180:	00f8e7b3          	or	a5,a7,a5
    4184:	40fe07b3          	sub	a5,t3,a5
    4188:	00579713          	slli	a4,a5,0x5
    418c:	18075e63          	bgez	a4,4328 <__addsf3+0x21e>
    4190:	04000437          	lui	s0,0x4000
    4194:	147d                	addi	s0,s0,-1
    4196:	8c7d                	and	s0,s0,a5
    4198:	8522                	mv	a0,s0
    419a:	6f7000ef          	jal	ra,5090 <__clzsi2>
    419e:	156d                	addi	a0,a0,-5
    41a0:	00a417b3          	sll	a5,s0,a0
    41a4:	1a954863          	blt	a0,s1,4354 <__addsf3+0x24a>
    41a8:	8d05                	sub	a0,a0,s1
    41aa:	00150413          	addi	s0,a0,1
    41ae:	02000713          	li	a4,32
    41b2:	8f01                	sub	a4,a4,s0
    41b4:	00e79733          	sll	a4,a5,a4
    41b8:	00e03733          	snez	a4,a4
    41bc:	0087d7b3          	srl	a5,a5,s0
    41c0:	8fd9                	or	a5,a5,a4
    41c2:	4481                	li	s1,0
    41c4:	0077f713          	andi	a4,a5,7
    41c8:	c719                	beqz	a4,41d6 <__addsf3+0xcc>
    41ca:	00f7f713          	andi	a4,a5,15
    41ce:	4691                	li	a3,4
    41d0:	00d70363          	beq	a4,a3,41d6 <__addsf3+0xcc>
    41d4:	0791                	addi	a5,a5,4
    41d6:	00579713          	slli	a4,a5,0x5
    41da:	14075b63          	bgez	a4,4330 <__addsf3+0x226>
    41de:	0485                	addi	s1,s1,1
    41e0:	0ff00713          	li	a4,255
    41e4:	864a                	mv	a2,s2
    41e6:	16e48363          	beq	s1,a4,434c <__addsf3+0x242>
    41ea:	079a                	slli	a5,a5,0x6
    41ec:	83a5                	srli	a5,a5,0x9
    41ee:	0ff4f513          	andi	a0,s1,255
    41f2:	40b2                	lw	ra,12(sp)
    41f4:	4422                	lw	s0,8(sp)
    41f6:	07a6                	slli	a5,a5,0x9
    41f8:	01751493          	slli	s1,a0,0x17
    41fc:	0097d513          	srli	a0,a5,0x9
    4200:	8d45                	or	a0,a0,s1
    4202:	067e                	slli	a2,a2,0x1f
    4204:	4492                	lw	s1,4(sp)
    4206:	4902                	lw	s2,0(sp)
    4208:	8d51                	or	a0,a0,a2
    420a:	0141                	addi	sp,sp,16
    420c:	8082                	ret
    420e:	0a089963          	bnez	a7,42c0 <__addsf3+0x1b6>
    4212:	00148713          	addi	a4,s1,1
    4216:	0fe77713          	andi	a4,a4,254
    421a:	14071763          	bnez	a4,4368 <__addsf3+0x25e>
    421e:	22049063          	bnez	s1,443e <__addsf3+0x334>
    4222:	1e0e0d63          	beqz	t3,441c <__addsf3+0x312>
    4226:	fc0e86e3          	beqz	t4,41f2 <__addsf3+0xe8>
    422a:	41de07b3          	sub	a5,t3,t4
    422e:	00579713          	slli	a4,a5,0x5
    4232:	22075063          	bgez	a4,4452 <__addsf3+0x348>
    4236:	41ce87b3          	sub	a5,t4,t3
    423a:	892e                	mv	s2,a1
    423c:	b761                	j	41c4 <__addsf3+0xba>
    423e:	0b105c63          	blez	a7,42f6 <__addsf3+0x1ec>
    4242:	08080e63          	beqz	a6,42de <__addsf3+0x1d4>
    4246:	0ff00793          	li	a5,255
    424a:	06f48363          	beq	s1,a5,42b0 <__addsf3+0x1a6>
    424e:	040007b7          	lui	a5,0x4000
    4252:	00feeeb3          	or	t4,t4,a5
    4256:	47ed                	li	a5,27
    4258:	1f17c963          	blt	a5,a7,444a <__addsf3+0x340>
    425c:	02000793          	li	a5,32
    4260:	411787b3          	sub	a5,a5,a7
    4264:	00fe97b3          	sll	a5,t4,a5
    4268:	011ed8b3          	srl	a7,t4,a7
    426c:	00f037b3          	snez	a5,a5
    4270:	00f8e7b3          	or	a5,a7,a5
    4274:	97f2                	add	a5,a5,t3
    4276:	00579713          	slli	a4,a5,0x5
    427a:	0a075763          	bgez	a4,4328 <__addsf3+0x21e>
    427e:	0485                	addi	s1,s1,1
    4280:	0ff00713          	li	a4,255
    4284:	0ce48463          	beq	s1,a4,434c <__addsf3+0x242>
    4288:	7e0006b7          	lui	a3,0x7e000
    428c:	0017d713          	srli	a4,a5,0x1
    4290:	16fd                	addi	a3,a3,-1
    4292:	8b85                	andi	a5,a5,1
    4294:	8f75                	and	a4,a4,a3
    4296:	8fd9                	or	a5,a5,a4
    4298:	b735                	j	41c4 <__addsf3+0xba>
    429a:	080e8d63          	beqz	t4,4334 <__addsf3+0x22a>
    429e:	18fd                	addi	a7,a7,-1
    42a0:	41de07b3          	sub	a5,t3,t4
    42a4:	ee0882e3          	beqz	a7,4188 <__addsf3+0x7e>
    42a8:	0ff00793          	li	a5,255
    42ac:	eaf49de3          	bne	s1,a5,4166 <__addsf3+0x5c>
    42b0:	08030d63          	beqz	t1,434a <__addsf3+0x240>
    42b4:	4601                	li	a2,0
    42b6:	0ff00513          	li	a0,255
    42ba:	004007b7          	lui	a5,0x400
    42be:	bf15                	j	41f2 <__addsf3+0xe8>
    42c0:	40980733          	sub	a4,a6,s1
    42c4:	e8ed                	bnez	s1,43b6 <__addsf3+0x2ac>
    42c6:	140e0263          	beqz	t3,440a <__addsf3+0x300>
    42ca:	177d                	addi	a4,a4,-1
    42cc:	18070863          	beqz	a4,445c <__addsf3+0x352>
    42d0:	0ff00793          	li	a5,255
    42d4:	0ef81963          	bne	a6,a5,43c6 <__addsf3+0x2bc>
    42d8:	892e                	mv	s2,a1
    42da:	8336                	mv	t1,a3
    42dc:	bfd1                	j	42b0 <__addsf3+0x1a6>
    42de:	040e8b63          	beqz	t4,4334 <__addsf3+0x22a>
    42e2:	18fd                	addi	a7,a7,-1
    42e4:	01de07b3          	add	a5,t3,t4
    42e8:	f80887e3          	beqz	a7,4276 <__addsf3+0x16c>
    42ec:	0ff00793          	li	a5,255
    42f0:	f6f493e3          	bne	s1,a5,4256 <__addsf3+0x14c>
    42f4:	bf75                	j	42b0 <__addsf3+0x1a6>
    42f6:	08089563          	bnez	a7,4380 <__addsf3+0x276>
    42fa:	0485                	addi	s1,s1,1
    42fc:	0fe4f713          	andi	a4,s1,254
    4300:	12071363          	bnez	a4,4426 <__addsf3+0x31c>
    4304:	10051763          	bnez	a0,4412 <__addsf3+0x308>
    4308:	140e0f63          	beqz	t3,4466 <__addsf3+0x35c>
    430c:	ee0e83e3          	beqz	t4,41f2 <__addsf3+0xe8>
    4310:	01de07b3          	add	a5,t3,t4
    4314:	00579713          	slli	a4,a5,0x5
    4318:	4481                	li	s1,0
    431a:	00075763          	bgez	a4,4328 <__addsf3+0x21e>
    431e:	fc000737          	lui	a4,0xfc000
    4322:	177d                	addi	a4,a4,-1
    4324:	8ff9                	and	a5,a5,a4
    4326:	4485                	li	s1,1
    4328:	0077f713          	andi	a4,a5,7
    432c:	e8071fe3          	bnez	a4,41ca <__addsf3+0xc0>
    4330:	0037d313          	srli	t1,a5,0x3
    4334:	0ff00793          	li	a5,255
    4338:	f6f48ce3          	beq	s1,a5,42b0 <__addsf3+0x1a6>
    433c:	00931793          	slli	a5,t1,0x9
    4340:	83a5                	srli	a5,a5,0x9
    4342:	0ff4f513          	andi	a0,s1,255
    4346:	864a                	mv	a2,s2
    4348:	b56d                	j	41f2 <__addsf3+0xe8>
    434a:	864a                	mv	a2,s2
    434c:	0ff00513          	li	a0,255
    4350:	4781                	li	a5,0
    4352:	b545                	j	41f2 <__addsf3+0xe8>
    4354:	fc000737          	lui	a4,0xfc000
    4358:	177d                	addi	a4,a4,-1
    435a:	8ff9                	and	a5,a5,a4
    435c:	0077f713          	andi	a4,a5,7
    4360:	8c89                	sub	s1,s1,a0
    4362:	e60714e3          	bnez	a4,41ca <__addsf3+0xc0>
    4366:	b7e9                	j	4330 <__addsf3+0x226>
    4368:	41de0433          	sub	s0,t3,t4
    436c:	00541793          	slli	a5,s0,0x5
    4370:	0c07c363          	bltz	a5,4436 <__addsf3+0x32c>
    4374:	e20412e3          	bnez	s0,4198 <__addsf3+0x8e>
    4378:	4601                	li	a2,0
    437a:	4501                	li	a0,0
    437c:	4781                	li	a5,0
    437e:	bd95                	j	41f2 <__addsf3+0xe8>
    4380:	40980733          	sub	a4,a6,s1
    4384:	c4ad                	beqz	s1,43ee <__addsf3+0x2e4>
    4386:	0ff00793          	li	a5,255
    438a:	f4f808e3          	beq	a6,a5,42da <__addsf3+0x1d0>
    438e:	040007b7          	lui	a5,0x4000
    4392:	00fe6e33          	or	t3,t3,a5
    4396:	47ed                	li	a5,27
    4398:	0ce7cc63          	blt	a5,a4,4470 <__addsf3+0x366>
    439c:	02000793          	li	a5,32
    43a0:	8f99                	sub	a5,a5,a4
    43a2:	00fe17b3          	sll	a5,t3,a5
    43a6:	00ee5733          	srl	a4,t3,a4
    43aa:	00f037b3          	snez	a5,a5
    43ae:	8fd9                	or	a5,a5,a4
    43b0:	97f6                	add	a5,a5,t4
    43b2:	84c2                	mv	s1,a6
    43b4:	b5c9                	j	4276 <__addsf3+0x16c>
    43b6:	0ff00793          	li	a5,255
    43ba:	f0f80fe3          	beq	a6,a5,42d8 <__addsf3+0x1ce>
    43be:	040007b7          	lui	a5,0x4000
    43c2:	00fe6e33          	or	t3,t3,a5
    43c6:	47ed                	li	a5,27
    43c8:	08e7c363          	blt	a5,a4,444e <__addsf3+0x344>
    43cc:	02000693          	li	a3,32
    43d0:	8e99                	sub	a3,a3,a4
    43d2:	00de16b3          	sll	a3,t3,a3
    43d6:	00ee57b3          	srl	a5,t3,a4
    43da:	00d03733          	snez	a4,a3
    43de:	8fd9                	or	a5,a5,a4
    43e0:	40fe87b3          	sub	a5,t4,a5
    43e4:	84c2                	mv	s1,a6
    43e6:	892e                	mv	s2,a1
    43e8:	b345                	j	4188 <__addsf3+0x7e>
    43ea:	4785                	li	a5,1
    43ec:	bb61                	j	4184 <__addsf3+0x7a>
    43ee:	060e0e63          	beqz	t3,446a <__addsf3+0x360>
    43f2:	177d                	addi	a4,a4,-1
    43f4:	01de07b3          	add	a5,t3,t4
    43f8:	84c2                	mv	s1,a6
    43fa:	e6070ee3          	beqz	a4,4276 <__addsf3+0x16c>
    43fe:	0ff00793          	li	a5,255
    4402:	f8f81ae3          	bne	a6,a5,4396 <__addsf3+0x28c>
    4406:	8336                	mv	t1,a3
    4408:	b565                	j	42b0 <__addsf3+0x1a6>
    440a:	8336                	mv	t1,a3
    440c:	84c2                	mv	s1,a6
    440e:	892e                	mv	s2,a1
    4410:	b715                	j	4334 <__addsf3+0x22a>
    4412:	ec0e04e3          	beqz	t3,42da <__addsf3+0x1d0>
    4416:	e80e8de3          	beqz	t4,42b0 <__addsf3+0x1a6>
    441a:	bd69                	j	42b4 <__addsf3+0x1aa>
    441c:	020e8d63          	beqz	t4,4456 <__addsf3+0x34c>
    4420:	862e                	mv	a2,a1
    4422:	87b6                	mv	a5,a3
    4424:	b3f9                	j	41f2 <__addsf3+0xe8>
    4426:	0ff00793          	li	a5,255
    442a:	f2f481e3          	beq	s1,a5,434c <__addsf3+0x242>
    442e:	01de07b3          	add	a5,t3,t4
    4432:	8385                	srli	a5,a5,0x1
    4434:	bdd5                	j	4328 <__addsf3+0x21e>
    4436:	41ce8433          	sub	s0,t4,t3
    443a:	892e                	mv	s2,a1
    443c:	bbb1                	j	4198 <__addsf3+0x8e>
    443e:	fc0e1ce3          	bnez	t3,4416 <__addsf3+0x30c>
    4442:	e60e89e3          	beqz	t4,42b4 <__addsf3+0x1aa>
    4446:	892e                	mv	s2,a1
    4448:	bd49                	j	42da <__addsf3+0x1d0>
    444a:	4785                	li	a5,1
    444c:	b525                	j	4274 <__addsf3+0x16a>
    444e:	4785                	li	a5,1
    4450:	bf41                	j	43e0 <__addsf3+0x2d6>
    4452:	ec079be3          	bnez	a5,4328 <__addsf3+0x21e>
    4456:	4601                	li	a2,0
    4458:	4781                	li	a5,0
    445a:	bb61                	j	41f2 <__addsf3+0xe8>
    445c:	41ce87b3          	sub	a5,t4,t3
    4460:	84c2                	mv	s1,a6
    4462:	892e                	mv	s2,a1
    4464:	b315                	j	4188 <__addsf3+0x7e>
    4466:	87b6                	mv	a5,a3
    4468:	b369                	j	41f2 <__addsf3+0xe8>
    446a:	8336                	mv	t1,a3
    446c:	84c2                	mv	s1,a6
    446e:	b5d9                	j	4334 <__addsf3+0x22a>
    4470:	4785                	li	a5,1
    4472:	bf3d                	j	43b0 <__addsf3+0x2a6>

00004474 <__divsf3>:
    4474:	7139                	addi	sp,sp,-64
    4476:	01755793          	srli	a5,a0,0x17
    447a:	d84a                	sw	s2,48(sp)
    447c:	d256                	sw	s5,36(sp)
    447e:	ce5e                	sw	s7,28(sp)
    4480:	00951a93          	slli	s5,a0,0x9
    4484:	01f55913          	srli	s2,a0,0x1f
    4488:	de06                	sw	ra,60(sp)
    448a:	dc22                	sw	s0,56(sp)
    448c:	da26                	sw	s1,52(sp)
    448e:	d64e                	sw	s3,44(sp)
    4490:	d452                	sw	s4,40(sp)
    4492:	d05a                	sw	s6,32(sp)
    4494:	0ff7f793          	andi	a5,a5,255
    4498:	009ada93          	srli	s5,s5,0x9
    449c:	8bca                	mv	s7,s2
    449e:	12078263          	beqz	a5,45c2 <__divsf3+0x14e>
    44a2:	0ff00713          	li	a4,255
    44a6:	12e78463          	beq	a5,a4,45ce <__divsf3+0x15a>
    44aa:	0a8e                	slli	s5,s5,0x3
    44ac:	04000737          	lui	a4,0x4000
    44b0:	00eaeab3          	or	s5,s5,a4
    44b4:	f8178a13          	addi	s4,a5,-127 # 3ffff81 <_data_lma+0x3ff68c5>
    44b8:	4401                	li	s0,0
    44ba:	4b01                	li	s6,0
    44bc:	0175d793          	srli	a5,a1,0x17
    44c0:	00959493          	slli	s1,a1,0x9
    44c4:	0ff7f793          	andi	a5,a5,255
    44c8:	80a5                	srli	s1,s1,0x9
    44ca:	01f5d993          	srli	s3,a1,0x1f
    44ce:	c7fd                	beqz	a5,45bc <__divsf3+0x148>
    44d0:	0ff00713          	li	a4,255
    44d4:	02e78763          	beq	a5,a4,4502 <__divsf3+0x8e>
    44d8:	048e                	slli	s1,s1,0x3
    44da:	f8178793          	addi	a5,a5,-127
    44de:	04000737          	lui	a4,0x4000
    44e2:	8cd9                	or	s1,s1,a4
    44e4:	40fa0a33          	sub	s4,s4,a5
    44e8:	4681                	li	a3,0
    44ea:	8c55                	or	s0,s0,a3
    44ec:	00005717          	auipc	a4,0x5
    44f0:	c9070713          	addi	a4,a4,-880 # 917c <days_in_month.5670+0x368>
    44f4:	040a                	slli	s0,s0,0x2
    44f6:	943a                	add	s0,s0,a4
    44f8:	401c                	lw	a5,0(s0)
    44fa:	01394933          	xor	s2,s2,s3
    44fe:	97ba                	add	a5,a5,a4
    4500:	8782                	jr	a5
    4502:	f01a0a13          	addi	s4,s4,-255
    4506:	e8f9                	bnez	s1,45dc <__divsf3+0x168>
    4508:	4689                	li	a3,2
    450a:	8c55                	or	s0,s0,a3
    450c:	00005717          	auipc	a4,0x5
    4510:	cb070713          	addi	a4,a4,-848 # 91bc <days_in_month.5670+0x3a8>
    4514:	040a                	slli	s0,s0,0x2
    4516:	943a                	add	s0,s0,a4
    4518:	401c                	lw	a5,0(s0)
    451a:	01394933          	xor	s2,s2,s3
    451e:	97ba                	add	a5,a5,a4
    4520:	8782                	jr	a5
    4522:	4901                	li	s2,0
    4524:	0ff00713          	li	a4,255
    4528:	004007b7          	lui	a5,0x400
    452c:	00979513          	slli	a0,a5,0x9
    4530:	50f2                	lw	ra,60(sp)
    4532:	5462                	lw	s0,56(sp)
    4534:	01771793          	slli	a5,a4,0x17
    4538:	8125                	srli	a0,a0,0x9
    453a:	097e                	slli	s2,s2,0x1f
    453c:	8d5d                	or	a0,a0,a5
    453e:	01256533          	or	a0,a0,s2
    4542:	54d2                	lw	s1,52(sp)
    4544:	5942                	lw	s2,48(sp)
    4546:	59b2                	lw	s3,44(sp)
    4548:	5a22                	lw	s4,40(sp)
    454a:	5a92                	lw	s5,36(sp)
    454c:	5b02                	lw	s6,32(sp)
    454e:	4bf2                	lw	s7,28(sp)
    4550:	6121                	addi	sp,sp,64
    4552:	8082                	ret
    4554:	0ff00713          	li	a4,255
    4558:	4781                	li	a5,0
    455a:	bfc9                	j	452c <__divsf3+0xb8>
    455c:	8aa6                	mv	s5,s1
    455e:	8bce                	mv	s7,s3
    4560:	8b36                	mv	s6,a3
    4562:	4789                	li	a5,2
    4564:	1afb0b63          	beq	s6,a5,471a <__divsf3+0x2a6>
    4568:	478d                	li	a5,3
    456a:	fafb0ce3          	beq	s6,a5,4522 <__divsf3+0xae>
    456e:	4785                	li	a5,1
    4570:	0afb0a63          	beq	s6,a5,4624 <__divsf3+0x1b0>
    4574:	07fa0713          	addi	a4,s4,127
    4578:	001bf913          	andi	s2,s7,1
    457c:	12e05763          	blez	a4,46aa <__divsf3+0x236>
    4580:	007af793          	andi	a5,s5,7
    4584:	c799                	beqz	a5,4592 <__divsf3+0x11e>
    4586:	00faf793          	andi	a5,s5,15
    458a:	4691                	li	a3,4
    458c:	00d78363          	beq	a5,a3,4592 <__divsf3+0x11e>
    4590:	0a91                	addi	s5,s5,4
    4592:	004a9793          	slli	a5,s5,0x4
    4596:	0007d963          	bgez	a5,45a8 <__divsf3+0x134>
    459a:	f80007b7          	lui	a5,0xf8000
    459e:	17fd                	addi	a5,a5,-1
    45a0:	00fafab3          	and	s5,s5,a5
    45a4:	080a0713          	addi	a4,s4,128
    45a8:	0fe00793          	li	a5,254
    45ac:	fae7c4e3          	blt	a5,a4,4554 <__divsf3+0xe0>
    45b0:	006a9793          	slli	a5,s5,0x6
    45b4:	83a5                	srli	a5,a5,0x9
    45b6:	0ff77713          	andi	a4,a4,255
    45ba:	bf8d                	j	452c <__divsf3+0xb8>
    45bc:	e4b9                	bnez	s1,460a <__divsf3+0x196>
    45be:	4685                	li	a3,1
    45c0:	b7a9                	j	450a <__divsf3+0x96>
    45c2:	020a9463          	bnez	s5,45ea <__divsf3+0x176>
    45c6:	4411                	li	s0,4
    45c8:	4a01                	li	s4,0
    45ca:	4b05                	li	s6,1
    45cc:	bdc5                	j	44bc <__divsf3+0x48>
    45ce:	000a9963          	bnez	s5,45e0 <__divsf3+0x16c>
    45d2:	4421                	li	s0,8
    45d4:	0ff00a13          	li	s4,255
    45d8:	4b09                	li	s6,2
    45da:	b5cd                	j	44bc <__divsf3+0x48>
    45dc:	468d                	li	a3,3
    45de:	b731                	j	44ea <__divsf3+0x76>
    45e0:	4431                	li	s0,12
    45e2:	0ff00a13          	li	s4,255
    45e6:	4b0d                	li	s6,3
    45e8:	bdd1                	j	44bc <__divsf3+0x48>
    45ea:	8556                	mv	a0,s5
    45ec:	c62e                	sw	a1,12(sp)
    45ee:	2a3000ef          	jal	ra,5090 <__clzsi2>
    45f2:	ffb50793          	addi	a5,a0,-5
    45f6:	00fa9ab3          	sll	s5,s5,a5
    45fa:	f8a00793          	li	a5,-118
    45fe:	40a78a33          	sub	s4,a5,a0
    4602:	4401                	li	s0,0
    4604:	4b01                	li	s6,0
    4606:	45b2                	lw	a1,12(sp)
    4608:	bd55                	j	44bc <__divsf3+0x48>
    460a:	8526                	mv	a0,s1
    460c:	285000ef          	jal	ra,5090 <__clzsi2>
    4610:	ffb50713          	addi	a4,a0,-5
    4614:	00aa07b3          	add	a5,s4,a0
    4618:	00e494b3          	sll	s1,s1,a4
    461c:	07678a13          	addi	s4,a5,118 # f8000076 <_eusrstack+0xd7ff8076>
    4620:	4681                	li	a3,0
    4622:	b5e1                	j	44ea <__divsf3+0x76>
    4624:	001bf913          	andi	s2,s7,1
    4628:	4701                	li	a4,0
    462a:	4781                	li	a5,0
    462c:	b701                	j	452c <__divsf3+0xb8>
    462e:	6641                	lui	a2,0x10
    4630:	00549513          	slli	a0,s1,0x5
    4634:	167d                	addi	a2,a2,-1
    4636:	01055793          	srli	a5,a0,0x10
    463a:	8e69                	and	a2,a2,a0
    463c:	0a9afa63          	bgeu	s5,s1,46f0 <__divsf3+0x27c>
    4640:	02fad5b3          	divu	a1,s5,a5
    4644:	1a7d                	addi	s4,s4,-1
    4646:	86d6                	mv	a3,s5
    4648:	4701                	li	a4,0
    464a:	02c58833          	mul	a6,a1,a2
    464e:	02f6f6b3          	remu	a3,a3,a5
    4652:	06c2                	slli	a3,a3,0x10
    4654:	8f55                	or	a4,a4,a3
    4656:	01077b63          	bgeu	a4,a6,466c <__divsf3+0x1f8>
    465a:	972a                	add	a4,a4,a0
    465c:	fff58693          	addi	a3,a1,-1 # 7fffffff <_eusrstack+0x5fff7fff>
    4660:	0aa76863          	bltu	a4,a0,4710 <__divsf3+0x29c>
    4664:	0b077663          	bgeu	a4,a6,4710 <__divsf3+0x29c>
    4668:	15f9                	addi	a1,a1,-2
    466a:	972a                	add	a4,a4,a0
    466c:	41070733          	sub	a4,a4,a6
    4670:	02f756b3          	divu	a3,a4,a5
    4674:	02f77733          	remu	a4,a4,a5
    4678:	02c68ab3          	mul	s5,a3,a2
    467c:	01071793          	slli	a5,a4,0x10
    4680:	0157fb63          	bgeu	a5,s5,4696 <__divsf3+0x222>
    4684:	97aa                	add	a5,a5,a0
    4686:	fff68713          	addi	a4,a3,-1 # 7dffffff <_eusrstack+0x5dff7fff>
    468a:	08a7e163          	bltu	a5,a0,470c <__divsf3+0x298>
    468e:	0757ff63          	bgeu	a5,s5,470c <__divsf3+0x298>
    4692:	16f9                	addi	a3,a3,-2
    4694:	97aa                	add	a5,a5,a0
    4696:	05c2                	slli	a1,a1,0x10
    4698:	41578ab3          	sub	s5,a5,s5
    469c:	8dd5                	or	a1,a1,a3
    469e:	01503ab3          	snez	s5,s5
    46a2:	0155eab3          	or	s5,a1,s5
    46a6:	8bca                	mv	s7,s2
    46a8:	b5f1                	j	4574 <__divsf3+0x100>
    46aa:	4685                	li	a3,1
    46ac:	8e99                	sub	a3,a3,a4
    46ae:	c711                	beqz	a4,46ba <__divsf3+0x246>
    46b0:	466d                	li	a2,27
    46b2:	4701                	li	a4,0
    46b4:	4781                	li	a5,0
    46b6:	e6d64be3          	blt	a2,a3,452c <__divsf3+0xb8>
    46ba:	09ea0a13          	addi	s4,s4,158
    46be:	014a9a33          	sll	s4,s5,s4
    46c2:	00dad7b3          	srl	a5,s5,a3
    46c6:	01403ab3          	snez	s5,s4
    46ca:	0157e7b3          	or	a5,a5,s5
    46ce:	0077f713          	andi	a4,a5,7
    46d2:	c719                	beqz	a4,46e0 <__divsf3+0x26c>
    46d4:	00f7f713          	andi	a4,a5,15
    46d8:	4691                	li	a3,4
    46da:	00d70363          	beq	a4,a3,46e0 <__divsf3+0x26c>
    46de:	0791                	addi	a5,a5,4
    46e0:	00579713          	slli	a4,a5,0x5
    46e4:	02074863          	bltz	a4,4714 <__divsf3+0x2a0>
    46e8:	079a                	slli	a5,a5,0x6
    46ea:	83a5                	srli	a5,a5,0x9
    46ec:	4701                	li	a4,0
    46ee:	bd3d                	j	452c <__divsf3+0xb8>
    46f0:	001ad693          	srli	a3,s5,0x1
    46f4:	02f6d5b3          	divu	a1,a3,a5
    46f8:	01fa9713          	slli	a4,s5,0x1f
    46fc:	8341                	srli	a4,a4,0x10
    46fe:	02c58833          	mul	a6,a1,a2
    4702:	b7b1                	j	464e <__divsf3+0x1da>
    4704:	8bce                	mv	s7,s3
    4706:	8b36                	mv	s6,a3
    4708:	4a81                	li	s5,0
    470a:	bda1                	j	4562 <__divsf3+0xee>
    470c:	86ba                	mv	a3,a4
    470e:	b761                	j	4696 <__divsf3+0x222>
    4710:	85b6                	mv	a1,a3
    4712:	bfa9                	j	466c <__divsf3+0x1f8>
    4714:	4705                	li	a4,1
    4716:	4781                	li	a5,0
    4718:	bd11                	j	452c <__divsf3+0xb8>
    471a:	001bf913          	andi	s2,s7,1
    471e:	0ff00713          	li	a4,255
    4722:	4781                	li	a5,0
    4724:	b521                	j	452c <__divsf3+0xb8>

00004726 <__gesf2>:
    4726:	01755693          	srli	a3,a0,0x17
    472a:	008007b7          	lui	a5,0x800
    472e:	17fd                	addi	a5,a5,-1
    4730:	0175d613          	srli	a2,a1,0x17
    4734:	0ff6f693          	andi	a3,a3,255
    4738:	0ff00813          	li	a6,255
    473c:	00a7f8b3          	and	a7,a5,a0
    4740:	01f55713          	srli	a4,a0,0x1f
    4744:	8fed                	and	a5,a5,a1
    4746:	0ff67613          	andi	a2,a2,255
    474a:	81fd                	srli	a1,a1,0x1f
    474c:	03068163          	beq	a3,a6,476e <__gesf2+0x48>
    4750:	01060c63          	beq	a2,a6,4768 <__gesf2+0x42>
    4754:	e28d                	bnez	a3,4776 <__gesf2+0x50>
    4756:	e211                	bnez	a2,475a <__gesf2+0x34>
    4758:	c3b1                	beqz	a5,479c <__gesf2+0x76>
    475a:	02088e63          	beqz	a7,4796 <__gesf2+0x70>
    475e:	04b70563          	beq	a4,a1,47a8 <__gesf2+0x82>
    4762:	4505                	li	a0,1
    4764:	e71d                	bnez	a4,4792 <__gesf2+0x6c>
    4766:	8082                	ret
    4768:	d7f5                	beqz	a5,4754 <__gesf2+0x2e>
    476a:	5579                	li	a0,-2
    476c:	8082                	ret
    476e:	fe089ee3          	bnez	a7,476a <__gesf2+0x44>
    4772:	02d60963          	beq	a2,a3,47a4 <__gesf2+0x7e>
    4776:	e211                	bnez	a2,477a <__gesf2+0x54>
    4778:	d7ed                	beqz	a5,4762 <__gesf2+0x3c>
    477a:	feb714e3          	bne	a4,a1,4762 <__gesf2+0x3c>
    477e:	fed642e3          	blt	a2,a3,4762 <__gesf2+0x3c>
    4782:	00c6c763          	blt	a3,a2,4790 <__gesf2+0x6a>
    4786:	fd17eee3          	bltu	a5,a7,4762 <__gesf2+0x3c>
    478a:	4501                	li	a0,0
    478c:	fcf8fde3          	bgeu	a7,a5,4766 <__gesf2+0x40>
    4790:	e701                	bnez	a4,4798 <__gesf2+0x72>
    4792:	557d                	li	a0,-1
    4794:	8082                	ret
    4796:	ddf5                	beqz	a1,4792 <__gesf2+0x6c>
    4798:	4505                	li	a0,1
    479a:	8082                	ret
    479c:	4501                	li	a0,0
    479e:	fc0892e3          	bnez	a7,4762 <__gesf2+0x3c>
    47a2:	8082                	ret
    47a4:	dbf9                	beqz	a5,477a <__gesf2+0x54>
    47a6:	b7d1                	j	476a <__gesf2+0x44>
    47a8:	4681                	li	a3,0
    47aa:	bfe1                	j	4782 <__gesf2+0x5c>

000047ac <__lesf2>:
    47ac:	01755693          	srli	a3,a0,0x17
    47b0:	008007b7          	lui	a5,0x800
    47b4:	17fd                	addi	a5,a5,-1
    47b6:	0175d613          	srli	a2,a1,0x17
    47ba:	0ff6f693          	andi	a3,a3,255
    47be:	0ff00813          	li	a6,255
    47c2:	00a7f8b3          	and	a7,a5,a0
    47c6:	01f55713          	srli	a4,a0,0x1f
    47ca:	8fed                	and	a5,a5,a1
    47cc:	0ff67613          	andi	a2,a2,255
    47d0:	81fd                	srli	a1,a1,0x1f
    47d2:	03068763          	beq	a3,a6,4800 <__lesf2+0x54>
    47d6:	01060963          	beq	a2,a6,47e8 <__lesf2+0x3c>
    47da:	ea85                	bnez	a3,480a <__lesf2+0x5e>
    47dc:	ea11                	bnez	a2,47f0 <__lesf2+0x44>
    47de:	eb89                	bnez	a5,47f0 <__lesf2+0x44>
    47e0:	4501                	li	a0,0
    47e2:	00089b63          	bnez	a7,47f8 <__lesf2+0x4c>
    47e6:	8082                	ret
    47e8:	4509                	li	a0,2
    47ea:	fff5                	bnez	a5,47e6 <__lesf2+0x3a>
    47ec:	dae5                	beqz	a3,47dc <__lesf2+0x30>
    47ee:	a831                	j	480a <__lesf2+0x5e>
    47f0:	02088c63          	beqz	a7,4828 <__lesf2+0x7c>
    47f4:	04b70063          	beq	a4,a1,4834 <__lesf2+0x88>
    47f8:	4505                	li	a0,1
    47fa:	d775                	beqz	a4,47e6 <__lesf2+0x3a>
    47fc:	557d                	li	a0,-1
    47fe:	8082                	ret
    4800:	4509                	li	a0,2
    4802:	02089863          	bnez	a7,4832 <__lesf2+0x86>
    4806:	02d60463          	beq	a2,a3,482e <__lesf2+0x82>
    480a:	e211                	bnez	a2,480e <__lesf2+0x62>
    480c:	d7f5                	beqz	a5,47f8 <__lesf2+0x4c>
    480e:	feb715e3          	bne	a4,a1,47f8 <__lesf2+0x4c>
    4812:	fed643e3          	blt	a2,a3,47f8 <__lesf2+0x4c>
    4816:	00c6c763          	blt	a3,a2,4824 <__lesf2+0x78>
    481a:	fd17efe3          	bltu	a5,a7,47f8 <__lesf2+0x4c>
    481e:	4501                	li	a0,0
    4820:	fcf8f3e3          	bgeu	a7,a5,47e6 <__lesf2+0x3a>
    4824:	e319                	bnez	a4,482a <__lesf2+0x7e>
    4826:	bfd9                	j	47fc <__lesf2+0x50>
    4828:	d9f1                	beqz	a1,47fc <__lesf2+0x50>
    482a:	4505                	li	a0,1
    482c:	8082                	ret
    482e:	d3e5                	beqz	a5,480e <__lesf2+0x62>
    4830:	8082                	ret
    4832:	8082                	ret
    4834:	4681                	li	a3,0
    4836:	b7c5                	j	4816 <__lesf2+0x6a>

00004838 <__mulsf3>:
    4838:	7179                	addi	sp,sp,-48
    483a:	d422                	sw	s0,40(sp)
    483c:	01755413          	srli	s0,a0,0x17
    4840:	ce4e                	sw	s3,28(sp)
    4842:	cc52                	sw	s4,24(sp)
    4844:	00951993          	slli	s3,a0,0x9
    4848:	d606                	sw	ra,44(sp)
    484a:	d226                	sw	s1,36(sp)
    484c:	d04a                	sw	s2,32(sp)
    484e:	ca56                	sw	s5,20(sp)
    4850:	c85a                	sw	s6,16(sp)
    4852:	0ff47413          	andi	s0,s0,255
    4856:	0099d993          	srli	s3,s3,0x9
    485a:	01f55a13          	srli	s4,a0,0x1f
    485e:	c469                	beqz	s0,4928 <__mulsf3+0xf0>
    4860:	0ff00793          	li	a5,255
    4864:	0ef40863          	beq	s0,a5,4954 <__mulsf3+0x11c>
    4868:	00399793          	slli	a5,s3,0x3
    486c:	04000737          	lui	a4,0x4000
    4870:	00e7e9b3          	or	s3,a5,a4
    4874:	f8140413          	addi	s0,s0,-127 # 3ffff81 <_data_lma+0x3ff68c5>
    4878:	4481                	li	s1,0
    487a:	4b01                	li	s6,0
    487c:	0175d713          	srli	a4,a1,0x17
    4880:	00959a93          	slli	s5,a1,0x9
    4884:	0ff77713          	andi	a4,a4,255
    4888:	009ada93          	srli	s5,s5,0x9
    488c:	01f5d913          	srli	s2,a1,0x1f
    4890:	cf45                	beqz	a4,4948 <__mulsf3+0x110>
    4892:	0ff00793          	li	a5,255
    4896:	02f70c63          	beq	a4,a5,48ce <__mulsf3+0x96>
    489a:	0a8e                	slli	s5,s5,0x3
    489c:	f8170713          	addi	a4,a4,-127 # 3ffff81 <_data_lma+0x3ff68c5>
    48a0:	040007b7          	lui	a5,0x4000
    48a4:	00faeab3          	or	s5,s5,a5
    48a8:	943a                	add	s0,s0,a4
    48aa:	4601                	li	a2,0
    48ac:	012a4533          	xor	a0,s4,s2
    48b0:	47bd                	li	a5,15
    48b2:	86aa                	mv	a3,a0
    48b4:	00140593          	addi	a1,s0,1
    48b8:	1097e063          	bltu	a5,s1,49b8 <__mulsf3+0x180>
    48bc:	00005717          	auipc	a4,0x5
    48c0:	94070713          	addi	a4,a4,-1728 # 91fc <days_in_month.5670+0x3e8>
    48c4:	048a                	slli	s1,s1,0x2
    48c6:	94ba                	add	s1,s1,a4
    48c8:	409c                	lw	a5,0(s1)
    48ca:	97ba                	add	a5,a5,a4
    48cc:	8782                	jr	a5
    48ce:	0ff40413          	addi	s0,s0,255
    48d2:	0c0a9663          	bnez	s5,499e <__mulsf3+0x166>
    48d6:	0024e493          	ori	s1,s1,2
    48da:	4609                	li	a2,2
    48dc:	bfc1                	j	48ac <__mulsf3+0x74>
    48de:	4501                	li	a0,0
    48e0:	0ff00713          	li	a4,255
    48e4:	004007b7          	lui	a5,0x400
    48e8:	50b2                	lw	ra,44(sp)
    48ea:	5422                	lw	s0,40(sp)
    48ec:	07a6                	slli	a5,a5,0x9
    48ee:	075e                	slli	a4,a4,0x17
    48f0:	83a5                	srli	a5,a5,0x9
    48f2:	057e                	slli	a0,a0,0x1f
    48f4:	8fd9                	or	a5,a5,a4
    48f6:	5492                	lw	s1,36(sp)
    48f8:	5902                	lw	s2,32(sp)
    48fa:	49f2                	lw	s3,28(sp)
    48fc:	4a62                	lw	s4,24(sp)
    48fe:	4ad2                	lw	s5,20(sp)
    4900:	4b42                	lw	s6,16(sp)
    4902:	8d5d                	or	a0,a0,a5
    4904:	6145                	addi	sp,sp,48
    4906:	8082                	ret
    4908:	86ca                	mv	a3,s2
    490a:	89d6                	mv	s3,s5
    490c:	8b32                	mv	s6,a2
    490e:	4789                	li	a5,2
    4910:	08fb0f63          	beq	s6,a5,49ae <__mulsf3+0x176>
    4914:	478d                	li	a5,3
    4916:	fcfb04e3          	beq	s6,a5,48de <__mulsf3+0xa6>
    491a:	4785                	li	a5,1
    491c:	8536                	mv	a0,a3
    491e:	1afb1063          	bne	s6,a5,4abe <__mulsf3+0x286>
    4922:	4701                	li	a4,0
    4924:	4781                	li	a5,0
    4926:	b7c9                	j	48e8 <__mulsf3+0xb0>
    4928:	04099d63          	bnez	s3,4982 <__mulsf3+0x14a>
    492c:	0175d713          	srli	a4,a1,0x17
    4930:	00959a93          	slli	s5,a1,0x9
    4934:	0ff77713          	andi	a4,a4,255
    4938:	4491                	li	s1,4
    493a:	4401                	li	s0,0
    493c:	4b05                	li	s6,1
    493e:	009ada93          	srli	s5,s5,0x9
    4942:	01f5d913          	srli	s2,a1,0x1f
    4946:	f731                	bnez	a4,4892 <__mulsf3+0x5a>
    4948:	000a9d63          	bnez	s5,4962 <__mulsf3+0x12a>
    494c:	0014e493          	ori	s1,s1,1
    4950:	4605                	li	a2,1
    4952:	bfa9                	j	48ac <__mulsf3+0x74>
    4954:	02099263          	bnez	s3,4978 <__mulsf3+0x140>
    4958:	44a1                	li	s1,8
    495a:	0ff00413          	li	s0,255
    495e:	4b09                	li	s6,2
    4960:	bf31                	j	487c <__mulsf3+0x44>
    4962:	8556                	mv	a0,s5
    4964:	2735                	jal	5090 <__clzsi2>
    4966:	ffb50793          	addi	a5,a0,-5
    496a:	8c09                	sub	s0,s0,a0
    496c:	00fa9ab3          	sll	s5,s5,a5
    4970:	f8a40413          	addi	s0,s0,-118
    4974:	4601                	li	a2,0
    4976:	bf1d                	j	48ac <__mulsf3+0x74>
    4978:	44b1                	li	s1,12
    497a:	0ff00413          	li	s0,255
    497e:	4b0d                	li	s6,3
    4980:	bdf5                	j	487c <__mulsf3+0x44>
    4982:	854e                	mv	a0,s3
    4984:	c62e                	sw	a1,12(sp)
    4986:	2729                	jal	5090 <__clzsi2>
    4988:	ffb50793          	addi	a5,a0,-5
    498c:	f8a00413          	li	s0,-118
    4990:	00f999b3          	sll	s3,s3,a5
    4994:	8c09                	sub	s0,s0,a0
    4996:	4481                	li	s1,0
    4998:	4b01                	li	s6,0
    499a:	45b2                	lw	a1,12(sp)
    499c:	b5c5                	j	487c <__mulsf3+0x44>
    499e:	0034e493          	ori	s1,s1,3
    49a2:	460d                	li	a2,3
    49a4:	b721                	j	48ac <__mulsf3+0x74>
    49a6:	4789                	li	a5,2
    49a8:	86d2                	mv	a3,s4
    49aa:	f6fb15e3          	bne	s6,a5,4914 <__mulsf3+0xdc>
    49ae:	8536                	mv	a0,a3
    49b0:	0ff00713          	li	a4,255
    49b4:	4781                	li	a5,0
    49b6:	bf0d                	j	48e8 <__mulsf3+0xb0>
    49b8:	6341                	lui	t1,0x10
    49ba:	fff30693          	addi	a3,t1,-1 # ffff <_data_lma+0x6943>
    49be:	0109d613          	srli	a2,s3,0x10
    49c2:	010ad893          	srli	a7,s5,0x10
    49c6:	00d9f7b3          	and	a5,s3,a3
    49ca:	00dafab3          	and	s5,s5,a3
    49ce:	03578833          	mul	a6,a5,s5
    49d2:	02f889b3          	mul	s3,a7,a5
    49d6:	01085713          	srli	a4,a6,0x10
    49da:	03560ab3          	mul	s5,a2,s5
    49de:	99d6                	add	s3,s3,s5
    49e0:	974e                	add	a4,a4,s3
    49e2:	03160633          	mul	a2,a2,a7
    49e6:	01577363          	bgeu	a4,s5,49ec <__mulsf3+0x1b4>
    49ea:	961a                	add	a2,a2,t1
    49ec:	67c1                	lui	a5,0x10
    49ee:	17fd                	addi	a5,a5,-1
    49f0:	00f776b3          	and	a3,a4,a5
    49f4:	00f87833          	and	a6,a6,a5
    49f8:	06c2                	slli	a3,a3,0x10
    49fa:	96c2                	add	a3,a3,a6
    49fc:	00669993          	slli	s3,a3,0x6
    4a00:	01075793          	srli	a5,a4,0x10
    4a04:	013039b3          	snez	s3,s3
    4a08:	82e9                	srli	a3,a3,0x1a
    4a0a:	97b2                	add	a5,a5,a2
    4a0c:	079a                	slli	a5,a5,0x6
    4a0e:	00d9e6b3          	or	a3,s3,a3
    4a12:	00d7e9b3          	or	s3,a5,a3
    4a16:	00499793          	slli	a5,s3,0x4
    4a1a:	0007d963          	bgez	a5,4a2c <__mulsf3+0x1f4>
    4a1e:	0019d713          	srli	a4,s3,0x1
    4a22:	0019f793          	andi	a5,s3,1
    4a26:	00f769b3          	or	s3,a4,a5
    4a2a:	842e                	mv	s0,a1
    4a2c:	07f40713          	addi	a4,s0,127
    4a30:	04e05063          	blez	a4,4a70 <__mulsf3+0x238>
    4a34:	0079f793          	andi	a5,s3,7
    4a38:	c799                	beqz	a5,4a46 <__mulsf3+0x20e>
    4a3a:	00f9f793          	andi	a5,s3,15
    4a3e:	4691                	li	a3,4
    4a40:	00d78363          	beq	a5,a3,4a46 <__mulsf3+0x20e>
    4a44:	0991                	addi	s3,s3,4
    4a46:	00499793          	slli	a5,s3,0x4
    4a4a:	0007d963          	bgez	a5,4a5c <__mulsf3+0x224>
    4a4e:	f80007b7          	lui	a5,0xf8000
    4a52:	17fd                	addi	a5,a5,-1
    4a54:	00f9f9b3          	and	s3,s3,a5
    4a58:	08040713          	addi	a4,s0,128
    4a5c:	0fe00793          	li	a5,254
    4a60:	04e7cb63          	blt	a5,a4,4ab6 <__mulsf3+0x27e>
    4a64:	00699793          	slli	a5,s3,0x6
    4a68:	83a5                	srli	a5,a5,0x9
    4a6a:	0ff77713          	andi	a4,a4,255
    4a6e:	bdad                	j	48e8 <__mulsf3+0xb0>
    4a70:	4785                	li	a5,1
    4a72:	40e786b3          	sub	a3,a5,a4
    4a76:	c711                	beqz	a4,4a82 <__mulsf3+0x24a>
    4a78:	466d                	li	a2,27
    4a7a:	4701                	li	a4,0
    4a7c:	4781                	li	a5,0
    4a7e:	e6d645e3          	blt	a2,a3,48e8 <__mulsf3+0xb0>
    4a82:	09e40713          	addi	a4,s0,158
    4a86:	00e99733          	sll	a4,s3,a4
    4a8a:	00e03733          	snez	a4,a4
    4a8e:	00d9d7b3          	srl	a5,s3,a3
    4a92:	8fd9                	or	a5,a5,a4
    4a94:	0077f713          	andi	a4,a5,7
    4a98:	c719                	beqz	a4,4aa6 <__mulsf3+0x26e>
    4a9a:	00f7f713          	andi	a4,a5,15
    4a9e:	4691                	li	a3,4
    4aa0:	00d70363          	beq	a4,a3,4aa6 <__mulsf3+0x26e>
    4aa4:	0791                	addi	a5,a5,4
    4aa6:	00579713          	slli	a4,a5,0x5
    4aaa:	00074c63          	bltz	a4,4ac2 <__mulsf3+0x28a>
    4aae:	079a                	slli	a5,a5,0x6
    4ab0:	83a5                	srli	a5,a5,0x9
    4ab2:	4701                	li	a4,0
    4ab4:	bd15                	j	48e8 <__mulsf3+0xb0>
    4ab6:	0ff00713          	li	a4,255
    4aba:	4781                	li	a5,0
    4abc:	b535                	j	48e8 <__mulsf3+0xb0>
    4abe:	842e                	mv	s0,a1
    4ac0:	b7b5                	j	4a2c <__mulsf3+0x1f4>
    4ac2:	4705                	li	a4,1
    4ac4:	4781                	li	a5,0
    4ac6:	b50d                	j	48e8 <__mulsf3+0xb0>

00004ac8 <__subsf3>:
    4ac8:	00800737          	lui	a4,0x800
    4acc:	1141                	addi	sp,sp,-16
    4ace:	177d                	addi	a4,a4,-1
    4ad0:	01755693          	srli	a3,a0,0x17
    4ad4:	0175d813          	srli	a6,a1,0x17
    4ad8:	00a777b3          	and	a5,a4,a0
    4adc:	0ff6f693          	andi	a3,a3,255
    4ae0:	01f55e93          	srli	t4,a0,0x1f
    4ae4:	00b77633          	and	a2,a4,a1
    4ae8:	c226                	sw	s1,4(sp)
    4aea:	c04a                	sw	s2,0(sp)
    4aec:	0ff87813          	andi	a6,a6,255
    4af0:	c606                	sw	ra,12(sp)
    4af2:	c422                	sw	s0,8(sp)
    4af4:	0ff00313          	li	t1,255
    4af8:	8e3e                	mv	t3,a5
    4afa:	8936                	mv	s2,a3
    4afc:	84f6                	mv	s1,t4
    4afe:	00379f13          	slli	t5,a5,0x3
    4b02:	81fd                	srli	a1,a1,0x1f
    4b04:	00361513          	slli	a0,a2,0x3
    4b08:	410688b3          	sub	a7,a3,a6
    4b0c:	10680263          	beq	a6,t1,4c10 <__subsf3+0x148>
    4b10:	0015c593          	xori	a1,a1,1
    4b14:	10be8c63          	beq	t4,a1,4c2c <__subsf3+0x164>
    4b18:	0d105463          	blez	a7,4be0 <__subsf3+0x118>
    4b1c:	10081063          	bnez	a6,4c1c <__subsf3+0x154>
    4b20:	1e050463          	beqz	a0,4d08 <__subsf3+0x240>
    4b24:	18fd                	addi	a7,a7,-1
    4b26:	40af07b3          	sub	a5,t5,a0
    4b2a:	02088663          	beqz	a7,4b56 <__subsf3+0x8e>
    4b2e:	0ff00793          	li	a5,255
    4b32:	16f68863          	beq	a3,a5,4ca2 <__subsf3+0x1da>
    4b36:	47ed                	li	a5,27
    4b38:	2917c763          	blt	a5,a7,4dc6 <__subsf3+0x2fe>
    4b3c:	02000713          	li	a4,32
    4b40:	41170733          	sub	a4,a4,a7
    4b44:	00e51733          	sll	a4,a0,a4
    4b48:	011557b3          	srl	a5,a0,a7
    4b4c:	00e03733          	snez	a4,a4
    4b50:	8fd9                	or	a5,a5,a4
    4b52:	40ff07b3          	sub	a5,t5,a5
    4b56:	00579713          	slli	a4,a5,0x5
    4b5a:	1a075163          	bgez	a4,4cfc <__subsf3+0x234>
    4b5e:	04000437          	lui	s0,0x4000
    4b62:	147d                	addi	s0,s0,-1
    4b64:	8c7d                	and	s0,s0,a5
    4b66:	8522                	mv	a0,s0
    4b68:	2325                	jal	5090 <__clzsi2>
    4b6a:	156d                	addi	a0,a0,-5
    4b6c:	00a417b3          	sll	a5,s0,a0
    4b70:	1b254e63          	blt	a0,s2,4d2c <__subsf3+0x264>
    4b74:	41250533          	sub	a0,a0,s2
    4b78:	00150413          	addi	s0,a0,1
    4b7c:	02000713          	li	a4,32
    4b80:	8f01                	sub	a4,a4,s0
    4b82:	00e79733          	sll	a4,a5,a4
    4b86:	00e03733          	snez	a4,a4
    4b8a:	0087d7b3          	srl	a5,a5,s0
    4b8e:	8fd9                	or	a5,a5,a4
    4b90:	4901                	li	s2,0
    4b92:	0077f713          	andi	a4,a5,7
    4b96:	c719                	beqz	a4,4ba4 <__subsf3+0xdc>
    4b98:	00f7f713          	andi	a4,a5,15
    4b9c:	4691                	li	a3,4
    4b9e:	00d70363          	beq	a4,a3,4ba4 <__subsf3+0xdc>
    4ba2:	0791                	addi	a5,a5,4
    4ba4:	00579713          	slli	a4,a5,0x5
    4ba8:	14075e63          	bgez	a4,4d04 <__subsf3+0x23c>
    4bac:	00190693          	addi	a3,s2,1 # 800001 <_data_lma+0x7f6945>
    4bb0:	0ff00713          	li	a4,255
    4bb4:	0014fe93          	andi	t4,s1,1
    4bb8:	16e68663          	beq	a3,a4,4d24 <__subsf3+0x25c>
    4bbc:	079a                	slli	a5,a5,0x6
    4bbe:	83a5                	srli	a5,a5,0x9
    4bc0:	0ff6f693          	andi	a3,a3,255
    4bc4:	07a6                	slli	a5,a5,0x9
    4bc6:	40b2                	lw	ra,12(sp)
    4bc8:	4422                	lw	s0,8(sp)
    4bca:	0097d513          	srli	a0,a5,0x9
    4bce:	06de                	slli	a3,a3,0x17
    4bd0:	01fe9793          	slli	a5,t4,0x1f
    4bd4:	8d55                	or	a0,a0,a3
    4bd6:	4492                	lw	s1,4(sp)
    4bd8:	4902                	lw	s2,0(sp)
    4bda:	8d5d                	or	a0,a0,a5
    4bdc:	0141                	addi	sp,sp,16
    4bde:	8082                	ret
    4be0:	0a089263          	bnez	a7,4c84 <__subsf3+0x1bc>
    4be4:	00168713          	addi	a4,a3,1
    4be8:	0fe77713          	andi	a4,a4,254
    4bec:	14071b63          	bnez	a4,4d42 <__subsf3+0x27a>
    4bf0:	22069463          	bnez	a3,4e18 <__subsf3+0x350>
    4bf4:	200f0263          	beqz	t5,4df8 <__subsf3+0x330>
    4bf8:	d571                	beqz	a0,4bc4 <__subsf3+0xfc>
    4bfa:	40af07b3          	sub	a5,t5,a0
    4bfe:	00579713          	slli	a4,a5,0x5
    4c02:	22075563          	bgez	a4,4e2c <__subsf3+0x364>
    4c06:	41e507b3          	sub	a5,a0,t5
    4c0a:	4901                	li	s2,0
    4c0c:	84ae                	mv	s1,a1
    4c0e:	b751                	j	4b92 <__subsf3+0xca>
    4c10:	f00500e3          	beqz	a0,4b10 <__subsf3+0x48>
    4c14:	0abe8a63          	beq	t4,a1,4cc8 <__subsf3+0x200>
    4c18:	fd1054e3          	blez	a7,4be0 <__subsf3+0x118>
    4c1c:	0ff00793          	li	a5,255
    4c20:	08f68163          	beq	a3,a5,4ca2 <__subsf3+0x1da>
    4c24:	040007b7          	lui	a5,0x4000
    4c28:	8d5d                	or	a0,a0,a5
    4c2a:	b731                	j	4b36 <__subsf3+0x6e>
    4c2c:	09105e63          	blez	a7,4cc8 <__subsf3+0x200>
    4c30:	08080163          	beqz	a6,4cb2 <__subsf3+0x1ea>
    4c34:	0ff00793          	li	a5,255
    4c38:	06f68563          	beq	a3,a5,4ca2 <__subsf3+0x1da>
    4c3c:	040007b7          	lui	a5,0x4000
    4c40:	8d5d                	or	a0,a0,a5
    4c42:	47ed                	li	a5,27
    4c44:	1f17c063          	blt	a5,a7,4e24 <__subsf3+0x35c>
    4c48:	02000713          	li	a4,32
    4c4c:	41170733          	sub	a4,a4,a7
    4c50:	00e51733          	sll	a4,a0,a4
    4c54:	011557b3          	srl	a5,a0,a7
    4c58:	00e03733          	snez	a4,a4
    4c5c:	8fd9                	or	a5,a5,a4
    4c5e:	97fa                	add	a5,a5,t5
    4c60:	00579713          	slli	a4,a5,0x5
    4c64:	08075c63          	bgez	a4,4cfc <__subsf3+0x234>
    4c68:	0905                	addi	s2,s2,1
    4c6a:	0ff00713          	li	a4,255
    4c6e:	0ae90b63          	beq	s2,a4,4d24 <__subsf3+0x25c>
    4c72:	7e0006b7          	lui	a3,0x7e000
    4c76:	0017d713          	srli	a4,a5,0x1
    4c7a:	16fd                	addi	a3,a3,-1
    4c7c:	8b85                	andi	a5,a5,1
    4c7e:	8f75                	and	a4,a4,a3
    4c80:	8fd9                	or	a5,a5,a4
    4c82:	bf01                	j	4b92 <__subsf3+0xca>
    4c84:	40d80733          	sub	a4,a6,a3
    4c88:	10069563          	bnez	a3,4d92 <__subsf3+0x2ca>
    4c8c:	140f0d63          	beqz	t5,4de6 <__subsf3+0x31e>
    4c90:	177d                	addi	a4,a4,-1
    4c92:	1a070363          	beqz	a4,4e38 <__subsf3+0x370>
    4c96:	0ff00793          	li	a5,255
    4c9a:	10f81463          	bne	a6,a5,4da2 <__subsf3+0x2da>
    4c9e:	84ae                	mv	s1,a1
    4ca0:	8e32                	mv	t3,a2
    4ca2:	060e0f63          	beqz	t3,4d20 <__subsf3+0x258>
    4ca6:	4e81                	li	t4,0
    4ca8:	0ff00693          	li	a3,255
    4cac:	004007b7          	lui	a5,0x400
    4cb0:	bf11                	j	4bc4 <__subsf3+0xfc>
    4cb2:	c939                	beqz	a0,4d08 <__subsf3+0x240>
    4cb4:	18fd                	addi	a7,a7,-1
    4cb6:	00af07b3          	add	a5,t5,a0
    4cba:	fa0883e3          	beqz	a7,4c60 <__subsf3+0x198>
    4cbe:	0ff00793          	li	a5,255
    4cc2:	f8f690e3          	bne	a3,a5,4c42 <__subsf3+0x17a>
    4cc6:	bff1                	j	4ca2 <__subsf3+0x1da>
    4cc8:	08089963          	bnez	a7,4d5a <__subsf3+0x292>
    4ccc:	00168913          	addi	s2,a3,1 # 7e000001 <_eusrstack+0x5dff8001>
    4cd0:	0fe97713          	andi	a4,s2,254
    4cd4:	12071663          	bnez	a4,4e00 <__subsf3+0x338>
    4cd8:	10069b63          	bnez	a3,4dee <__subsf3+0x326>
    4cdc:	160f0363          	beqz	t5,4e42 <__subsf3+0x37a>
    4ce0:	ee0502e3          	beqz	a0,4bc4 <__subsf3+0xfc>
    4ce4:	00af07b3          	add	a5,t5,a0
    4ce8:	00579713          	slli	a4,a5,0x5
    4cec:	4901                	li	s2,0
    4cee:	00075763          	bgez	a4,4cfc <__subsf3+0x234>
    4cf2:	fc000737          	lui	a4,0xfc000
    4cf6:	177d                	addi	a4,a4,-1
    4cf8:	8ff9                	and	a5,a5,a4
    4cfa:	4905                	li	s2,1
    4cfc:	0077f713          	andi	a4,a5,7
    4d00:	e8071ce3          	bnez	a4,4b98 <__subsf3+0xd0>
    4d04:	0037de13          	srli	t3,a5,0x3
    4d08:	0ff00793          	li	a5,255
    4d0c:	f8f90be3          	beq	s2,a5,4ca2 <__subsf3+0x1da>
    4d10:	009e1793          	slli	a5,t3,0x9
    4d14:	83a5                	srli	a5,a5,0x9
    4d16:	0ff97693          	andi	a3,s2,255
    4d1a:	0014fe93          	andi	t4,s1,1
    4d1e:	b55d                	j	4bc4 <__subsf3+0xfc>
    4d20:	0014fe93          	andi	t4,s1,1
    4d24:	0ff00693          	li	a3,255
    4d28:	4781                	li	a5,0
    4d2a:	bd69                	j	4bc4 <__subsf3+0xfc>
    4d2c:	fc000737          	lui	a4,0xfc000
    4d30:	177d                	addi	a4,a4,-1
    4d32:	8ff9                	and	a5,a5,a4
    4d34:	0077f713          	andi	a4,a5,7
    4d38:	40a90933          	sub	s2,s2,a0
    4d3c:	e4071ee3          	bnez	a4,4b98 <__subsf3+0xd0>
    4d40:	b7d1                	j	4d04 <__subsf3+0x23c>
    4d42:	40af0433          	sub	s0,t5,a0
    4d46:	00541793          	slli	a5,s0,0x5
    4d4a:	0c07c363          	bltz	a5,4e10 <__subsf3+0x348>
    4d4e:	e0041ce3          	bnez	s0,4b66 <__subsf3+0x9e>
    4d52:	4e81                	li	t4,0
    4d54:	4681                	li	a3,0
    4d56:	4781                	li	a5,0
    4d58:	b5b5                	j	4bc4 <__subsf3+0xfc>
    4d5a:	40d80733          	sub	a4,a6,a3
    4d5e:	c6b5                	beqz	a3,4dca <__subsf3+0x302>
    4d60:	0ff00793          	li	a5,255
    4d64:	f2f80ee3          	beq	a6,a5,4ca0 <__subsf3+0x1d8>
    4d68:	040007b7          	lui	a5,0x4000
    4d6c:	00ff6f33          	or	t5,t5,a5
    4d70:	47ed                	li	a5,27
    4d72:	0ce7cd63          	blt	a5,a4,4e4c <__subsf3+0x384>
    4d76:	02000793          	li	a5,32
    4d7a:	8f99                	sub	a5,a5,a4
    4d7c:	00ff17b3          	sll	a5,t5,a5
    4d80:	00ef5733          	srl	a4,t5,a4
    4d84:	00f037b3          	snez	a5,a5
    4d88:	8f5d                	or	a4,a4,a5
    4d8a:	00a707b3          	add	a5,a4,a0
    4d8e:	8942                	mv	s2,a6
    4d90:	bdc1                	j	4c60 <__subsf3+0x198>
    4d92:	0ff00793          	li	a5,255
    4d96:	f0f804e3          	beq	a6,a5,4c9e <__subsf3+0x1d6>
    4d9a:	040007b7          	lui	a5,0x4000
    4d9e:	00ff6f33          	or	t5,t5,a5
    4da2:	47ed                	li	a5,27
    4da4:	08e7c263          	blt	a5,a4,4e28 <__subsf3+0x360>
    4da8:	02000793          	li	a5,32
    4dac:	8f99                	sub	a5,a5,a4
    4dae:	00ff17b3          	sll	a5,t5,a5
    4db2:	00ef5733          	srl	a4,t5,a4
    4db6:	00f037b3          	snez	a5,a5
    4dba:	8fd9                	or	a5,a5,a4
    4dbc:	40f507b3          	sub	a5,a0,a5
    4dc0:	8942                	mv	s2,a6
    4dc2:	84ae                	mv	s1,a1
    4dc4:	bb49                	j	4b56 <__subsf3+0x8e>
    4dc6:	4785                	li	a5,1
    4dc8:	b369                	j	4b52 <__subsf3+0x8a>
    4dca:	060f0e63          	beqz	t5,4e46 <__subsf3+0x37e>
    4dce:	177d                	addi	a4,a4,-1
    4dd0:	00af07b3          	add	a5,t5,a0
    4dd4:	8942                	mv	s2,a6
    4dd6:	e80705e3          	beqz	a4,4c60 <__subsf3+0x198>
    4dda:	0ff00793          	li	a5,255
    4dde:	f8f819e3          	bne	a6,a5,4d70 <__subsf3+0x2a8>
    4de2:	8e32                	mv	t3,a2
    4de4:	bd7d                	j	4ca2 <__subsf3+0x1da>
    4de6:	8e32                	mv	t3,a2
    4de8:	8942                	mv	s2,a6
    4dea:	84ae                	mv	s1,a1
    4dec:	bf31                	j	4d08 <__subsf3+0x240>
    4dee:	ea0f09e3          	beqz	t5,4ca0 <__subsf3+0x1d8>
    4df2:	ea0508e3          	beqz	a0,4ca2 <__subsf3+0x1da>
    4df6:	bd45                	j	4ca6 <__subsf3+0x1de>
    4df8:	cd0d                	beqz	a0,4e32 <__subsf3+0x36a>
    4dfa:	8eae                	mv	t4,a1
    4dfc:	87b2                	mv	a5,a2
    4dfe:	b3d9                	j	4bc4 <__subsf3+0xfc>
    4e00:	0ff00793          	li	a5,255
    4e04:	f2f900e3          	beq	s2,a5,4d24 <__subsf3+0x25c>
    4e08:	00af07b3          	add	a5,t5,a0
    4e0c:	8385                	srli	a5,a5,0x1
    4e0e:	b5fd                	j	4cfc <__subsf3+0x234>
    4e10:	41e50433          	sub	s0,a0,t5
    4e14:	84ae                	mv	s1,a1
    4e16:	bb81                	j	4b66 <__subsf3+0x9e>
    4e18:	fc0f1de3          	bnez	t5,4df2 <__subsf3+0x32a>
    4e1c:	e80505e3          	beqz	a0,4ca6 <__subsf3+0x1de>
    4e20:	84ae                	mv	s1,a1
    4e22:	bdbd                	j	4ca0 <__subsf3+0x1d8>
    4e24:	4785                	li	a5,1
    4e26:	bd25                	j	4c5e <__subsf3+0x196>
    4e28:	4785                	li	a5,1
    4e2a:	bf49                	j	4dbc <__subsf3+0x2f4>
    4e2c:	4901                	li	s2,0
    4e2e:	ec0797e3          	bnez	a5,4cfc <__subsf3+0x234>
    4e32:	4e81                	li	t4,0
    4e34:	4781                	li	a5,0
    4e36:	b379                	j	4bc4 <__subsf3+0xfc>
    4e38:	41e507b3          	sub	a5,a0,t5
    4e3c:	8942                	mv	s2,a6
    4e3e:	84ae                	mv	s1,a1
    4e40:	bb19                	j	4b56 <__subsf3+0x8e>
    4e42:	87b2                	mv	a5,a2
    4e44:	b341                	j	4bc4 <__subsf3+0xfc>
    4e46:	8e32                	mv	t3,a2
    4e48:	8942                	mv	s2,a6
    4e4a:	bd7d                	j	4d08 <__subsf3+0x240>
    4e4c:	4705                	li	a4,1
    4e4e:	bf35                	j	4d8a <__subsf3+0x2c2>

00004e50 <__floatsisf>:
    4e50:	1141                	addi	sp,sp,-16
    4e52:	c606                	sw	ra,12(sp)
    4e54:	c422                	sw	s0,8(sp)
    4e56:	c226                	sw	s1,4(sp)
    4e58:	cd0d                	beqz	a0,4e92 <__floatsisf+0x42>
    4e5a:	41f55793          	srai	a5,a0,0x1f
    4e5e:	00a7c433          	xor	s0,a5,a0
    4e62:	8c1d                	sub	s0,s0,a5
    4e64:	84aa                	mv	s1,a0
    4e66:	8522                	mv	a0,s0
    4e68:	2425                	jal	5090 <__clzsi2>
    4e6a:	09e00793          	li	a5,158
    4e6e:	40a78733          	sub	a4,a5,a0
    4e72:	09600793          	li	a5,150
    4e76:	80fd                	srli	s1,s1,0x1f
    4e78:	02e7cc63          	blt	a5,a4,4eb0 <__floatsisf+0x60>
    4e7c:	46a1                	li	a3,8
    4e7e:	0ff77793          	andi	a5,a4,255
    4e82:	00a6d563          	bge	a3,a0,4e8c <__floatsisf+0x3c>
    4e86:	1561                	addi	a0,a0,-8
    4e88:	00a41433          	sll	s0,s0,a0
    4e8c:	0426                	slli	s0,s0,0x9
    4e8e:	8025                	srli	s0,s0,0x9
    4e90:	a021                	j	4e98 <__floatsisf+0x48>
    4e92:	4481                	li	s1,0
    4e94:	4781                	li	a5,0
    4e96:	4401                	li	s0,0
    4e98:	0426                	slli	s0,s0,0x9
    4e9a:	00945513          	srli	a0,s0,0x9
    4e9e:	40b2                	lw	ra,12(sp)
    4ea0:	4422                	lw	s0,8(sp)
    4ea2:	07de                	slli	a5,a5,0x17
    4ea4:	04fe                	slli	s1,s1,0x1f
    4ea6:	8d5d                	or	a0,a0,a5
    4ea8:	8d45                	or	a0,a0,s1
    4eaa:	4492                	lw	s1,4(sp)
    4eac:	0141                	addi	sp,sp,16
    4eae:	8082                	ret
    4eb0:	09900793          	li	a5,153
    4eb4:	00e7dd63          	bge	a5,a4,4ece <__floatsisf+0x7e>
    4eb8:	01b50793          	addi	a5,a0,27
    4ebc:	4695                	li	a3,5
    4ebe:	00f417b3          	sll	a5,s0,a5
    4ec2:	8e89                	sub	a3,a3,a0
    4ec4:	00d45433          	srl	s0,s0,a3
    4ec8:	00f037b3          	snez	a5,a5
    4ecc:	8c5d                	or	s0,s0,a5
    4ece:	4795                	li	a5,5
    4ed0:	00a7d663          	bge	a5,a0,4edc <__floatsisf+0x8c>
    4ed4:	ffb50793          	addi	a5,a0,-5
    4ed8:	00f41433          	sll	s0,s0,a5
    4edc:	fc0006b7          	lui	a3,0xfc000
    4ee0:	16fd                	addi	a3,a3,-1
    4ee2:	00747793          	andi	a5,s0,7
    4ee6:	00d47633          	and	a2,s0,a3
    4eea:	c385                	beqz	a5,4f0a <__floatsisf+0xba>
    4eec:	00f47793          	andi	a5,s0,15
    4ef0:	4591                	li	a1,4
    4ef2:	00b78c63          	beq	a5,a1,4f0a <__floatsisf+0xba>
    4ef6:	0611                	addi	a2,a2,4
    4ef8:	00561793          	slli	a5,a2,0x5
    4efc:	0007d763          	bgez	a5,4f0a <__floatsisf+0xba>
    4f00:	09f00793          	li	a5,159
    4f04:	8e75                	and	a2,a2,a3
    4f06:	40a78733          	sub	a4,a5,a0
    4f0a:	00661413          	slli	s0,a2,0x6
    4f0e:	8025                	srli	s0,s0,0x9
    4f10:	0ff77793          	andi	a5,a4,255
    4f14:	b751                	j	4e98 <__floatsisf+0x48>

00004f16 <__floatunsisf>:
    4f16:	1141                	addi	sp,sp,-16
    4f18:	c606                	sw	ra,12(sp)
    4f1a:	c422                	sw	s0,8(sp)
    4f1c:	cd15                	beqz	a0,4f58 <__floatunsisf+0x42>
    4f1e:	842a                	mv	s0,a0
    4f20:	2a85                	jal	5090 <__clzsi2>
    4f22:	09e00793          	li	a5,158
    4f26:	40a78733          	sub	a4,a5,a0
    4f2a:	09600793          	li	a5,150
    4f2e:	04e7c063          	blt	a5,a4,4f6e <__floatunsisf+0x58>
    4f32:	46a1                	li	a3,8
    4f34:	0ff77793          	andi	a5,a4,255
    4f38:	00a6d563          	bge	a3,a0,4f42 <__floatunsisf+0x2c>
    4f3c:	1561                	addi	a0,a0,-8
    4f3e:	00a41433          	sll	s0,s0,a0
    4f42:	0426                	slli	s0,s0,0x9
    4f44:	8025                	srli	s0,s0,0x9
    4f46:	0426                	slli	s0,s0,0x9
    4f48:	00945513          	srli	a0,s0,0x9
    4f4c:	40b2                	lw	ra,12(sp)
    4f4e:	4422                	lw	s0,8(sp)
    4f50:	07de                	slli	a5,a5,0x17
    4f52:	8d5d                	or	a0,a0,a5
    4f54:	0141                	addi	sp,sp,16
    4f56:	8082                	ret
    4f58:	4401                	li	s0,0
    4f5a:	0426                	slli	s0,s0,0x9
    4f5c:	00945513          	srli	a0,s0,0x9
    4f60:	40b2                	lw	ra,12(sp)
    4f62:	4422                	lw	s0,8(sp)
    4f64:	4781                	li	a5,0
    4f66:	07de                	slli	a5,a5,0x17
    4f68:	8d5d                	or	a0,a0,a5
    4f6a:	0141                	addi	sp,sp,16
    4f6c:	8082                	ret
    4f6e:	09900793          	li	a5,153
    4f72:	00e7dd63          	bge	a5,a4,4f8c <__floatunsisf+0x76>
    4f76:	01b50793          	addi	a5,a0,27
    4f7a:	4695                	li	a3,5
    4f7c:	00f417b3          	sll	a5,s0,a5
    4f80:	8e89                	sub	a3,a3,a0
    4f82:	00f037b3          	snez	a5,a5
    4f86:	00d45433          	srl	s0,s0,a3
    4f8a:	8c5d                	or	s0,s0,a5
    4f8c:	4795                	li	a5,5
    4f8e:	00a7d663          	bge	a5,a0,4f9a <__floatunsisf+0x84>
    4f92:	ffb50793          	addi	a5,a0,-5
    4f96:	00f41433          	sll	s0,s0,a5
    4f9a:	fc0006b7          	lui	a3,0xfc000
    4f9e:	16fd                	addi	a3,a3,-1
    4fa0:	00747793          	andi	a5,s0,7
    4fa4:	00d47633          	and	a2,s0,a3
    4fa8:	c385                	beqz	a5,4fc8 <__floatunsisf+0xb2>
    4faa:	00f47793          	andi	a5,s0,15
    4fae:	4591                	li	a1,4
    4fb0:	00b78c63          	beq	a5,a1,4fc8 <__floatunsisf+0xb2>
    4fb4:	0611                	addi	a2,a2,4
    4fb6:	00561793          	slli	a5,a2,0x5
    4fba:	0007d763          	bgez	a5,4fc8 <__floatunsisf+0xb2>
    4fbe:	09f00793          	li	a5,159
    4fc2:	8e75                	and	a2,a2,a3
    4fc4:	40a78733          	sub	a4,a5,a0
    4fc8:	00661413          	slli	s0,a2,0x6
    4fcc:	8025                	srli	s0,s0,0x9
    4fce:	0426                	slli	s0,s0,0x9
    4fd0:	00945513          	srli	a0,s0,0x9
    4fd4:	40b2                	lw	ra,12(sp)
    4fd6:	4422                	lw	s0,8(sp)
    4fd8:	0ff77793          	andi	a5,a4,255
    4fdc:	07de                	slli	a5,a5,0x17
    4fde:	8d5d                	or	a0,a0,a5
    4fe0:	0141                	addi	sp,sp,16
    4fe2:	8082                	ret

00004fe4 <__extendsfdf2>:
    4fe4:	01755713          	srli	a4,a0,0x17
    4fe8:	0ff77713          	andi	a4,a4,255
    4fec:	1141                	addi	sp,sp,-16
    4fee:	00170793          	addi	a5,a4,1 # fc000001 <_eusrstack+0xdbff8001>
    4ff2:	c422                	sw	s0,8(sp)
    4ff4:	c226                	sw	s1,4(sp)
    4ff6:	00951413          	slli	s0,a0,0x9
    4ffa:	c606                	sw	ra,12(sp)
    4ffc:	0fe7f793          	andi	a5,a5,254
    5000:	8025                	srli	s0,s0,0x9
    5002:	01f55493          	srli	s1,a0,0x1f
    5006:	c785                	beqz	a5,502e <__extendsfdf2+0x4a>
    5008:	00345793          	srli	a5,s0,0x3
    500c:	38070713          	addi	a4,a4,896
    5010:	0476                	slli	s0,s0,0x1d
    5012:	07b2                	slli	a5,a5,0xc
    5014:	0752                	slli	a4,a4,0x14
    5016:	83b1                	srli	a5,a5,0xc
    5018:	01f49513          	slli	a0,s1,0x1f
    501c:	8fd9                	or	a5,a5,a4
    501e:	8fc9                	or	a5,a5,a0
    5020:	40b2                	lw	ra,12(sp)
    5022:	8522                	mv	a0,s0
    5024:	4422                	lw	s0,8(sp)
    5026:	4492                	lw	s1,4(sp)
    5028:	85be                	mv	a1,a5
    502a:	0141                	addi	sp,sp,16
    502c:	8082                	ret
    502e:	eb05                	bnez	a4,505e <__extendsfdf2+0x7a>
    5030:	c439                	beqz	s0,507e <__extendsfdf2+0x9a>
    5032:	8522                	mv	a0,s0
    5034:	28b1                	jal	5090 <__clzsi2>
    5036:	47a9                	li	a5,10
    5038:	04a7c663          	blt	a5,a0,5084 <__extendsfdf2+0xa0>
    503c:	472d                	li	a4,11
    503e:	8f09                	sub	a4,a4,a0
    5040:	01550793          	addi	a5,a0,21
    5044:	00e45733          	srl	a4,s0,a4
    5048:	00f41433          	sll	s0,s0,a5
    504c:	00c71793          	slli	a5,a4,0xc
    5050:	38900713          	li	a4,905
    5054:	8f09                	sub	a4,a4,a0
    5056:	83b1                	srli	a5,a5,0xc
    5058:	7ff77713          	andi	a4,a4,2047
    505c:	bf5d                	j	5012 <__extendsfdf2+0x2e>
    505e:	cc01                	beqz	s0,5076 <__extendsfdf2+0x92>
    5060:	00345713          	srli	a4,s0,0x3
    5064:	000807b7          	lui	a5,0x80
    5068:	8fd9                	or	a5,a5,a4
    506a:	07b2                	slli	a5,a5,0xc
    506c:	0476                	slli	s0,s0,0x1d
    506e:	83b1                	srli	a5,a5,0xc
    5070:	7ff00713          	li	a4,2047
    5074:	bf79                	j	5012 <__extendsfdf2+0x2e>
    5076:	7ff00713          	li	a4,2047
    507a:	4781                	li	a5,0
    507c:	bf59                	j	5012 <__extendsfdf2+0x2e>
    507e:	4701                	li	a4,0
    5080:	4781                	li	a5,0
    5082:	bf41                	j	5012 <__extendsfdf2+0x2e>
    5084:	ff550713          	addi	a4,a0,-11
    5088:	00e41733          	sll	a4,s0,a4
    508c:	4401                	li	s0,0
    508e:	bf7d                	j	504c <__extendsfdf2+0x68>

00005090 <__clzsi2>:
    5090:	67c1                	lui	a5,0x10
    5092:	02f57c63          	bgeu	a0,a5,50ca <__clzsi2+0x3a>
    5096:	0ff00793          	li	a5,255
    509a:	02000713          	li	a4,32
    509e:	00a7eb63          	bltu	a5,a0,50b4 <__clzsi2+0x24>
    50a2:	00004797          	auipc	a5,0x4
    50a6:	19a78793          	addi	a5,a5,410 # 923c <__clz_tab>
    50aa:	97aa                	add	a5,a5,a0
    50ac:	2388                	lbu	a0,0(a5)
    50ae:	40a70533          	sub	a0,a4,a0
    50b2:	8082                	ret
    50b4:	8121                	srli	a0,a0,0x8
    50b6:	00004797          	auipc	a5,0x4
    50ba:	18678793          	addi	a5,a5,390 # 923c <__clz_tab>
    50be:	97aa                	add	a5,a5,a0
    50c0:	2388                	lbu	a0,0(a5)
    50c2:	4761                	li	a4,24
    50c4:	40a70533          	sub	a0,a4,a0
    50c8:	8082                	ret
    50ca:	010007b7          	lui	a5,0x1000
    50ce:	00f56d63          	bltu	a0,a5,50e8 <__clzsi2+0x58>
    50d2:	8161                	srli	a0,a0,0x18
    50d4:	00004797          	auipc	a5,0x4
    50d8:	16878793          	addi	a5,a5,360 # 923c <__clz_tab>
    50dc:	97aa                	add	a5,a5,a0
    50de:	2388                	lbu	a0,0(a5)
    50e0:	4721                	li	a4,8
    50e2:	40a70533          	sub	a0,a4,a0
    50e6:	8082                	ret
    50e8:	8141                	srli	a0,a0,0x10
    50ea:	00004797          	auipc	a5,0x4
    50ee:	15278793          	addi	a5,a5,338 # 923c <__clz_tab>
    50f2:	97aa                	add	a5,a5,a0
    50f4:	2388                	lbu	a0,0(a5)
    50f6:	4741                	li	a4,16
    50f8:	40a70533          	sub	a0,a4,a0
    50fc:	8082                	ret

000050fe <atof>:
    50fe:	4581                	li	a1,0
    5100:	5a30006f          	j	5ea2 <strtod>

00005104 <atoi>:
    5104:	4629                	li	a2,10
    5106:	4581                	li	a1,0
    5108:	7070006f          	j	600e <strtol>

0000510c <siscanf>:
    510c:	7171                	addi	sp,sp,-176
    510e:	d33e                	sw	a5,164(sp)
    5110:	20400793          	li	a5,516
    5114:	c706                	sw	ra,140(sp)
    5116:	c62e                	sw	a1,12(sp)
    5118:	cd32                	sw	a2,152(sp)
    511a:	cf36                	sw	a3,156(sp)
    511c:	d13a                	sw	a4,160(sp)
    511e:	d542                	sw	a6,168(sp)
    5120:	d746                	sw	a7,172(sp)
    5122:	02f11223          	sh	a5,36(sp)
    5126:	cc2a                	sw	a0,24(sp)
    5128:	d42a                	sw	a0,40(sp)
    512a:	2085                	jal	518a <strlen>
    512c:	00000797          	auipc	a5,0x0
    5130:	03278793          	addi	a5,a5,50 # 515e <__seofread>
    5134:	de3e                	sw	a5,60(sp)
    5136:	57fd                	li	a5,-1
    5138:	45b2                	lw	a1,12(sp)
    513a:	02f11323          	sh	a5,38(sp)
    513e:	81818793          	addi	a5,gp,-2024 # 20000220 <_impure_ptr>
    5142:	ce2a                	sw	a0,28(sp)
    5144:	d62a                	sw	a0,44(sp)
    5146:	4388                	lw	a0,0(a5)
    5148:	0934                	addi	a3,sp,152
    514a:	862e                	mv	a2,a1
    514c:	082c                	addi	a1,sp,24
    514e:	c682                	sw	zero,76(sp)
    5150:	d082                	sw	zero,96(sp)
    5152:	ca36                	sw	a3,20(sp)
    5154:	27c020ef          	jal	ra,73d0 <__ssvfiscanf_r>
    5158:	40ba                	lw	ra,140(sp)
    515a:	614d                	addi	sp,sp,176
    515c:	8082                	ret

0000515e <__seofread>:
    515e:	4501                	li	a0,0
    5160:	8082                	ret

00005162 <strchr>:
    5162:	0ff5f593          	andi	a1,a1,255
    5166:	211c                	lbu	a5,0(a0)
    5168:	c791                	beqz	a5,5174 <strchr+0x12>
    516a:	00b79363          	bne	a5,a1,5170 <strchr+0xe>
    516e:	8082                	ret
    5170:	0505                	addi	a0,a0,1
    5172:	bfd5                	j	5166 <strchr+0x4>
    5174:	c191                	beqz	a1,5178 <strchr+0x16>
    5176:	4501                	li	a0,0
    5178:	8082                	ret

0000517a <strcpy>:
    517a:	87aa                	mv	a5,a0
    517c:	2198                	lbu	a4,0(a1)
    517e:	0785                	addi	a5,a5,1
    5180:	0585                	addi	a1,a1,1
    5182:	fee78fa3          	sb	a4,-1(a5)
    5186:	fb7d                	bnez	a4,517c <strcpy+0x2>
    5188:	8082                	ret

0000518a <strlen>:
    518a:	87aa                	mv	a5,a0
    518c:	0785                	addi	a5,a5,1
    518e:	fff7c703          	lbu	a4,-1(a5)
    5192:	ff6d                	bnez	a4,518c <strlen+0x2>
    5194:	40a78533          	sub	a0,a5,a0
    5198:	157d                	addi	a0,a0,-1
    519a:	8082                	ret

0000519c <strncmp>:
    519c:	c215                	beqz	a2,51c0 <strncmp+0x24>
    519e:	167d                	addi	a2,a2,-1
    51a0:	4701                	li	a4,0
    51a2:	00e507b3          	add	a5,a0,a4
    51a6:	00e586b3          	add	a3,a1,a4
    51aa:	239c                	lbu	a5,0(a5)
    51ac:	2294                	lbu	a3,0(a3)
    51ae:	00d79663          	bne	a5,a3,51ba <strncmp+0x1e>
    51b2:	00c70463          	beq	a4,a2,51ba <strncmp+0x1e>
    51b6:	0705                	addi	a4,a4,1
    51b8:	f7ed                	bnez	a5,51a2 <strncmp+0x6>
    51ba:	40d78533          	sub	a0,a5,a3
    51be:	8082                	ret
    51c0:	4501                	li	a0,0
    51c2:	8082                	ret

000051c4 <strncpy>:
    51c4:	87aa                	mv	a5,a0
    51c6:	ca09                	beqz	a2,51d8 <strncpy+0x14>
    51c8:	0585                	addi	a1,a1,1
    51ca:	fff5c703          	lbu	a4,-1(a1)
    51ce:	0785                	addi	a5,a5,1
    51d0:	167d                	addi	a2,a2,-1
    51d2:	fee78fa3          	sb	a4,-1(a5)
    51d6:	fb65                	bnez	a4,51c6 <strncpy+0x2>
    51d8:	963e                	add	a2,a2,a5
    51da:	00c79363          	bne	a5,a2,51e0 <strncpy+0x1c>
    51de:	8082                	ret
    51e0:	0785                	addi	a5,a5,1
    51e2:	fe078fa3          	sb	zero,-1(a5)
    51e6:	bfd5                	j	51da <strncpy+0x16>

000051e8 <sulp>:
    51e8:	1101                	addi	sp,sp,-32
    51ea:	cc22                	sw	s0,24(sp)
    51ec:	872a                	mv	a4,a0
    51ee:	842e                	mv	s0,a1
    51f0:	853a                	mv	a0,a4
    51f2:	85a2                	mv	a1,s0
    51f4:	c632                	sw	a2,12(sp)
    51f6:	ce06                	sw	ra,28(sp)
    51f8:	541010ef          	jal	ra,6f38 <__ulp>
    51fc:	4632                	lw	a2,12(sp)
    51fe:	882a                	mv	a6,a0
    5200:	88ae                	mv	a7,a1
    5202:	c605                	beqz	a2,522a <sulp+0x42>
    5204:	8051                	srli	s0,s0,0x14
    5206:	7ff47413          	andi	s0,s0,2047
    520a:	06b00793          	li	a5,107
    520e:	8f81                	sub	a5,a5,s0
    5210:	00f05d63          	blez	a5,522a <sulp+0x42>
    5214:	07d2                	slli	a5,a5,0x14
    5216:	3ff00737          	lui	a4,0x3ff00
    521a:	4801                	li	a6,0
    521c:	973e                	add	a4,a4,a5
    521e:	8642                	mv	a2,a6
    5220:	86ba                	mv	a3,a4
    5222:	880fe0ef          	jal	ra,32a2 <__muldf3>
    5226:	882a                	mv	a6,a0
    5228:	88ae                	mv	a7,a1
    522a:	40f2                	lw	ra,28(sp)
    522c:	4462                	lw	s0,24(sp)
    522e:	8542                	mv	a0,a6
    5230:	85c6                	mv	a1,a7
    5232:	6105                	addi	sp,sp,32
    5234:	8082                	ret

00005236 <_strtod_l>:
    5236:	7135                	addi	sp,sp,-160
    5238:	c94a                	sw	s2,144(sp)
    523a:	892a                	mv	s2,a0
    523c:	8536                	mv	a0,a3
    523e:	d432                	sw	a2,40(sp)
    5240:	c636                	sw	a3,12(sp)
    5242:	cf06                	sw	ra,156(sp)
    5244:	cd22                	sw	s0,152(sp)
    5246:	cb26                	sw	s1,148(sp)
    5248:	c74e                	sw	s3,140(sp)
    524a:	d8ea                	sw	s10,112(sp)
    524c:	d6ee                	sw	s11,108(sp)
    524e:	8d2e                	mv	s10,a1
    5250:	c552                	sw	s4,136(sp)
    5252:	c356                	sw	s5,132(sp)
    5254:	c15a                	sw	s6,128(sp)
    5256:	dede                	sw	s7,124(sp)
    5258:	dce2                	sw	s8,120(sp)
    525a:	dae6                	sw	s9,116(sp)
    525c:	c882                	sw	zero,80(sp)
    525e:	524010ef          	jal	ra,6782 <__localeconv_l>
    5262:	8daa                	mv	s11,a0
    5264:	4108                	lw	a0,0(a0)
    5266:	4481                	li	s1,0
    5268:	4401                	li	s0,0
    526a:	f21ff0ef          	jal	ra,518a <strlen>
    526e:	46b2                	lw	a3,12(sp)
    5270:	89aa                	mv	s3,a0
    5272:	c6ea                	sw	s10,76(sp)
    5274:	4635                	li	a2,13
    5276:	02b00593          	li	a1,43
    527a:	02d00513          	li	a0,45
    527e:	02000813          	li	a6,32
    5282:	48a5                	li	a7,9
    5284:	47b6                	lw	a5,76(sp)
    5286:	2398                	lbu	a4,0(a5)
    5288:	08e66b63          	bltu	a2,a4,531e <_strtod_l+0xe8>
    528c:	09177f63          	bgeu	a4,a7,532a <_strtod_l+0xf4>
    5290:	c755                	beqz	a4,533c <_strtod_l+0x106>
    5292:	c802                	sw	zero,16(sp)
    5294:	4a36                	lw	s4,76(sp)
    5296:	03000793          	li	a5,48
    529a:	4a81                	li	s5,0
    529c:	000a4703          	lbu	a4,0(s4)
    52a0:	12f71b63          	bne	a4,a5,53d6 <_strtod_l+0x1a0>
    52a4:	001a4783          	lbu	a5,1(s4)
    52a8:	05800713          	li	a4,88
    52ac:	00e78863          	beq	a5,a4,52bc <_strtod_l+0x86>
    52b0:	07800613          	li	a2,120
    52b4:	03000713          	li	a4,48
    52b8:	10c79663          	bne	a5,a2,53c4 <_strtod_l+0x18e>
    52bc:	47c2                	lw	a5,16(sp)
    52be:	8836                	mv	a6,a3
    52c0:	0898                	addi	a4,sp,80
    52c2:	08d4                	addi	a3,sp,84
    52c4:	00004617          	auipc	a2,0x4
    52c8:	0d460613          	addi	a2,a2,212 # 9398 <fpi.3395>
    52cc:	00ec                	addi	a1,sp,76
    52ce:	854a                	mv	a0,s2
    52d0:	613000ef          	jal	ra,60e2 <__gethex>
    52d4:	00757993          	andi	s3,a0,7
    52d8:	8aaa                	mv	s5,a0
    52da:	00098863          	beqz	s3,52ea <_strtod_l+0xb4>
    52de:	4799                	li	a5,6
    52e0:	06f99763          	bne	s3,a5,534e <_strtod_l+0x118>
    52e4:	0a05                	addi	s4,s4,1
    52e6:	c6d2                	sw	s4,76(sp)
    52e8:	c802                	sw	zero,16(sp)
    52ea:	57a2                	lw	a5,40(sp)
    52ec:	c781                	beqz	a5,52f4 <_strtod_l+0xbe>
    52ee:	47b6                	lw	a5,76(sp)
    52f0:	5722                	lw	a4,40(sp)
    52f2:	c31c                	sw	a5,0(a4)
    52f4:	47c2                	lw	a5,16(sp)
    52f6:	c7b9                	beqz	a5,5344 <_strtod_l+0x10e>
    52f8:	800005b7          	lui	a1,0x80000
    52fc:	8da1                	xor	a1,a1,s0
    52fe:	40fa                	lw	ra,156(sp)
    5300:	446a                	lw	s0,152(sp)
    5302:	8526                	mv	a0,s1
    5304:	494a                	lw	s2,144(sp)
    5306:	44da                	lw	s1,148(sp)
    5308:	49ba                	lw	s3,140(sp)
    530a:	4a2a                	lw	s4,136(sp)
    530c:	4a9a                	lw	s5,132(sp)
    530e:	4b0a                	lw	s6,128(sp)
    5310:	5bf6                	lw	s7,124(sp)
    5312:	5c66                	lw	s8,120(sp)
    5314:	5cd6                	lw	s9,116(sp)
    5316:	5d46                	lw	s10,112(sp)
    5318:	5db6                	lw	s11,108(sp)
    531a:	610d                	addi	sp,sp,160
    531c:	8082                	ret
    531e:	00b70963          	beq	a4,a1,5330 <_strtod_l+0xfa>
    5322:	02a70363          	beq	a4,a0,5348 <_strtod_l+0x112>
    5326:	f70716e3          	bne	a4,a6,5292 <_strtod_l+0x5c>
    532a:	0785                	addi	a5,a5,1
    532c:	c6be                	sw	a5,76(sp)
    532e:	bf99                	j	5284 <_strtod_l+0x4e>
    5330:	c802                	sw	zero,16(sp)
    5332:	00178713          	addi	a4,a5,1
    5336:	c6ba                	sw	a4,76(sp)
    5338:	339c                	lbu	a5,1(a5)
    533a:	ffa9                	bnez	a5,5294 <_strtod_l+0x5e>
    533c:	57a2                	lw	a5,40(sp)
    533e:	c6ea                	sw	s10,76(sp)
    5340:	c802                	sw	zero,16(sp)
    5342:	f7d5                	bnez	a5,52ee <_strtod_l+0xb8>
    5344:	85a2                	mv	a1,s0
    5346:	bf65                	j	52fe <_strtod_l+0xc8>
    5348:	4705                	li	a4,1
    534a:	c83a                	sw	a4,16(sp)
    534c:	b7dd                	j	5332 <_strtod_l+0xfc>
    534e:	4646                	lw	a2,80(sp)
    5350:	ca11                	beqz	a2,5364 <_strtod_l+0x12e>
    5352:	03500593          	li	a1,53
    5356:	08a8                	addi	a0,sp,88
    5358:	623010ef          	jal	ra,717a <__copybits>
    535c:	45c6                	lw	a1,80(sp)
    535e:	854a                	mv	a0,s2
    5360:	598010ef          	jal	ra,68f8 <_Bfree>
    5364:	19fd                	addi	s3,s3,-1
    5366:	4791                	li	a5,4
    5368:	0137ee63          	bltu	a5,s3,5384 <_strtod_l+0x14e>
    536c:	00004717          	auipc	a4,0x4
    5370:	fd070713          	addi	a4,a4,-48 # 933c <__clz_tab+0x100>
    5374:	098a                	slli	s3,s3,0x2
    5376:	99ba                	add	s3,s3,a4
    5378:	0009a783          	lw	a5,0(s3)
    537c:	97ba                	add	a5,a5,a4
    537e:	8782                	jr	a5
    5380:	44e6                	lw	s1,88(sp)
    5382:	4476                	lw	s0,92(sp)
    5384:	008afa93          	andi	s5,s5,8
    5388:	f60a81e3          	beqz	s5,52ea <_strtod_l+0xb4>
    538c:	800007b7          	lui	a5,0x80000
    5390:	8c5d                	or	s0,s0,a5
    5392:	bfa1                	j	52ea <_strtod_l+0xb4>
    5394:	45f6                	lw	a1,92(sp)
    5396:	fff00437          	lui	s0,0xfff00
    539a:	147d                	addi	s0,s0,-1
    539c:	0085f7b3          	and	a5,a1,s0
    53a0:	4456                	lw	s0,84(sp)
    53a2:	44e6                	lw	s1,88(sp)
    53a4:	43340413          	addi	s0,s0,1075 # fff00433 <_eusrstack+0xdfef8433>
    53a8:	01441593          	slli	a1,s0,0x14
    53ac:	00b7e433          	or	s0,a5,a1
    53b0:	bfd1                	j	5384 <_strtod_l+0x14e>
    53b2:	7ff00437          	lui	s0,0x7ff00
    53b6:	b7f9                	j	5384 <_strtod_l+0x14e>
    53b8:	800005b7          	lui	a1,0x80000
    53bc:	fff5c413          	not	s0,a1
    53c0:	54fd                	li	s1,-1
    53c2:	b7c9                	j	5384 <_strtod_l+0x14e>
    53c4:	47b6                	lw	a5,76(sp)
    53c6:	00178693          	addi	a3,a5,1 # 80000001 <_eusrstack+0x5fff8001>
    53ca:	c6b6                	sw	a3,76(sp)
    53cc:	339c                	lbu	a5,1(a5)
    53ce:	fee78be3          	beq	a5,a4,53c4 <_strtod_l+0x18e>
    53d2:	df81                	beqz	a5,52ea <_strtod_l+0xb4>
    53d4:	4a85                	li	s5,1
    53d6:	4cb6                	lw	s9,76(sp)
    53d8:	4a01                	li	s4,0
    53da:	4b81                	li	s7,0
    53dc:	4c01                	li	s8,0
    53de:	46a5                	li	a3,9
    53e0:	45a1                	li	a1,8
    53e2:	47a9                	li	a5,10
    53e4:	4536                	lw	a0,76(sp)
    53e6:	00054b03          	lbu	s6,0(a0)
    53ea:	fd0b0713          	addi	a4,s6,-48
    53ee:	0ff77613          	andi	a2,a4,255
    53f2:	04c6fd63          	bgeu	a3,a2,544c <_strtod_l+0x216>
    53f6:	000da583          	lw	a1,0(s11)
    53fa:	864e                	mv	a2,s3
    53fc:	da1ff0ef          	jal	ra,519c <strncmp>
    5400:	c13d                	beqz	a0,5466 <_strtod_l+0x230>
    5402:	87da                	mv	a5,s6
    5404:	8de2                	mv	s11,s8
    5406:	4681                	li	a3,0
    5408:	4b01                	li	s6,0
    540a:	4501                	li	a0,0
    540c:	06500713          	li	a4,101
    5410:	00e78763          	beq	a5,a4,541e <_strtod_l+0x1e8>
    5414:	04500713          	li	a4,69
    5418:	4981                	li	s3,0
    541a:	16e79563          	bne	a5,a4,5584 <_strtod_l+0x34e>
    541e:	000d9663          	bnez	s11,542a <_strtod_l+0x1f4>
    5422:	0156e7b3          	or	a5,a3,s5
    5426:	db99                	beqz	a5,533c <_strtod_l+0x106>
    5428:	4d81                	li	s11,0
    542a:	4d36                	lw	s10,76(sp)
    542c:	02b00713          	li	a4,43
    5430:	001d0793          	addi	a5,s10,1
    5434:	c6be                	sw	a5,76(sp)
    5436:	001d4783          	lbu	a5,1(s10)
    543a:	0ce78f63          	beq	a5,a4,5518 <_strtod_l+0x2e2>
    543e:	02d00713          	li	a4,45
    5442:	4801                	li	a6,0
    5444:	0ee79063          	bne	a5,a4,5524 <_strtod_l+0x2ee>
    5448:	4805                	li	a6,1
    544a:	a8c1                	j	551a <_strtod_l+0x2e4>
    544c:	0185c963          	blt	a1,s8,545e <_strtod_l+0x228>
    5450:	02fb8bb3          	mul	s7,s7,a5
    5454:	9bba                	add	s7,s7,a4
    5456:	0505                	addi	a0,a0,1
    5458:	0c05                	addi	s8,s8,1
    545a:	c6aa                	sw	a0,76(sp)
    545c:	b761                	j	53e4 <_strtod_l+0x1ae>
    545e:	02fa0a33          	mul	s4,s4,a5
    5462:	9a3a                	add	s4,s4,a4
    5464:	bfcd                	j	5456 <_strtod_l+0x220>
    5466:	4536                	lw	a0,76(sp)
    5468:	4681                	li	a3,0
    546a:	954e                	add	a0,a0,s3
    546c:	c6aa                	sw	a0,76(sp)
    546e:	211c                	lbu	a5,0(a0)
    5470:	060c0b63          	beqz	s8,54e6 <_strtod_l+0x2b0>
    5474:	4b01                	li	s6,0
    5476:	8de2                	mv	s11,s8
    5478:	fd078713          	addi	a4,a5,-48
    547c:	4625                	li	a2,9
    547e:	02e67563          	bgeu	a2,a4,54a8 <_strtod_l+0x272>
    5482:	4505                	li	a0,1
    5484:	b761                	j	540c <_strtod_l+0x1d6>
    5486:	47b6                	lw	a5,76(sp)
    5488:	0685                	addi	a3,a3,1
    548a:	00178613          	addi	a2,a5,1
    548e:	c6b2                	sw	a2,76(sp)
    5490:	339c                	lbu	a5,1(a5)
    5492:	fee78ae3          	beq	a5,a4,5486 <_strtod_l+0x250>
    5496:	fcf78713          	addi	a4,a5,-49
    549a:	4621                	li	a2,8
    549c:	1ee666e3          	bltu	a2,a4,5e88 <_strtod_l+0xc52>
    54a0:	4cb6                	lw	s9,76(sp)
    54a2:	8b36                	mv	s6,a3
    54a4:	4d81                	li	s11,0
    54a6:	4681                	li	a3,0
    54a8:	fd078793          	addi	a5,a5,-48
    54ac:	00168713          	addi	a4,a3,1 # fc000001 <_eusrstack+0xdbff8001>
    54b0:	c785                	beqz	a5,54d8 <_strtod_l+0x2a2>
    54b2:	9b3a                	add	s6,s6,a4
    54b4:	01b68533          	add	a0,a3,s11
    54b8:	876e                	mv	a4,s11
    54ba:	4821                	li	a6,8
    54bc:	48c1                	li	a7,16
    54be:	4629                	li	a2,10
    54c0:	02a71663          	bne	a4,a0,54ec <_strtod_l+0x2b6>
    54c4:	0d85                	addi	s11,s11,1
    54c6:	9db6                	add	s11,s11,a3
    54c8:	46a1                	li	a3,8
    54ca:	02e6ce63          	blt	a3,a4,5506 <_strtod_l+0x2d0>
    54ce:	4729                	li	a4,10
    54d0:	02eb8bb3          	mul	s7,s7,a4
    54d4:	4701                	li	a4,0
    54d6:	9bbe                	add	s7,s7,a5
    54d8:	47b6                	lw	a5,76(sp)
    54da:	00178693          	addi	a3,a5,1
    54de:	c6b6                	sw	a3,76(sp)
    54e0:	339c                	lbu	a5,1(a5)
    54e2:	86ba                	mv	a3,a4
    54e4:	bf51                	j	5478 <_strtod_l+0x242>
    54e6:	03000713          	li	a4,48
    54ea:	b765                	j	5492 <_strtod_l+0x25c>
    54ec:	00170593          	addi	a1,a4,1
    54f0:	00e84663          	blt	a6,a4,54fc <_strtod_l+0x2c6>
    54f4:	02cb8bb3          	mul	s7,s7,a2
    54f8:	872e                	mv	a4,a1
    54fa:	b7d9                	j	54c0 <_strtod_l+0x28a>
    54fc:	feb8cee3          	blt	a7,a1,54f8 <_strtod_l+0x2c2>
    5500:	02ca0a33          	mul	s4,s4,a2
    5504:	bfd5                	j	54f8 <_strtod_l+0x2c2>
    5506:	46c1                	li	a3,16
    5508:	4701                	li	a4,0
    550a:	fdb6c7e3          	blt	a3,s11,54d8 <_strtod_l+0x2a2>
    550e:	46a9                	li	a3,10
    5510:	02da0a33          	mul	s4,s4,a3
    5514:	9a3e                	add	s4,s4,a5
    5516:	b7c9                	j	54d8 <_strtod_l+0x2a2>
    5518:	4801                	li	a6,0
    551a:	002d0793          	addi	a5,s10,2
    551e:	c6be                	sw	a5,76(sp)
    5520:	002d4783          	lbu	a5,2(s10)
    5524:	fd078713          	addi	a4,a5,-48
    5528:	4625                	li	a2,9
    552a:	0ce66563          	bltu	a2,a4,55f4 <_strtod_l+0x3be>
    552e:	03000713          	li	a4,48
    5532:	0ae78563          	beq	a5,a4,55dc <_strtod_l+0x3a6>
    5536:	fcf78713          	addi	a4,a5,-49
    553a:	4621                	li	a2,8
    553c:	4981                	li	s3,0
    553e:	04e66363          	bltu	a2,a4,5584 <_strtod_l+0x34e>
    5542:	48b6                	lw	a7,76(sp)
    5544:	fd078713          	addi	a4,a5,-48
    5548:	4325                	li	t1,9
    554a:	4e29                	li	t3,10
    554c:	47b6                	lw	a5,76(sp)
    554e:	00178613          	addi	a2,a5,1
    5552:	c6b2                	sw	a2,76(sp)
    5554:	339c                	lbu	a5,1(a5)
    5556:	fd078593          	addi	a1,a5,-48
    555a:	0ff5f593          	andi	a1,a1,255
    555e:	08b37563          	bgeu	t1,a1,55e8 <_strtod_l+0x3b2>
    5562:	6995                	lui	s3,0x5
    5564:	41160633          	sub	a2,a2,a7
    5568:	e1f98993          	addi	s3,s3,-481 # 4e1f <__subsf3+0x357>
    556c:	48a1                	li	a7,8
    556e:	85ce                	mv	a1,s3
    5570:	00c8c663          	blt	a7,a2,557c <_strtod_l+0x346>
    5574:	89ba                	mv	s3,a4
    5576:	00e5d363          	bge	a1,a4,557c <_strtod_l+0x346>
    557a:	89ae                	mv	s3,a1
    557c:	00080463          	beqz	a6,5584 <_strtod_l+0x34e>
    5580:	413009b3          	neg	s3,s3
    5584:	0c0d9663          	bnez	s11,5650 <_strtod_l+0x41a>
    5588:	00dae6b3          	or	a3,s5,a3
    558c:	d4069fe3          	bnez	a3,52ea <_strtod_l+0xb4>
    5590:	da0516e3          	bnez	a0,533c <_strtod_l+0x106>
    5594:	04e00713          	li	a4,78
    5598:	06e78963          	beq	a5,a4,560a <_strtod_l+0x3d4>
    559c:	04f74f63          	blt	a4,a5,55fa <_strtod_l+0x3c4>
    55a0:	04900713          	li	a4,73
    55a4:	d8e79ce3          	bne	a5,a4,533c <_strtod_l+0x106>
    55a8:	00004597          	auipc	a1,0x4
    55ac:	de058593          	addi	a1,a1,-544 # 9388 <__clz_tab+0x14c>
    55b0:	00e8                	addi	a0,sp,76
    55b2:	026010ef          	jal	ra,65d8 <__match>
    55b6:	d80503e3          	beqz	a0,533c <_strtod_l+0x106>
    55ba:	47b6                	lw	a5,76(sp)
    55bc:	00004597          	auipc	a1,0x4
    55c0:	dd058593          	addi	a1,a1,-560 # 938c <__clz_tab+0x150>
    55c4:	00e8                	addi	a0,sp,76
    55c6:	17fd                	addi	a5,a5,-1
    55c8:	c6be                	sw	a5,76(sp)
    55ca:	00e010ef          	jal	ra,65d8 <__match>
    55ce:	e501                	bnez	a0,55d6 <_strtod_l+0x3a0>
    55d0:	47b6                	lw	a5,76(sp)
    55d2:	0785                	addi	a5,a5,1
    55d4:	c6be                	sw	a5,76(sp)
    55d6:	7ff00437          	lui	s0,0x7ff00
    55da:	bb01                	j	52ea <_strtod_l+0xb4>
    55dc:	47b6                	lw	a5,76(sp)
    55de:	00178613          	addi	a2,a5,1
    55e2:	c6b2                	sw	a2,76(sp)
    55e4:	339c                	lbu	a5,1(a5)
    55e6:	b7b1                	j	5532 <_strtod_l+0x2fc>
    55e8:	03c70733          	mul	a4,a4,t3
    55ec:	97ba                	add	a5,a5,a4
    55ee:	fd078713          	addi	a4,a5,-48
    55f2:	bfa9                	j	554c <_strtod_l+0x316>
    55f4:	c6ea                	sw	s10,76(sp)
    55f6:	4981                	li	s3,0
    55f8:	b771                	j	5584 <_strtod_l+0x34e>
    55fa:	06900713          	li	a4,105
    55fe:	fae785e3          	beq	a5,a4,55a8 <_strtod_l+0x372>
    5602:	06e00713          	li	a4,110
    5606:	d2e79be3          	bne	a5,a4,533c <_strtod_l+0x106>
    560a:	00004597          	auipc	a1,0x4
    560e:	d8a58593          	addi	a1,a1,-630 # 9394 <__clz_tab+0x158>
    5612:	00e8                	addi	a0,sp,76
    5614:	7c5000ef          	jal	ra,65d8 <__match>
    5618:	d20502e3          	beqz	a0,533c <_strtod_l+0x106>
    561c:	47b6                	lw	a5,76(sp)
    561e:	2398                	lbu	a4,0(a5)
    5620:	02800793          	li	a5,40
    5624:	02f71363          	bne	a4,a5,564a <_strtod_l+0x414>
    5628:	08b0                	addi	a2,sp,88
    562a:	00004597          	auipc	a1,0x4
    562e:	d8258593          	addi	a1,a1,-638 # 93ac <fpinan.3431>
    5632:	00e8                	addi	a0,sp,76
    5634:	7d3000ef          	jal	ra,6606 <__hexnan>
    5638:	4795                	li	a5,5
    563a:	00f51863          	bne	a0,a5,564a <_strtod_l+0x414>
    563e:	45f6                	lw	a1,92(sp)
    5640:	7ff00437          	lui	s0,0x7ff00
    5644:	44e6                	lw	s1,88(sp)
    5646:	8c4d                	or	s0,s0,a1
    5648:	b14d                	j	52ea <_strtod_l+0xb4>
    564a:	fff80437          	lui	s0,0xfff80
    564e:	b971                	j	52ea <_strtod_l+0xb4>
    5650:	41698ab3          	sub	s5,s3,s6
    5654:	000c1363          	bnez	s8,565a <_strtod_l+0x424>
    5658:	8c6e                	mv	s8,s11
    565a:	47c1                	li	a5,16
    565c:	8d6e                	mv	s10,s11
    565e:	01b7d363          	bge	a5,s11,5664 <_strtod_l+0x42e>
    5662:	4d41                	li	s10,16
    5664:	855e                	mv	a0,s7
    5666:	746030ef          	jal	ra,8dac <__floatunsidf>
    566a:	47a5                	li	a5,9
    566c:	84aa                	mv	s1,a0
    566e:	842e                	mv	s0,a1
    5670:	03b7dc63          	bge	a5,s11,56a8 <_strtod_l+0x472>
    5674:	ff7d0793          	addi	a5,s10,-9
    5678:	00379713          	slli	a4,a5,0x3
    567c:	00004797          	auipc	a5,0x4
    5680:	da478793          	addi	a5,a5,-604 # 9420 <__mprec_tens>
    5684:	97ba                	add	a5,a5,a4
    5686:	4390                	lw	a2,0(a5)
    5688:	43d4                	lw	a3,4(a5)
    568a:	c19fd0ef          	jal	ra,32a2 <__muldf3>
    568e:	842a                	mv	s0,a0
    5690:	8552                	mv	a0,s4
    5692:	84ae                	mv	s1,a1
    5694:	718030ef          	jal	ra,8dac <__floatunsidf>
    5698:	862a                	mv	a2,a0
    569a:	86ae                	mv	a3,a1
    569c:	8522                	mv	a0,s0
    569e:	85a6                	mv	a1,s1
    56a0:	7da020ef          	jal	ra,7e7a <__adddf3>
    56a4:	84aa                	mv	s1,a0
    56a6:	842e                	mv	s0,a1
    56a8:	47bd                	li	a5,15
    56aa:	09b7cd63          	blt	a5,s11,5744 <_strtod_l+0x50e>
    56ae:	c20a8ee3          	beqz	s5,52ea <_strtod_l+0xb4>
    56b2:	07505463          	blez	s5,571a <_strtod_l+0x4e4>
    56b6:	4759                	li	a4,22
    56b8:	03574363          	blt	a4,s5,56de <_strtod_l+0x4a8>
    56bc:	0a8e                	slli	s5,s5,0x3
    56be:	00004797          	auipc	a5,0x4
    56c2:	d6278793          	addi	a5,a5,-670 # 9420 <__mprec_tens>
    56c6:	9abe                	add	s5,s5,a5
    56c8:	000aa503          	lw	a0,0(s5)
    56cc:	004aa583          	lw	a1,4(s5)
    56d0:	8626                	mv	a2,s1
    56d2:	86a2                	mv	a3,s0
    56d4:	bcffd0ef          	jal	ra,32a2 <__muldf3>
    56d8:	84aa                	mv	s1,a0
    56da:	842e                	mv	s0,a1
    56dc:	b139                	j	52ea <_strtod_l+0xb4>
    56de:	02500713          	li	a4,37
    56e2:	41b70733          	sub	a4,a4,s11
    56e6:	05574f63          	blt	a4,s5,5744 <_strtod_l+0x50e>
    56ea:	41b78db3          	sub	s11,a5,s11
    56ee:	00004917          	auipc	s2,0x4
    56f2:	d3290913          	addi	s2,s2,-718 # 9420 <__mprec_tens>
    56f6:	003d9793          	slli	a5,s11,0x3
    56fa:	97ca                	add	a5,a5,s2
    56fc:	4388                	lw	a0,0(a5)
    56fe:	43cc                	lw	a1,4(a5)
    5700:	41ba8db3          	sub	s11,s5,s11
    5704:	8626                	mv	a2,s1
    5706:	86a2                	mv	a3,s0
    5708:	0d8e                	slli	s11,s11,0x3
    570a:	b99fd0ef          	jal	ra,32a2 <__muldf3>
    570e:	9dca                	add	s11,s11,s2
    5710:	000da603          	lw	a2,0(s11)
    5714:	004da683          	lw	a3,4(s11)
    5718:	bf75                	j	56d4 <_strtod_l+0x49e>
    571a:	57a9                	li	a5,-22
    571c:	02fac463          	blt	s5,a5,5744 <_strtod_l+0x50e>
    5720:	413b09b3          	sub	s3,s6,s3
    5724:	00399b13          	slli	s6,s3,0x3
    5728:	00004997          	auipc	s3,0x4
    572c:	cf898993          	addi	s3,s3,-776 # 9420 <__mprec_tens>
    5730:	99da                	add	s3,s3,s6
    5732:	0009a603          	lw	a2,0(s3)
    5736:	0049a683          	lw	a3,4(s3)
    573a:	8526                	mv	a0,s1
    573c:	85a2                	mv	a1,s0
    573e:	66d020ef          	jal	ra,85aa <__divdf3>
    5742:	bf59                	j	56d8 <_strtod_l+0x4a2>
    5744:	41ad8d33          	sub	s10,s11,s10
    5748:	9d56                	add	s10,s10,s5
    574a:	11a05763          	blez	s10,5858 <_strtod_l+0x622>
    574e:	00fd7793          	andi	a5,s10,15
    5752:	cf99                	beqz	a5,5770 <_strtod_l+0x53a>
    5754:	00004717          	auipc	a4,0x4
    5758:	ccc70713          	addi	a4,a4,-820 # 9420 <__mprec_tens>
    575c:	078e                	slli	a5,a5,0x3
    575e:	97ba                	add	a5,a5,a4
    5760:	4388                	lw	a0,0(a5)
    5762:	43cc                	lw	a1,4(a5)
    5764:	8626                	mv	a2,s1
    5766:	86a2                	mv	a3,s0
    5768:	b3bfd0ef          	jal	ra,32a2 <__muldf3>
    576c:	84aa                	mv	s1,a0
    576e:	842e                	mv	s0,a1
    5770:	ff0d7d13          	andi	s10,s10,-16
    5774:	0a0d0863          	beqz	s10,5824 <_strtod_l+0x5ee>
    5778:	13400793          	li	a5,308
    577c:	05a7d563          	bge	a5,s10,57c6 <_strtod_l+0x590>
    5780:	4b01                	li	s6,0
    5782:	4981                	li	s3,0
    5784:	c602                	sw	zero,12(sp)
    5786:	4b81                	li	s7,0
    5788:	02200793          	li	a5,34
    578c:	00f92023          	sw	a5,0(s2)
    5790:	7ff00437          	lui	s0,0x7ff00
    5794:	4481                	li	s1,0
    5796:	47b2                	lw	a5,12(sp)
    5798:	b40789e3          	beqz	a5,52ea <_strtod_l+0xb4>
    579c:	45c6                	lw	a1,80(sp)
    579e:	854a                	mv	a0,s2
    57a0:	158010ef          	jal	ra,68f8 <_Bfree>
    57a4:	85de                	mv	a1,s7
    57a6:	854a                	mv	a0,s2
    57a8:	150010ef          	jal	ra,68f8 <_Bfree>
    57ac:	85ce                	mv	a1,s3
    57ae:	854a                	mv	a0,s2
    57b0:	148010ef          	jal	ra,68f8 <_Bfree>
    57b4:	45b2                	lw	a1,12(sp)
    57b6:	854a                	mv	a0,s2
    57b8:	140010ef          	jal	ra,68f8 <_Bfree>
    57bc:	85da                	mv	a1,s6
    57be:	854a                	mv	a0,s2
    57c0:	138010ef          	jal	ra,68f8 <_Bfree>
    57c4:	b61d                	j	52ea <_strtod_l+0xb4>
    57c6:	404d5d13          	srai	s10,s10,0x4
    57ca:	8526                	mv	a0,s1
    57cc:	85a2                	mv	a1,s0
    57ce:	4781                	li	a5,0
    57d0:	4a01                	li	s4,0
    57d2:	4805                	li	a6,1
    57d4:	00004897          	auipc	a7,0x4
    57d8:	c2488893          	addi	a7,a7,-988 # 93f8 <__mprec_bigtens>
    57dc:	05a84663          	blt	a6,s10,5828 <_strtod_l+0x5f2>
    57e0:	c399                	beqz	a5,57e6 <_strtod_l+0x5b0>
    57e2:	84aa                	mv	s1,a0
    57e4:	842e                	mv	s0,a1
    57e6:	00004717          	auipc	a4,0x4
    57ea:	c1270713          	addi	a4,a4,-1006 # 93f8 <__mprec_bigtens>
    57ee:	003a1793          	slli	a5,s4,0x3
    57f2:	97ba                	add	a5,a5,a4
    57f4:	4388                	lw	a0,0(a5)
    57f6:	43cc                	lw	a1,4(a5)
    57f8:	fcb00737          	lui	a4,0xfcb00
    57fc:	9722                	add	a4,a4,s0
    57fe:	8626                	mv	a2,s1
    5800:	86ba                	mv	a3,a4
    5802:	aa1fd0ef          	jal	ra,32a2 <__muldf3>
    5806:	7ff00437          	lui	s0,0x7ff00
    580a:	00b477b3          	and	a5,s0,a1
    580e:	7ca00737          	lui	a4,0x7ca00
    5812:	84aa                	mv	s1,a0
    5814:	f6f766e3          	bltu	a4,a5,5780 <_strtod_l+0x54a>
    5818:	7c900737          	lui	a4,0x7c900
    581c:	02f77a63          	bgeu	a4,a5,5850 <_strtod_l+0x61a>
    5820:	147d                	addi	s0,s0,-1
    5822:	54fd                	li	s1,-1
    5824:	4a01                	li	s4,0
    5826:	a8dd                	j	591c <_strtod_l+0x6e6>
    5828:	001d7713          	andi	a4,s10,1
    582c:	cf11                	beqz	a4,5848 <_strtod_l+0x612>
    582e:	003a1713          	slli	a4,s4,0x3
    5832:	9746                	add	a4,a4,a7
    5834:	4310                	lw	a2,0(a4)
    5836:	4354                	lw	a3,4(a4)
    5838:	a6bfd0ef          	jal	ra,32a2 <__muldf3>
    583c:	4785                	li	a5,1
    583e:	4805                	li	a6,1
    5840:	00004897          	auipc	a7,0x4
    5844:	bb888893          	addi	a7,a7,-1096 # 93f8 <__mprec_bigtens>
    5848:	0a05                	addi	s4,s4,1
    584a:	401d5d13          	srai	s10,s10,0x1
    584e:	b779                	j	57dc <_strtod_l+0x5a6>
    5850:	03500437          	lui	s0,0x3500
    5854:	942e                	add	s0,s0,a1
    5856:	b7f9                	j	5824 <_strtod_l+0x5ee>
    5858:	fc0d06e3          	beqz	s10,5824 <_strtod_l+0x5ee>
    585c:	41a00d33          	neg	s10,s10
    5860:	00fd7793          	andi	a5,s10,15
    5864:	cf99                	beqz	a5,5882 <_strtod_l+0x64c>
    5866:	00004717          	auipc	a4,0x4
    586a:	bba70713          	addi	a4,a4,-1094 # 9420 <__mprec_tens>
    586e:	078e                	slli	a5,a5,0x3
    5870:	97ba                	add	a5,a5,a4
    5872:	4390                	lw	a2,0(a5)
    5874:	43d4                	lw	a3,4(a5)
    5876:	8526                	mv	a0,s1
    5878:	85a2                	mv	a1,s0
    587a:	531020ef          	jal	ra,85aa <__divdf3>
    587e:	84aa                	mv	s1,a0
    5880:	842e                	mv	s0,a1
    5882:	404d5d13          	srai	s10,s10,0x4
    5886:	f80d0fe3          	beqz	s10,5824 <_strtod_l+0x5ee>
    588a:	47fd                	li	a5,31
    588c:	01a7dd63          	bge	a5,s10,58a6 <_strtod_l+0x670>
    5890:	4b01                	li	s6,0
    5892:	4981                	li	s3,0
    5894:	c602                	sw	zero,12(sp)
    5896:	4b81                	li	s7,0
    5898:	02200793          	li	a5,34
    589c:	4481                	li	s1,0
    589e:	4401                	li	s0,0
    58a0:	00f92023          	sw	a5,0(s2)
    58a4:	bdcd                	j	5796 <_strtod_l+0x560>
    58a6:	010d7a13          	andi	s4,s10,16
    58aa:	000a0463          	beqz	s4,58b2 <_strtod_l+0x67c>
    58ae:	06a00a13          	li	s4,106
    58b2:	8526                	mv	a0,s1
    58b4:	85a2                	mv	a1,s0
    58b6:	00004797          	auipc	a5,0x4
    58ba:	b0a78793          	addi	a5,a5,-1270 # 93c0 <tinytens>
    58be:	4701                	li	a4,0
    58c0:	001d7693          	andi	a3,s10,1
    58c4:	ca81                	beqz	a3,58d4 <_strtod_l+0x69e>
    58c6:	4390                	lw	a2,0(a5)
    58c8:	43d4                	lw	a3,4(a5)
    58ca:	c63e                	sw	a5,12(sp)
    58cc:	9d7fd0ef          	jal	ra,32a2 <__muldf3>
    58d0:	47b2                	lw	a5,12(sp)
    58d2:	4705                	li	a4,1
    58d4:	401d5d13          	srai	s10,s10,0x1
    58d8:	07a1                	addi	a5,a5,8
    58da:	fe0d13e3          	bnez	s10,58c0 <_strtod_l+0x68a>
    58de:	c319                	beqz	a4,58e4 <_strtod_l+0x6ae>
    58e0:	84aa                	mv	s1,a0
    58e2:	842e                	mv	s0,a1
    58e4:	020a0563          	beqz	s4,590e <_strtod_l+0x6d8>
    58e8:	01445793          	srli	a5,s0,0x14
    58ec:	7ff7f713          	andi	a4,a5,2047
    58f0:	06b00793          	li	a5,107
    58f4:	8f99                	sub	a5,a5,a4
    58f6:	00f05c63          	blez	a5,590e <_strtod_l+0x6d8>
    58fa:	477d                	li	a4,31
    58fc:	22f75463          	bge	a4,a5,5b24 <_strtod_l+0x8ee>
    5900:	03400713          	li	a4,52
    5904:	4481                	li	s1,0
    5906:	20f75963          	bge	a4,a5,5b18 <_strtod_l+0x8e2>
    590a:	03700437          	lui	s0,0x3700
    590e:	4601                	li	a2,0
    5910:	4681                	li	a3,0
    5912:	8526                	mv	a0,s1
    5914:	85a2                	mv	a1,s0
    5916:	248030ef          	jal	ra,8b5e <__eqdf2>
    591a:	d93d                	beqz	a0,5890 <_strtod_l+0x65a>
    591c:	875e                	mv	a4,s7
    591e:	86ee                	mv	a3,s11
    5920:	8662                	mv	a2,s8
    5922:	85e6                	mv	a1,s9
    5924:	854a                	mv	a0,s2
    5926:	0ae010ef          	jal	ra,69d4 <__s2b>
    592a:	c62a                	sw	a0,12(sp)
    592c:	e4050ae3          	beqz	a0,5780 <_strtod_l+0x54a>
    5930:	41fad793          	srai	a5,s5,0x1f
    5934:	413b09b3          	sub	s3,s6,s3
    5938:	00f9f7b3          	and	a5,s3,a5
    593c:	d03e                	sw	a5,32(sp)
    593e:	ce56                	sw	s5,28(sp)
    5940:	000ad363          	bgez	s5,5946 <_strtod_l+0x710>
    5944:	ce02                	sw	zero,28(sp)
    5946:	47b2                	lw	a5,12(sp)
    5948:	4b01                	li	s6,0
    594a:	4981                	li	s3,0
    594c:	07b1                	addi	a5,a5,12
    594e:	d83e                	sw	a5,48(sp)
    5950:	001007b7          	lui	a5,0x100
    5954:	17fd                	addi	a5,a5,-1
    5956:	d63e                	sw	a5,44(sp)
    5958:	47b2                	lw	a5,12(sp)
    595a:	854a                	mv	a0,s2
    595c:	43cc                	lw	a1,4(a5)
    595e:	70f000ef          	jal	ra,686c <_Balloc>
    5962:	8baa                	mv	s7,a0
    5964:	e20502e3          	beqz	a0,5788 <_strtod_l+0x552>
    5968:	47b2                	lw	a5,12(sp)
    596a:	55c2                	lw	a1,48(sp)
    596c:	0531                	addi	a0,a0,12
    596e:	4b90                	lw	a2,16(a5)
    5970:	0609                	addi	a2,a2,2
    5972:	060a                	slli	a2,a2,0x2
    5974:	647000ef          	jal	ra,67ba <memcpy>
    5978:	08b8                	addi	a4,sp,88
    597a:	08d4                	addi	a3,sp,84
    597c:	8622                	mv	a2,s0
    597e:	85a6                	mv	a1,s1
    5980:	854a                	mv	a0,s2
    5982:	ca26                	sw	s1,20(sp)
    5984:	cc22                	sw	s0,24(sp)
    5986:	6ac010ef          	jal	ra,7032 <__d2b>
    598a:	c8aa                	sw	a0,80(sp)
    598c:	de050ee3          	beqz	a0,5788 <_strtod_l+0x552>
    5990:	4585                	li	a1,1
    5992:	854a                	mv	a0,s2
    5994:	194010ef          	jal	ra,6b28 <__i2b>
    5998:	89aa                	mv	s3,a0
    599a:	de0507e3          	beqz	a0,5788 <_strtod_l+0x552>
    599e:	47d6                	lw	a5,84(sp)
    59a0:	1807c763          	bltz	a5,5b2e <_strtod_l+0x8f8>
    59a4:	5702                	lw	a4,32(sp)
    59a6:	4c72                	lw	s8,28(sp)
    59a8:	00e78d33          	add	s10,a5,a4
    59ac:	4766                	lw	a4,88(sp)
    59ae:	414787b3          	sub	a5,a5,s4
    59b2:	03600693          	li	a3,54
    59b6:	97ba                	add	a5,a5,a4
    59b8:	17fd                	addi	a5,a5,-1
    59ba:	c0200d93          	li	s11,-1022
    59be:	8e99                	sub	a3,a3,a4
    59c0:	19b7d663          	bge	a5,s11,5b4c <_strtod_l+0x916>
    59c4:	40fd8733          	sub	a4,s11,a5
    59c8:	467d                	li	a2,31
    59ca:	8e99                	sub	a3,a3,a4
    59cc:	16e64663          	blt	a2,a4,5b38 <_strtod_l+0x902>
    59d0:	4d85                	li	s11,1
    59d2:	00ed97b3          	sll	a5,s11,a4
    59d6:	d23e                	sw	a5,36(sp)
    59d8:	4c81                	li	s9,0
    59da:	9c36                	add	s8,s8,a3
    59dc:	00dd0db3          	add	s11,s10,a3
    59e0:	9c52                	add	s8,s8,s4
    59e2:	87ea                	mv	a5,s10
    59e4:	01add363          	bge	s11,s10,59ea <_strtod_l+0x7b4>
    59e8:	87ee                	mv	a5,s11
    59ea:	00fc5363          	bge	s8,a5,59f0 <_strtod_l+0x7ba>
    59ee:	87e2                	mv	a5,s8
    59f0:	00f05863          	blez	a5,5a00 <_strtod_l+0x7ca>
    59f4:	40fd8db3          	sub	s11,s11,a5
    59f8:	40fc0c33          	sub	s8,s8,a5
    59fc:	40fd0d33          	sub	s10,s10,a5
    5a00:	5782                	lw	a5,32(sp)
    5a02:	02f05863          	blez	a5,5a32 <_strtod_l+0x7fc>
    5a06:	85ce                	mv	a1,s3
    5a08:	863e                	mv	a2,a5
    5a0a:	854a                	mv	a0,s2
    5a0c:	27c010ef          	jal	ra,6c88 <__pow5mult>
    5a10:	89aa                	mv	s3,a0
    5a12:	d6050be3          	beqz	a0,5788 <_strtod_l+0x552>
    5a16:	4646                	lw	a2,80(sp)
    5a18:	85aa                	mv	a1,a0
    5a1a:	854a                	mv	a0,s2
    5a1c:	128010ef          	jal	ra,6b44 <__multiply>
    5a20:	da2a                	sw	a0,52(sp)
    5a22:	d60503e3          	beqz	a0,5788 <_strtod_l+0x552>
    5a26:	45c6                	lw	a1,80(sp)
    5a28:	854a                	mv	a0,s2
    5a2a:	6cf000ef          	jal	ra,68f8 <_Bfree>
    5a2e:	57d2                	lw	a5,52(sp)
    5a30:	c8be                	sw	a5,80(sp)
    5a32:	11b04f63          	bgtz	s11,5b50 <_strtod_l+0x91a>
    5a36:	01505a63          	blez	s5,5a4a <_strtod_l+0x814>
    5a3a:	4672                	lw	a2,28(sp)
    5a3c:	85de                	mv	a1,s7
    5a3e:	854a                	mv	a0,s2
    5a40:	248010ef          	jal	ra,6c88 <__pow5mult>
    5a44:	8baa                	mv	s7,a0
    5a46:	d40501e3          	beqz	a0,5788 <_strtod_l+0x552>
    5a4a:	01805a63          	blez	s8,5a5e <_strtod_l+0x828>
    5a4e:	85de                	mv	a1,s7
    5a50:	8662                	mv	a2,s8
    5a52:	854a                	mv	a0,s2
    5a54:	2f2010ef          	jal	ra,6d46 <__lshift>
    5a58:	8baa                	mv	s7,a0
    5a5a:	d20507e3          	beqz	a0,5788 <_strtod_l+0x552>
    5a5e:	01a05a63          	blez	s10,5a72 <_strtod_l+0x83c>
    5a62:	85ce                	mv	a1,s3
    5a64:	866a                	mv	a2,s10
    5a66:	854a                	mv	a0,s2
    5a68:	2de010ef          	jal	ra,6d46 <__lshift>
    5a6c:	89aa                	mv	s3,a0
    5a6e:	d0050de3          	beqz	a0,5788 <_strtod_l+0x552>
    5a72:	45c6                	lw	a1,80(sp)
    5a74:	865e                	mv	a2,s7
    5a76:	854a                	mv	a0,s2
    5a78:	3ce010ef          	jal	ra,6e46 <__mdiff>
    5a7c:	8b2a                	mv	s6,a0
    5a7e:	d00505e3          	beqz	a0,5788 <_strtod_l+0x552>
    5a82:	00c52c03          	lw	s8,12(a0)
    5a86:	85ce                	mv	a1,s3
    5a88:	00052623          	sw	zero,12(a0)
    5a8c:	388010ef          	jal	ra,6e14 <__mcmp>
    5a90:	0c055963          	bgez	a0,5b62 <_strtod_l+0x92c>
    5a94:	009c6c33          	or	s8,s8,s1
    5a98:	120c1163          	bnez	s8,5bba <_strtod_l+0x984>
    5a9c:	00c41793          	slli	a5,s0,0xc
    5aa0:	10079d63          	bnez	a5,5bba <_strtod_l+0x984>
    5aa4:	7ff007b7          	lui	a5,0x7ff00
    5aa8:	8fe1                	and	a5,a5,s0
    5aaa:	06b00737          	lui	a4,0x6b00
    5aae:	10f77663          	bgeu	a4,a5,5bba <_strtod_l+0x984>
    5ab2:	014b2783          	lw	a5,20(s6)
    5ab6:	e791                	bnez	a5,5ac2 <_strtod_l+0x88c>
    5ab8:	010b2703          	lw	a4,16(s6)
    5abc:	4785                	li	a5,1
    5abe:	0ee7de63          	bge	a5,a4,5bba <_strtod_l+0x984>
    5ac2:	85da                	mv	a1,s6
    5ac4:	4605                	li	a2,1
    5ac6:	854a                	mv	a0,s2
    5ac8:	27e010ef          	jal	ra,6d46 <__lshift>
    5acc:	85ce                	mv	a1,s3
    5ace:	8b2a                	mv	s6,a0
    5ad0:	344010ef          	jal	ra,6e14 <__mcmp>
    5ad4:	0ea05363          	blez	a0,5bba <_strtod_l+0x984>
    5ad8:	100a0c63          	beqz	s4,5bf0 <_strtod_l+0x9ba>
    5adc:	7ff007b7          	lui	a5,0x7ff00
    5ae0:	8fe1                	and	a5,a5,s0
    5ae2:	06b00737          	lui	a4,0x6b00
    5ae6:	10f74563          	blt	a4,a5,5bf0 <_strtod_l+0x9ba>
    5aea:	03700737          	lui	a4,0x3700
    5aee:	daf755e3          	bge	a4,a5,5898 <_strtod_l+0x662>
    5af2:	4701                	li	a4,0
    5af4:	395007b7          	lui	a5,0x39500
    5af8:	8526                	mv	a0,s1
    5afa:	85a2                	mv	a1,s0
    5afc:	863a                	mv	a2,a4
    5afe:	86be                	mv	a3,a5
    5b00:	fa2fd0ef          	jal	ra,32a2 <__muldf3>
    5b04:	842e                	mv	s0,a1
    5b06:	8dc9                	or	a1,a1,a0
    5b08:	84aa                	mv	s1,a0
    5b0a:	c80599e3          	bnez	a1,579c <_strtod_l+0x566>
    5b0e:	02200793          	li	a5,34
    5b12:	00f92023          	sw	a5,0(s2)
    5b16:	b159                	j	579c <_strtod_l+0x566>
    5b18:	1781                	addi	a5,a5,-32
    5b1a:	577d                	li	a4,-1
    5b1c:	00f717b3          	sll	a5,a4,a5
    5b20:	8c7d                	and	s0,s0,a5
    5b22:	b3f5                	j	590e <_strtod_l+0x6d8>
    5b24:	577d                	li	a4,-1
    5b26:	00f717b3          	sll	a5,a4,a5
    5b2a:	8cfd                	and	s1,s1,a5
    5b2c:	b3cd                	j	590e <_strtod_l+0x6d8>
    5b2e:	4772                	lw	a4,28(sp)
    5b30:	5d02                	lw	s10,32(sp)
    5b32:	40f70c33          	sub	s8,a4,a5
    5b36:	bd9d                	j	59ac <_strtod_l+0x776>
    5b38:	be200c93          	li	s9,-1054
    5b3c:	40fc87b3          	sub	a5,s9,a5
    5b40:	4c85                	li	s9,1
    5b42:	00fc9cb3          	sll	s9,s9,a5
    5b46:	4785                	li	a5,1
    5b48:	d23e                	sw	a5,36(sp)
    5b4a:	bd41                	j	59da <_strtod_l+0x7a4>
    5b4c:	4c81                	li	s9,0
    5b4e:	bfe5                	j	5b46 <_strtod_l+0x910>
    5b50:	45c6                	lw	a1,80(sp)
    5b52:	866e                	mv	a2,s11
    5b54:	854a                	mv	a0,s2
    5b56:	1f0010ef          	jal	ra,6d46 <__lshift>
    5b5a:	c8aa                	sw	a0,80(sp)
    5b5c:	ec051de3          	bnez	a0,5a36 <_strtod_l+0x800>
    5b60:	b125                	j	5788 <_strtod_l+0x552>
    5b62:	e969                	bnez	a0,5c34 <_strtod_l+0x9fe>
    5b64:	00100737          	lui	a4,0x100
    5b68:	177d                	addi	a4,a4,-1
    5b6a:	00e477b3          	and	a5,s0,a4
    5b6e:	040c0963          	beqz	s8,5bc0 <_strtod_l+0x98a>
    5b72:	04e79963          	bne	a5,a4,5bc4 <_strtod_l+0x98e>
    5b76:	577d                	li	a4,-1
    5b78:	020a0063          	beqz	s4,5b98 <_strtod_l+0x962>
    5b7c:	7ff007b7          	lui	a5,0x7ff00
    5b80:	8fe1                	and	a5,a5,s0
    5b82:	06a006b7          	lui	a3,0x6a00
    5b86:	00f6e963          	bltu	a3,a5,5b98 <_strtod_l+0x962>
    5b8a:	83d1                	srli	a5,a5,0x14
    5b8c:	06b00693          	li	a3,107
    5b90:	40f687b3          	sub	a5,a3,a5
    5b94:	00f71733          	sll	a4,a4,a5
    5b98:	02e49663          	bne	s1,a4,5bc4 <_strtod_l+0x98e>
    5b9c:	7ff007b7          	lui	a5,0x7ff00
    5ba0:	17fd                	addi	a5,a5,-1
    5ba2:	00f41563          	bne	s0,a5,5bac <_strtod_l+0x976>
    5ba6:	57fd                	li	a5,-1
    5ba8:	bef480e3          	beq	s1,a5,5788 <_strtod_l+0x552>
    5bac:	7ff005b7          	lui	a1,0x7ff00
    5bb0:	8de1                	and	a1,a1,s0
    5bb2:	00100437          	lui	s0,0x100
    5bb6:	942e                	add	s0,s0,a1
    5bb8:	4481                	li	s1,0
    5bba:	f20a1ce3          	bnez	s4,5af2 <_strtod_l+0x8bc>
    5bbe:	bef9                	j	579c <_strtod_l+0x566>
    5bc0:	8fc5                	or	a5,a5,s1
    5bc2:	db99                	beqz	a5,5ad8 <_strtod_l+0x8a2>
    5bc4:	040c8263          	beqz	s9,5c08 <_strtod_l+0x9d2>
    5bc8:	008cfcb3          	and	s9,s9,s0
    5bcc:	fe0c87e3          	beqz	s9,5bba <_strtod_l+0x984>
    5bd0:	8652                	mv	a2,s4
    5bd2:	8526                	mv	a0,s1
    5bd4:	85a2                	mv	a1,s0
    5bd6:	020c0f63          	beqz	s8,5c14 <_strtod_l+0x9de>
    5bda:	e0eff0ef          	jal	ra,51e8 <sulp>
    5bde:	862a                	mv	a2,a0
    5be0:	86ae                	mv	a3,a1
    5be2:	4552                	lw	a0,20(sp)
    5be4:	45e2                	lw	a1,24(sp)
    5be6:	294020ef          	jal	ra,7e7a <__adddf3>
    5bea:	84aa                	mv	s1,a0
    5bec:	842e                	mv	s0,a1
    5bee:	b7f1                	j	5bba <_strtod_l+0x984>
    5bf0:	7ff005b7          	lui	a1,0x7ff00
    5bf4:	8de1                	and	a1,a1,s0
    5bf6:	fff00437          	lui	s0,0xfff00
    5bfa:	95a2                	add	a1,a1,s0
    5bfc:	00100437          	lui	s0,0x100
    5c00:	147d                	addi	s0,s0,-1
    5c02:	8c4d                	or	s0,s0,a1
    5c04:	54fd                	li	s1,-1
    5c06:	bf55                	j	5bba <_strtod_l+0x984>
    5c08:	5792                	lw	a5,36(sp)
    5c0a:	0097fdb3          	and	s11,a5,s1
    5c0e:	fa0d86e3          	beqz	s11,5bba <_strtod_l+0x984>
    5c12:	bf7d                	j	5bd0 <_strtod_l+0x99a>
    5c14:	dd4ff0ef          	jal	ra,51e8 <sulp>
    5c18:	862a                	mv	a2,a0
    5c1a:	86ae                	mv	a3,a1
    5c1c:	4552                	lw	a0,20(sp)
    5c1e:	45e2                	lw	a1,24(sp)
    5c20:	b3bfd0ef          	jal	ra,375a <__subdf3>
    5c24:	4601                	li	a2,0
    5c26:	4681                	li	a3,0
    5c28:	84aa                	mv	s1,a0
    5c2a:	842e                	mv	s0,a1
    5c2c:	733020ef          	jal	ra,8b5e <__eqdf2>
    5c30:	f549                	bnez	a0,5bba <_strtod_l+0x984>
    5c32:	b19d                	j	5898 <_strtod_l+0x662>
    5c34:	85ce                	mv	a1,s3
    5c36:	855a                	mv	a0,s6
    5c38:	4ce010ef          	jal	ra,7106 <__ratio>
    5c3c:	00003797          	auipc	a5,0x3
    5c40:	72478793          	addi	a5,a5,1828 # 9360 <__clz_tab+0x124>
    5c44:	4390                	lw	a2,0(a5)
    5c46:	43d4                	lw	a3,4(a5)
    5c48:	8d2a                	mv	s10,a0
    5c4a:	8dae                	mv	s11,a1
    5c4c:	da0fd0ef          	jal	ra,31ec <__ledf2>
    5c50:	10a04263          	bgtz	a0,5d54 <_strtod_l+0xb1e>
    5c54:	0a0c0163          	beqz	s8,5cf6 <_strtod_l+0xac0>
    5c58:	4d81                	li	s11,0
    5c5a:	3ff00d37          	lui	s10,0x3ff00
    5c5e:	4701                	li	a4,0
    5c60:	3ff007b7          	lui	a5,0x3ff00
    5c64:	7ff006b7          	lui	a3,0x7ff00
    5c68:	00d47cb3          	and	s9,s0,a3
    5c6c:	7fe006b7          	lui	a3,0x7fe00
    5c70:	16dc9f63          	bne	s9,a3,5dee <_strtod_l+0xbb8>
    5c74:	d26a                	sw	s10,36(sp)
    5c76:	fcb00d37          	lui	s10,0xfcb00
    5c7a:	9d22                	add	s10,s10,s0
    5c7c:	8526                	mv	a0,s1
    5c7e:	85ea                	mv	a1,s10
    5c80:	de3e                	sw	a5,60(sp)
    5c82:	dc3a                	sw	a4,56(sp)
    5c84:	da6e                	sw	s11,52(sp)
    5c86:	2b2010ef          	jal	ra,6f38 <__ulp>
    5c8a:	58d2                	lw	a7,52(sp)
    5c8c:	5812                	lw	a6,36(sp)
    5c8e:	862a                	mv	a2,a0
    5c90:	86ae                	mv	a3,a1
    5c92:	8546                	mv	a0,a7
    5c94:	85c2                	mv	a1,a6
    5c96:	e0cfd0ef          	jal	ra,32a2 <__muldf3>
    5c9a:	8626                	mv	a2,s1
    5c9c:	86ea                	mv	a3,s10
    5c9e:	1dc020ef          	jal	ra,7e7a <__adddf3>
    5ca2:	84aa                	mv	s1,a0
    5ca4:	7ff00537          	lui	a0,0x7ff00
    5ca8:	00b57633          	and	a2,a0,a1
    5cac:	7ca006b7          	lui	a3,0x7ca00
    5cb0:	5762                	lw	a4,56(sp)
    5cb2:	57f2                	lw	a5,60(sp)
    5cb4:	0cd66563          	bltu	a2,a3,5d7e <_strtod_l+0xb48>
    5cb8:	4762                	lw	a4,24(sp)
    5cba:	fff50793          	addi	a5,a0,-1 # 7fefffff <_eusrstack+0x5fef7fff>
    5cbe:	00e79663          	bne	a5,a4,5cca <_strtod_l+0xa94>
    5cc2:	4752                	lw	a4,20(sp)
    5cc4:	57fd                	li	a5,-1
    5cc6:	ace781e3          	beq	a5,a4,5788 <_strtod_l+0x552>
    5cca:	7ff007b7          	lui	a5,0x7ff00
    5cce:	fff78413          	addi	s0,a5,-1 # 7fefffff <_eusrstack+0x5fef7fff>
    5cd2:	54fd                	li	s1,-1
    5cd4:	45c6                	lw	a1,80(sp)
    5cd6:	854a                	mv	a0,s2
    5cd8:	421000ef          	jal	ra,68f8 <_Bfree>
    5cdc:	85de                	mv	a1,s7
    5cde:	854a                	mv	a0,s2
    5ce0:	419000ef          	jal	ra,68f8 <_Bfree>
    5ce4:	85ce                	mv	a1,s3
    5ce6:	854a                	mv	a0,s2
    5ce8:	411000ef          	jal	ra,68f8 <_Bfree>
    5cec:	85da                	mv	a1,s6
    5cee:	854a                	mv	a0,s2
    5cf0:	409000ef          	jal	ra,68f8 <_Bfree>
    5cf4:	b195                	j	5958 <_strtod_l+0x722>
    5cf6:	e0b1                	bnez	s1,5d3a <_strtod_l+0xb04>
    5cf8:	57b2                	lw	a5,44(sp)
    5cfa:	8fe1                	and	a5,a5,s0
    5cfc:	e7a1                	bnez	a5,5d44 <_strtod_l+0xb0e>
    5cfe:	00003797          	auipc	a5,0x3
    5d02:	65a78793          	addi	a5,a5,1626 # 9358 <__clz_tab+0x11c>
    5d06:	4390                	lw	a2,0(a5)
    5d08:	43d4                	lw	a3,4(a5)
    5d0a:	856a                	mv	a0,s10
    5d0c:	85ee                	mv	a1,s11
    5d0e:	cdefd0ef          	jal	ra,31ec <__ledf2>
    5d12:	02054d63          	bltz	a0,5d4c <_strtod_l+0xb16>
    5d16:	00003797          	auipc	a5,0x3
    5d1a:	63a78793          	addi	a5,a5,1594 # 9350 <__clz_tab+0x114>
    5d1e:	4390                	lw	a2,0(a5)
    5d20:	43d4                	lw	a3,4(a5)
    5d22:	856a                	mv	a0,s10
    5d24:	85ee                	mv	a1,s11
    5d26:	d7cfd0ef          	jal	ra,32a2 <__muldf3>
    5d2a:	872a                	mv	a4,a0
    5d2c:	87ae                	mv	a5,a1
    5d2e:	80000d37          	lui	s10,0x80000
    5d32:	8dba                	mv	s11,a4
    5d34:	00fd4d33          	xor	s10,s10,a5
    5d38:	b735                	j	5c64 <_strtod_l+0xa2e>
    5d3a:	4785                	li	a5,1
    5d3c:	00f49463          	bne	s1,a5,5d44 <_strtod_l+0xb0e>
    5d40:	b4040ce3          	beqz	s0,5898 <_strtod_l+0x662>
    5d44:	4d81                	li	s11,0
    5d46:	bff00d37          	lui	s10,0xbff00
    5d4a:	bf11                	j	5c5e <_strtod_l+0xa28>
    5d4c:	4701                	li	a4,0
    5d4e:	3fe007b7          	lui	a5,0x3fe00
    5d52:	bff1                	j	5d2e <_strtod_l+0xaf8>
    5d54:	00003797          	auipc	a5,0x3
    5d58:	5fc78793          	addi	a5,a5,1532 # 9350 <__clz_tab+0x114>
    5d5c:	4390                	lw	a2,0(a5)
    5d5e:	43d4                	lw	a3,4(a5)
    5d60:	856a                	mv	a0,s10
    5d62:	85ee                	mv	a1,s11
    5d64:	d3efd0ef          	jal	ra,32a2 <__muldf3>
    5d68:	872a                	mv	a4,a0
    5d6a:	87ae                	mv	a5,a1
    5d6c:	8d2e                	mv	s10,a1
    5d6e:	000c1663          	bnez	s8,5d7a <_strtod_l+0xb44>
    5d72:	80000d37          	lui	s10,0x80000
    5d76:	00bd4d33          	xor	s10,s10,a1
    5d7a:	8daa                	mv	s11,a0
    5d7c:	b5e5                	j	5c64 <_strtod_l+0xa2e>
    5d7e:	03500437          	lui	s0,0x3500
    5d82:	942e                	add	s0,s0,a1
    5d84:	f40a18e3          	bnez	s4,5cd4 <_strtod_l+0xa9e>
    5d88:	7ff006b7          	lui	a3,0x7ff00
    5d8c:	8ee1                	and	a3,a3,s0
    5d8e:	f4dc93e3          	bne	s9,a3,5cd4 <_strtod_l+0xa9e>
    5d92:	85be                	mv	a1,a5
    5d94:	853a                	mv	a0,a4
    5d96:	8d3a                	mv	s10,a4
    5d98:	8cbe                	mv	s9,a5
    5d9a:	6dd020ef          	jal	ra,8c76 <__fixdfsi>
    5d9e:	79d020ef          	jal	ra,8d3a <__floatsidf>
    5da2:	862a                	mv	a2,a0
    5da4:	86ae                	mv	a3,a1
    5da6:	856a                	mv	a0,s10
    5da8:	85e6                	mv	a1,s9
    5daa:	9b1fd0ef          	jal	ra,375a <__subdf3>
    5dae:	57b2                	lw	a5,44(sp)
    5db0:	8d2a                	mv	s10,a0
    5db2:	8dae                	mv	s11,a1
    5db4:	8fe1                	and	a5,a5,s0
    5db6:	8fc5                	or	a5,a5,s1
    5db8:	0187ec33          	or	s8,a5,s8
    5dbc:	0a0c0b63          	beqz	s8,5e72 <_strtod_l+0xc3c>
    5dc0:	00003797          	auipc	a5,0x3
    5dc4:	5b078793          	addi	a5,a5,1456 # 9370 <__clz_tab+0x134>
    5dc8:	4390                	lw	a2,0(a5)
    5dca:	43d4                	lw	a3,4(a5)
    5dcc:	c20fd0ef          	jal	ra,31ec <__ledf2>
    5dd0:	9c0546e3          	bltz	a0,579c <_strtod_l+0x566>
    5dd4:	00003797          	auipc	a5,0x3
    5dd8:	5a478793          	addi	a5,a5,1444 # 9378 <__clz_tab+0x13c>
    5ddc:	4390                	lw	a2,0(a5)
    5dde:	43d4                	lw	a3,4(a5)
    5de0:	856a                	mv	a0,s10
    5de2:	85ee                	mv	a1,s11
    5de4:	5e5020ef          	jal	ra,8bc8 <__gedf2>
    5de8:	eea056e3          	blez	a0,5cd4 <_strtod_l+0xa9e>
    5dec:	ba45                	j	579c <_strtod_l+0x566>
    5dee:	040a0d63          	beqz	s4,5e48 <_strtod_l+0xc12>
    5df2:	06a006b7          	lui	a3,0x6a00
    5df6:	0596e963          	bltu	a3,s9,5e48 <_strtod_l+0xc12>
    5dfa:	00003697          	auipc	a3,0x3
    5dfe:	56e68693          	addi	a3,a3,1390 # 9368 <__clz_tab+0x12c>
    5e02:	4290                	lw	a2,0(a3)
    5e04:	42d4                	lw	a3,4(a3)
    5e06:	853a                	mv	a0,a4
    5e08:	85be                	mv	a1,a5
    5e0a:	da3a                	sw	a4,52(sp)
    5e0c:	d23e                	sw	a5,36(sp)
    5e0e:	bdefd0ef          	jal	ra,31ec <__ledf2>
    5e12:	5792                	lw	a5,36(sp)
    5e14:	5752                	lw	a4,52(sp)
    5e16:	02a04463          	bgtz	a0,5e3e <_strtod_l+0xc08>
    5e1a:	853a                	mv	a0,a4
    5e1c:	85be                	mv	a1,a5
    5e1e:	6c1020ef          	jal	ra,8cde <__fixunsdfsi>
    5e22:	e111                	bnez	a0,5e26 <_strtod_l+0xbf0>
    5e24:	4505                	li	a0,1
    5e26:	787020ef          	jal	ra,8dac <__floatunsidf>
    5e2a:	872a                	mv	a4,a0
    5e2c:	87ae                	mv	a5,a1
    5e2e:	8d2e                	mv	s10,a1
    5e30:	000c1663          	bnez	s8,5e3c <_strtod_l+0xc06>
    5e34:	80000d37          	lui	s10,0x80000
    5e38:	00bd4d33          	xor	s10,s10,a1
    5e3c:	8daa                	mv	s11,a0
    5e3e:	06b005b7          	lui	a1,0x6b00
    5e42:	9d2e                	add	s10,s10,a1
    5e44:	419d0d33          	sub	s10,s10,s9
    5e48:	4552                	lw	a0,20(sp)
    5e4a:	45e2                	lw	a1,24(sp)
    5e4c:	da3e                	sw	a5,52(sp)
    5e4e:	d23a                	sw	a4,36(sp)
    5e50:	0e8010ef          	jal	ra,6f38 <__ulp>
    5e54:	862a                	mv	a2,a0
    5e56:	86ae                	mv	a3,a1
    5e58:	856e                	mv	a0,s11
    5e5a:	85ea                	mv	a1,s10
    5e5c:	c46fd0ef          	jal	ra,32a2 <__muldf3>
    5e60:	4652                	lw	a2,20(sp)
    5e62:	46e2                	lw	a3,24(sp)
    5e64:	016020ef          	jal	ra,7e7a <__adddf3>
    5e68:	84aa                	mv	s1,a0
    5e6a:	842e                	mv	s0,a1
    5e6c:	57d2                	lw	a5,52(sp)
    5e6e:	5712                	lw	a4,36(sp)
    5e70:	bf11                	j	5d84 <_strtod_l+0xb4e>
    5e72:	00003797          	auipc	a5,0x3
    5e76:	50e78793          	addi	a5,a5,1294 # 9380 <__clz_tab+0x144>
    5e7a:	4390                	lw	a2,0(a5)
    5e7c:	43d4                	lw	a3,4(a5)
    5e7e:	b6efd0ef          	jal	ra,31ec <__ledf2>
    5e82:	e40559e3          	bgez	a0,5cd4 <_strtod_l+0xa9e>
    5e86:	ba19                	j	579c <_strtod_l+0x566>
    5e88:	06500713          	li	a4,101
    5e8c:	00e78763          	beq	a5,a4,5e9a <_strtod_l+0xc64>
    5e90:	04500713          	li	a4,69
    5e94:	4505                	li	a0,1
    5e96:	eee79963          	bne	a5,a4,5588 <_strtod_l+0x352>
    5e9a:	4b01                	li	s6,0
    5e9c:	4505                	li	a0,1
    5e9e:	d84ff06f          	j	5422 <_strtod_l+0x1ec>

00005ea2 <strtod>:
    5ea2:	81818793          	addi	a5,gp,-2024 # 20000220 <_impure_ptr>
    5ea6:	439c                	lw	a5,0(a5)
    5ea8:	862e                	mv	a2,a1
    5eaa:	5394                	lw	a3,32(a5)
    5eac:	e689                	bnez	a3,5eb6 <strtod+0x14>
    5eae:	1fffa697          	auipc	a3,0x1fffa
    5eb2:	1ea68693          	addi	a3,a3,490 # 20000098 <__global_locale>
    5eb6:	85aa                	mv	a1,a0
    5eb8:	853e                	mv	a0,a5
    5eba:	b7cff06f          	j	5236 <_strtod_l>

00005ebe <_strtol_l.isra.0>:
    5ebe:	7179                	addi	sp,sp,-48
    5ec0:	d04a                	sw	s2,32(sp)
    5ec2:	ce4e                	sw	s3,28(sp)
    5ec4:	d606                	sw	ra,44(sp)
    5ec6:	d422                	sw	s0,40(sp)
    5ec8:	d226                	sw	s1,36(sp)
    5eca:	89aa                	mv	s3,a0
    5ecc:	892e                	mv	s2,a1
    5ece:	00190493          	addi	s1,s2,1
    5ed2:	fff4c403          	lbu	s0,-1(s1)
    5ed6:	853a                	mv	a0,a4
    5ed8:	c636                	sw	a3,12(sp)
    5eda:	c432                	sw	a2,8(sp)
    5edc:	c22e                	sw	a1,4(sp)
    5ede:	c03a                	sw	a4,0(sp)
    5ee0:	085000ef          	jal	ra,6764 <__locale_ctype_ptr_l>
    5ee4:	9522                	add	a0,a0,s0
    5ee6:	311c                	lbu	a5,1(a0)
    5ee8:	4702                	lw	a4,0(sp)
    5eea:	4592                	lw	a1,4(sp)
    5eec:	8ba1                	andi	a5,a5,8
    5eee:	4622                	lw	a2,8(sp)
    5ef0:	46b2                	lw	a3,12(sp)
    5ef2:	e3d1                	bnez	a5,5f76 <_strtol_l.isra.0+0xb8>
    5ef4:	02d00793          	li	a5,45
    5ef8:	08f41163          	bne	s0,a5,5f7a <_strtol_l.isra.0+0xbc>
    5efc:	209c                	lbu	a5,0(s1)
    5efe:	4305                	li	t1,1
    5f00:	00290493          	addi	s1,s2,2
    5f04:	c6e5                	beqz	a3,5fec <_strtol_l.isra.0+0x12e>
    5f06:	4741                	li	a4,16
    5f08:	02e69063          	bne	a3,a4,5f28 <_strtol_l.isra.0+0x6a>
    5f0c:	03000713          	li	a4,48
    5f10:	00e79c63          	bne	a5,a4,5f28 <_strtol_l.isra.0+0x6a>
    5f14:	209c                	lbu	a5,0(s1)
    5f16:	05800713          	li	a4,88
    5f1a:	0df7f793          	andi	a5,a5,223
    5f1e:	0ce79263          	bne	a5,a4,5fe2 <_strtol_l.isra.0+0x124>
    5f22:	309c                	lbu	a5,1(s1)
    5f24:	46c1                	li	a3,16
    5f26:	0489                	addi	s1,s1,2
    5f28:	800008b7          	lui	a7,0x80000
    5f2c:	00031463          	bnez	t1,5f34 <_strtol_l.isra.0+0x76>
    5f30:	fff8c893          	not	a7,a7
    5f34:	02d8ff33          	remu	t5,a7,a3
    5f38:	4801                	li	a6,0
    5f3a:	4501                	li	a0,0
    5f3c:	4fa5                	li	t6,9
    5f3e:	4ee5                	li	t4,25
    5f40:	52fd                	li	t0,-1
    5f42:	02d8de33          	divu	t3,a7,a3
    5f46:	fd078713          	addi	a4,a5,-48
    5f4a:	04efe363          	bltu	t6,a4,5f90 <_strtol_l.isra.0+0xd2>
    5f4e:	87ba                	mv	a5,a4
    5f50:	04d7de63          	bge	a5,a3,5fac <_strtol_l.isra.0+0xee>
    5f54:	00580d63          	beq	a6,t0,5f6e <_strtol_l.isra.0+0xb0>
    5f58:	587d                	li	a6,-1
    5f5a:	00ae6a63          	bltu	t3,a0,5f6e <_strtol_l.isra.0+0xb0>
    5f5e:	00ae1463          	bne	t3,a0,5f66 <_strtol_l.isra.0+0xa8>
    5f62:	00ff4663          	blt	t5,a5,5f6e <_strtol_l.isra.0+0xb0>
    5f66:	4805                	li	a6,1
    5f68:	02a68533          	mul	a0,a3,a0
    5f6c:	953e                	add	a0,a0,a5
    5f6e:	0485                	addi	s1,s1,1
    5f70:	fff4c783          	lbu	a5,-1(s1)
    5f74:	bfc9                	j	5f46 <_strtol_l.isra.0+0x88>
    5f76:	8926                	mv	s2,s1
    5f78:	bf99                	j	5ece <_strtol_l.isra.0+0x10>
    5f7a:	02b00793          	li	a5,43
    5f7e:	00f40563          	beq	s0,a5,5f88 <_strtol_l.isra.0+0xca>
    5f82:	87a2                	mv	a5,s0
    5f84:	4301                	li	t1,0
    5f86:	bfbd                	j	5f04 <_strtol_l.isra.0+0x46>
    5f88:	209c                	lbu	a5,0(s1)
    5f8a:	00290493          	addi	s1,s2,2
    5f8e:	bfdd                	j	5f84 <_strtol_l.isra.0+0xc6>
    5f90:	fbf78713          	addi	a4,a5,-65
    5f94:	00eee563          	bltu	t4,a4,5f9e <_strtol_l.isra.0+0xe0>
    5f98:	fc978793          	addi	a5,a5,-55
    5f9c:	bf55                	j	5f50 <_strtol_l.isra.0+0x92>
    5f9e:	f9f78713          	addi	a4,a5,-97
    5fa2:	00eee563          	bltu	t4,a4,5fac <_strtol_l.isra.0+0xee>
    5fa6:	fa978793          	addi	a5,a5,-87
    5faa:	b75d                	j	5f50 <_strtol_l.isra.0+0x92>
    5fac:	57fd                	li	a5,-1
    5fae:	00f81f63          	bne	a6,a5,5fcc <_strtol_l.isra.0+0x10e>
    5fb2:	02200793          	li	a5,34
    5fb6:	00f9a023          	sw	a5,0(s3)
    5fba:	8546                	mv	a0,a7
    5fbc:	ee19                	bnez	a2,5fda <_strtol_l.isra.0+0x11c>
    5fbe:	50b2                	lw	ra,44(sp)
    5fc0:	5422                	lw	s0,40(sp)
    5fc2:	5492                	lw	s1,36(sp)
    5fc4:	5902                	lw	s2,32(sp)
    5fc6:	49f2                	lw	s3,28(sp)
    5fc8:	6145                	addi	sp,sp,48
    5fca:	8082                	ret
    5fcc:	00030463          	beqz	t1,5fd4 <_strtol_l.isra.0+0x116>
    5fd0:	40a00533          	neg	a0,a0
    5fd4:	d66d                	beqz	a2,5fbe <_strtol_l.isra.0+0x100>
    5fd6:	00080463          	beqz	a6,5fde <_strtol_l.isra.0+0x120>
    5fda:	fff48593          	addi	a1,s1,-1
    5fde:	c20c                	sw	a1,0(a2)
    5fe0:	bff9                	j	5fbe <_strtol_l.isra.0+0x100>
    5fe2:	03000793          	li	a5,48
    5fe6:	f2a9                	bnez	a3,5f28 <_strtol_l.isra.0+0x6a>
    5fe8:	46a1                	li	a3,8
    5fea:	bf3d                	j	5f28 <_strtol_l.isra.0+0x6a>
    5fec:	03000713          	li	a4,48
    5ff0:	f2e782e3          	beq	a5,a4,5f14 <_strtol_l.isra.0+0x56>
    5ff4:	46a9                	li	a3,10
    5ff6:	bf0d                	j	5f28 <_strtol_l.isra.0+0x6a>

00005ff8 <_strtol_r>:
    5ff8:	81818793          	addi	a5,gp,-2024 # 20000220 <_impure_ptr>
    5ffc:	439c                	lw	a5,0(a5)
    5ffe:	5398                	lw	a4,32(a5)
    6000:	e709                	bnez	a4,600a <_strtol_r+0x12>
    6002:	1fffa717          	auipc	a4,0x1fffa
    6006:	09670713          	addi	a4,a4,150 # 20000098 <__global_locale>
    600a:	eb5ff06f          	j	5ebe <_strtol_l.isra.0>

0000600e <strtol>:
    600e:	81818793          	addi	a5,gp,-2024 # 20000220 <_impure_ptr>
    6012:	439c                	lw	a5,0(a5)
    6014:	86b2                	mv	a3,a2
    6016:	5398                	lw	a4,32(a5)
    6018:	e709                	bnez	a4,6022 <strtol+0x14>
    601a:	1fffa717          	auipc	a4,0x1fffa
    601e:	07e70713          	addi	a4,a4,126 # 20000098 <__global_locale>
    6022:	862e                	mv	a2,a1
    6024:	85aa                	mv	a1,a0
    6026:	853e                	mv	a0,a5
    6028:	e97ff06f          	j	5ebe <_strtol_l.isra.0>

0000602c <rshift>:
    602c:	4910                	lw	a2,16(a0)
    602e:	01450693          	addi	a3,a0,20
    6032:	4055d713          	srai	a4,a1,0x5
    6036:	87b6                	mv	a5,a3
    6038:	02c75663          	bge	a4,a2,6064 <rshift+0x38>
    603c:	060a                	slli	a2,a2,0x2
    603e:	070a                	slli	a4,a4,0x2
    6040:	89fd                	andi	a1,a1,31
    6042:	9636                	add	a2,a2,a3
    6044:	9736                	add	a4,a4,a3
    6046:	c9b9                	beqz	a1,609c <rshift+0x70>
    6048:	00470813          	addi	a6,a4,4
    604c:	4318                	lw	a4,0(a4)
    604e:	02000313          	li	t1,32
    6052:	40b30333          	sub	t1,t1,a1
    6056:	00b75733          	srl	a4,a4,a1
    605a:	00c86e63          	bltu	a6,a2,6076 <rshift+0x4a>
    605e:	c398                	sw	a4,0(a5)
    6060:	c311                	beqz	a4,6064 <rshift+0x38>
    6062:	0791                	addi	a5,a5,4
    6064:	40d78733          	sub	a4,a5,a3
    6068:	8709                	srai	a4,a4,0x2
    606a:	c918                	sw	a4,16(a0)
    606c:	00d79463          	bne	a5,a3,6074 <rshift+0x48>
    6070:	00052a23          	sw	zero,20(a0)
    6074:	8082                	ret
    6076:	00082883          	lw	a7,0(a6) # 10000 <_data_lma+0x6944>
    607a:	0791                	addi	a5,a5,4
    607c:	0811                	addi	a6,a6,4
    607e:	006898b3          	sll	a7,a7,t1
    6082:	00e8e733          	or	a4,a7,a4
    6086:	fee7ae23          	sw	a4,-4(a5)
    608a:	ffc82703          	lw	a4,-4(a6)
    608e:	b7e1                	j	6056 <rshift+0x2a>
    6090:	0711                	addi	a4,a4,4
    6092:	ffc72583          	lw	a1,-4(a4)
    6096:	0791                	addi	a5,a5,4
    6098:	feb7ae23          	sw	a1,-4(a5)
    609c:	fec76ae3          	bltu	a4,a2,6090 <rshift+0x64>
    60a0:	b7d1                	j	6064 <rshift+0x38>

000060a2 <__hexdig_fun>:
    60a2:	fd050793          	addi	a5,a0,-48
    60a6:	0ff7f793          	andi	a5,a5,255
    60aa:	4725                	li	a4,9
    60ac:	00f76763          	bltu	a4,a5,60ba <__hexdig_fun+0x18>
    60b0:	1501                	addi	a0,a0,-32
    60b2:	0ff57793          	andi	a5,a0,255
    60b6:	853e                	mv	a0,a5
    60b8:	8082                	ret
    60ba:	f9f50793          	addi	a5,a0,-97
    60be:	0ff7f793          	andi	a5,a5,255
    60c2:	4695                	li	a3,5
    60c4:	00f6e563          	bltu	a3,a5,60ce <__hexdig_fun+0x2c>
    60c8:	fb950513          	addi	a0,a0,-71
    60cc:	b7dd                	j	60b2 <__hexdig_fun+0x10>
    60ce:	fbf50713          	addi	a4,a0,-65
    60d2:	0ff77713          	andi	a4,a4,255
    60d6:	4781                	li	a5,0
    60d8:	fce6efe3          	bltu	a3,a4,60b6 <__hexdig_fun+0x14>
    60dc:	fd950513          	addi	a0,a0,-39
    60e0:	bfc9                	j	60b2 <__hexdig_fun+0x10>

000060e2 <__gethex>:
    60e2:	711d                	addi	sp,sp,-96
    60e4:	c2d6                	sw	s5,68(sp)
    60e6:	8aaa                	mv	s5,a0
    60e8:	8542                	mv	a0,a6
    60ea:	c636                	sw	a3,12(sp)
    60ec:	c23a                	sw	a4,4(sp)
    60ee:	ce86                	sw	ra,92(sp)
    60f0:	c8ca                	sw	s2,80(sp)
    60f2:	c4d2                	sw	s4,72(sp)
    60f4:	c0da                	sw	s6,64(sp)
    60f6:	de5e                	sw	s7,60(sp)
    60f8:	8b3e                	mv	s6,a5
    60fa:	d66e                	sw	s11,44(sp)
    60fc:	8932                	mv	s2,a2
    60fe:	8dae                	mv	s11,a1
    6100:	cca2                	sw	s0,88(sp)
    6102:	caa6                	sw	s1,84(sp)
    6104:	c6ce                	sw	s3,76(sp)
    6106:	dc62                	sw	s8,56(sp)
    6108:	da66                	sw	s9,52(sp)
    610a:	d86a                	sw	s10,48(sp)
    610c:	2d9d                	jal	6782 <__localeconv_l>
    610e:	00052b83          	lw	s7,0(a0)
    6112:	855e                	mv	a0,s7
    6114:	876ff0ef          	jal	ra,518a <strlen>
    6118:	00ab87b3          	add	a5,s7,a0
    611c:	000da683          	lw	a3,0(s11)
    6120:	fff7c783          	lbu	a5,-1(a5)
    6124:	5779                	li	a4,-2
    6126:	8f15                	sub	a4,a4,a3
    6128:	c83e                	sw	a5,16(sp)
    612a:	8a2a                	mv	s4,a0
    612c:	00268793          	addi	a5,a3,2
    6130:	03000693          	li	a3,48
    6134:	00f70633          	add	a2,a4,a5
    6138:	84be                	mv	s1,a5
    613a:	0785                	addi	a5,a5,1
    613c:	fff7c503          	lbu	a0,-1(a5)
    6140:	c432                	sw	a2,8(sp)
    6142:	fed509e3          	beq	a0,a3,6134 <__gethex+0x52>
    6146:	f5dff0ef          	jal	ra,60a2 <__hexdig_fun>
    614a:	10051e63          	bnez	a0,6266 <__gethex+0x184>
    614e:	8652                	mv	a2,s4
    6150:	85de                	mv	a1,s7
    6152:	8526                	mv	a0,s1
    6154:	848ff0ef          	jal	ra,519c <strncmp>
    6158:	10051c63          	bnez	a0,6270 <__gethex+0x18e>
    615c:	01448c33          	add	s8,s1,s4
    6160:	000c4503          	lbu	a0,0(s8)
    6164:	f3fff0ef          	jal	ra,60a2 <__hexdig_fun>
    6168:	10050563          	beqz	a0,6272 <__gethex+0x190>
    616c:	84e2                	mv	s1,s8
    616e:	03000793          	li	a5,48
    6172:	2088                	lbu	a0,0(s1)
    6174:	00f50b63          	beq	a0,a5,618a <__gethex+0xa8>
    6178:	f2bff0ef          	jal	ra,60a2 <__hexdig_fun>
    617c:	4785                	li	a5,1
    617e:	00153993          	seqz	s3,a0
    6182:	8ce2                	mv	s9,s8
    6184:	c43e                	sw	a5,8(sp)
    6186:	8c26                	mv	s8,s1
    6188:	a021                	j	6190 <__gethex+0xae>
    618a:	0485                	addi	s1,s1,1
    618c:	b7dd                	j	6172 <__gethex+0x90>
    618e:	0c05                	addi	s8,s8,1
    6190:	000c4503          	lbu	a0,0(s8)
    6194:	f0fff0ef          	jal	ra,60a2 <__hexdig_fun>
    6198:	f97d                	bnez	a0,618e <__gethex+0xac>
    619a:	8652                	mv	a2,s4
    619c:	85de                	mv	a1,s7
    619e:	8562                	mv	a0,s8
    61a0:	ffdfe0ef          	jal	ra,519c <strncmp>
    61a4:	e911                	bnez	a0,61b8 <__gethex+0xd6>
    61a6:	000c9c63          	bnez	s9,61be <__gethex+0xdc>
    61aa:	9c52                	add	s8,s8,s4
    61ac:	8ce2                	mv	s9,s8
    61ae:	000c4503          	lbu	a0,0(s8)
    61b2:	ef1ff0ef          	jal	ra,60a2 <__hexdig_fun>
    61b6:	e95d                	bnez	a0,626c <__gethex+0x18a>
    61b8:	4401                	li	s0,0
    61ba:	000c8563          	beqz	s9,61c4 <__gethex+0xe2>
    61be:	418c8433          	sub	s0,s9,s8
    61c2:	040a                	slli	s0,s0,0x2
    61c4:	000c4783          	lbu	a5,0(s8)
    61c8:	05000713          	li	a4,80
    61cc:	00e78763          	beq	a5,a4,61da <__gethex+0xf8>
    61d0:	07000613          	li	a2,112
    61d4:	8ce2                	mv	s9,s8
    61d6:	06c79063          	bne	a5,a2,6236 <__gethex+0x154>
    61da:	001c4783          	lbu	a5,1(s8)
    61de:	02b00713          	li	a4,43
    61e2:	08e78b63          	beq	a5,a4,6278 <__gethex+0x196>
    61e6:	02d00713          	li	a4,45
    61ea:	08e78b63          	beq	a5,a4,6280 <__gethex+0x19e>
    61ee:	001c0c93          	addi	s9,s8,1
    61f2:	4d01                	li	s10,0
    61f4:	000cc503          	lbu	a0,0(s9)
    61f8:	eabff0ef          	jal	ra,60a2 <__hexdig_fun>
    61fc:	fff50793          	addi	a5,a0,-1
    6200:	0ff7f793          	andi	a5,a5,255
    6204:	45e1                	li	a1,24
    6206:	08f5e463          	bltu	a1,a5,628e <__gethex+0x1ac>
    620a:	ff050793          	addi	a5,a0,-16
    620e:	0c85                	addi	s9,s9,1
    6210:	000cc503          	lbu	a0,0(s9)
    6214:	ca3e                	sw	a5,20(sp)
    6216:	e8dff0ef          	jal	ra,60a2 <__hexdig_fun>
    621a:	fff50593          	addi	a1,a0,-1
    621e:	0ff5f593          	andi	a1,a1,255
    6222:	4861                	li	a6,24
    6224:	47d2                	lw	a5,20(sp)
    6226:	48a9                	li	a7,10
    6228:	04b87e63          	bgeu	a6,a1,6284 <__gethex+0x1a2>
    622c:	000d0463          	beqz	s10,6234 <__gethex+0x152>
    6230:	40f007b3          	neg	a5,a5
    6234:	943e                	add	s0,s0,a5
    6236:	019da023          	sw	s9,0(s11)
    623a:	04098c63          	beqz	s3,6292 <__gethex+0x1b0>
    623e:	47a2                	lw	a5,8(sp)
    6240:	4481                	li	s1,0
    6242:	e391                	bnez	a5,6246 <__gethex+0x164>
    6244:	4499                	li	s1,6
    6246:	40f6                	lw	ra,92(sp)
    6248:	4466                	lw	s0,88(sp)
    624a:	8526                	mv	a0,s1
    624c:	4946                	lw	s2,80(sp)
    624e:	44d6                	lw	s1,84(sp)
    6250:	49b6                	lw	s3,76(sp)
    6252:	4a26                	lw	s4,72(sp)
    6254:	4a96                	lw	s5,68(sp)
    6256:	4b06                	lw	s6,64(sp)
    6258:	5bf2                	lw	s7,60(sp)
    625a:	5c62                	lw	s8,56(sp)
    625c:	5cd2                	lw	s9,52(sp)
    625e:	5d42                	lw	s10,48(sp)
    6260:	5db2                	lw	s11,44(sp)
    6262:	6125                	addi	sp,sp,96
    6264:	8082                	ret
    6266:	4981                	li	s3,0
    6268:	4c81                	li	s9,0
    626a:	bf31                	j	6186 <__gethex+0xa4>
    626c:	0c05                	addi	s8,s8,1
    626e:	b781                	j	61ae <__gethex+0xcc>
    6270:	8c26                	mv	s8,s1
    6272:	4401                	li	s0,0
    6274:	4985                	li	s3,1
    6276:	b7b9                	j	61c4 <__gethex+0xe2>
    6278:	4d01                	li	s10,0
    627a:	002c0c93          	addi	s9,s8,2
    627e:	bf9d                	j	61f4 <__gethex+0x112>
    6280:	4d05                	li	s10,1
    6282:	bfe5                	j	627a <__gethex+0x198>
    6284:	031787b3          	mul	a5,a5,a7
    6288:	97aa                	add	a5,a5,a0
    628a:	17c1                	addi	a5,a5,-16
    628c:	b749                	j	620e <__gethex+0x12c>
    628e:	8ce2                	mv	s9,s8
    6290:	b75d                	j	6236 <__gethex+0x154>
    6292:	409c07b3          	sub	a5,s8,s1
    6296:	17fd                	addi	a5,a5,-1
    6298:	4581                	li	a1,0
    629a:	471d                	li	a4,7
    629c:	0af74463          	blt	a4,a5,6344 <__gethex+0x262>
    62a0:	8556                	mv	a0,s5
    62a2:	23e9                	jal	686c <_Balloc>
    62a4:	4605                	li	a2,1
    62a6:	01450993          	addi	s3,a0,20
    62aa:	414607b3          	sub	a5,a2,s4
    62ae:	8daa                	mv	s11,a0
    62b0:	8d4e                	mv	s10,s3
    62b2:	4881                	li	a7,0
    62b4:	4c81                	li	s9,0
    62b6:	ca3e                	sw	a5,20(sp)
    62b8:	0984e963          	bltu	s1,s8,634a <__gethex+0x268>
    62bc:	004d0513          	addi	a0,s10,4 # 80000004 <_eusrstack+0x5fff8004>
    62c0:	41350533          	sub	a0,a0,s3
    62c4:	8509                	srai	a0,a0,0x2
    62c6:	019d2023          	sw	s9,0(s10)
    62ca:	00ada823          	sw	a0,16(s11)
    62ce:	00551493          	slli	s1,a0,0x5
    62d2:	8566                	mv	a0,s9
    62d4:	7a4000ef          	jal	ra,6a78 <__hi0bits>
    62d8:	00092b83          	lw	s7,0(s2)
    62dc:	8c89                	sub	s1,s1,a0
    62de:	0c9bd863          	bge	s7,s1,63ae <__gethex+0x2cc>
    62e2:	417484b3          	sub	s1,s1,s7
    62e6:	85a6                	mv	a1,s1
    62e8:	856e                	mv	a0,s11
    62ea:	6c7000ef          	jal	ra,71b0 <__any_on>
    62ee:	8a2a                	mv	s4,a0
    62f0:	c905                	beqz	a0,6320 <__gethex+0x23e>
    62f2:	fff48613          	addi	a2,s1,-1
    62f6:	40565693          	srai	a3,a2,0x5
    62fa:	068a                	slli	a3,a3,0x2
    62fc:	96ce                	add	a3,a3,s3
    62fe:	4294                	lw	a3,0(a3)
    6300:	4705                	li	a4,1
    6302:	00c71733          	sll	a4,a4,a2
    6306:	8f75                	and	a4,a4,a3
    6308:	4a05                	li	s4,1
    630a:	cb19                	beqz	a4,6320 <__gethex+0x23e>
    630c:	00ca5963          	bge	s4,a2,631e <__gethex+0x23c>
    6310:	ffe48593          	addi	a1,s1,-2
    6314:	856e                	mv	a0,s11
    6316:	69b000ef          	jal	ra,71b0 <__any_on>
    631a:	4a0d                	li	s4,3
    631c:	e111                	bnez	a0,6320 <__gethex+0x23e>
    631e:	4a09                	li	s4,2
    6320:	85a6                	mv	a1,s1
    6322:	856e                	mv	a0,s11
    6324:	d09ff0ef          	jal	ra,602c <rshift>
    6328:	9426                	add	s0,s0,s1
    632a:	00892703          	lw	a4,8(s2)
    632e:	08875f63          	bge	a4,s0,63cc <__gethex+0x2ea>
    6332:	85ee                	mv	a1,s11
    6334:	8556                	mv	a0,s5
    6336:	23c9                	jal	68f8 <_Bfree>
    6338:	4792                	lw	a5,4(sp)
    633a:	0a300493          	li	s1,163
    633e:	0007a023          	sw	zero,0(a5)
    6342:	b711                	j	6246 <__gethex+0x164>
    6344:	0585                	addi	a1,a1,1
    6346:	8785                	srai	a5,a5,0x1
    6348:	bf91                	j	629c <__gethex+0x1ba>
    634a:	fffc0793          	addi	a5,s8,-1
    634e:	c43e                	sw	a5,8(sp)
    6350:	fffc4603          	lbu	a2,-1(s8)
    6354:	47c2                	lw	a5,16(sp)
    6356:	02f60963          	beq	a2,a5,6388 <__gethex+0x2a6>
    635a:	02000793          	li	a5,32
    635e:	00f89763          	bne	a7,a5,636c <__gethex+0x28a>
    6362:	019d2023          	sw	s9,0(s10)
    6366:	4881                	li	a7,0
    6368:	0d11                	addi	s10,s10,4
    636a:	4c81                	li	s9,0
    636c:	fffc4503          	lbu	a0,-1(s8)
    6370:	cc46                	sw	a7,24(sp)
    6372:	d31ff0ef          	jal	ra,60a2 <__hexdig_fun>
    6376:	48e2                	lw	a7,24(sp)
    6378:	893d                	andi	a0,a0,15
    637a:	4322                	lw	t1,8(sp)
    637c:	01151533          	sll	a0,a0,a7
    6380:	00acecb3          	or	s9,s9,a0
    6384:	0891                	addi	a7,a7,4
    6386:	a015                	j	63aa <__gethex+0x2c8>
    6388:	4752                	lw	a4,20(sp)
    638a:	fffc0793          	addi	a5,s8,-1
    638e:	00e78333          	add	t1,a5,a4
    6392:	fc9364e3          	bltu	t1,s1,635a <__gethex+0x278>
    6396:	851a                	mv	a0,t1
    6398:	8652                	mv	a2,s4
    639a:	85de                	mv	a1,s7
    639c:	ce46                	sw	a7,28(sp)
    639e:	cc1a                	sw	t1,24(sp)
    63a0:	dfdfe0ef          	jal	ra,519c <strncmp>
    63a4:	4362                	lw	t1,24(sp)
    63a6:	48f2                	lw	a7,28(sp)
    63a8:	f94d                	bnez	a0,635a <__gethex+0x278>
    63aa:	8c1a                	mv	s8,t1
    63ac:	b731                	j	62b8 <__gethex+0x1d6>
    63ae:	4a01                	li	s4,0
    63b0:	f774dde3          	bge	s1,s7,632a <__gethex+0x248>
    63b4:	409b84b3          	sub	s1,s7,s1
    63b8:	85ee                	mv	a1,s11
    63ba:	8626                	mv	a2,s1
    63bc:	8556                	mv	a0,s5
    63be:	189000ef          	jal	ra,6d46 <__lshift>
    63c2:	8daa                	mv	s11,a0
    63c4:	8c05                	sub	s0,s0,s1
    63c6:	01450993          	addi	s3,a0,20
    63ca:	b785                	j	632a <__gethex+0x248>
    63cc:	00492703          	lw	a4,4(s2)
    63d0:	0ee45563          	bge	s0,a4,64ba <__gethex+0x3d8>
    63d4:	40870433          	sub	s0,a4,s0
    63d8:	07744563          	blt	s0,s7,6442 <__gethex+0x360>
    63dc:	00c92703          	lw	a4,12(s2)
    63e0:	4689                	li	a3,2
    63e2:	04d70a63          	beq	a4,a3,6436 <__gethex+0x354>
    63e6:	468d                	li	a3,3
    63e8:	04d70a63          	beq	a4,a3,643c <__gethex+0x35a>
    63ec:	4685                	li	a3,1
    63ee:	02d71b63          	bne	a4,a3,6424 <__gethex+0x342>
    63f2:	028b9963          	bne	s7,s0,6424 <__gethex+0x342>
    63f6:	02eb9163          	bne	s7,a4,6418 <__gethex+0x336>
    63fa:	00492703          	lw	a4,4(s2)
    63fe:	47b2                	lw	a5,12(sp)
    6400:	06200493          	li	s1,98
    6404:	c398                	sw	a4,0(a5)
    6406:	4705                	li	a4,1
    6408:	4792                	lw	a5,4(sp)
    640a:	00eda823          	sw	a4,16(s11)
    640e:	00e9a023          	sw	a4,0(s3)
    6412:	01b7a023          	sw	s11,0(a5)
    6416:	bd05                	j	6246 <__gethex+0x164>
    6418:	fffb8593          	addi	a1,s7,-1
    641c:	856e                	mv	a0,s11
    641e:	593000ef          	jal	ra,71b0 <__any_on>
    6422:	fd61                	bnez	a0,63fa <__gethex+0x318>
    6424:	85ee                	mv	a1,s11
    6426:	8556                	mv	a0,s5
    6428:	29c1                	jal	68f8 <_Bfree>
    642a:	4792                	lw	a5,4(sp)
    642c:	05000493          	li	s1,80
    6430:	0007a023          	sw	zero,0(a5)
    6434:	bd09                	j	6246 <__gethex+0x164>
    6436:	fe0b17e3          	bnez	s6,6424 <__gethex+0x342>
    643a:	b7c1                	j	63fa <__gethex+0x318>
    643c:	fa0b1fe3          	bnez	s6,63fa <__gethex+0x318>
    6440:	b7d5                	j	6424 <__gethex+0x342>
    6442:	fff40493          	addi	s1,s0,-1 # 34fffff <_data_lma+0x34f6943>
    6446:	060a1863          	bnez	s4,64b6 <__gethex+0x3d4>
    644a:	c491                	beqz	s1,6456 <__gethex+0x374>
    644c:	85a6                	mv	a1,s1
    644e:	856e                	mv	a0,s11
    6450:	561000ef          	jal	ra,71b0 <__any_on>
    6454:	8a2a                	mv	s4,a0
    6456:	4054d713          	srai	a4,s1,0x5
    645a:	070a                	slli	a4,a4,0x2
    645c:	974e                	add	a4,a4,s3
    645e:	4318                	lw	a4,0(a4)
    6460:	4585                	li	a1,1
    6462:	009595b3          	sll	a1,a1,s1
    6466:	8df9                	and	a1,a1,a4
    6468:	c199                	beqz	a1,646e <__gethex+0x38c>
    646a:	002a6a13          	ori	s4,s4,2
    646e:	85a2                	mv	a1,s0
    6470:	856e                	mv	a0,s11
    6472:	408b8bb3          	sub	s7,s7,s0
    6476:	bb7ff0ef          	jal	ra,602c <rshift>
    647a:	00492403          	lw	s0,4(s2)
    647e:	4489                	li	s1,2
    6480:	080a0b63          	beqz	s4,6516 <__gethex+0x434>
    6484:	00c92703          	lw	a4,12(s2)
    6488:	4689                	li	a3,2
    648a:	02d70a63          	beq	a4,a3,64be <__gethex+0x3dc>
    648e:	468d                	li	a3,3
    6490:	02d70a63          	beq	a4,a3,64c4 <__gethex+0x3e2>
    6494:	4685                	li	a3,1
    6496:	00d71d63          	bne	a4,a3,64b0 <__gethex+0x3ce>
    649a:	002a7713          	andi	a4,s4,2
    649e:	cb09                	beqz	a4,64b0 <__gethex+0x3ce>
    64a0:	0009a703          	lw	a4,0(s3)
    64a4:	00ea6a33          	or	s4,s4,a4
    64a8:	001a7a13          	andi	s4,s4,1
    64ac:	000a1e63          	bnez	s4,64c8 <__gethex+0x3e6>
    64b0:	0104e493          	ori	s1,s1,16
    64b4:	a08d                	j	6516 <__gethex+0x434>
    64b6:	4a05                	li	s4,1
    64b8:	bf79                	j	6456 <__gethex+0x374>
    64ba:	4485                	li	s1,1
    64bc:	b7d1                	j	6480 <__gethex+0x39e>
    64be:	4705                	li	a4,1
    64c0:	41670b33          	sub	s6,a4,s6
    64c4:	fe0b06e3          	beqz	s6,64b0 <__gethex+0x3ce>
    64c8:	010da983          	lw	s3,16(s11)
    64cc:	014d8713          	addi	a4,s11,20
    64d0:	55fd                	li	a1,-1
    64d2:	00299a13          	slli	s4,s3,0x2
    64d6:	01470633          	add	a2,a4,s4
    64da:	4314                	lw	a3,0(a4)
    64dc:	04b68363          	beq	a3,a1,6522 <__gethex+0x440>
    64e0:	0685                	addi	a3,a3,1
    64e2:	c314                	sw	a3,0(a4)
    64e4:	4689                	li	a3,2
    64e6:	014d8713          	addi	a4,s11,20
    64ea:	08d49363          	bne	s1,a3,6570 <__gethex+0x48e>
    64ee:	00092683          	lw	a3,0(s2)
    64f2:	16fd                	addi	a3,a3,-1
    64f4:	01769f63          	bne	a3,s7,6512 <__gethex+0x430>
    64f8:	405bd693          	srai	a3,s7,0x5
    64fc:	068a                	slli	a3,a3,0x2
    64fe:	9736                	add	a4,a4,a3
    6500:	4318                	lw	a4,0(a4)
    6502:	4685                	li	a3,1
    6504:	01769bb3          	sll	s7,a3,s7
    6508:	00ebfbb3          	and	s7,s7,a4
    650c:	000b8363          	beqz	s7,6512 <__gethex+0x430>
    6510:	4485                	li	s1,1
    6512:	0204e493          	ori	s1,s1,32
    6516:	4792                	lw	a5,4(sp)
    6518:	01b7a023          	sw	s11,0(a5)
    651c:	47b2                	lw	a5,12(sp)
    651e:	c380                	sw	s0,0(a5)
    6520:	b31d                	j	6246 <__gethex+0x164>
    6522:	0711                	addi	a4,a4,4
    6524:	fe072e23          	sw	zero,-4(a4)
    6528:	fac769e3          	bltu	a4,a2,64da <__gethex+0x3f8>
    652c:	008da703          	lw	a4,8(s11)
    6530:	02e9c463          	blt	s3,a4,6558 <__gethex+0x476>
    6534:	004da583          	lw	a1,4(s11)
    6538:	8556                	mv	a0,s5
    653a:	0585                	addi	a1,a1,1
    653c:	2e05                	jal	686c <_Balloc>
    653e:	010da603          	lw	a2,16(s11)
    6542:	00cd8593          	addi	a1,s11,12
    6546:	8b2a                	mv	s6,a0
    6548:	0609                	addi	a2,a2,2
    654a:	060a                	slli	a2,a2,0x2
    654c:	0531                	addi	a0,a0,12
    654e:	24b5                	jal	67ba <memcpy>
    6550:	85ee                	mv	a1,s11
    6552:	8556                	mv	a0,s5
    6554:	2655                	jal	68f8 <_Bfree>
    6556:	8dda                	mv	s11,s6
    6558:	010da703          	lw	a4,16(s11)
    655c:	00170693          	addi	a3,a4,1
    6560:	0711                	addi	a4,a4,4
    6562:	070a                	slli	a4,a4,0x2
    6564:	00dda823          	sw	a3,16(s11)
    6568:	976e                	add	a4,a4,s11
    656a:	4685                	li	a3,1
    656c:	c354                	sw	a3,4(a4)
    656e:	bf9d                	j	64e4 <__gethex+0x402>
    6570:	010da683          	lw	a3,16(s11)
    6574:	00d9dc63          	bge	s3,a3,658c <__gethex+0x4aa>
    6578:	4585                	li	a1,1
    657a:	856e                	mv	a0,s11
    657c:	ab1ff0ef          	jal	ra,602c <rshift>
    6580:	00892703          	lw	a4,8(s2)
    6584:	0405                	addi	s0,s0,1
    6586:	f88755e3          	bge	a4,s0,6510 <__gethex+0x42e>
    658a:	b365                	j	6332 <__gethex+0x250>
    658c:	01fbfb93          	andi	s7,s7,31
    6590:	4485                	li	s1,1
    6592:	f80b80e3          	beqz	s7,6512 <__gethex+0x430>
    6596:	9752                	add	a4,a4,s4
    6598:	ffc72503          	lw	a0,-4(a4)
    659c:	29f1                	jal	6a78 <__hi0bits>
    659e:	02000713          	li	a4,32
    65a2:	41770bb3          	sub	s7,a4,s7
    65a6:	fd7549e3          	blt	a0,s7,6578 <__gethex+0x496>
    65aa:	b7a5                	j	6512 <__gethex+0x430>

000065ac <L_shift>:
    65ac:	47a1                	li	a5,8
    65ae:	40c78633          	sub	a2,a5,a2
    65b2:	060a                	slli	a2,a2,0x2
    65b4:	02000693          	li	a3,32
    65b8:	8e91                	sub	a3,a3,a2
    65ba:	415c                	lw	a5,4(a0)
    65bc:	4118                	lw	a4,0(a0)
    65be:	0511                	addi	a0,a0,4
    65c0:	00d79833          	sll	a6,a5,a3
    65c4:	01076733          	or	a4,a4,a6
    65c8:	00c7d7b3          	srl	a5,a5,a2
    65cc:	fee52e23          	sw	a4,-4(a0)
    65d0:	c11c                	sw	a5,0(a0)
    65d2:	feb564e3          	bltu	a0,a1,65ba <L_shift+0xe>
    65d6:	8082                	ret

000065d8 <__match>:
    65d8:	411c                	lw	a5,0(a0)
    65da:	4865                	li	a6,25
    65dc:	0585                	addi	a1,a1,1
    65de:	fff5c603          	lbu	a2,-1(a1) # 6afffff <_data_lma+0x6af6943>
    65e2:	0785                	addi	a5,a5,1
    65e4:	e601                	bnez	a2,65ec <__match+0x14>
    65e6:	c11c                	sw	a5,0(a0)
    65e8:	4505                	li	a0,1
    65ea:	8082                	ret
    65ec:	2398                	lbu	a4,0(a5)
    65ee:	fbf70693          	addi	a3,a4,-65
    65f2:	0ff6f693          	andi	a3,a3,255
    65f6:	00d86463          	bltu	a6,a3,65fe <__match+0x26>
    65fa:	02070713          	addi	a4,a4,32
    65fe:	fcc70fe3          	beq	a4,a2,65dc <__match+0x4>
    6602:	4501                	li	a0,0
    6604:	8082                	ret

00006606 <__hexnan>:
    6606:	715d                	addi	sp,sp,-80
    6608:	dc52                	sw	s4,56(sp)
    660a:	0005aa03          	lw	s4,0(a1)
    660e:	c2a6                	sw	s1,68(sp)
    6610:	de4e                	sw	s3,60(sp)
    6612:	405a5493          	srai	s1,s4,0x5
    6616:	d85a                	sw	s6,48(sp)
    6618:	048a                	slli	s1,s1,0x2
    661a:	c686                	sw	ra,76(sp)
    661c:	c4a2                	sw	s0,72(sp)
    661e:	c0ca                	sw	s2,64(sp)
    6620:	da56                	sw	s5,52(sp)
    6622:	d65e                	sw	s7,44(sp)
    6624:	d462                	sw	s8,40(sp)
    6626:	d266                	sw	s9,36(sp)
    6628:	d06a                	sw	s10,32(sp)
    662a:	ce6e                	sw	s11,28(sp)
    662c:	01fa7a13          	andi	s4,s4,31
    6630:	8b2a                	mv	s6,a0
    6632:	89b2                	mv	s3,a2
    6634:	94b2                	add	s1,s1,a2
    6636:	000a0363          	beqz	s4,663c <__hexnan+0x36>
    663a:	0491                	addi	s1,s1,4
    663c:	000b2783          	lw	a5,0(s6)
    6640:	ffc48913          	addi	s2,s1,-4
    6644:	fe04ae23          	sw	zero,-4(s1)
    6648:	8dca                	mv	s11,s2
    664a:	844a                	mv	s0,s2
    664c:	4601                	li	a2,0
    664e:	4a81                	li	s5,0
    6650:	4b81                	li	s7,0
    6652:	4c21                	li	s8,8
    6654:	02000c93          	li	s9,32
    6658:	4d1d                	li	s10,7
    665a:	3394                	lbu	a3,1(a5)
    665c:	00178713          	addi	a4,a5,1
    6660:	c03a                	sw	a4,0(sp)
    6662:	cab1                	beqz	a3,66b6 <__hexnan+0xb0>
    6664:	8536                	mv	a0,a3
    6666:	c632                	sw	a2,12(sp)
    6668:	c43e                	sw	a5,8(sp)
    666a:	c236                	sw	a3,4(sp)
    666c:	a37ff0ef          	jal	ra,60a2 <__hexdig_fun>
    6670:	4632                	lw	a2,12(sp)
    6672:	e559                	bnez	a0,6700 <__hexnan+0xfa>
    6674:	4692                	lw	a3,4(sp)
    6676:	47a2                	lw	a5,8(sp)
    6678:	02dce863          	bltu	s9,a3,66a8 <__hexnan+0xa2>
    667c:	037ad463          	bge	s5,s7,66a4 <__hexnan+0x9e>
    6680:	01b47863          	bgeu	s0,s11,6690 <__hexnan+0x8a>
    6684:	00cd4663          	blt	s10,a2,6690 <__hexnan+0x8a>
    6688:	85ee                	mv	a1,s11
    668a:	8522                	mv	a0,s0
    668c:	f21ff0ef          	jal	ra,65ac <L_shift>
    6690:	4621                	li	a2,8
    6692:	0089f963          	bgeu	s3,s0,66a4 <__hexnan+0x9e>
    6696:	ffc40d93          	addi	s11,s0,-4
    669a:	fe042e23          	sw	zero,-4(s0)
    669e:	8ade                	mv	s5,s7
    66a0:	846e                	mv	s0,s11
    66a2:	4601                	li	a2,0
    66a4:	4782                	lw	a5,0(sp)
    66a6:	bf55                	j	665a <__hexnan+0x54>
    66a8:	02900593          	li	a1,41
    66ac:	08b69c63          	bne	a3,a1,6744 <__hexnan+0x13e>
    66b0:	0789                	addi	a5,a5,2
    66b2:	00fb2023          	sw	a5,0(s6)
    66b6:	080b8763          	beqz	s7,6744 <__hexnan+0x13e>
    66ba:	01b47963          	bgeu	s0,s11,66cc <__hexnan+0xc6>
    66be:	479d                	li	a5,7
    66c0:	00c7c663          	blt	a5,a2,66cc <__hexnan+0xc6>
    66c4:	85ee                	mv	a1,s11
    66c6:	8522                	mv	a0,s0
    66c8:	ee5ff0ef          	jal	ra,65ac <L_shift>
    66cc:	0489fa63          	bgeu	s3,s0,6720 <__hexnan+0x11a>
    66d0:	87ce                	mv	a5,s3
    66d2:	0411                	addi	s0,s0,4
    66d4:	ffc42703          	lw	a4,-4(s0)
    66d8:	0791                	addi	a5,a5,4
    66da:	fee7ae23          	sw	a4,-4(a5)
    66de:	fe897ae3          	bgeu	s2,s0,66d2 <__hexnan+0xcc>
    66e2:	0791                	addi	a5,a5,4
    66e4:	fe07ae23          	sw	zero,-4(a5)
    66e8:	fef97de3          	bgeu	s2,a5,66e2 <__hexnan+0xdc>
    66ec:	00092783          	lw	a5,0(s2)
    66f0:	e791                	bnez	a5,66fc <__hexnan+0xf6>
    66f2:	05391763          	bne	s2,s3,6740 <__hexnan+0x13a>
    66f6:	4785                	li	a5,1
    66f8:	00f92023          	sw	a5,0(s2)
    66fc:	4515                	li	a0,5
    66fe:	a0a1                	j	6746 <__hexnan+0x140>
    6700:	0605                	addi	a2,a2,1
    6702:	0b85                	addi	s7,s7,1
    6704:	00cc5863          	bge	s8,a2,6714 <__hexnan+0x10e>
    6708:	f889fee3          	bgeu	s3,s0,66a4 <__hexnan+0x9e>
    670c:	fe042e23          	sw	zero,-4(s0)
    6710:	4605                	li	a2,1
    6712:	1471                	addi	s0,s0,-4
    6714:	401c                	lw	a5,0(s0)
    6716:	893d                	andi	a0,a0,15
    6718:	0792                	slli	a5,a5,0x4
    671a:	8fc9                	or	a5,a5,a0
    671c:	c01c                	sw	a5,0(s0)
    671e:	b759                	j	66a4 <__hexnan+0x9e>
    6720:	fc0a06e3          	beqz	s4,66ec <__hexnan+0xe6>
    6724:	02000793          	li	a5,32
    6728:	414787b3          	sub	a5,a5,s4
    672c:	5a7d                	li	s4,-1
    672e:	00fa57b3          	srl	a5,s4,a5
    6732:	ffc4aa03          	lw	s4,-4(s1)
    6736:	00fa7a33          	and	s4,s4,a5
    673a:	ff44ae23          	sw	s4,-4(s1)
    673e:	b77d                	j	66ec <__hexnan+0xe6>
    6740:	1971                	addi	s2,s2,-4
    6742:	b76d                	j	66ec <__hexnan+0xe6>
    6744:	4511                	li	a0,4
    6746:	40b6                	lw	ra,76(sp)
    6748:	4426                	lw	s0,72(sp)
    674a:	4496                	lw	s1,68(sp)
    674c:	4906                	lw	s2,64(sp)
    674e:	59f2                	lw	s3,60(sp)
    6750:	5a62                	lw	s4,56(sp)
    6752:	5ad2                	lw	s5,52(sp)
    6754:	5b42                	lw	s6,48(sp)
    6756:	5bb2                	lw	s7,44(sp)
    6758:	5c22                	lw	s8,40(sp)
    675a:	5c92                	lw	s9,36(sp)
    675c:	5d02                	lw	s10,32(sp)
    675e:	4df2                	lw	s11,28(sp)
    6760:	6161                	addi	sp,sp,80
    6762:	8082                	ret

00006764 <__locale_ctype_ptr_l>:
    6764:	0ec52503          	lw	a0,236(a0)
    6768:	8082                	ret

0000676a <__locale_ctype_ptr>:
    676a:	81818793          	addi	a5,gp,-2024 # 20000220 <_impure_ptr>
    676e:	439c                	lw	a5,0(a5)
    6770:	539c                	lw	a5,32(a5)
    6772:	e789                	bnez	a5,677c <__locale_ctype_ptr+0x12>
    6774:	1fffa797          	auipc	a5,0x1fffa
    6778:	92478793          	addi	a5,a5,-1756 # 20000098 <__global_locale>
    677c:	0ec7a503          	lw	a0,236(a5)
    6780:	8082                	ret

00006782 <__localeconv_l>:
    6782:	0f050513          	addi	a0,a0,240
    6786:	8082                	ret

00006788 <__ascii_mbtowc>:
    6788:	ed91                	bnez	a1,67a4 <__ascii_mbtowc+0x1c>
    678a:	1141                	addi	sp,sp,-16
    678c:	006c                	addi	a1,sp,12
    678e:	4501                	li	a0,0
    6790:	ca01                	beqz	a2,67a0 <__ascii_mbtowc+0x18>
    6792:	5579                	li	a0,-2
    6794:	c691                	beqz	a3,67a0 <__ascii_mbtowc+0x18>
    6796:	221c                	lbu	a5,0(a2)
    6798:	c19c                	sw	a5,0(a1)
    679a:	2208                	lbu	a0,0(a2)
    679c:	00a03533          	snez	a0,a0
    67a0:	0141                	addi	sp,sp,16
    67a2:	8082                	ret
    67a4:	4501                	li	a0,0
    67a6:	ca09                	beqz	a2,67b8 <__ascii_mbtowc+0x30>
    67a8:	5579                	li	a0,-2
    67aa:	c699                	beqz	a3,67b8 <__ascii_mbtowc+0x30>
    67ac:	221c                	lbu	a5,0(a2)
    67ae:	c19c                	sw	a5,0(a1)
    67b0:	2208                	lbu	a0,0(a2)
    67b2:	00a03533          	snez	a0,a0
    67b6:	8082                	ret
    67b8:	8082                	ret

000067ba <memcpy>:
    67ba:	00a5c7b3          	xor	a5,a1,a0
    67be:	8b8d                	andi	a5,a5,3
    67c0:	00c50733          	add	a4,a0,a2
    67c4:	e781                	bnez	a5,67cc <memcpy+0x12>
    67c6:	478d                	li	a5,3
    67c8:	00c7ed63          	bltu	a5,a2,67e2 <memcpy+0x28>
    67cc:	87aa                	mv	a5,a0
    67ce:	08e57e63          	bgeu	a0,a4,686a <memcpy+0xb0>
    67d2:	2194                	lbu	a3,0(a1)
    67d4:	0785                	addi	a5,a5,1
    67d6:	0585                	addi	a1,a1,1
    67d8:	fed78fa3          	sb	a3,-1(a5)
    67dc:	fee7ebe3          	bltu	a5,a4,67d2 <memcpy+0x18>
    67e0:	8082                	ret
    67e2:	00357693          	andi	a3,a0,3
    67e6:	87aa                	mv	a5,a0
    67e8:	ca89                	beqz	a3,67fa <memcpy+0x40>
    67ea:	2194                	lbu	a3,0(a1)
    67ec:	0785                	addi	a5,a5,1
    67ee:	0585                	addi	a1,a1,1
    67f0:	fed78fa3          	sb	a3,-1(a5)
    67f4:	0037f693          	andi	a3,a5,3
    67f8:	bfc5                	j	67e8 <memcpy+0x2e>
    67fa:	ffc77693          	andi	a3,a4,-4
    67fe:	fe068613          	addi	a2,a3,-32
    6802:	06c7f063          	bgeu	a5,a2,6862 <memcpy+0xa8>
    6806:	0005a383          	lw	t2,0(a1)
    680a:	0045a283          	lw	t0,4(a1)
    680e:	0085af83          	lw	t6,8(a1)
    6812:	00c5af03          	lw	t5,12(a1)
    6816:	0105ae83          	lw	t4,16(a1)
    681a:	0145ae03          	lw	t3,20(a1)
    681e:	0185a303          	lw	t1,24(a1)
    6822:	01c5a883          	lw	a7,28(a1)
    6826:	02458593          	addi	a1,a1,36
    682a:	0077a023          	sw	t2,0(a5)
    682e:	ffc5a803          	lw	a6,-4(a1)
    6832:	0057a223          	sw	t0,4(a5)
    6836:	01f7a423          	sw	t6,8(a5)
    683a:	01e7a623          	sw	t5,12(a5)
    683e:	01d7a823          	sw	t4,16(a5)
    6842:	01c7aa23          	sw	t3,20(a5)
    6846:	0067ac23          	sw	t1,24(a5)
    684a:	0117ae23          	sw	a7,28(a5)
    684e:	02478793          	addi	a5,a5,36
    6852:	ff07ae23          	sw	a6,-4(a5)
    6856:	b775                	j	6802 <memcpy+0x48>
    6858:	4190                	lw	a2,0(a1)
    685a:	0791                	addi	a5,a5,4
    685c:	0591                	addi	a1,a1,4
    685e:	fec7ae23          	sw	a2,-4(a5)
    6862:	fed7ebe3          	bltu	a5,a3,6858 <memcpy+0x9e>
    6866:	f6e7e6e3          	bltu	a5,a4,67d2 <memcpy+0x18>
    686a:	8082                	ret

0000686c <_Balloc>:
    686c:	515c                	lw	a5,36(a0)
    686e:	1141                	addi	sp,sp,-16
    6870:	c422                	sw	s0,8(sp)
    6872:	c04a                	sw	s2,0(sp)
    6874:	c606                	sw	ra,12(sp)
    6876:	c226                	sw	s1,4(sp)
    6878:	842a                	mv	s0,a0
    687a:	892e                	mv	s2,a1
    687c:	ef89                	bnez	a5,6896 <_Balloc+0x2a>
    687e:	4541                	li	a0,16
    6880:	4be010ef          	jal	ra,7d3e <malloc>
    6884:	d048                	sw	a0,36(s0)
    6886:	00052223          	sw	zero,4(a0)
    688a:	00052423          	sw	zero,8(a0)
    688e:	00052023          	sw	zero,0(a0)
    6892:	00052623          	sw	zero,12(a0)
    6896:	5044                	lw	s1,36(s0)
    6898:	44dc                	lw	a5,12(s1)
    689a:	c79d                	beqz	a5,68c8 <_Balloc+0x5c>
    689c:	5058                	lw	a4,36(s0)
    689e:	00291793          	slli	a5,s2,0x2
    68a2:	4758                	lw	a4,12(a4)
    68a4:	97ba                	add	a5,a5,a4
    68a6:	4388                	lw	a0,0(a5)
    68a8:	e129                	bnez	a0,68ea <_Balloc+0x7e>
    68aa:	4485                	li	s1,1
    68ac:	012494b3          	sll	s1,s1,s2
    68b0:	00548613          	addi	a2,s1,5
    68b4:	060a                	slli	a2,a2,0x2
    68b6:	4585                	li	a1,1
    68b8:	8522                	mv	a0,s0
    68ba:	13d000ef          	jal	ra,71f6 <_calloc_r>
    68be:	cd19                	beqz	a0,68dc <_Balloc+0x70>
    68c0:	01252223          	sw	s2,4(a0)
    68c4:	c504                	sw	s1,8(a0)
    68c6:	a025                	j	68ee <_Balloc+0x82>
    68c8:	02100613          	li	a2,33
    68cc:	4591                	li	a1,4
    68ce:	8522                	mv	a0,s0
    68d0:	127000ef          	jal	ra,71f6 <_calloc_r>
    68d4:	505c                	lw	a5,36(s0)
    68d6:	c4c8                	sw	a0,12(s1)
    68d8:	47dc                	lw	a5,12(a5)
    68da:	f3e9                	bnez	a5,689c <_Balloc+0x30>
    68dc:	4501                	li	a0,0
    68de:	40b2                	lw	ra,12(sp)
    68e0:	4422                	lw	s0,8(sp)
    68e2:	4492                	lw	s1,4(sp)
    68e4:	4902                	lw	s2,0(sp)
    68e6:	0141                	addi	sp,sp,16
    68e8:	8082                	ret
    68ea:	4118                	lw	a4,0(a0)
    68ec:	c398                	sw	a4,0(a5)
    68ee:	00052823          	sw	zero,16(a0)
    68f2:	00052623          	sw	zero,12(a0)
    68f6:	b7e5                	j	68de <_Balloc+0x72>

000068f8 <_Bfree>:
    68f8:	515c                	lw	a5,36(a0)
    68fa:	1101                	addi	sp,sp,-32
    68fc:	cc22                	sw	s0,24(sp)
    68fe:	ce06                	sw	ra,28(sp)
    6900:	842a                	mv	s0,a0
    6902:	ef99                	bnez	a5,6920 <_Bfree+0x28>
    6904:	4541                	li	a0,16
    6906:	c62e                	sw	a1,12(sp)
    6908:	436010ef          	jal	ra,7d3e <malloc>
    690c:	45b2                	lw	a1,12(sp)
    690e:	d048                	sw	a0,36(s0)
    6910:	00052223          	sw	zero,4(a0)
    6914:	00052423          	sw	zero,8(a0)
    6918:	00052023          	sw	zero,0(a0)
    691c:	00052623          	sw	zero,12(a0)
    6920:	c991                	beqz	a1,6934 <_Bfree+0x3c>
    6922:	5054                	lw	a3,36(s0)
    6924:	41dc                	lw	a5,4(a1)
    6926:	00279713          	slli	a4,a5,0x2
    692a:	46dc                	lw	a5,12(a3)
    692c:	97ba                	add	a5,a5,a4
    692e:	4398                	lw	a4,0(a5)
    6930:	c198                	sw	a4,0(a1)
    6932:	c38c                	sw	a1,0(a5)
    6934:	40f2                	lw	ra,28(sp)
    6936:	4462                	lw	s0,24(sp)
    6938:	6105                	addi	sp,sp,32
    693a:	8082                	ret

0000693c <__multadd>:
    693c:	7179                	addi	sp,sp,-48
    693e:	ce4e                	sw	s3,28(sp)
    6940:	89aa                	mv	s3,a0
    6942:	6541                	lui	a0,0x10
    6944:	d422                	sw	s0,40(sp)
    6946:	d226                	sw	s1,36(sp)
    6948:	842e                	mv	s0,a1
    694a:	4984                	lw	s1,16(a1)
    694c:	d606                	sw	ra,44(sp)
    694e:	d04a                	sw	s2,32(sp)
    6950:	05d1                	addi	a1,a1,20
    6952:	4801                	li	a6,0
    6954:	157d                	addi	a0,a0,-1
    6956:	419c                	lw	a5,0(a1)
    6958:	0591                	addi	a1,a1,4
    695a:	0805                	addi	a6,a6,1
    695c:	00a7f733          	and	a4,a5,a0
    6960:	02c70733          	mul	a4,a4,a2
    6964:	83c1                	srli	a5,a5,0x10
    6966:	02c787b3          	mul	a5,a5,a2
    696a:	9736                	add	a4,a4,a3
    696c:	01075693          	srli	a3,a4,0x10
    6970:	8f69                	and	a4,a4,a0
    6972:	97b6                	add	a5,a5,a3
    6974:	0107d693          	srli	a3,a5,0x10
    6978:	07c2                	slli	a5,a5,0x10
    697a:	97ba                	add	a5,a5,a4
    697c:	fef5ae23          	sw	a5,-4(a1)
    6980:	fc984be3          	blt	a6,s1,6956 <__multadd+0x1a>
    6984:	c2a1                	beqz	a3,69c4 <__multadd+0x88>
    6986:	441c                	lw	a5,8(s0)
    6988:	02f4c763          	blt	s1,a5,69b6 <__multadd+0x7a>
    698c:	404c                	lw	a1,4(s0)
    698e:	854e                	mv	a0,s3
    6990:	c636                	sw	a3,12(sp)
    6992:	0585                	addi	a1,a1,1
    6994:	ed9ff0ef          	jal	ra,686c <_Balloc>
    6998:	4810                	lw	a2,16(s0)
    699a:	00c40593          	addi	a1,s0,12
    699e:	892a                	mv	s2,a0
    69a0:	0609                	addi	a2,a2,2
    69a2:	060a                	slli	a2,a2,0x2
    69a4:	0531                	addi	a0,a0,12
    69a6:	e15ff0ef          	jal	ra,67ba <memcpy>
    69aa:	85a2                	mv	a1,s0
    69ac:	854e                	mv	a0,s3
    69ae:	f4bff0ef          	jal	ra,68f8 <_Bfree>
    69b2:	46b2                	lw	a3,12(sp)
    69b4:	844a                	mv	s0,s2
    69b6:	00448793          	addi	a5,s1,4
    69ba:	078a                	slli	a5,a5,0x2
    69bc:	97a2                	add	a5,a5,s0
    69be:	c3d4                	sw	a3,4(a5)
    69c0:	0485                	addi	s1,s1,1
    69c2:	c804                	sw	s1,16(s0)
    69c4:	8522                	mv	a0,s0
    69c6:	50b2                	lw	ra,44(sp)
    69c8:	5422                	lw	s0,40(sp)
    69ca:	5492                	lw	s1,36(sp)
    69cc:	5902                	lw	s2,32(sp)
    69ce:	49f2                	lw	s3,28(sp)
    69d0:	6145                	addi	sp,sp,48
    69d2:	8082                	ret

000069d4 <__s2b>:
    69d4:	7179                	addi	sp,sp,-48
    69d6:	00868793          	addi	a5,a3,8
    69da:	cc52                	sw	s4,24(sp)
    69dc:	8a36                	mv	s4,a3
    69de:	46a5                	li	a3,9
    69e0:	d422                	sw	s0,40(sp)
    69e2:	d226                	sw	s1,36(sp)
    69e4:	ce4e                	sw	s3,28(sp)
    69e6:	842e                	mv	s0,a1
    69e8:	02d7c7b3          	div	a5,a5,a3
    69ec:	d606                	sw	ra,44(sp)
    69ee:	d04a                	sw	s2,32(sp)
    69f0:	ca56                	sw	s5,20(sp)
    69f2:	89aa                	mv	s3,a0
    69f4:	84b2                	mv	s1,a2
    69f6:	4685                	li	a3,1
    69f8:	4581                	li	a1,0
    69fa:	04f6cc63          	blt	a3,a5,6a52 <__s2b+0x7e>
    69fe:	854e                	mv	a0,s3
    6a00:	c63a                	sw	a4,12(sp)
    6a02:	e6bff0ef          	jal	ra,686c <_Balloc>
    6a06:	4732                	lw	a4,12(sp)
    6a08:	4785                	li	a5,1
    6a0a:	c91c                	sw	a5,16(a0)
    6a0c:	c958                	sw	a4,20(a0)
    6a0e:	47a5                	li	a5,9
    6a10:	0497d463          	bge	a5,s1,6a58 <__s2b+0x84>
    6a14:	00940a93          	addi	s5,s0,9
    6a18:	8956                	mv	s2,s5
    6a1a:	9426                	add	s0,s0,s1
    6a1c:	0905                	addi	s2,s2,1
    6a1e:	fff94683          	lbu	a3,-1(s2)
    6a22:	85aa                	mv	a1,a0
    6a24:	4629                	li	a2,10
    6a26:	fd068693          	addi	a3,a3,-48
    6a2a:	854e                	mv	a0,s3
    6a2c:	f11ff0ef          	jal	ra,693c <__multadd>
    6a30:	fe8916e3          	bne	s2,s0,6a1c <__s2b+0x48>
    6a34:	ff848413          	addi	s0,s1,-8
    6a38:	9456                	add	s0,s0,s5
    6a3a:	8926                	mv	s2,s1
    6a3c:	03494163          	blt	s2,s4,6a5e <__s2b+0x8a>
    6a40:	50b2                	lw	ra,44(sp)
    6a42:	5422                	lw	s0,40(sp)
    6a44:	5492                	lw	s1,36(sp)
    6a46:	5902                	lw	s2,32(sp)
    6a48:	49f2                	lw	s3,28(sp)
    6a4a:	4a62                	lw	s4,24(sp)
    6a4c:	4ad2                	lw	s5,20(sp)
    6a4e:	6145                	addi	sp,sp,48
    6a50:	8082                	ret
    6a52:	0686                	slli	a3,a3,0x1
    6a54:	0585                	addi	a1,a1,1
    6a56:	b755                	j	69fa <__s2b+0x26>
    6a58:	0429                	addi	s0,s0,10
    6a5a:	44a5                	li	s1,9
    6a5c:	bff9                	j	6a3a <__s2b+0x66>
    6a5e:	409907b3          	sub	a5,s2,s1
    6a62:	97a2                	add	a5,a5,s0
    6a64:	2394                	lbu	a3,0(a5)
    6a66:	85aa                	mv	a1,a0
    6a68:	4629                	li	a2,10
    6a6a:	fd068693          	addi	a3,a3,-48
    6a6e:	854e                	mv	a0,s3
    6a70:	ecdff0ef          	jal	ra,693c <__multadd>
    6a74:	0905                	addi	s2,s2,1
    6a76:	b7d9                	j	6a3c <__s2b+0x68>

00006a78 <__hi0bits>:
    6a78:	7741                	lui	a4,0xffff0
    6a7a:	8f69                	and	a4,a4,a0
    6a7c:	87aa                	mv	a5,a0
    6a7e:	4501                	li	a0,0
    6a80:	e319                	bnez	a4,6a86 <__hi0bits+0xe>
    6a82:	07c2                	slli	a5,a5,0x10
    6a84:	4541                	li	a0,16
    6a86:	ff000737          	lui	a4,0xff000
    6a8a:	8f7d                	and	a4,a4,a5
    6a8c:	e319                	bnez	a4,6a92 <__hi0bits+0x1a>
    6a8e:	0521                	addi	a0,a0,8
    6a90:	07a2                	slli	a5,a5,0x8
    6a92:	f0000737          	lui	a4,0xf0000
    6a96:	8f7d                	and	a4,a4,a5
    6a98:	e319                	bnez	a4,6a9e <__hi0bits+0x26>
    6a9a:	0511                	addi	a0,a0,4
    6a9c:	0792                	slli	a5,a5,0x4
    6a9e:	c0000737          	lui	a4,0xc0000
    6aa2:	8f7d                	and	a4,a4,a5
    6aa4:	e319                	bnez	a4,6aaa <__hi0bits+0x32>
    6aa6:	0509                	addi	a0,a0,2
    6aa8:	078a                	slli	a5,a5,0x2
    6aaa:	0007c963          	bltz	a5,6abc <__hi0bits+0x44>
    6aae:	00179713          	slli	a4,a5,0x1
    6ab2:	0505                	addi	a0,a0,1
    6ab4:	00074463          	bltz	a4,6abc <__hi0bits+0x44>
    6ab8:	02000513          	li	a0,32
    6abc:	8082                	ret

00006abe <__lo0bits>:
    6abe:	411c                	lw	a5,0(a0)
    6ac0:	0077f713          	andi	a4,a5,7
    6ac4:	c30d                	beqz	a4,6ae6 <__lo0bits+0x28>
    6ac6:	0017f693          	andi	a3,a5,1
    6aca:	4701                	li	a4,0
    6acc:	e699                	bnez	a3,6ada <__lo0bits+0x1c>
    6ace:	0027f713          	andi	a4,a5,2
    6ad2:	c711                	beqz	a4,6ade <__lo0bits+0x20>
    6ad4:	8385                	srli	a5,a5,0x1
    6ad6:	c11c                	sw	a5,0(a0)
    6ad8:	4705                	li	a4,1
    6ada:	853a                	mv	a0,a4
    6adc:	8082                	ret
    6ade:	8389                	srli	a5,a5,0x2
    6ae0:	c11c                	sw	a5,0(a0)
    6ae2:	4709                	li	a4,2
    6ae4:	bfdd                	j	6ada <__lo0bits+0x1c>
    6ae6:	01079693          	slli	a3,a5,0x10
    6aea:	82c1                	srli	a3,a3,0x10
    6aec:	4701                	li	a4,0
    6aee:	e299                	bnez	a3,6af4 <__lo0bits+0x36>
    6af0:	83c1                	srli	a5,a5,0x10
    6af2:	4741                	li	a4,16
    6af4:	0ff7f693          	andi	a3,a5,255
    6af8:	e299                	bnez	a3,6afe <__lo0bits+0x40>
    6afa:	0721                	addi	a4,a4,8
    6afc:	83a1                	srli	a5,a5,0x8
    6afe:	00f7f693          	andi	a3,a5,15
    6b02:	e299                	bnez	a3,6b08 <__lo0bits+0x4a>
    6b04:	0711                	addi	a4,a4,4
    6b06:	8391                	srli	a5,a5,0x4
    6b08:	0037f693          	andi	a3,a5,3
    6b0c:	e299                	bnez	a3,6b12 <__lo0bits+0x54>
    6b0e:	0709                	addi	a4,a4,2
    6b10:	8389                	srli	a5,a5,0x2
    6b12:	0017f693          	andi	a3,a5,1
    6b16:	e681                	bnez	a3,6b1e <__lo0bits+0x60>
    6b18:	8385                	srli	a5,a5,0x1
    6b1a:	0705                	addi	a4,a4,1
    6b1c:	c399                	beqz	a5,6b22 <__lo0bits+0x64>
    6b1e:	c11c                	sw	a5,0(a0)
    6b20:	bf6d                	j	6ada <__lo0bits+0x1c>
    6b22:	02000713          	li	a4,32
    6b26:	bf55                	j	6ada <__lo0bits+0x1c>

00006b28 <__i2b>:
    6b28:	1141                	addi	sp,sp,-16
    6b2a:	c422                	sw	s0,8(sp)
    6b2c:	842e                	mv	s0,a1
    6b2e:	4585                	li	a1,1
    6b30:	c606                	sw	ra,12(sp)
    6b32:	d3bff0ef          	jal	ra,686c <_Balloc>
    6b36:	c940                	sw	s0,20(a0)
    6b38:	40b2                	lw	ra,12(sp)
    6b3a:	4422                	lw	s0,8(sp)
    6b3c:	4705                	li	a4,1
    6b3e:	c918                	sw	a4,16(a0)
    6b40:	0141                	addi	sp,sp,16
    6b42:	8082                	ret

00006b44 <__multiply>:
    6b44:	4998                	lw	a4,16(a1)
    6b46:	4a1c                	lw	a5,16(a2)
    6b48:	7179                	addi	sp,sp,-48
    6b4a:	d226                	sw	s1,36(sp)
    6b4c:	d606                	sw	ra,44(sp)
    6b4e:	d422                	sw	s0,40(sp)
    6b50:	d04a                	sw	s2,32(sp)
    6b52:	ce4e                	sw	s3,28(sp)
    6b54:	84ae                	mv	s1,a1
    6b56:	00f75463          	bge	a4,a5,6b5e <__multiply+0x1a>
    6b5a:	84b2                	mv	s1,a2
    6b5c:	862e                	mv	a2,a1
    6b5e:	0104a983          	lw	s3,16(s1)
    6b62:	01062903          	lw	s2,16(a2)
    6b66:	449c                	lw	a5,8(s1)
    6b68:	40cc                	lw	a1,4(s1)
    6b6a:	01298433          	add	s0,s3,s2
    6b6e:	0087d363          	bge	a5,s0,6b74 <__multiply+0x30>
    6b72:	0585                	addi	a1,a1,1
    6b74:	c632                	sw	a2,12(sp)
    6b76:	cf7ff0ef          	jal	ra,686c <_Balloc>
    6b7a:	4632                	lw	a2,12(sp)
    6b7c:	01450813          	addi	a6,a0,20 # 10014 <_data_lma+0x6958>
    6b80:	00241313          	slli	t1,s0,0x2
    6b84:	9342                	add	t1,t1,a6
    6b86:	87c2                	mv	a5,a6
    6b88:	0267ed63          	bltu	a5,t1,6bc2 <__multiply+0x7e>
    6b8c:	01448593          	addi	a1,s1,20
    6b90:	00299893          	slli	a7,s3,0x2
    6b94:	0651                	addi	a2,a2,20
    6b96:	00291e13          	slli	t3,s2,0x2
    6b9a:	66c1                	lui	a3,0x10
    6b9c:	98ae                	add	a7,a7,a1
    6b9e:	9e32                	add	t3,t3,a2
    6ba0:	16fd                	addi	a3,a3,-1
    6ba2:	03c66463          	bltu	a2,t3,6bca <__multiply+0x86>
    6ba6:	00805663          	blez	s0,6bb2 <__multiply+0x6e>
    6baa:	1371                	addi	t1,t1,-4
    6bac:	00032783          	lw	a5,0(t1)
    6bb0:	cbf1                	beqz	a5,6c84 <__multiply+0x140>
    6bb2:	c900                	sw	s0,16(a0)
    6bb4:	50b2                	lw	ra,44(sp)
    6bb6:	5422                	lw	s0,40(sp)
    6bb8:	5492                	lw	s1,36(sp)
    6bba:	5902                	lw	s2,32(sp)
    6bbc:	49f2                	lw	s3,28(sp)
    6bbe:	6145                	addi	sp,sp,48
    6bc0:	8082                	ret
    6bc2:	0007a023          	sw	zero,0(a5)
    6bc6:	0791                	addi	a5,a5,4
    6bc8:	b7c1                	j	6b88 <__multiply+0x44>
    6bca:	00062f83          	lw	t6,0(a2)
    6bce:	00dfffb3          	and	t6,t6,a3
    6bd2:	040f8a63          	beqz	t6,6c26 <__multiply+0xe2>
    6bd6:	8f42                	mv	t5,a6
    6bd8:	82ae                	mv	t0,a1
    6bda:	4481                	li	s1,0
    6bdc:	0002a703          	lw	a4,0(t0)
    6be0:	000f2383          	lw	t2,0(t5)
    6be4:	0f11                	addi	t5,t5,4
    6be6:	00d77eb3          	and	t4,a4,a3
    6bea:	03fe8eb3          	mul	t4,t4,t6
    6bee:	00d3f7b3          	and	a5,t2,a3
    6bf2:	0103d393          	srli	t2,t2,0x10
    6bf6:	0291                	addi	t0,t0,4
    6bf8:	9ebe                	add	t4,t4,a5
    6bfa:	01075793          	srli	a5,a4,0x10
    6bfe:	03f787b3          	mul	a5,a5,t6
    6c02:	9ea6                	add	t4,t4,s1
    6c04:	010ed713          	srli	a4,t4,0x10
    6c08:	00defeb3          	and	t4,t4,a3
    6c0c:	979e                	add	a5,a5,t2
    6c0e:	97ba                	add	a5,a5,a4
    6c10:	0107d493          	srli	s1,a5,0x10
    6c14:	07c2                	slli	a5,a5,0x10
    6c16:	01d7e7b3          	or	a5,a5,t4
    6c1a:	feff2e23          	sw	a5,-4(t5)
    6c1e:	fb12efe3          	bltu	t0,a7,6bdc <__multiply+0x98>
    6c22:	009f2023          	sw	s1,0(t5)
    6c26:	00265283          	lhu	t0,2(a2)
    6c2a:	04028a63          	beqz	t0,6c7e <__multiply+0x13a>
    6c2e:	00082783          	lw	a5,0(a6)
    6c32:	8ec2                	mv	t4,a6
    6c34:	8f2e                	mv	t5,a1
    6c36:	4f81                	li	t6,0
    6c38:	000f2703          	lw	a4,0(t5)
    6c3c:	002ed383          	lhu	t2,2(t4)
    6c40:	8ff5                	and	a5,a5,a3
    6c42:	8f75                	and	a4,a4,a3
    6c44:	02570733          	mul	a4,a4,t0
    6c48:	0e91                	addi	t4,t4,4
    6c4a:	0f11                	addi	t5,t5,4
    6c4c:	971e                	add	a4,a4,t2
    6c4e:	977e                	add	a4,a4,t6
    6c50:	01071f93          	slli	t6,a4,0x10
    6c54:	00ffe7b3          	or	a5,t6,a5
    6c58:	fefeae23          	sw	a5,-4(t4)
    6c5c:	ffef5783          	lhu	a5,-2(t5)
    6c60:	000eaf83          	lw	t6,0(t4)
    6c64:	8341                	srli	a4,a4,0x10
    6c66:	025787b3          	mul	a5,a5,t0
    6c6a:	00dfffb3          	and	t6,t6,a3
    6c6e:	97fe                	add	a5,a5,t6
    6c70:	97ba                	add	a5,a5,a4
    6c72:	0107df93          	srli	t6,a5,0x10
    6c76:	fd1f61e3          	bltu	t5,a7,6c38 <__multiply+0xf4>
    6c7a:	00fea023          	sw	a5,0(t4)
    6c7e:	0611                	addi	a2,a2,4
    6c80:	0811                	addi	a6,a6,4
    6c82:	b705                	j	6ba2 <__multiply+0x5e>
    6c84:	147d                	addi	s0,s0,-1
    6c86:	b705                	j	6ba6 <__multiply+0x62>

00006c88 <__pow5mult>:
    6c88:	1101                	addi	sp,sp,-32
    6c8a:	ca26                	sw	s1,20(sp)
    6c8c:	c84a                	sw	s2,16(sp)
    6c8e:	c64e                	sw	s3,12(sp)
    6c90:	ce06                	sw	ra,28(sp)
    6c92:	cc22                	sw	s0,24(sp)
    6c94:	c452                	sw	s4,8(sp)
    6c96:	00367793          	andi	a5,a2,3
    6c9a:	892a                	mv	s2,a0
    6c9c:	84b2                	mv	s1,a2
    6c9e:	89ae                	mv	s3,a1
    6ca0:	cf89                	beqz	a5,6cba <__pow5mult+0x32>
    6ca2:	17fd                	addi	a5,a5,-1
    6ca4:	00003717          	auipc	a4,0x3
    6ca8:	84470713          	addi	a4,a4,-1980 # 94e8 <p05.3319>
    6cac:	078a                	slli	a5,a5,0x2
    6cae:	97ba                	add	a5,a5,a4
    6cb0:	4390                	lw	a2,0(a5)
    6cb2:	4681                	li	a3,0
    6cb4:	c89ff0ef          	jal	ra,693c <__multadd>
    6cb8:	89aa                	mv	s3,a0
    6cba:	8489                	srai	s1,s1,0x2
    6cbc:	cca5                	beqz	s1,6d34 <__pow5mult+0xac>
    6cbe:	02492783          	lw	a5,36(s2)
    6cc2:	ef91                	bnez	a5,6cde <__pow5mult+0x56>
    6cc4:	4541                	li	a0,16
    6cc6:	078010ef          	jal	ra,7d3e <malloc>
    6cca:	02a92223          	sw	a0,36(s2)
    6cce:	00052223          	sw	zero,4(a0)
    6cd2:	00052423          	sw	zero,8(a0)
    6cd6:	00052023          	sw	zero,0(a0)
    6cda:	00052623          	sw	zero,12(a0)
    6cde:	02492a03          	lw	s4,36(s2)
    6ce2:	008a2403          	lw	s0,8(s4)
    6ce6:	e819                	bnez	s0,6cfc <__pow5mult+0x74>
    6ce8:	27100593          	li	a1,625
    6cec:	854a                	mv	a0,s2
    6cee:	e3bff0ef          	jal	ra,6b28 <__i2b>
    6cf2:	00aa2423          	sw	a0,8(s4)
    6cf6:	842a                	mv	s0,a0
    6cf8:	00052023          	sw	zero,0(a0)
    6cfc:	0014f793          	andi	a5,s1,1
    6d00:	cf81                	beqz	a5,6d18 <__pow5mult+0x90>
    6d02:	85ce                	mv	a1,s3
    6d04:	8622                	mv	a2,s0
    6d06:	854a                	mv	a0,s2
    6d08:	e3dff0ef          	jal	ra,6b44 <__multiply>
    6d0c:	8a2a                	mv	s4,a0
    6d0e:	85ce                	mv	a1,s3
    6d10:	854a                	mv	a0,s2
    6d12:	be7ff0ef          	jal	ra,68f8 <_Bfree>
    6d16:	89d2                	mv	s3,s4
    6d18:	8485                	srai	s1,s1,0x1
    6d1a:	cc89                	beqz	s1,6d34 <__pow5mult+0xac>
    6d1c:	4008                	lw	a0,0(s0)
    6d1e:	e909                	bnez	a0,6d30 <__pow5mult+0xa8>
    6d20:	8622                	mv	a2,s0
    6d22:	85a2                	mv	a1,s0
    6d24:	854a                	mv	a0,s2
    6d26:	e1fff0ef          	jal	ra,6b44 <__multiply>
    6d2a:	c008                	sw	a0,0(s0)
    6d2c:	00052023          	sw	zero,0(a0)
    6d30:	842a                	mv	s0,a0
    6d32:	b7e9                	j	6cfc <__pow5mult+0x74>
    6d34:	40f2                	lw	ra,28(sp)
    6d36:	4462                	lw	s0,24(sp)
    6d38:	854e                	mv	a0,s3
    6d3a:	44d2                	lw	s1,20(sp)
    6d3c:	4942                	lw	s2,16(sp)
    6d3e:	49b2                	lw	s3,12(sp)
    6d40:	4a22                	lw	s4,8(sp)
    6d42:	6105                	addi	sp,sp,32
    6d44:	8082                	ret

00006d46 <__lshift>:
    6d46:	7179                	addi	sp,sp,-48
    6d48:	d226                	sw	s1,36(sp)
    6d4a:	84ae                	mv	s1,a1
    6d4c:	ce4e                	sw	s3,28(sp)
    6d4e:	0104a983          	lw	s3,16(s1)
    6d52:	d422                	sw	s0,40(sp)
    6d54:	41cc                	lw	a1,4(a1)
    6d56:	40565413          	srai	s0,a2,0x5
    6d5a:	449c                	lw	a5,8(s1)
    6d5c:	99a2                	add	s3,s3,s0
    6d5e:	d04a                	sw	s2,32(sp)
    6d60:	ca56                	sw	s5,20(sp)
    6d62:	d606                	sw	ra,44(sp)
    6d64:	cc52                	sw	s4,24(sp)
    6d66:	8aaa                	mv	s5,a0
    6d68:	00198913          	addi	s2,s3,1
    6d6c:	0927c463          	blt	a5,s2,6df4 <__lshift+0xae>
    6d70:	8556                	mv	a0,s5
    6d72:	c632                	sw	a2,12(sp)
    6d74:	af9ff0ef          	jal	ra,686c <_Balloc>
    6d78:	4632                	lw	a2,12(sp)
    6d7a:	01450793          	addi	a5,a0,20
    6d7e:	8a2a                	mv	s4,a0
    6d80:	86be                	mv	a3,a5
    6d82:	4701                	li	a4,0
    6d84:	0691                	addi	a3,a3,4
    6d86:	06874a63          	blt	a4,s0,6dfa <__lshift+0xb4>
    6d8a:	00045363          	bgez	s0,6d90 <__lshift+0x4a>
    6d8e:	4401                	li	s0,0
    6d90:	4894                	lw	a3,16(s1)
    6d92:	040a                	slli	s0,s0,0x2
    6d94:	00878733          	add	a4,a5,s0
    6d98:	068a                	slli	a3,a3,0x2
    6d9a:	01448793          	addi	a5,s1,20
    6d9e:	8a7d                	andi	a2,a2,31
    6da0:	96be                	add	a3,a3,a5
    6da2:	c225                	beqz	a2,6e02 <__lshift+0xbc>
    6da4:	02000813          	li	a6,32
    6da8:	40c80833          	sub	a6,a6,a2
    6dac:	4581                	li	a1,0
    6dae:	4388                	lw	a0,0(a5)
    6db0:	0711                	addi	a4,a4,4
    6db2:	0791                	addi	a5,a5,4
    6db4:	00c51533          	sll	a0,a0,a2
    6db8:	8dc9                	or	a1,a1,a0
    6dba:	feb72e23          	sw	a1,-4(a4)
    6dbe:	ffc7a583          	lw	a1,-4(a5)
    6dc2:	0105d5b3          	srl	a1,a1,a6
    6dc6:	fed7e4e3          	bltu	a5,a3,6dae <__lshift+0x68>
    6dca:	c30c                	sw	a1,0(a4)
    6dcc:	c199                	beqz	a1,6dd2 <__lshift+0x8c>
    6dce:	00298913          	addi	s2,s3,2
    6dd2:	197d                	addi	s2,s2,-1
    6dd4:	012a2823          	sw	s2,16(s4)
    6dd8:	8556                	mv	a0,s5
    6dda:	85a6                	mv	a1,s1
    6ddc:	b1dff0ef          	jal	ra,68f8 <_Bfree>
    6de0:	50b2                	lw	ra,44(sp)
    6de2:	5422                	lw	s0,40(sp)
    6de4:	8552                	mv	a0,s4
    6de6:	5492                	lw	s1,36(sp)
    6de8:	5902                	lw	s2,32(sp)
    6dea:	49f2                	lw	s3,28(sp)
    6dec:	4a62                	lw	s4,24(sp)
    6dee:	4ad2                	lw	s5,20(sp)
    6df0:	6145                	addi	sp,sp,48
    6df2:	8082                	ret
    6df4:	0585                	addi	a1,a1,1
    6df6:	0786                	slli	a5,a5,0x1
    6df8:	bf95                	j	6d6c <__lshift+0x26>
    6dfa:	fe06ae23          	sw	zero,-4(a3) # fffc <_data_lma+0x6940>
    6dfe:	0705                	addi	a4,a4,1
    6e00:	b751                	j	6d84 <__lshift+0x3e>
    6e02:	0791                	addi	a5,a5,4
    6e04:	ffc7a603          	lw	a2,-4(a5)
    6e08:	0711                	addi	a4,a4,4
    6e0a:	fec72e23          	sw	a2,-4(a4)
    6e0e:	fed7eae3          	bltu	a5,a3,6e02 <__lshift+0xbc>
    6e12:	b7c1                	j	6dd2 <__lshift+0x8c>

00006e14 <__mcmp>:
    6e14:	491c                	lw	a5,16(a0)
    6e16:	4998                	lw	a4,16(a1)
    6e18:	8f99                	sub	a5,a5,a4
    6e1a:	e38d                	bnez	a5,6e3c <__mcmp+0x28>
    6e1c:	070a                	slli	a4,a4,0x2
    6e1e:	0551                	addi	a0,a0,20
    6e20:	05d1                	addi	a1,a1,20
    6e22:	00e506b3          	add	a3,a0,a4
    6e26:	95ba                	add	a1,a1,a4
    6e28:	16f1                	addi	a3,a3,-4
    6e2a:	15f1                	addi	a1,a1,-4
    6e2c:	4290                	lw	a2,0(a3)
    6e2e:	4198                	lw	a4,0(a1)
    6e30:	00e60863          	beq	a2,a4,6e40 <__mcmp+0x2c>
    6e34:	57fd                	li	a5,-1
    6e36:	00e66363          	bltu	a2,a4,6e3c <__mcmp+0x28>
    6e3a:	4785                	li	a5,1
    6e3c:	853e                	mv	a0,a5
    6e3e:	8082                	ret
    6e40:	fed564e3          	bltu	a0,a3,6e28 <__mcmp+0x14>
    6e44:	bfe5                	j	6e3c <__mcmp+0x28>

00006e46 <__mdiff>:
    6e46:	1101                	addi	sp,sp,-32
    6e48:	ca26                	sw	s1,20(sp)
    6e4a:	84ae                	mv	s1,a1
    6e4c:	c64e                	sw	s3,12(sp)
    6e4e:	85b2                	mv	a1,a2
    6e50:	89aa                	mv	s3,a0
    6e52:	8526                	mv	a0,s1
    6e54:	cc22                	sw	s0,24(sp)
    6e56:	ce06                	sw	ra,28(sp)
    6e58:	c84a                	sw	s2,16(sp)
    6e5a:	8432                	mv	s0,a2
    6e5c:	fb9ff0ef          	jal	ra,6e14 <__mcmp>
    6e60:	e105                	bnez	a0,6e80 <__mdiff+0x3a>
    6e62:	4581                	li	a1,0
    6e64:	854e                	mv	a0,s3
    6e66:	a07ff0ef          	jal	ra,686c <_Balloc>
    6e6a:	4785                	li	a5,1
    6e6c:	c91c                	sw	a5,16(a0)
    6e6e:	00052a23          	sw	zero,20(a0)
    6e72:	40f2                	lw	ra,28(sp)
    6e74:	4462                	lw	s0,24(sp)
    6e76:	44d2                	lw	s1,20(sp)
    6e78:	4942                	lw	s2,16(sp)
    6e7a:	49b2                	lw	s3,12(sp)
    6e7c:	6105                	addi	sp,sp,32
    6e7e:	8082                	ret
    6e80:	4905                	li	s2,1
    6e82:	00054663          	bltz	a0,6e8e <__mdiff+0x48>
    6e86:	87a2                	mv	a5,s0
    6e88:	4901                	li	s2,0
    6e8a:	8426                	mv	s0,s1
    6e8c:	84be                	mv	s1,a5
    6e8e:	404c                	lw	a1,4(s0)
    6e90:	854e                	mv	a0,s3
    6e92:	9dbff0ef          	jal	ra,686c <_Balloc>
    6e96:	01042303          	lw	t1,16(s0)
    6e9a:	0104a883          	lw	a7,16(s1)
    6e9e:	01440613          	addi	a2,s0,20
    6ea2:	00231e13          	slli	t3,t1,0x2
    6ea6:	01448813          	addi	a6,s1,20
    6eaa:	088a                	slli	a7,a7,0x2
    6eac:	6ec1                	lui	t4,0x10
    6eae:	01252623          	sw	s2,12(a0)
    6eb2:	9e32                	add	t3,t3,a2
    6eb4:	98c2                	add	a7,a7,a6
    6eb6:	01450693          	addi	a3,a0,20
    6eba:	4f01                	li	t5,0
    6ebc:	1efd                	addi	t4,t4,-1
    6ebe:	4218                	lw	a4,0(a2)
    6ec0:	00082f83          	lw	t6,0(a6)
    6ec4:	0691                	addi	a3,a3,4
    6ec6:	01d775b3          	and	a1,a4,t4
    6eca:	01dff7b3          	and	a5,t6,t4
    6ece:	95fa                	add	a1,a1,t5
    6ed0:	8d9d                	sub	a1,a1,a5
    6ed2:	010fdf93          	srli	t6,t6,0x10
    6ed6:	01075793          	srli	a5,a4,0x10
    6eda:	41f787b3          	sub	a5,a5,t6
    6ede:	4105d713          	srai	a4,a1,0x10
    6ee2:	97ba                	add	a5,a5,a4
    6ee4:	4107df13          	srai	t5,a5,0x10
    6ee8:	01d5f5b3          	and	a1,a1,t4
    6eec:	07c2                	slli	a5,a5,0x10
    6eee:	8fcd                	or	a5,a5,a1
    6ef0:	0811                	addi	a6,a6,4
    6ef2:	fef6ae23          	sw	a5,-4(a3)
    6ef6:	0611                	addi	a2,a2,4
    6ef8:	fd1863e3          	bltu	a6,a7,6ebe <__mdiff+0x78>
    6efc:	65c1                	lui	a1,0x10
    6efe:	15fd                	addi	a1,a1,-1
    6f00:	01c66863          	bltu	a2,t3,6f10 <__mdiff+0xca>
    6f04:	16f1                	addi	a3,a3,-4
    6f06:	429c                	lw	a5,0(a3)
    6f08:	c795                	beqz	a5,6f34 <__mdiff+0xee>
    6f0a:	00652823          	sw	t1,16(a0)
    6f0e:	b795                	j	6e72 <__mdiff+0x2c>
    6f10:	421c                	lw	a5,0(a2)
    6f12:	0691                	addi	a3,a3,4
    6f14:	0611                	addi	a2,a2,4
    6f16:	00b7f733          	and	a4,a5,a1
    6f1a:	977a                	add	a4,a4,t5
    6f1c:	41075813          	srai	a6,a4,0x10
    6f20:	83c1                	srli	a5,a5,0x10
    6f22:	97c2                	add	a5,a5,a6
    6f24:	4107df13          	srai	t5,a5,0x10
    6f28:	8f6d                	and	a4,a4,a1
    6f2a:	07c2                	slli	a5,a5,0x10
    6f2c:	8fd9                	or	a5,a5,a4
    6f2e:	fef6ae23          	sw	a5,-4(a3)
    6f32:	b7f9                	j	6f00 <__mdiff+0xba>
    6f34:	137d                	addi	t1,t1,-1
    6f36:	b7f9                	j	6f04 <__mdiff+0xbe>

00006f38 <__ulp>:
    6f38:	7ff007b7          	lui	a5,0x7ff00
    6f3c:	8dfd                	and	a1,a1,a5
    6f3e:	fcc007b7          	lui	a5,0xfcc00
    6f42:	95be                	add	a1,a1,a5
    6f44:	00b05563          	blez	a1,6f4e <__ulp+0x16>
    6f48:	4781                	li	a5,0
    6f4a:	853e                	mv	a0,a5
    6f4c:	8082                	ret
    6f4e:	40b005b3          	neg	a1,a1
    6f52:	4145d793          	srai	a5,a1,0x14
    6f56:	474d                	li	a4,19
    6f58:	00f74763          	blt	a4,a5,6f66 <__ulp+0x2e>
    6f5c:	000805b7          	lui	a1,0x80
    6f60:	40f5d5b3          	sra	a1,a1,a5
    6f64:	b7d5                	j	6f48 <__ulp+0x10>
    6f66:	fec78713          	addi	a4,a5,-20 # fcbfffec <_eusrstack+0xdcbf7fec>
    6f6a:	46f9                	li	a3,30
    6f6c:	4581                	li	a1,0
    6f6e:	4785                	li	a5,1
    6f70:	fce6cde3          	blt	a3,a4,6f4a <__ulp+0x12>
    6f74:	800007b7          	lui	a5,0x80000
    6f78:	00e7d7b3          	srl	a5,a5,a4
    6f7c:	b7f9                	j	6f4a <__ulp+0x12>

00006f7e <__b2d>:
    6f7e:	7179                	addi	sp,sp,-48
    6f80:	d226                	sw	s1,36(sp)
    6f82:	4904                	lw	s1,16(a0)
    6f84:	ce4e                	sw	s3,28(sp)
    6f86:	01450993          	addi	s3,a0,20
    6f8a:	048a                	slli	s1,s1,0x2
    6f8c:	94ce                	add	s1,s1,s3
    6f8e:	d422                	sw	s0,40(sp)
    6f90:	ffc4a403          	lw	s0,-4(s1)
    6f94:	d04a                	sw	s2,32(sp)
    6f96:	c62e                	sw	a1,12(sp)
    6f98:	8522                	mv	a0,s0
    6f9a:	d606                	sw	ra,44(sp)
    6f9c:	addff0ef          	jal	ra,6a78 <__hi0bits>
    6fa0:	45b2                	lw	a1,12(sp)
    6fa2:	02000793          	li	a5,32
    6fa6:	8f89                	sub	a5,a5,a0
    6fa8:	c19c                	sw	a5,0(a1)
    6faa:	47a9                	li	a5,10
    6fac:	ffc48913          	addi	s2,s1,-4
    6fb0:	02a7cd63          	blt	a5,a0,6fea <__b2d+0x6c>
    6fb4:	47ad                	li	a5,11
    6fb6:	8f89                	sub	a5,a5,a0
    6fb8:	3ff00737          	lui	a4,0x3ff00
    6fbc:	00f456b3          	srl	a3,s0,a5
    6fc0:	8ed9                	or	a3,a3,a4
    6fc2:	4701                	li	a4,0
    6fc4:	0129f463          	bgeu	s3,s2,6fcc <__b2d+0x4e>
    6fc8:	ff84a703          	lw	a4,-8(s1)
    6fcc:	0555                	addi	a0,a0,21
    6fce:	00a41533          	sll	a0,s0,a0
    6fd2:	00f757b3          	srl	a5,a4,a5
    6fd6:	8fc9                	or	a5,a5,a0
    6fd8:	50b2                	lw	ra,44(sp)
    6fda:	5422                	lw	s0,40(sp)
    6fdc:	5492                	lw	s1,36(sp)
    6fde:	5902                	lw	s2,32(sp)
    6fe0:	49f2                	lw	s3,28(sp)
    6fe2:	853e                	mv	a0,a5
    6fe4:	85b6                	mv	a1,a3
    6fe6:	6145                	addi	sp,sp,48
    6fe8:	8082                	ret
    6fea:	4781                	li	a5,0
    6fec:	0129f663          	bgeu	s3,s2,6ff8 <__b2d+0x7a>
    6ff0:	ff84a783          	lw	a5,-8(s1)
    6ff4:	ff848913          	addi	s2,s1,-8
    6ff8:	1555                	addi	a0,a0,-11
    6ffa:	c905                	beqz	a0,702a <__b2d+0xac>
    6ffc:	02000713          	li	a4,32
    7000:	40a70633          	sub	a2,a4,a0
    7004:	00c7d733          	srl	a4,a5,a2
    7008:	00a41433          	sll	s0,s0,a0
    700c:	8c59                	or	s0,s0,a4
    700e:	3ff006b7          	lui	a3,0x3ff00
    7012:	8ec1                	or	a3,a3,s0
    7014:	4701                	li	a4,0
    7016:	0129f463          	bgeu	s3,s2,701e <__b2d+0xa0>
    701a:	ffc92703          	lw	a4,-4(s2)
    701e:	00a797b3          	sll	a5,a5,a0
    7022:	00c75733          	srl	a4,a4,a2
    7026:	8fd9                	or	a5,a5,a4
    7028:	bf45                	j	6fd8 <__b2d+0x5a>
    702a:	3ff006b7          	lui	a3,0x3ff00
    702e:	8ec1                	or	a3,a3,s0
    7030:	b765                	j	6fd8 <__b2d+0x5a>

00007032 <__d2b>:
    7032:	7179                	addi	sp,sp,-48
    7034:	d422                	sw	s0,40(sp)
    7036:	842e                	mv	s0,a1
    7038:	4585                	li	a1,1
    703a:	d226                	sw	s1,36(sp)
    703c:	d04a                	sw	s2,32(sp)
    703e:	84b2                	mv	s1,a2
    7040:	ce4e                	sw	s3,28(sp)
    7042:	cc52                	sw	s4,24(sp)
    7044:	893a                	mv	s2,a4
    7046:	d606                	sw	ra,44(sp)
    7048:	8a36                	mv	s4,a3
    704a:	823ff0ef          	jal	ra,686c <_Balloc>
    704e:	00100737          	lui	a4,0x100
    7052:	fff70793          	addi	a5,a4,-1 # fffff <_data_lma+0xf6943>
    7056:	8fe5                	and	a5,a5,s1
    7058:	80d1                	srli	s1,s1,0x14
    705a:	7ff4f493          	andi	s1,s1,2047
    705e:	89aa                	mv	s3,a0
    7060:	e0b5                	bnez	s1,70c4 <__d2b+0x92>
    7062:	c63e                	sw	a5,12(sp)
    7064:	c42d                	beqz	s0,70ce <__d2b+0x9c>
    7066:	0028                	addi	a0,sp,8
    7068:	c422                	sw	s0,8(sp)
    706a:	a55ff0ef          	jal	ra,6abe <__lo0bits>
    706e:	46a2                	lw	a3,8(sp)
    7070:	cd21                	beqz	a0,70c8 <__d2b+0x96>
    7072:	4732                	lw	a4,12(sp)
    7074:	02000793          	li	a5,32
    7078:	8f89                	sub	a5,a5,a0
    707a:	00f717b3          	sll	a5,a4,a5
    707e:	8fd5                	or	a5,a5,a3
    7080:	00a75733          	srl	a4,a4,a0
    7084:	00f9aa23          	sw	a5,20(s3)
    7088:	c63a                	sw	a4,12(sp)
    708a:	4432                	lw	s0,12(sp)
    708c:	0089ac23          	sw	s0,24(s3)
    7090:	00803433          	snez	s0,s0
    7094:	0405                	addi	s0,s0,1
    7096:	0089a823          	sw	s0,16(s3)
    709a:	c4b9                	beqz	s1,70e8 <__d2b+0xb6>
    709c:	bcd48493          	addi	s1,s1,-1075
    70a0:	94aa                	add	s1,s1,a0
    70a2:	03500793          	li	a5,53
    70a6:	009a2023          	sw	s1,0(s4)
    70aa:	40a78533          	sub	a0,a5,a0
    70ae:	00a92023          	sw	a0,0(s2)
    70b2:	50b2                	lw	ra,44(sp)
    70b4:	5422                	lw	s0,40(sp)
    70b6:	854e                	mv	a0,s3
    70b8:	5492                	lw	s1,36(sp)
    70ba:	5902                	lw	s2,32(sp)
    70bc:	49f2                	lw	s3,28(sp)
    70be:	4a62                	lw	s4,24(sp)
    70c0:	6145                	addi	sp,sp,48
    70c2:	8082                	ret
    70c4:	8fd9                	or	a5,a5,a4
    70c6:	bf71                	j	7062 <__d2b+0x30>
    70c8:	00d9aa23          	sw	a3,20(s3)
    70cc:	bf7d                	j	708a <__d2b+0x58>
    70ce:	0068                	addi	a0,sp,12
    70d0:	9efff0ef          	jal	ra,6abe <__lo0bits>
    70d4:	47b2                	lw	a5,12(sp)
    70d6:	02050513          	addi	a0,a0,32
    70da:	4405                	li	s0,1
    70dc:	00f9aa23          	sw	a5,20(s3)
    70e0:	4785                	li	a5,1
    70e2:	00f9a823          	sw	a5,16(s3)
    70e6:	bf55                	j	709a <__d2b+0x68>
    70e8:	00241793          	slli	a5,s0,0x2
    70ec:	bce50513          	addi	a0,a0,-1074
    70f0:	97ce                	add	a5,a5,s3
    70f2:	00aa2023          	sw	a0,0(s4)
    70f6:	4b88                	lw	a0,16(a5)
    70f8:	0416                	slli	s0,s0,0x5
    70fa:	97fff0ef          	jal	ra,6a78 <__hi0bits>
    70fe:	8c09                	sub	s0,s0,a0
    7100:	00892023          	sw	s0,0(s2)
    7104:	b77d                	j	70b2 <__d2b+0x80>

00007106 <__ratio>:
    7106:	7179                	addi	sp,sp,-48
    7108:	d04a                	sw	s2,32(sp)
    710a:	892e                	mv	s2,a1
    710c:	002c                	addi	a1,sp,8
    710e:	d606                	sw	ra,44(sp)
    7110:	d422                	sw	s0,40(sp)
    7112:	d226                	sw	s1,36(sp)
    7114:	ce4e                	sw	s3,28(sp)
    7116:	cc52                	sw	s4,24(sp)
    7118:	8a2a                	mv	s4,a0
    711a:	e65ff0ef          	jal	ra,6f7e <__b2d>
    711e:	89aa                	mv	s3,a0
    7120:	84ae                	mv	s1,a1
    7122:	842e                	mv	s0,a1
    7124:	854a                	mv	a0,s2
    7126:	006c                	addi	a1,sp,12
    7128:	e57ff0ef          	jal	ra,6f7e <__b2d>
    712c:	01092783          	lw	a5,16(s2)
    7130:	010a2703          	lw	a4,16(s4)
    7134:	46a2                	lw	a3,8(sp)
    7136:	8f1d                	sub	a4,a4,a5
    7138:	47b2                	lw	a5,12(sp)
    713a:	0716                	slli	a4,a4,0x5
    713c:	8e9d                	sub	a3,a3,a5
    713e:	00d707b3          	add	a5,a4,a3
    7142:	02f05563          	blez	a5,716c <__ratio+0x66>
    7146:	07d2                	slli	a5,a5,0x14
    7148:	862e                	mv	a2,a1
    714a:	00978433          	add	s0,a5,s1
    714e:	8732                	mv	a4,a2
    7150:	85a2                	mv	a1,s0
    7152:	862a                	mv	a2,a0
    7154:	86ba                	mv	a3,a4
    7156:	854e                	mv	a0,s3
    7158:	452010ef          	jal	ra,85aa <__divdf3>
    715c:	50b2                	lw	ra,44(sp)
    715e:	5422                	lw	s0,40(sp)
    7160:	5492                	lw	s1,36(sp)
    7162:	5902                	lw	s2,32(sp)
    7164:	49f2                	lw	s3,28(sp)
    7166:	4a62                	lw	s4,24(sp)
    7168:	6145                	addi	sp,sp,48
    716a:	8082                	ret
    716c:	fff00737          	lui	a4,0xfff00
    7170:	02e787b3          	mul	a5,a5,a4
    7174:	00b78633          	add	a2,a5,a1
    7178:	bfd9                	j	714e <__ratio+0x48>

0000717a <__copybits>:
    717a:	fff58793          	addi	a5,a1,-1 # 7ffff <_data_lma+0x76943>
    717e:	4a18                	lw	a4,16(a2)
    7180:	8795                	srai	a5,a5,0x5
    7182:	0785                	addi	a5,a5,1
    7184:	078a                	slli	a5,a5,0x2
    7186:	01460693          	addi	a3,a2,20
    718a:	070a                	slli	a4,a4,0x2
    718c:	97aa                	add	a5,a5,a0
    718e:	9736                	add	a4,a4,a3
    7190:	00e6e563          	bltu	a3,a4,719a <__copybits+0x20>
    7194:	00f56a63          	bltu	a0,a5,71a8 <__copybits+0x2e>
    7198:	8082                	ret
    719a:	0691                	addi	a3,a3,4
    719c:	ffc6a603          	lw	a2,-4(a3) # 3feffffc <_eusrstack+0x1fef7ffc>
    71a0:	0511                	addi	a0,a0,4
    71a2:	fec52e23          	sw	a2,-4(a0)
    71a6:	b7ed                	j	7190 <__copybits+0x16>
    71a8:	0511                	addi	a0,a0,4
    71aa:	fe052e23          	sw	zero,-4(a0)
    71ae:	b7dd                	j	7194 <__copybits+0x1a>

000071b0 <__any_on>:
    71b0:	4914                	lw	a3,16(a0)
    71b2:	4055d793          	srai	a5,a1,0x5
    71b6:	01450713          	addi	a4,a0,20
    71ba:	02f6c763          	blt	a3,a5,71e8 <__any_on+0x38>
    71be:	00d7df63          	bge	a5,a3,71dc <__any_on+0x2c>
    71c2:	89fd                	andi	a1,a1,31
    71c4:	cd81                	beqz	a1,71dc <__any_on+0x2c>
    71c6:	00279693          	slli	a3,a5,0x2
    71ca:	96ba                	add	a3,a3,a4
    71cc:	4290                	lw	a2,0(a3)
    71ce:	4505                	li	a0,1
    71d0:	00b656b3          	srl	a3,a2,a1
    71d4:	00b695b3          	sll	a1,a3,a1
    71d8:	00b61e63          	bne	a2,a1,71f4 <__any_on+0x44>
    71dc:	078a                	slli	a5,a5,0x2
    71de:	97ba                	add	a5,a5,a4
    71e0:	00f76663          	bltu	a4,a5,71ec <__any_on+0x3c>
    71e4:	4501                	li	a0,0
    71e6:	8082                	ret
    71e8:	87b6                	mv	a5,a3
    71ea:	bfcd                	j	71dc <__any_on+0x2c>
    71ec:	17f1                	addi	a5,a5,-4
    71ee:	4394                	lw	a3,0(a5)
    71f0:	dae5                	beqz	a3,71e0 <__any_on+0x30>
    71f2:	4505                	li	a0,1
    71f4:	8082                	ret

000071f6 <_calloc_r>:
    71f6:	02c58633          	mul	a2,a1,a2
    71fa:	1101                	addi	sp,sp,-32
    71fc:	cc22                	sw	s0,24(sp)
    71fe:	ce06                	sw	ra,28(sp)
    7200:	85b2                	mv	a1,a2
    7202:	c632                	sw	a2,12(sp)
    7204:	2821                	jal	721c <_malloc_r>
    7206:	842a                	mv	s0,a0
    7208:	c509                	beqz	a0,7212 <_calloc_r+0x1c>
    720a:	4632                	lw	a2,12(sp)
    720c:	4581                	li	a1,0
    720e:	812f90ef          	jal	ra,220 <memset>
    7212:	8522                	mv	a0,s0
    7214:	40f2                	lw	ra,28(sp)
    7216:	4462                	lw	s0,24(sp)
    7218:	6105                	addi	sp,sp,32
    721a:	8082                	ret

0000721c <_malloc_r>:
    721c:	1101                	addi	sp,sp,-32
    721e:	ca26                	sw	s1,20(sp)
    7220:	00358493          	addi	s1,a1,3
    7224:	98f1                	andi	s1,s1,-4
    7226:	ce06                	sw	ra,28(sp)
    7228:	cc22                	sw	s0,24(sp)
    722a:	c84a                	sw	s2,16(sp)
    722c:	c64e                	sw	s3,12(sp)
    722e:	04a1                	addi	s1,s1,8
    7230:	47b1                	li	a5,12
    7232:	04f4f563          	bgeu	s1,a5,727c <_malloc_r+0x60>
    7236:	44b1                	li	s1,12
    7238:	04b4e463          	bltu	s1,a1,7280 <_malloc_r+0x64>
    723c:	892a                	mv	s2,a0
    723e:	325000ef          	jal	ra,7d62 <__malloc_lock>
    7242:	88c18793          	addi	a5,gp,-1908 # 20000294 <__malloc_free_list>
    7246:	4398                	lw	a4,0(a5)
    7248:	843a                	mv	s0,a4
    724a:	e429                	bnez	s0,7294 <_malloc_r+0x78>
    724c:	89018793          	addi	a5,gp,-1904 # 20000298 <__malloc_sbrk_start>
    7250:	439c                	lw	a5,0(a5)
    7252:	e799                	bnez	a5,7260 <_malloc_r+0x44>
    7254:	4581                	li	a1,0
    7256:	854a                	mv	a0,s2
    7258:	053000ef          	jal	ra,7aaa <_sbrk_r>
    725c:	88a1a823          	sw	a0,-1904(gp) # 20000298 <__malloc_sbrk_start>
    7260:	85a6                	mv	a1,s1
    7262:	854a                	mv	a0,s2
    7264:	047000ef          	jal	ra,7aaa <_sbrk_r>
    7268:	59fd                	li	s3,-1
    726a:	07351963          	bne	a0,s3,72dc <_malloc_r+0xc0>
    726e:	47b1                	li	a5,12
    7270:	00f92023          	sw	a5,0(s2)
    7274:	854a                	mv	a0,s2
    7276:	2ef000ef          	jal	ra,7d64 <__malloc_unlock>
    727a:	a029                	j	7284 <_malloc_r+0x68>
    727c:	fa04dee3          	bgez	s1,7238 <_malloc_r+0x1c>
    7280:	47b1                	li	a5,12
    7282:	c11c                	sw	a5,0(a0)
    7284:	4501                	li	a0,0
    7286:	40f2                	lw	ra,28(sp)
    7288:	4462                	lw	s0,24(sp)
    728a:	44d2                	lw	s1,20(sp)
    728c:	4942                	lw	s2,16(sp)
    728e:	49b2                	lw	s3,12(sp)
    7290:	6105                	addi	sp,sp,32
    7292:	8082                	ret
    7294:	401c                	lw	a5,0(s0)
    7296:	8f85                	sub	a5,a5,s1
    7298:	0207cf63          	bltz	a5,72d6 <_malloc_r+0xba>
    729c:	46ad                	li	a3,11
    729e:	00f6f663          	bgeu	a3,a5,72aa <_malloc_r+0x8e>
    72a2:	c01c                	sw	a5,0(s0)
    72a4:	943e                	add	s0,s0,a5
    72a6:	c004                	sw	s1,0(s0)
    72a8:	a031                	j	72b4 <_malloc_r+0x98>
    72aa:	405c                	lw	a5,4(s0)
    72ac:	02871363          	bne	a4,s0,72d2 <_malloc_r+0xb6>
    72b0:	88f1a623          	sw	a5,-1908(gp) # 20000294 <__malloc_free_list>
    72b4:	854a                	mv	a0,s2
    72b6:	2af000ef          	jal	ra,7d64 <__malloc_unlock>
    72ba:	00b40513          	addi	a0,s0,11
    72be:	00440793          	addi	a5,s0,4
    72c2:	9961                	andi	a0,a0,-8
    72c4:	40f50733          	sub	a4,a0,a5
    72c8:	df5d                	beqz	a4,7286 <_malloc_r+0x6a>
    72ca:	943a                	add	s0,s0,a4
    72cc:	8f89                	sub	a5,a5,a0
    72ce:	c01c                	sw	a5,0(s0)
    72d0:	bf5d                	j	7286 <_malloc_r+0x6a>
    72d2:	c35c                	sw	a5,4(a4)
    72d4:	b7c5                	j	72b4 <_malloc_r+0x98>
    72d6:	8722                	mv	a4,s0
    72d8:	4040                	lw	s0,4(s0)
    72da:	bf85                	j	724a <_malloc_r+0x2e>
    72dc:	00350413          	addi	s0,a0,3
    72e0:	9871                	andi	s0,s0,-4
    72e2:	fc8502e3          	beq	a0,s0,72a6 <_malloc_r+0x8a>
    72e6:	40a405b3          	sub	a1,s0,a0
    72ea:	854a                	mv	a0,s2
    72ec:	7be000ef          	jal	ra,7aaa <_sbrk_r>
    72f0:	fb351be3          	bne	a0,s3,72a6 <_malloc_r+0x8a>
    72f4:	bfad                	j	726e <_malloc_r+0x52>

000072f6 <_sungetc_r>:
    72f6:	1141                	addi	sp,sp,-16
    72f8:	c606                	sw	ra,12(sp)
    72fa:	c422                	sw	s0,8(sp)
    72fc:	c226                	sw	s1,4(sp)
    72fe:	c04a                	sw	s2,0(sp)
    7300:	57fd                	li	a5,-1
    7302:	00f59a63          	bne	a1,a5,7316 <_sungetc_r+0x20>
    7306:	54fd                	li	s1,-1
    7308:	40b2                	lw	ra,12(sp)
    730a:	4422                	lw	s0,8(sp)
    730c:	8526                	mv	a0,s1
    730e:	4902                	lw	s2,0(sp)
    7310:	4492                	lw	s1,4(sp)
    7312:	0141                	addi	sp,sp,16
    7314:	8082                	ret
    7316:	265e                	lhu	a5,12(a2)
    7318:	0ff5f913          	andi	s2,a1,255
    731c:	0ff5f493          	andi	s1,a1,255
    7320:	fdf7f793          	andi	a5,a5,-33
    7324:	a65e                	sh	a5,12(a2)
    7326:	5a5c                	lw	a5,52(a2)
    7328:	4258                	lw	a4,4(a2)
    732a:	c785                	beqz	a5,7352 <_sungetc_r+0x5c>
    732c:	5e1c                	lw	a5,56(a2)
    732e:	8432                	mv	s0,a2
    7330:	00f75c63          	bge	a4,a5,7348 <_sungetc_r+0x52>
    7334:	401c                	lw	a5,0(s0)
    7336:	fff78713          	addi	a4,a5,-1 # 7fffffff <_eusrstack+0x5fff7fff>
    733a:	c018                	sw	a4,0(s0)
    733c:	ff278fa3          	sb	s2,-1(a5)
    7340:	405c                	lw	a5,4(s0)
    7342:	0785                	addi	a5,a5,1
    7344:	c05c                	sw	a5,4(s0)
    7346:	b7c9                	j	7308 <_sungetc_r+0x12>
    7348:	85b2                	mv	a1,a2
    734a:	153000ef          	jal	ra,7c9c <__submore>
    734e:	d17d                	beqz	a0,7334 <_sungetc_r+0x3e>
    7350:	bf5d                	j	7306 <_sungetc_r+0x10>
    7352:	4a14                	lw	a3,16(a2)
    7354:	421c                	lw	a5,0(a2)
    7356:	ce81                	beqz	a3,736e <_sungetc_r+0x78>
    7358:	00f6fb63          	bgeu	a3,a5,736e <_sungetc_r+0x78>
    735c:	fff7c683          	lbu	a3,-1(a5)
    7360:	00969763          	bne	a3,s1,736e <_sungetc_r+0x78>
    7364:	17fd                	addi	a5,a5,-1
    7366:	0705                	addi	a4,a4,1
    7368:	c21c                	sw	a5,0(a2)
    736a:	c258                	sw	a4,4(a2)
    736c:	bf71                	j	7308 <_sungetc_r+0x12>
    736e:	de5c                	sw	a5,60(a2)
    7370:	04460793          	addi	a5,a2,68
    7374:	da5c                	sw	a5,52(a2)
    7376:	478d                	li	a5,3
    7378:	de1c                	sw	a5,56(a2)
    737a:	04660793          	addi	a5,a2,70
    737e:	c21c                	sw	a5,0(a2)
    7380:	4785                	li	a5,1
    7382:	c238                	sw	a4,64(a2)
    7384:	05260323          	sb	s2,70(a2)
    7388:	c25c                	sw	a5,4(a2)
    738a:	bfbd                	j	7308 <_sungetc_r+0x12>

0000738c <__ssrefill_r>:
    738c:	1141                	addi	sp,sp,-16
    738e:	c422                	sw	s0,8(sp)
    7390:	842e                	mv	s0,a1
    7392:	59cc                	lw	a1,52(a1)
    7394:	c606                	sw	ra,12(sp)
    7396:	c19d                	beqz	a1,73bc <__ssrefill_r+0x30>
    7398:	04440793          	addi	a5,s0,68
    739c:	00f58463          	beq	a1,a5,73a4 <__ssrefill_r+0x18>
    73a0:	1c7000ef          	jal	ra,7d66 <_free_r>
    73a4:	403c                	lw	a5,64(s0)
    73a6:	02042a23          	sw	zero,52(s0)
    73aa:	c05c                	sw	a5,4(s0)
    73ac:	cb81                	beqz	a5,73bc <__ssrefill_r+0x30>
    73ae:	5c5c                	lw	a5,60(s0)
    73b0:	4501                	li	a0,0
    73b2:	c01c                	sw	a5,0(s0)
    73b4:	40b2                	lw	ra,12(sp)
    73b6:	4422                	lw	s0,8(sp)
    73b8:	0141                	addi	sp,sp,16
    73ba:	8082                	ret
    73bc:	481c                	lw	a5,16(s0)
    73be:	00042223          	sw	zero,4(s0)
    73c2:	557d                	li	a0,-1
    73c4:	c01c                	sw	a5,0(s0)
    73c6:	245e                	lhu	a5,12(s0)
    73c8:	0207e793          	ori	a5,a5,32
    73cc:	a45e                	sh	a5,12(s0)
    73ce:	b7dd                	j	73b4 <__ssrefill_r+0x28>

000073d0 <__ssvfiscanf_r>:
    73d0:	d2010113          	addi	sp,sp,-736
    73d4:	00000797          	auipc	a5,0x0
    73d8:	f2278793          	addi	a5,a5,-222 # 72f6 <_sungetc_r>
    73dc:	2d312623          	sw	s3,716(sp)
    73e0:	28f12c23          	sw	a5,664(sp)
    73e4:	01c10993          	addi	s3,sp,28
    73e8:	00000797          	auipc	a5,0x0
    73ec:	fa478793          	addi	a5,a5,-92 # 738c <__ssrefill_r>
    73f0:	2c812c23          	sw	s0,728(sp)
    73f4:	2c912a23          	sw	s1,724(sp)
    73f8:	2d212823          	sw	s2,720(sp)
    73fc:	2d412423          	sw	s4,712(sp)
    7400:	2d512223          	sw	s5,708(sp)
    7404:	2d612023          	sw	s6,704(sp)
    7408:	2b712e23          	sw	s7,700(sp)
    740c:	2b812c23          	sw	s8,696(sp)
    7410:	2c112e23          	sw	ra,732(sp)
    7414:	2b912a23          	sw	s9,692(sp)
    7418:	2ba12823          	sw	s10,688(sp)
    741c:	2bb12623          	sw	s11,684(sp)
    7420:	84aa                	mv	s1,a0
    7422:	842e                	mv	s0,a1
    7424:	12012423          	sw	zero,296(sp)
    7428:	12012623          	sw	zero,300(sp)
    742c:	13312823          	sw	s3,304(sp)
    7430:	28f12e23          	sw	a5,668(sp)
    7434:	cc36                	sw	a3,24(sp)
    7436:	02500a13          	li	s4,37
    743a:	02a00b13          	li	s6,42
    743e:	4ba5                	li	s7,9
    7440:	4929                	li	s2,10
    7442:	00002a97          	auipc	s5,0x2
    7446:	0b2a8a93          	addi	s5,s5,178 # 94f4 <p05.3319+0xc>
    744a:	ffff9c17          	auipc	s8,0xffff9
    744e:	bb6c0c13          	addi	s8,s8,-1098 # 0 <_sinit>
    7452:	221c                	lbu	a5,0(a2)
    7454:	c632                	sw	a2,12(sp)
    7456:	30078b63          	beqz	a5,776c <__ssvfiscanf_r+0x39c>
    745a:	b10ff0ef          	jal	ra,676a <__locale_ctype_ptr>
    745e:	4632                	lw	a2,12(sp)
    7460:	00064d83          	lbu	s11,0(a2)
    7464:	00160c93          	addi	s9,a2,1
    7468:	956e                	add	a0,a0,s11
    746a:	311c                	lbu	a5,1(a0)
    746c:	8ba1                	andi	a5,a5,8
    746e:	c3a1                	beqz	a5,74ae <__ssvfiscanf_r+0xde>
    7470:	405c                	lw	a5,4(s0)
    7472:	02f05763          	blez	a5,74a0 <__ssvfiscanf_r+0xd0>
    7476:	af4ff0ef          	jal	ra,676a <__locale_ctype_ptr>
    747a:	401c                	lw	a5,0(s0)
    747c:	2398                	lbu	a4,0(a5)
    747e:	953a                	add	a0,a0,a4
    7480:	3118                	lbu	a4,1(a0)
    7482:	8b21                	andi	a4,a4,8
    7484:	e319                	bnez	a4,748a <__ssvfiscanf_r+0xba>
    7486:	8666                	mv	a2,s9
    7488:	b7e9                	j	7452 <__ssvfiscanf_r+0x82>
    748a:	12c12703          	lw	a4,300(sp)
    748e:	0785                	addi	a5,a5,1
    7490:	c01c                	sw	a5,0(s0)
    7492:	0705                	addi	a4,a4,1
    7494:	12e12623          	sw	a4,300(sp)
    7498:	4058                	lw	a4,4(s0)
    749a:	177d                	addi	a4,a4,-1
    749c:	c058                	sw	a4,4(s0)
    749e:	bfc9                	j	7470 <__ssvfiscanf_r+0xa0>
    74a0:	29c12783          	lw	a5,668(sp)
    74a4:	85a2                	mv	a1,s0
    74a6:	8526                	mv	a0,s1
    74a8:	9782                	jalr	a5
    74aa:	d571                	beqz	a0,7476 <__ssvfiscanf_r+0xa6>
    74ac:	bfe9                	j	7486 <__ssvfiscanf_r+0xb6>
    74ae:	174d9763          	bne	s11,s4,761c <__ssvfiscanf_r+0x24c>
    74b2:	12012223          	sw	zero,292(sp)
    74b6:	10012e23          	sw	zero,284(sp)
    74ba:	321c                	lbu	a5,1(a2)
    74bc:	01679763          	bne	a5,s6,74ca <__ssvfiscanf_r+0xfa>
    74c0:	47c1                	li	a5,16
    74c2:	10f12e23          	sw	a5,284(sp)
    74c6:	00260c93          	addi	s9,a2,2
    74ca:	000cc583          	lbu	a1,0(s9)
    74ce:	8d66                	mv	s10,s9
    74d0:	0c85                	addi	s9,s9,1
    74d2:	fd058793          	addi	a5,a1,-48
    74d6:	06fbf063          	bgeu	s7,a5,7536 <__ssvfiscanf_r+0x166>
    74da:	460d                	li	a2,3
    74dc:	8556                	mv	a0,s5
    74de:	06d000ef          	jal	ra,7d4a <memchr>
    74e2:	cd01                	beqz	a0,74fa <__ssvfiscanf_r+0x12a>
    74e4:	41550533          	sub	a0,a0,s5
    74e8:	4785                	li	a5,1
    74ea:	00a797b3          	sll	a5,a5,a0
    74ee:	11c12503          	lw	a0,284(sp)
    74f2:	8d66                	mv	s10,s9
    74f4:	8d5d                	or	a0,a0,a5
    74f6:	10a12e23          	sw	a0,284(sp)
    74fa:	000d4783          	lbu	a5,0(s10)
    74fe:	06700713          	li	a4,103
    7502:	001d0c93          	addi	s9,s10,1
    7506:	08f76663          	bltu	a4,a5,7592 <__ssvfiscanf_r+0x1c2>
    750a:	06500713          	li	a4,101
    750e:	1ae7fb63          	bgeu	a5,a4,76c4 <__ssvfiscanf_r+0x2f4>
    7512:	04700713          	li	a4,71
    7516:	02f76a63          	bltu	a4,a5,754a <__ssvfiscanf_r+0x17a>
    751a:	04500713          	li	a4,69
    751e:	1ae7f363          	bgeu	a5,a4,76c4 <__ssvfiscanf_r+0x2f4>
    7522:	12078863          	beqz	a5,7652 <__ssvfiscanf_r+0x282>
    7526:	0f478b63          	beq	a5,s4,761c <__ssvfiscanf_r+0x24c>
    752a:	478d                	li	a5,3
    752c:	12f12a23          	sw	a5,308(sp)
    7530:	13212023          	sw	s2,288(sp)
    7534:	a061                	j	75bc <__ssvfiscanf_r+0x1ec>
    7536:	12412783          	lw	a5,292(sp)
    753a:	02f907b3          	mul	a5,s2,a5
    753e:	fd078793          	addi	a5,a5,-48
    7542:	97ae                	add	a5,a5,a1
    7544:	12f12223          	sw	a5,292(sp)
    7548:	b749                	j	74ca <__ssvfiscanf_r+0xfa>
    754a:	05b00713          	li	a4,91
    754e:	12e78063          	beq	a5,a4,766e <__ssvfiscanf_r+0x29e>
    7552:	02f76563          	bltu	a4,a5,757c <__ssvfiscanf_r+0x1ac>
    7556:	05800713          	li	a4,88
    755a:	fce798e3          	bne	a5,a4,752a <__ssvfiscanf_r+0x15a>
    755e:	11c12703          	lw	a4,284(sp)
    7562:	20076713          	ori	a4,a4,512
    7566:	10e12e23          	sw	a4,284(sp)
    756a:	4741                	li	a4,16
    756c:	12e12023          	sw	a4,288(sp)
    7570:	06e00713          	li	a4,110
    7574:	00f737b3          	sltu	a5,a4,a5
    7578:	078d                	addi	a5,a5,3
    757a:	a83d                	j	75b8 <__ssvfiscanf_r+0x1e8>
    757c:	06300713          	li	a4,99
    7580:	10e78363          	beq	a5,a4,7686 <__ssvfiscanf_r+0x2b6>
    7584:	06400713          	li	a4,100
    7588:	fae791e3          	bne	a5,a4,752a <__ssvfiscanf_r+0x15a>
    758c:	13212023          	sw	s2,288(sp)
    7590:	b7c5                	j	7570 <__ssvfiscanf_r+0x1a0>
    7592:	07000713          	li	a4,112
    7596:	0ce78063          	beq	a5,a4,7656 <__ssvfiscanf_r+0x286>
    759a:	06f76363          	bltu	a4,a5,7600 <__ssvfiscanf_r+0x230>
    759e:	06e00713          	li	a4,110
    75a2:	0ee78b63          	beq	a5,a4,7698 <__ssvfiscanf_r+0x2c8>
    75a6:	0af76f63          	bltu	a4,a5,7664 <__ssvfiscanf_r+0x294>
    75aa:	06900713          	li	a4,105
    75ae:	f6e79ee3          	bne	a5,a4,752a <__ssvfiscanf_r+0x15a>
    75b2:	12012023          	sw	zero,288(sp)
    75b6:	478d                	li	a5,3
    75b8:	12f12a23          	sw	a5,308(sp)
    75bc:	405c                	lw	a5,4(s0)
    75be:	10f05563          	blez	a5,76c8 <__ssvfiscanf_r+0x2f8>
    75c2:	11c12783          	lw	a5,284(sp)
    75c6:	0407f793          	andi	a5,a5,64
    75ca:	eb91                	bnez	a5,75de <__ssvfiscanf_r+0x20e>
    75cc:	99eff0ef          	jal	ra,676a <__locale_ctype_ptr>
    75d0:	401c                	lw	a5,0(s0)
    75d2:	2398                	lbu	a4,0(a5)
    75d4:	953a                	add	a0,a0,a4
    75d6:	3118                	lbu	a4,1(a0)
    75d8:	8b21                	andi	a4,a4,8
    75da:	0e071f63          	bnez	a4,76d8 <__ssvfiscanf_r+0x308>
    75de:	13412783          	lw	a5,308(sp)
    75e2:	4709                	li	a4,2
    75e4:	10f74f63          	blt	a4,a5,7702 <__ssvfiscanf_r+0x332>
    75e8:	0834                	addi	a3,sp,24
    75ea:	8622                	mv	a2,s0
    75ec:	0a6c                	addi	a1,sp,284
    75ee:	8526                	mv	a0,s1
    75f0:	2249                	jal	7772 <_scanf_chars>
    75f2:	4785                	li	a5,1
    75f4:	16f50c63          	beq	a0,a5,776c <__ssvfiscanf_r+0x39c>
    75f8:	4789                	li	a5,2
    75fa:	e8f516e3          	bne	a0,a5,7486 <__ssvfiscanf_r+0xb6>
    75fe:	a0b9                	j	764c <__ssvfiscanf_r+0x27c>
    7600:	07500713          	li	a4,117
    7604:	f8e784e3          	beq	a5,a4,758c <__ssvfiscanf_r+0x1bc>
    7608:	07800713          	li	a4,120
    760c:	f4e789e3          	beq	a5,a4,755e <__ssvfiscanf_r+0x18e>
    7610:	07300713          	li	a4,115
    7614:	f0e79be3          	bne	a5,a4,752a <__ssvfiscanf_r+0x15a>
    7618:	4789                	li	a5,2
    761a:	bf79                	j	75b8 <__ssvfiscanf_r+0x1e8>
    761c:	405c                	lw	a5,4(s0)
    761e:	02f05163          	blez	a5,7640 <__ssvfiscanf_r+0x270>
    7622:	401c                	lw	a5,0(s0)
    7624:	2398                	lbu	a4,0(a5)
    7626:	15b71363          	bne	a4,s11,776c <__ssvfiscanf_r+0x39c>
    762a:	0785                	addi	a5,a5,1
    762c:	4058                	lw	a4,4(s0)
    762e:	c01c                	sw	a5,0(s0)
    7630:	12c12783          	lw	a5,300(sp)
    7634:	177d                	addi	a4,a4,-1
    7636:	c058                	sw	a4,4(s0)
    7638:	0785                	addi	a5,a5,1
    763a:	12f12623          	sw	a5,300(sp)
    763e:	b5a1                	j	7486 <__ssvfiscanf_r+0xb6>
    7640:	29c12783          	lw	a5,668(sp)
    7644:	85a2                	mv	a1,s0
    7646:	8526                	mv	a0,s1
    7648:	9782                	jalr	a5
    764a:	dd61                	beqz	a0,7622 <__ssvfiscanf_r+0x252>
    764c:	12812503          	lw	a0,296(sp)
    7650:	ed69                	bnez	a0,772a <__ssvfiscanf_r+0x35a>
    7652:	557d                	li	a0,-1
    7654:	a8f9                	j	7732 <__ssvfiscanf_r+0x362>
    7656:	11c12703          	lw	a4,284(sp)
    765a:	02076713          	ori	a4,a4,32
    765e:	10e12e23          	sw	a4,284(sp)
    7662:	bdf5                	j	755e <__ssvfiscanf_r+0x18e>
    7664:	47a1                	li	a5,8
    7666:	12f12023          	sw	a5,288(sp)
    766a:	4791                	li	a5,4
    766c:	b7b1                	j	75b8 <__ssvfiscanf_r+0x1e8>
    766e:	85e6                	mv	a1,s9
    7670:	854e                	mv	a0,s3
    7672:	218d                	jal	7ad4 <__sccl>
    7674:	11c12783          	lw	a5,284(sp)
    7678:	8caa                	mv	s9,a0
    767a:	0407e793          	ori	a5,a5,64
    767e:	10f12e23          	sw	a5,284(sp)
    7682:	4785                	li	a5,1
    7684:	bf15                	j	75b8 <__ssvfiscanf_r+0x1e8>
    7686:	11c12783          	lw	a5,284(sp)
    768a:	12012a23          	sw	zero,308(sp)
    768e:	0407e793          	ori	a5,a5,64
    7692:	10f12e23          	sw	a5,284(sp)
    7696:	b71d                	j	75bc <__ssvfiscanf_r+0x1ec>
    7698:	11c12783          	lw	a5,284(sp)
    769c:	0107f713          	andi	a4,a5,16
    76a0:	de0713e3          	bnez	a4,7486 <__ssvfiscanf_r+0xb6>
    76a4:	4762                	lw	a4,24(sp)
    76a6:	0017f593          	andi	a1,a5,1
    76aa:	12c12683          	lw	a3,300(sp)
    76ae:	00470613          	addi	a2,a4,4 # fff00004 <_eusrstack+0xdfef8004>
    76b2:	c589                	beqz	a1,76bc <__ssvfiscanf_r+0x2ec>
    76b4:	cc32                	sw	a2,24(sp)
    76b6:	431c                	lw	a5,0(a4)
    76b8:	a396                	sh	a3,0(a5)
    76ba:	b3f1                	j	7486 <__ssvfiscanf_r+0xb6>
    76bc:	cc32                	sw	a2,24(sp)
    76be:	431c                	lw	a5,0(a4)
    76c0:	c394                	sw	a3,0(a5)
    76c2:	b3d1                	j	7486 <__ssvfiscanf_r+0xb6>
    76c4:	4795                	li	a5,5
    76c6:	bdcd                	j	75b8 <__ssvfiscanf_r+0x1e8>
    76c8:	29c12783          	lw	a5,668(sp)
    76cc:	85a2                	mv	a1,s0
    76ce:	8526                	mv	a0,s1
    76d0:	9782                	jalr	a5
    76d2:	ee0508e3          	beqz	a0,75c2 <__ssvfiscanf_r+0x1f2>
    76d6:	bf9d                	j	764c <__ssvfiscanf_r+0x27c>
    76d8:	12c12703          	lw	a4,300(sp)
    76dc:	0705                	addi	a4,a4,1
    76de:	12e12623          	sw	a4,300(sp)
    76e2:	4058                	lw	a4,4(s0)
    76e4:	177d                	addi	a4,a4,-1
    76e6:	c058                	sw	a4,4(s0)
    76e8:	00e05563          	blez	a4,76f2 <__ssvfiscanf_r+0x322>
    76ec:	0785                	addi	a5,a5,1
    76ee:	c01c                	sw	a5,0(s0)
    76f0:	bdf1                	j	75cc <__ssvfiscanf_r+0x1fc>
    76f2:	29c12783          	lw	a5,668(sp)
    76f6:	85a2                	mv	a1,s0
    76f8:	8526                	mv	a0,s1
    76fa:	9782                	jalr	a5
    76fc:	ec0508e3          	beqz	a0,75cc <__ssvfiscanf_r+0x1fc>
    7700:	b7b1                	j	764c <__ssvfiscanf_r+0x27c>
    7702:	4711                	li	a4,4
    7704:	00f74863          	blt	a4,a5,7714 <__ssvfiscanf_r+0x344>
    7708:	0834                	addi	a3,sp,24
    770a:	8622                	mv	a2,s0
    770c:	0a6c                	addi	a1,sp,284
    770e:	8526                	mv	a0,s1
    7710:	2291                	jal	7854 <_scanf_i>
    7712:	b5c5                	j	75f2 <__ssvfiscanf_r+0x222>
    7714:	d60c09e3          	beqz	s8,7486 <__ssvfiscanf_r+0xb6>
    7718:	0834                	addi	a3,sp,24
    771a:	8622                	mv	a2,s0
    771c:	0a6c                	addi	a1,sp,284
    771e:	8526                	mv	a0,s1
    7720:	00000097          	auipc	ra,0x0
    7724:	000000e7          	jalr	zero # 0 <_sinit>
    7728:	b5e9                	j	75f2 <__ssvfiscanf_r+0x222>
    772a:	245e                	lhu	a5,12(s0)
    772c:	0407f793          	andi	a5,a5,64
    7730:	f38d                	bnez	a5,7652 <__ssvfiscanf_r+0x282>
    7732:	2dc12083          	lw	ra,732(sp)
    7736:	2d812403          	lw	s0,728(sp)
    773a:	2d412483          	lw	s1,724(sp)
    773e:	2d012903          	lw	s2,720(sp)
    7742:	2cc12983          	lw	s3,716(sp)
    7746:	2c812a03          	lw	s4,712(sp)
    774a:	2c412a83          	lw	s5,708(sp)
    774e:	2c012b03          	lw	s6,704(sp)
    7752:	2bc12b83          	lw	s7,700(sp)
    7756:	2b812c03          	lw	s8,696(sp)
    775a:	2b412c83          	lw	s9,692(sp)
    775e:	2b012d03          	lw	s10,688(sp)
    7762:	2ac12d83          	lw	s11,684(sp)
    7766:	2e010113          	addi	sp,sp,736
    776a:	8082                	ret
    776c:	12812503          	lw	a0,296(sp)
    7770:	b7c9                	j	7732 <__ssvfiscanf_r+0x362>

00007772 <_scanf_chars>:
    7772:	459c                	lw	a5,8(a1)
    7774:	1101                	addi	sp,sp,-32
    7776:	cc22                	sw	s0,24(sp)
    7778:	ca26                	sw	s1,20(sp)
    777a:	c452                	sw	s4,8(sp)
    777c:	ce06                	sw	ra,28(sp)
    777e:	c84a                	sw	s2,16(sp)
    7780:	c64e                	sw	s3,12(sp)
    7782:	c256                	sw	s5,4(sp)
    7784:	c05a                	sw	s6,0(sp)
    7786:	8a2a                	mv	s4,a0
    7788:	842e                	mv	s0,a1
    778a:	84b2                	mv	s1,a2
    778c:	e791                	bnez	a5,7798 <_scanf_chars+0x26>
    778e:	4d98                	lw	a4,24(a1)
    7790:	4785                	li	a5,1
    7792:	c311                	beqz	a4,7796 <_scanf_chars+0x24>
    7794:	57fd                	li	a5,-1
    7796:	c41c                	sw	a5,8(s0)
    7798:	401c                	lw	a5,0(s0)
    779a:	8bc1                	andi	a5,a5,16
    779c:	e799                	bnez	a5,77aa <_scanf_chars+0x38>
    779e:	429c                	lw	a5,0(a3)
    77a0:	00478713          	addi	a4,a5,4
    77a4:	c298                	sw	a4,0(a3)
    77a6:	0007a983          	lw	s3,0(a5)
    77aa:	4901                	li	s2,0
    77ac:	4a85                	li	s5,1
    77ae:	4b09                	li	s6,2
    77b0:	4c08                	lw	a0,24(s0)
    77b2:	c50d                	beqz	a0,77dc <_scanf_chars+0x6a>
    77b4:	07551f63          	bne	a0,s5,7832 <_scanf_chars+0xc0>
    77b8:	409c                	lw	a5,0(s1)
    77ba:	2398                	lbu	a4,0(a5)
    77bc:	485c                	lw	a5,20(s0)
    77be:	97ba                	add	a5,a5,a4
    77c0:	239c                	lbu	a5,0(a5)
    77c2:	ef89                	bnez	a5,77dc <_scanf_chars+0x6a>
    77c4:	04091763          	bnez	s2,7812 <_scanf_chars+0xa0>
    77c8:	40f2                	lw	ra,28(sp)
    77ca:	4462                	lw	s0,24(sp)
    77cc:	44d2                	lw	s1,20(sp)
    77ce:	4942                	lw	s2,16(sp)
    77d0:	49b2                	lw	s3,12(sp)
    77d2:	4a22                	lw	s4,8(sp)
    77d4:	4a92                	lw	s5,4(sp)
    77d6:	4b02                	lw	s6,0(sp)
    77d8:	6105                	addi	sp,sp,32
    77da:	8082                	ret
    77dc:	401c                	lw	a5,0(s0)
    77de:	0905                	addi	s2,s2,1
    77e0:	8bc1                	andi	a5,a5,16
    77e2:	e791                	bnez	a5,77ee <_scanf_chars+0x7c>
    77e4:	409c                	lw	a5,0(s1)
    77e6:	0985                	addi	s3,s3,1
    77e8:	239c                	lbu	a5,0(a5)
    77ea:	fef98fa3          	sb	a5,-1(s3)
    77ee:	4098                	lw	a4,0(s1)
    77f0:	40dc                	lw	a5,4(s1)
    77f2:	0705                	addi	a4,a4,1
    77f4:	c098                	sw	a4,0(s1)
    77f6:	4418                	lw	a4,8(s0)
    77f8:	17fd                	addi	a5,a5,-1
    77fa:	c0dc                	sw	a5,4(s1)
    77fc:	177d                	addi	a4,a4,-1
    77fe:	c418                	sw	a4,8(s0)
    7800:	cb09                	beqz	a4,7812 <_scanf_chars+0xa0>
    7802:	faf047e3          	bgtz	a5,77b0 <_scanf_chars+0x3e>
    7806:	18042783          	lw	a5,384(s0)
    780a:	85a6                	mv	a1,s1
    780c:	8552                	mv	a0,s4
    780e:	9782                	jalr	a5
    7810:	d145                	beqz	a0,77b0 <_scanf_chars+0x3e>
    7812:	401c                	lw	a5,0(s0)
    7814:	8bc1                	andi	a5,a5,16
    7816:	eb81                	bnez	a5,7826 <_scanf_chars+0xb4>
    7818:	445c                	lw	a5,12(s0)
    781a:	0785                	addi	a5,a5,1
    781c:	c45c                	sw	a5,12(s0)
    781e:	4c1c                	lw	a5,24(s0)
    7820:	c399                	beqz	a5,7826 <_scanf_chars+0xb4>
    7822:	00098023          	sb	zero,0(s3)
    7826:	481c                	lw	a5,16(s0)
    7828:	4501                	li	a0,0
    782a:	993e                	add	s2,s2,a5
    782c:	01242823          	sw	s2,16(s0)
    7830:	bf61                	j	77c8 <_scanf_chars+0x56>
    7832:	01651a63          	bne	a0,s6,7846 <_scanf_chars+0xd4>
    7836:	f35fe0ef          	jal	ra,676a <__locale_ctype_ptr>
    783a:	409c                	lw	a5,0(s1)
    783c:	239c                	lbu	a5,0(a5)
    783e:	953e                	add	a0,a0,a5
    7840:	311c                	lbu	a5,1(a0)
    7842:	8ba1                	andi	a5,a5,8
    7844:	dfc1                	beqz	a5,77dc <_scanf_chars+0x6a>
    7846:	fc0916e3          	bnez	s2,7812 <_scanf_chars+0xa0>
    784a:	4c08                	lw	a0,24(s0)
    784c:	4785                	li	a5,1
    784e:	fcf512e3          	bne	a0,a5,7812 <_scanf_chars+0xa0>
    7852:	bf9d                	j	77c8 <_scanf_chars+0x56>

00007854 <_scanf_i>:
    7854:	715d                	addi	sp,sp,-80
    7856:	00002797          	auipc	a5,0x2
    785a:	cb678793          	addi	a5,a5,-842 # 950c <p05.3319+0x24>
    785e:	c0ca                	sw	s2,64(sp)
    7860:	c23e                	sw	a5,4(sp)
    7862:	8936                	mv	s2,a3
    7864:	00002797          	auipc	a5,0x2
    7868:	cac78793          	addi	a5,a5,-852 # 9510 <p05.3319+0x28>
    786c:	4d94                	lw	a3,24(a1)
    786e:	c43e                	sw	a5,8(sp)
    7870:	00002797          	auipc	a5,0x2
    7874:	ca478793          	addi	a5,a5,-860 # 9514 <p05.3319+0x2c>
    7878:	c4a2                	sw	s0,72(sp)
    787a:	de4e                	sw	s3,60(sp)
    787c:	d85a                	sw	s6,48(sp)
    787e:	ce6e                	sw	s11,28(sp)
    7880:	c63e                	sw	a5,12(sp)
    7882:	c686                	sw	ra,76(sp)
    7884:	c2a6                	sw	s1,68(sp)
    7886:	dc52                	sw	s4,56(sp)
    7888:	da56                	sw	s5,52(sp)
    788a:	d65e                	sw	s7,44(sp)
    788c:	d462                	sw	s8,40(sp)
    788e:	d266                	sw	s9,36(sp)
    7890:	d06a                	sw	s10,32(sp)
    7892:	478d                	li	a5,3
    7894:	89aa                	mv	s3,a0
    7896:	842e                	mv	s0,a1
    7898:	8db2                	mv	s11,a2
    789a:	00000b17          	auipc	s6,0x0
    789e:	3ecb0b13          	addi	s6,s6,1004 # 7c86 <_strtoul_r>
    78a2:	00f69663          	bne	a3,a5,78ae <_scanf_i+0x5a>
    78a6:	ffffeb17          	auipc	s6,0xffffe
    78aa:	752b0b13          	addi	s6,s6,1874 # 5ff8 <_strtol_r>
    78ae:	441c                	lw	a5,8(s0)
    78b0:	15c00693          	li	a3,348
    78b4:	4a01                	li	s4,0
    78b6:	fff78613          	addi	a2,a5,-1
    78ba:	00c6f763          	bgeu	a3,a2,78c8 <_scanf_i+0x74>
    78be:	ea378a13          	addi	s4,a5,-349
    78c2:	15d00793          	li	a5,349
    78c6:	c41c                	sw	a5,8(s0)
    78c8:	401c                	lw	a5,0(s0)
    78ca:	6685                	lui	a3,0x1
    78cc:	d0068693          	addi	a3,a3,-768 # d00 <HMI_task+0x2fa>
    78d0:	01c40493          	addi	s1,s0,28
    78d4:	8fd5                	or	a5,a5,a3
    78d6:	c01c                	sw	a5,0(s0)
    78d8:	00410c13          	addi	s8,sp,4
    78dc:	8aa6                	mv	s5,s1
    78de:	4b81                	li	s7,0
    78e0:	20000c93          	li	s9,512
    78e4:	000da783          	lw	a5,0(s11)
    78e8:	000c2503          	lw	a0,0(s8)
    78ec:	4609                	li	a2,2
    78ee:	238c                	lbu	a1,0(a5)
    78f0:	29a9                	jal	7d4a <memchr>
    78f2:	cd39                	beqz	a0,7950 <_scanf_i+0xfc>
    78f4:	4785                	li	a5,1
    78f6:	0cfb9e63          	bne	s7,a5,79d2 <_scanf_i+0x17e>
    78fa:	405c                	lw	a5,4(s0)
    78fc:	e799                	bnez	a5,790a <_scanf_i+0xb6>
    78fe:	401c                	lw	a5,0(s0)
    7900:	4721                	li	a4,8
    7902:	c058                	sw	a4,4(s0)
    7904:	2007e793          	ori	a5,a5,512
    7908:	c01c                	sw	a5,0(s0)
    790a:	401c                	lw	a5,0(s0)
    790c:	aff7f793          	andi	a5,a5,-1281
    7910:	c01c                	sw	a5,0(s0)
    7912:	441c                	lw	a5,8(s0)
    7914:	fff78613          	addi	a2,a5,-1
    7918:	c410                	sw	a2,8(s0)
    791a:	cb9d                	beqz	a5,7950 <_scanf_i+0xfc>
    791c:	000da603          	lw	a2,0(s11)
    7920:	001a8d13          	addi	s10,s5,1
    7924:	00160793          	addi	a5,a2,1
    7928:	00fda023          	sw	a5,0(s11)
    792c:	2210                	lbu	a2,0(a2)
    792e:	00ca8023          	sb	a2,0(s5)
    7932:	004da603          	lw	a2,4(s11)
    7936:	8aea                	mv	s5,s10
    7938:	167d                	addi	a2,a2,-1
    793a:	00cda223          	sw	a2,4(s11)
    793e:	00c04963          	bgtz	a2,7950 <_scanf_i+0xfc>
    7942:	18042603          	lw	a2,384(s0)
    7946:	85ee                	mv	a1,s11
    7948:	854e                	mv	a0,s3
    794a:	9602                	jalr	a2
    794c:	10051863          	bnez	a0,7a5c <_scanf_i+0x208>
    7950:	0b85                	addi	s7,s7,1
    7952:	478d                	li	a5,3
    7954:	0c11                	addi	s8,s8,4
    7956:	f8fb97e3          	bne	s7,a5,78e4 <_scanf_i+0x90>
    795a:	405c                	lw	a5,4(s0)
    795c:	e399                	bnez	a5,7962 <_scanf_i+0x10e>
    795e:	47a9                	li	a5,10
    7960:	c05c                	sw	a5,4(s0)
    7962:	405c                	lw	a5,4(s0)
    7964:	4848                	lw	a0,20(s0)
    7966:	00002597          	auipc	a1,0x2
    796a:	ba258593          	addi	a1,a1,-1118 # 9508 <p05.3319+0x20>
    796e:	8d9d                	sub	a1,a1,a5
    7970:	7bfd                	lui	s7,0xfffff
    7972:	6c05                	lui	s8,0x1
    7974:	8d56                	mv	s10,s5
    7976:	2ab9                	jal	7ad4 <__sccl>
    7978:	4a81                	li	s5,0
    797a:	03000c93          	li	s9,48
    797e:	6ffb8b93          	addi	s7,s7,1791 # fffff6ff <_eusrstack+0xdfff76ff>
    7982:	800c0c13          	addi	s8,s8,-2048 # 800 <__stack_size>
    7986:	4414                	lw	a3,8(s0)
    7988:	4010                	lw	a2,0(s0)
    798a:	cebd                	beqz	a3,7a08 <_scanf_i+0x1b4>
    798c:	000da503          	lw	a0,0(s11)
    7990:	484c                	lw	a1,20(s0)
    7992:	00054803          	lbu	a6,0(a0)
    7996:	95c2                	add	a1,a1,a6
    7998:	218c                	lbu	a1,0(a1)
    799a:	c5bd                	beqz	a1,7a08 <_scanf_i+0x1b4>
    799c:	05981863          	bne	a6,s9,79ec <_scanf_i+0x198>
    79a0:	018675b3          	and	a1,a2,s8
    79a4:	c5a1                	beqz	a1,79ec <_scanf_i+0x198>
    79a6:	0a85                	addi	s5,s5,1
    79a8:	000a0563          	beqz	s4,79b2 <_scanf_i+0x15e>
    79ac:	0685                	addi	a3,a3,1
    79ae:	1a7d                	addi	s4,s4,-1
    79b0:	c414                	sw	a3,8(s0)
    79b2:	004da683          	lw	a3,4(s11)
    79b6:	16fd                	addi	a3,a3,-1
    79b8:	00dda223          	sw	a3,4(s11)
    79bc:	04d05063          	blez	a3,79fc <_scanf_i+0x1a8>
    79c0:	000da683          	lw	a3,0(s11)
    79c4:	0685                	addi	a3,a3,1
    79c6:	00dda023          	sw	a3,0(s11)
    79ca:	4414                	lw	a3,8(s0)
    79cc:	16fd                	addi	a3,a3,-1
    79ce:	c414                	sw	a3,8(s0)
    79d0:	bf5d                	j	7986 <_scanf_i+0x132>
    79d2:	4789                	li	a5,2
    79d4:	f2fb9fe3          	bne	s7,a5,7912 <_scanf_i+0xbe>
    79d8:	401c                	lw	a5,0(s0)
    79da:	6007f613          	andi	a2,a5,1536
    79de:	f79619e3          	bne	a2,s9,7950 <_scanf_i+0xfc>
    79e2:	4741                	li	a4,16
    79e4:	c058                	sw	a4,4(s0)
    79e6:	1007e793          	ori	a5,a5,256
    79ea:	b71d                	j	7910 <_scanf_i+0xbc>
    79ec:	01767633          	and	a2,a2,s7
    79f0:	c010                	sw	a2,0(s0)
    79f2:	2114                	lbu	a3,0(a0)
    79f4:	0d05                	addi	s10,s10,1
    79f6:	fedd0fa3          	sb	a3,-1(s10)
    79fa:	bf65                	j	79b2 <_scanf_i+0x15e>
    79fc:	18042683          	lw	a3,384(s0)
    7a00:	85ee                	mv	a1,s11
    7a02:	854e                	mv	a0,s3
    7a04:	9682                	jalr	a3
    7a06:	d171                	beqz	a0,79ca <_scanf_i+0x176>
    7a08:	4014                	lw	a3,0(s0)
    7a0a:	1006f693          	andi	a3,a3,256
    7a0e:	c285                	beqz	a3,7a2e <_scanf_i+0x1da>
    7a10:	01a4fc63          	bgeu	s1,s10,7a28 <_scanf_i+0x1d4>
    7a14:	fffd4583          	lbu	a1,-1(s10)
    7a18:	17c42683          	lw	a3,380(s0)
    7a1c:	fffd0a13          	addi	s4,s10,-1
    7a20:	866e                	mv	a2,s11
    7a22:	854e                	mv	a0,s3
    7a24:	9682                	jalr	a3
    7a26:	8d52                	mv	s10,s4
    7a28:	4505                	li	a0,1
    7a2a:	049d0e63          	beq	s10,s1,7a86 <_scanf_i+0x232>
    7a2e:	4018                	lw	a4,0(s0)
    7a30:	8b41                	andi	a4,a4,16
    7a32:	e339                	bnez	a4,7a78 <_scanf_i+0x224>
    7a34:	000d0023          	sb	zero,0(s10)
    7a38:	4054                	lw	a3,4(s0)
    7a3a:	4601                	li	a2,0
    7a3c:	85a6                	mv	a1,s1
    7a3e:	854e                	mv	a0,s3
    7a40:	9b02                	jalr	s6
    7a42:	4014                	lw	a3,0(s0)
    7a44:	00092703          	lw	a4,0(s2)
    7a48:	0206f613          	andi	a2,a3,32
    7a4c:	ca11                	beqz	a2,7a60 <_scanf_i+0x20c>
    7a4e:	00470693          	addi	a3,a4,4
    7a52:	00d92023          	sw	a3,0(s2)
    7a56:	4318                	lw	a4,0(a4)
    7a58:	c308                	sw	a0,0(a4)
    7a5a:	a821                	j	7a72 <_scanf_i+0x21e>
    7a5c:	4a81                	li	s5,0
    7a5e:	b76d                	j	7a08 <_scanf_i+0x1b4>
    7a60:	0016f593          	andi	a1,a3,1
    7a64:	00470613          	addi	a2,a4,4
    7a68:	cd95                	beqz	a1,7aa4 <_scanf_i+0x250>
    7a6a:	00c92023          	sw	a2,0(s2)
    7a6e:	4318                	lw	a4,0(a4)
    7a70:	a30a                	sh	a0,0(a4)
    7a72:	4458                	lw	a4,12(s0)
    7a74:	0705                	addi	a4,a4,1
    7a76:	c458                	sw	a4,12(s0)
    7a78:	481c                	lw	a5,16(s0)
    7a7a:	409d04b3          	sub	s1,s10,s1
    7a7e:	94d6                	add	s1,s1,s5
    7a80:	94be                	add	s1,s1,a5
    7a82:	c804                	sw	s1,16(s0)
    7a84:	4501                	li	a0,0
    7a86:	40b6                	lw	ra,76(sp)
    7a88:	4426                	lw	s0,72(sp)
    7a8a:	4496                	lw	s1,68(sp)
    7a8c:	4906                	lw	s2,64(sp)
    7a8e:	59f2                	lw	s3,60(sp)
    7a90:	5a62                	lw	s4,56(sp)
    7a92:	5ad2                	lw	s5,52(sp)
    7a94:	5b42                	lw	s6,48(sp)
    7a96:	5bb2                	lw	s7,44(sp)
    7a98:	5c22                	lw	s8,40(sp)
    7a9a:	5c92                	lw	s9,36(sp)
    7a9c:	5d02                	lw	s10,32(sp)
    7a9e:	4df2                	lw	s11,28(sp)
    7aa0:	6161                	addi	sp,sp,80
    7aa2:	8082                	ret
    7aa4:	00c92023          	sw	a2,0(s2)
    7aa8:	b77d                	j	7a56 <_scanf_i+0x202>

00007aaa <_sbrk_r>:
    7aaa:	1141                	addi	sp,sp,-16
    7aac:	c422                	sw	s0,8(sp)
    7aae:	842a                	mv	s0,a0
    7ab0:	852e                	mv	a0,a1
    7ab2:	d001ac23          	sw	zero,-744(gp) # 20000720 <errno>
    7ab6:	c606                	sw	ra,12(sp)
    7ab8:	fe8fa0ef          	jal	ra,22a0 <_sbrk>
    7abc:	57fd                	li	a5,-1
    7abe:	00f51763          	bne	a0,a5,7acc <_sbrk_r+0x22>
    7ac2:	d1818793          	addi	a5,gp,-744 # 20000720 <errno>
    7ac6:	439c                	lw	a5,0(a5)
    7ac8:	c391                	beqz	a5,7acc <_sbrk_r+0x22>
    7aca:	c01c                	sw	a5,0(s0)
    7acc:	40b2                	lw	ra,12(sp)
    7ace:	4422                	lw	s0,8(sp)
    7ad0:	0141                	addi	sp,sp,16
    7ad2:	8082                	ret

00007ad4 <__sccl>:
    7ad4:	219c                	lbu	a5,0(a1)
    7ad6:	05e00713          	li	a4,94
    7ada:	04e78663          	beq	a5,a4,7b26 <__sccl+0x52>
    7ade:	00158713          	addi	a4,a1,1
    7ae2:	4681                	li	a3,0
    7ae4:	4601                	li	a2,0
    7ae6:	10000593          	li	a1,256
    7aea:	00c50833          	add	a6,a0,a2
    7aee:	00d80023          	sb	a3,0(a6)
    7af2:	0605                	addi	a2,a2,1
    7af4:	feb61be3          	bne	a2,a1,7aea <__sccl+0x16>
    7af8:	fff70613          	addi	a2,a4,-1
    7afc:	c39d                	beqz	a5,7b22 <__sccl+0x4e>
    7afe:	0016c693          	xori	a3,a3,1
    7b02:	02d00893          	li	a7,45
    7b06:	05d00813          	li	a6,93
    7b0a:	00f50633          	add	a2,a0,a5
    7b0e:	a214                	sb	a3,0(a2)
    7b10:	230c                	lbu	a1,0(a4)
    7b12:	00170613          	addi	a2,a4,1
    7b16:	03158363          	beq	a1,a7,7b3c <__sccl+0x68>
    7b1a:	01058463          	beq	a1,a6,7b22 <__sccl+0x4e>
    7b1e:	e989                	bnez	a1,7b30 <__sccl+0x5c>
    7b20:	863a                	mv	a2,a4
    7b22:	8532                	mv	a0,a2
    7b24:	8082                	ret
    7b26:	00258713          	addi	a4,a1,2
    7b2a:	319c                	lbu	a5,1(a1)
    7b2c:	4685                	li	a3,1
    7b2e:	bf5d                	j	7ae4 <__sccl+0x10>
    7b30:	87ae                	mv	a5,a1
    7b32:	8732                	mv	a4,a2
    7b34:	bfd9                	j	7b0a <__sccl+0x36>
    7b36:	02d00793          	li	a5,45
    7b3a:	bfe5                	j	7b32 <__sccl+0x5e>
    7b3c:	330c                	lbu	a1,1(a4)
    7b3e:	ff058ce3          	beq	a1,a6,7b36 <__sccl+0x62>
    7b42:	fef5cae3          	blt	a1,a5,7b36 <__sccl+0x62>
    7b46:	0709                	addi	a4,a4,2
    7b48:	0785                	addi	a5,a5,1
    7b4a:	00f50633          	add	a2,a0,a5
    7b4e:	a214                	sb	a3,0(a2)
    7b50:	feb7cce3          	blt	a5,a1,7b48 <__sccl+0x74>
    7b54:	bf75                	j	7b10 <__sccl+0x3c>

00007b56 <_strtoul_l.isra.0>:
    7b56:	7179                	addi	sp,sp,-48
    7b58:	d04a                	sw	s2,32(sp)
    7b5a:	ce4e                	sw	s3,28(sp)
    7b5c:	d606                	sw	ra,44(sp)
    7b5e:	d422                	sw	s0,40(sp)
    7b60:	d226                	sw	s1,36(sp)
    7b62:	89aa                	mv	s3,a0
    7b64:	892e                	mv	s2,a1
    7b66:	00190493          	addi	s1,s2,1
    7b6a:	fff4c403          	lbu	s0,-1(s1)
    7b6e:	853a                	mv	a0,a4
    7b70:	c636                	sw	a3,12(sp)
    7b72:	c432                	sw	a2,8(sp)
    7b74:	c22e                	sw	a1,4(sp)
    7b76:	c03a                	sw	a4,0(sp)
    7b78:	bedfe0ef          	jal	ra,6764 <__locale_ctype_ptr_l>
    7b7c:	9522                	add	a0,a0,s0
    7b7e:	311c                	lbu	a5,1(a0)
    7b80:	4702                	lw	a4,0(sp)
    7b82:	4592                	lw	a1,4(sp)
    7b84:	8ba1                	andi	a5,a5,8
    7b86:	4622                	lw	a2,8(sp)
    7b88:	46b2                	lw	a3,12(sp)
    7b8a:	efa5                	bnez	a5,7c02 <_strtoul_l.isra.0+0xac>
    7b8c:	02d00793          	li	a5,45
    7b90:	06f41b63          	bne	s0,a5,7c06 <_strtoul_l.isra.0+0xb0>
    7b94:	209c                	lbu	a5,0(s1)
    7b96:	4305                	li	t1,1
    7b98:	00290493          	addi	s1,s2,2
    7b9c:	cef9                	beqz	a3,7c7a <_strtoul_l.isra.0+0x124>
    7b9e:	4741                	li	a4,16
    7ba0:	02e69063          	bne	a3,a4,7bc0 <_strtoul_l.isra.0+0x6a>
    7ba4:	03000713          	li	a4,48
    7ba8:	00e79c63          	bne	a5,a4,7bc0 <_strtoul_l.isra.0+0x6a>
    7bac:	209c                	lbu	a5,0(s1)
    7bae:	05800713          	li	a4,88
    7bb2:	0df7f793          	andi	a5,a5,223
    7bb6:	0ae79d63          	bne	a5,a4,7c70 <_strtoul_l.isra.0+0x11a>
    7bba:	309c                	lbu	a5,1(s1)
    7bbc:	46c1                	li	a3,16
    7bbe:	0489                	addi	s1,s1,2
    7bc0:	577d                	li	a4,-1
    7bc2:	02d75e33          	divu	t3,a4,a3
    7bc6:	4801                	li	a6,0
    7bc8:	4501                	li	a0,0
    7bca:	4f25                	li	t5,9
    7bcc:	4ee5                	li	t4,25
    7bce:	02d778b3          	remu	a7,a4,a3
    7bd2:	fd078713          	addi	a4,a5,-48
    7bd6:	04ef6363          	bltu	t5,a4,7c1c <_strtoul_l.isra.0+0xc6>
    7bda:	87ba                	mv	a5,a4
    7bdc:	06d7d063          	bge	a5,a3,7c3c <_strtoul_l.isra.0+0xe6>
    7be0:	04084c63          	bltz	a6,7c38 <_strtoul_l.isra.0+0xe2>
    7be4:	587d                	li	a6,-1
    7be6:	00ae6a63          	bltu	t3,a0,7bfa <_strtoul_l.isra.0+0xa4>
    7bea:	00ae1463          	bne	t3,a0,7bf2 <_strtoul_l.isra.0+0x9c>
    7bee:	00f8c663          	blt	a7,a5,7bfa <_strtoul_l.isra.0+0xa4>
    7bf2:	4805                	li	a6,1
    7bf4:	02a68533          	mul	a0,a3,a0
    7bf8:	953e                	add	a0,a0,a5
    7bfa:	0485                	addi	s1,s1,1
    7bfc:	fff4c783          	lbu	a5,-1(s1)
    7c00:	bfc9                	j	7bd2 <_strtoul_l.isra.0+0x7c>
    7c02:	8926                	mv	s2,s1
    7c04:	b78d                	j	7b66 <_strtoul_l.isra.0+0x10>
    7c06:	02b00793          	li	a5,43
    7c0a:	00f40563          	beq	s0,a5,7c14 <_strtoul_l.isra.0+0xbe>
    7c0e:	87a2                	mv	a5,s0
    7c10:	4301                	li	t1,0
    7c12:	b769                	j	7b9c <_strtoul_l.isra.0+0x46>
    7c14:	209c                	lbu	a5,0(s1)
    7c16:	00290493          	addi	s1,s2,2
    7c1a:	bfdd                	j	7c10 <_strtoul_l.isra.0+0xba>
    7c1c:	fbf78713          	addi	a4,a5,-65
    7c20:	00eee563          	bltu	t4,a4,7c2a <_strtoul_l.isra.0+0xd4>
    7c24:	fc978793          	addi	a5,a5,-55
    7c28:	bf55                	j	7bdc <_strtoul_l.isra.0+0x86>
    7c2a:	f9f78713          	addi	a4,a5,-97
    7c2e:	00eee763          	bltu	t4,a4,7c3c <_strtoul_l.isra.0+0xe6>
    7c32:	fa978793          	addi	a5,a5,-87
    7c36:	b75d                	j	7bdc <_strtoul_l.isra.0+0x86>
    7c38:	587d                	li	a6,-1
    7c3a:	b7c1                	j	7bfa <_strtoul_l.isra.0+0xa4>
    7c3c:	00085f63          	bgez	a6,7c5a <_strtoul_l.isra.0+0x104>
    7c40:	02200793          	li	a5,34
    7c44:	00f9a023          	sw	a5,0(s3)
    7c48:	557d                	li	a0,-1
    7c4a:	ee19                	bnez	a2,7c68 <_strtoul_l.isra.0+0x112>
    7c4c:	50b2                	lw	ra,44(sp)
    7c4e:	5422                	lw	s0,40(sp)
    7c50:	5492                	lw	s1,36(sp)
    7c52:	5902                	lw	s2,32(sp)
    7c54:	49f2                	lw	s3,28(sp)
    7c56:	6145                	addi	sp,sp,48
    7c58:	8082                	ret
    7c5a:	00030463          	beqz	t1,7c62 <_strtoul_l.isra.0+0x10c>
    7c5e:	40a00533          	neg	a0,a0
    7c62:	d66d                	beqz	a2,7c4c <_strtoul_l.isra.0+0xf6>
    7c64:	00080463          	beqz	a6,7c6c <_strtoul_l.isra.0+0x116>
    7c68:	fff48593          	addi	a1,s1,-1
    7c6c:	c20c                	sw	a1,0(a2)
    7c6e:	bff9                	j	7c4c <_strtoul_l.isra.0+0xf6>
    7c70:	03000793          	li	a5,48
    7c74:	f6b1                	bnez	a3,7bc0 <_strtoul_l.isra.0+0x6a>
    7c76:	46a1                	li	a3,8
    7c78:	b7a1                	j	7bc0 <_strtoul_l.isra.0+0x6a>
    7c7a:	03000713          	li	a4,48
    7c7e:	f2e787e3          	beq	a5,a4,7bac <_strtoul_l.isra.0+0x56>
    7c82:	46a9                	li	a3,10
    7c84:	bf35                	j	7bc0 <_strtoul_l.isra.0+0x6a>

00007c86 <_strtoul_r>:
    7c86:	81818793          	addi	a5,gp,-2024 # 20000220 <_impure_ptr>
    7c8a:	439c                	lw	a5,0(a5)
    7c8c:	5398                	lw	a4,32(a5)
    7c8e:	e709                	bnez	a4,7c98 <_strtoul_r+0x12>
    7c90:	1fff8717          	auipc	a4,0x1fff8
    7c94:	40870713          	addi	a4,a4,1032 # 20000098 <__global_locale>
    7c98:	ebfff06f          	j	7b56 <_strtoul_l.isra.0>

00007c9c <__submore>:
    7c9c:	1101                	addi	sp,sp,-32
    7c9e:	cc22                	sw	s0,24(sp)
    7ca0:	842e                	mv	s0,a1
    7ca2:	59cc                	lw	a1,52(a1)
    7ca4:	ce06                	sw	ra,28(sp)
    7ca6:	ca26                	sw	s1,20(sp)
    7ca8:	c84a                	sw	s2,16(sp)
    7caa:	c64e                	sw	s3,12(sp)
    7cac:	c452                	sw	s4,8(sp)
    7cae:	04440793          	addi	a5,s0,68
    7cb2:	04f59263          	bne	a1,a5,7cf6 <__submore+0x5a>
    7cb6:	40000593          	li	a1,1024
    7cba:	d62ff0ef          	jal	ra,721c <_malloc_r>
    7cbe:	e911                	bnez	a0,7cd2 <__submore+0x36>
    7cc0:	557d                	li	a0,-1
    7cc2:	40f2                	lw	ra,28(sp)
    7cc4:	4462                	lw	s0,24(sp)
    7cc6:	44d2                	lw	s1,20(sp)
    7cc8:	4942                	lw	s2,16(sp)
    7cca:	49b2                	lw	s3,12(sp)
    7ccc:	4a22                	lw	s4,8(sp)
    7cce:	6105                	addi	sp,sp,32
    7cd0:	8082                	ret
    7cd2:	40000793          	li	a5,1024
    7cd6:	dc1c                	sw	a5,56(s0)
    7cd8:	04644783          	lbu	a5,70(s0)
    7cdc:	d848                	sw	a0,52(s0)
    7cde:	3fd50513          	addi	a0,a0,1021
    7ce2:	a13c                	sb	a5,2(a0)
    7ce4:	04544783          	lbu	a5,69(s0)
    7ce8:	b11c                	sb	a5,1(a0)
    7cea:	04444783          	lbu	a5,68(s0)
    7cee:	a11c                	sb	a5,0(a0)
    7cf0:	c008                	sw	a0,0(s0)
    7cf2:	4501                	li	a0,0
    7cf4:	b7f9                	j	7cc2 <__submore+0x26>
    7cf6:	03842903          	lw	s2,56(s0)
    7cfa:	00191993          	slli	s3,s2,0x1
    7cfe:	864e                	mv	a2,s3
    7d00:	2239                	jal	7e0e <_realloc_r>
    7d02:	84aa                	mv	s1,a0
    7d04:	dd55                	beqz	a0,7cc0 <__submore+0x24>
    7d06:	01250a33          	add	s4,a0,s2
    7d0a:	85aa                	mv	a1,a0
    7d0c:	864a                	mv	a2,s2
    7d0e:	8552                	mv	a0,s4
    7d10:	aabfe0ef          	jal	ra,67ba <memcpy>
    7d14:	01442023          	sw	s4,0(s0)
    7d18:	d844                	sw	s1,52(s0)
    7d1a:	03342c23          	sw	s3,56(s0)
    7d1e:	bfd1                	j	7cf2 <__submore+0x56>

00007d20 <__ascii_wctomb>:
    7d20:	cd89                	beqz	a1,7d3a <__ascii_wctomb+0x1a>
    7d22:	0ff00793          	li	a5,255
    7d26:	00c7f763          	bgeu	a5,a2,7d34 <__ascii_wctomb+0x14>
    7d2a:	08a00793          	li	a5,138
    7d2e:	c11c                	sw	a5,0(a0)
    7d30:	557d                	li	a0,-1
    7d32:	8082                	ret
    7d34:	a190                	sb	a2,0(a1)
    7d36:	4505                	li	a0,1
    7d38:	8082                	ret
    7d3a:	4501                	li	a0,0
    7d3c:	8082                	ret

00007d3e <malloc>:
    7d3e:	81818793          	addi	a5,gp,-2024 # 20000220 <_impure_ptr>
    7d42:	85aa                	mv	a1,a0
    7d44:	4388                	lw	a0,0(a5)
    7d46:	cd6ff06f          	j	721c <_malloc_r>

00007d4a <memchr>:
    7d4a:	0ff5f593          	andi	a1,a1,255
    7d4e:	962a                	add	a2,a2,a0
    7d50:	00c51463          	bne	a0,a2,7d58 <memchr+0xe>
    7d54:	4501                	li	a0,0
    7d56:	8082                	ret
    7d58:	211c                	lbu	a5,0(a0)
    7d5a:	feb78ee3          	beq	a5,a1,7d56 <memchr+0xc>
    7d5e:	0505                	addi	a0,a0,1
    7d60:	bfc5                	j	7d50 <memchr+0x6>

00007d62 <__malloc_lock>:
    7d62:	8082                	ret

00007d64 <__malloc_unlock>:
    7d64:	8082                	ret

00007d66 <_free_r>:
    7d66:	c1dd                	beqz	a1,7e0c <_free_r+0xa6>
    7d68:	ffc5a783          	lw	a5,-4(a1)
    7d6c:	1141                	addi	sp,sp,-16
    7d6e:	c422                	sw	s0,8(sp)
    7d70:	c606                	sw	ra,12(sp)
    7d72:	c226                	sw	s1,4(sp)
    7d74:	ffc58413          	addi	s0,a1,-4
    7d78:	0007d363          	bgez	a5,7d7e <_free_r+0x18>
    7d7c:	943e                	add	s0,s0,a5
    7d7e:	84aa                	mv	s1,a0
    7d80:	fe3ff0ef          	jal	ra,7d62 <__malloc_lock>
    7d84:	88c18793          	addi	a5,gp,-1908 # 20000294 <__malloc_free_list>
    7d88:	439c                	lw	a5,0(a5)
    7d8a:	ef81                	bnez	a5,7da2 <_free_r+0x3c>
    7d8c:	00042223          	sw	zero,4(s0)
    7d90:	8881a623          	sw	s0,-1908(gp) # 20000294 <__malloc_free_list>
    7d94:	4422                	lw	s0,8(sp)
    7d96:	40b2                	lw	ra,12(sp)
    7d98:	8526                	mv	a0,s1
    7d9a:	4492                	lw	s1,4(sp)
    7d9c:	0141                	addi	sp,sp,16
    7d9e:	fc7ff06f          	j	7d64 <__malloc_unlock>
    7da2:	00f47e63          	bgeu	s0,a5,7dbe <_free_r+0x58>
    7da6:	4014                	lw	a3,0(s0)
    7da8:	00d40733          	add	a4,s0,a3
    7dac:	00e79663          	bne	a5,a4,7db8 <_free_r+0x52>
    7db0:	4398                	lw	a4,0(a5)
    7db2:	43dc                	lw	a5,4(a5)
    7db4:	9736                	add	a4,a4,a3
    7db6:	c018                	sw	a4,0(s0)
    7db8:	c05c                	sw	a5,4(s0)
    7dba:	bfd9                	j	7d90 <_free_r+0x2a>
    7dbc:	87ba                	mv	a5,a4
    7dbe:	43d8                	lw	a4,4(a5)
    7dc0:	c319                	beqz	a4,7dc6 <_free_r+0x60>
    7dc2:	fee47de3          	bgeu	s0,a4,7dbc <_free_r+0x56>
    7dc6:	4394                	lw	a3,0(a5)
    7dc8:	00d78633          	add	a2,a5,a3
    7dcc:	00861f63          	bne	a2,s0,7dea <_free_r+0x84>
    7dd0:	4010                	lw	a2,0(s0)
    7dd2:	96b2                	add	a3,a3,a2
    7dd4:	c394                	sw	a3,0(a5)
    7dd6:	00d78633          	add	a2,a5,a3
    7dda:	fac71de3          	bne	a4,a2,7d94 <_free_r+0x2e>
    7dde:	4310                	lw	a2,0(a4)
    7de0:	4358                	lw	a4,4(a4)
    7de2:	96b2                	add	a3,a3,a2
    7de4:	c394                	sw	a3,0(a5)
    7de6:	c3d8                	sw	a4,4(a5)
    7de8:	b775                	j	7d94 <_free_r+0x2e>
    7dea:	00c47563          	bgeu	s0,a2,7df4 <_free_r+0x8e>
    7dee:	47b1                	li	a5,12
    7df0:	c09c                	sw	a5,0(s1)
    7df2:	b74d                	j	7d94 <_free_r+0x2e>
    7df4:	4010                	lw	a2,0(s0)
    7df6:	00c406b3          	add	a3,s0,a2
    7dfa:	00d71663          	bne	a4,a3,7e06 <_free_r+0xa0>
    7dfe:	4314                	lw	a3,0(a4)
    7e00:	4358                	lw	a4,4(a4)
    7e02:	96b2                	add	a3,a3,a2
    7e04:	c014                	sw	a3,0(s0)
    7e06:	c058                	sw	a4,4(s0)
    7e08:	c3c0                	sw	s0,4(a5)
    7e0a:	b769                	j	7d94 <_free_r+0x2e>
    7e0c:	8082                	ret

00007e0e <_realloc_r>:
    7e0e:	e581                	bnez	a1,7e16 <_realloc_r+0x8>
    7e10:	85b2                	mv	a1,a2
    7e12:	c0aff06f          	j	721c <_malloc_r>
    7e16:	1101                	addi	sp,sp,-32
    7e18:	cc22                	sw	s0,24(sp)
    7e1a:	ce06                	sw	ra,28(sp)
    7e1c:	ca26                	sw	s1,20(sp)
    7e1e:	c84a                	sw	s2,16(sp)
    7e20:	c64e                	sw	s3,12(sp)
    7e22:	8432                	mv	s0,a2
    7e24:	ee01                	bnez	a2,7e3c <_realloc_r+0x2e>
    7e26:	f41ff0ef          	jal	ra,7d66 <_free_r>
    7e2a:	4901                	li	s2,0
    7e2c:	40f2                	lw	ra,28(sp)
    7e2e:	4462                	lw	s0,24(sp)
    7e30:	854a                	mv	a0,s2
    7e32:	44d2                	lw	s1,20(sp)
    7e34:	4942                	lw	s2,16(sp)
    7e36:	49b2                	lw	s3,12(sp)
    7e38:	6105                	addi	sp,sp,32
    7e3a:	8082                	ret
    7e3c:	84ae                	mv	s1,a1
    7e3e:	89aa                	mv	s3,a0
    7e40:	201d                	jal	7e66 <_malloc_usable_size_r>
    7e42:	8926                	mv	s2,s1
    7e44:	fe8574e3          	bgeu	a0,s0,7e2c <_realloc_r+0x1e>
    7e48:	85a2                	mv	a1,s0
    7e4a:	854e                	mv	a0,s3
    7e4c:	bd0ff0ef          	jal	ra,721c <_malloc_r>
    7e50:	892a                	mv	s2,a0
    7e52:	dd69                	beqz	a0,7e2c <_realloc_r+0x1e>
    7e54:	85a6                	mv	a1,s1
    7e56:	8622                	mv	a2,s0
    7e58:	963fe0ef          	jal	ra,67ba <memcpy>
    7e5c:	85a6                	mv	a1,s1
    7e5e:	854e                	mv	a0,s3
    7e60:	f07ff0ef          	jal	ra,7d66 <_free_r>
    7e64:	b7e1                	j	7e2c <_realloc_r+0x1e>

00007e66 <_malloc_usable_size_r>:
    7e66:	ffc5a783          	lw	a5,-4(a1)
    7e6a:	ffc78513          	addi	a0,a5,-4
    7e6e:	0007d563          	bgez	a5,7e78 <_malloc_usable_size_r+0x12>
    7e72:	95aa                	add	a1,a1,a0
    7e74:	419c                	lw	a5,0(a1)
    7e76:	953e                	add	a0,a0,a5
    7e78:	8082                	ret

00007e7a <__adddf3>:
    7e7a:	00100837          	lui	a6,0x100
    7e7e:	1101                	addi	sp,sp,-32
    7e80:	187d                	addi	a6,a6,-1
    7e82:	00b87733          	and	a4,a6,a1
    7e86:	ca26                	sw	s1,20(sp)
    7e88:	00d87833          	and	a6,a6,a3
    7e8c:	0145d493          	srli	s1,a1,0x14
    7e90:	0146d313          	srli	t1,a3,0x14
    7e94:	00371e13          	slli	t3,a4,0x3
    7e98:	c64e                	sw	s3,12(sp)
    7e9a:	01d55713          	srli	a4,a0,0x1d
    7e9e:	080e                	slli	a6,a6,0x3
    7ea0:	01d65793          	srli	a5,a2,0x1d
    7ea4:	7ff4f493          	andi	s1,s1,2047
    7ea8:	7ff37313          	andi	t1,t1,2047
    7eac:	ce06                	sw	ra,28(sp)
    7eae:	cc22                	sw	s0,24(sp)
    7eb0:	c84a                	sw	s2,16(sp)
    7eb2:	01f5d993          	srli	s3,a1,0x1f
    7eb6:	01f6de93          	srli	t4,a3,0x1f
    7eba:	01c76733          	or	a4,a4,t3
    7ebe:	00351f13          	slli	t5,a0,0x3
    7ec2:	0107e833          	or	a6,a5,a6
    7ec6:	00361f93          	slli	t6,a2,0x3
    7eca:	40648e33          	sub	t3,s1,t1
    7ece:	19d98063          	beq	s3,t4,804e <__adddf3+0x1d4>
    7ed2:	13c05663          	blez	t3,7ffe <__adddf3+0x184>
    7ed6:	1c030463          	beqz	t1,809e <__adddf3+0x224>
    7eda:	008006b7          	lui	a3,0x800
    7ede:	7ff00793          	li	a5,2047
    7ee2:	00d86833          	or	a6,a6,a3
    7ee6:	36f48f63          	beq	s1,a5,8264 <__adddf3+0x3ea>
    7eea:	03800793          	li	a5,56
    7eee:	35c7c063          	blt	a5,t3,822e <__adddf3+0x3b4>
    7ef2:	47fd                	li	a5,31
    7ef4:	47c7cd63          	blt	a5,t3,836e <__adddf3+0x4f4>
    7ef8:	02000513          	li	a0,32
    7efc:	41c50533          	sub	a0,a0,t3
    7f00:	01cfd7b3          	srl	a5,t6,t3
    7f04:	00a816b3          	sll	a3,a6,a0
    7f08:	00af9933          	sll	s2,t6,a0
    7f0c:	8edd                	or	a3,a3,a5
    7f0e:	01203933          	snez	s2,s2
    7f12:	01c857b3          	srl	a5,a6,t3
    7f16:	0126e933          	or	s2,a3,s2
    7f1a:	8f1d                	sub	a4,a4,a5
    7f1c:	412f0933          	sub	s2,t5,s2
    7f20:	012f37b3          	sltu	a5,t5,s2
    7f24:	40f70633          	sub	a2,a4,a5
    7f28:	00861793          	slli	a5,a2,0x8
    7f2c:	2407d463          	bgez	a5,8174 <__adddf3+0x2fa>
    7f30:	00800737          	lui	a4,0x800
    7f34:	177d                	addi	a4,a4,-1
    7f36:	00e67433          	and	s0,a2,a4
    7f3a:	2c040c63          	beqz	s0,8212 <__adddf3+0x398>
    7f3e:	8522                	mv	a0,s0
    7f40:	950fd0ef          	jal	ra,5090 <__clzsi2>
    7f44:	ff850713          	addi	a4,a0,-8
    7f48:	02000793          	li	a5,32
    7f4c:	8f99                	sub	a5,a5,a4
    7f4e:	00f957b3          	srl	a5,s2,a5
    7f52:	00e41633          	sll	a2,s0,a4
    7f56:	8fd1                	or	a5,a5,a2
    7f58:	00e91933          	sll	s2,s2,a4
    7f5c:	2a974163          	blt	a4,s1,81fe <__adddf3+0x384>
    7f60:	40970533          	sub	a0,a4,s1
    7f64:	00150613          	addi	a2,a0,1
    7f68:	477d                	li	a4,31
    7f6a:	38c74d63          	blt	a4,a2,8304 <__adddf3+0x48a>
    7f6e:	02000713          	li	a4,32
    7f72:	8f11                	sub	a4,a4,a2
    7f74:	00c956b3          	srl	a3,s2,a2
    7f78:	00e91933          	sll	s2,s2,a4
    7f7c:	00e79733          	sll	a4,a5,a4
    7f80:	8f55                	or	a4,a4,a3
    7f82:	01203933          	snez	s2,s2
    7f86:	01276933          	or	s2,a4,s2
    7f8a:	00c7d633          	srl	a2,a5,a2
    7f8e:	4481                	li	s1,0
    7f90:	00797793          	andi	a5,s2,7
    7f94:	cf81                	beqz	a5,7fac <__adddf3+0x132>
    7f96:	00f97713          	andi	a4,s2,15
    7f9a:	4791                	li	a5,4
    7f9c:	00f70863          	beq	a4,a5,7fac <__adddf3+0x132>
    7fa0:	00490713          	addi	a4,s2,4
    7fa4:	01273933          	sltu	s2,a4,s2
    7fa8:	964a                	add	a2,a2,s2
    7faa:	893a                	mv	s2,a4
    7fac:	00861793          	slli	a5,a2,0x8
    7fb0:	1c07d663          	bgez	a5,817c <__adddf3+0x302>
    7fb4:	00148513          	addi	a0,s1,1
    7fb8:	7ff00793          	li	a5,2047
    7fbc:	85ce                	mv	a1,s3
    7fbe:	20f50463          	beq	a0,a5,81c6 <__adddf3+0x34c>
    7fc2:	ff8007b7          	lui	a5,0xff800
    7fc6:	17fd                	addi	a5,a5,-1
    7fc8:	8ff1                	and	a5,a5,a2
    7fca:	01d79893          	slli	a7,a5,0x1d
    7fce:	00395913          	srli	s2,s2,0x3
    7fd2:	07a6                	slli	a5,a5,0x9
    7fd4:	0128e8b3          	or	a7,a7,s2
    7fd8:	83b1                	srli	a5,a5,0xc
    7fda:	7ff57513          	andi	a0,a0,2047
    7fde:	00c79693          	slli	a3,a5,0xc
    7fe2:	0552                	slli	a0,a0,0x14
    7fe4:	40f2                	lw	ra,28(sp)
    7fe6:	4462                	lw	s0,24(sp)
    7fe8:	82b1                	srli	a3,a3,0xc
    7fea:	05fe                	slli	a1,a1,0x1f
    7fec:	8ec9                	or	a3,a3,a0
    7fee:	8ecd                	or	a3,a3,a1
    7ff0:	44d2                	lw	s1,20(sp)
    7ff2:	4942                	lw	s2,16(sp)
    7ff4:	49b2                	lw	s3,12(sp)
    7ff6:	8546                	mv	a0,a7
    7ff8:	85b6                	mv	a1,a3
    7ffa:	6105                	addi	sp,sp,32
    7ffc:	8082                	ret
    7ffe:	0a0e1e63          	bnez	t3,80ba <__adddf3+0x240>
    8002:	00148313          	addi	t1,s1,1
    8006:	7fe37313          	andi	t1,t1,2046
    800a:	22031763          	bnez	t1,8238 <__adddf3+0x3be>
    800e:	01e767b3          	or	a5,a4,t5
    8012:	01f868b3          	or	a7,a6,t6
    8016:	1a049d63          	bnez	s1,81d0 <__adddf3+0x356>
    801a:	40078763          	beqz	a5,8428 <__adddf3+0x5ae>
    801e:	44088663          	beqz	a7,846a <__adddf3+0x5f0>
    8022:	41ff0933          	sub	s2,t5,t6
    8026:	410707b3          	sub	a5,a4,a6
    802a:	012f3633          	sltu	a2,t5,s2
    802e:	40c78633          	sub	a2,a5,a2
    8032:	00861793          	slli	a5,a2,0x8
    8036:	4c07d663          	bgez	a5,8502 <__adddf3+0x688>
    803a:	41ef8933          	sub	s2,t6,t5
    803e:	40e807b3          	sub	a5,a6,a4
    8042:	012fb633          	sltu	a2,t6,s2
    8046:	40c78633          	sub	a2,a5,a2
    804a:	89f6                	mv	s3,t4
    804c:	b791                	j	7f90 <__adddf3+0x116>
    804e:	0fc05063          	blez	t3,812e <__adddf3+0x2b4>
    8052:	0c030063          	beqz	t1,8112 <__adddf3+0x298>
    8056:	008006b7          	lui	a3,0x800
    805a:	7ff00793          	li	a5,2047
    805e:	00d86833          	or	a6,a6,a3
    8062:	3af48a63          	beq	s1,a5,8416 <__adddf3+0x59c>
    8066:	03800793          	li	a5,56
    806a:	13c7cb63          	blt	a5,t3,81a0 <__adddf3+0x326>
    806e:	47fd                	li	a5,31
    8070:	35c7df63          	bge	a5,t3,83ce <__adddf3+0x554>
    8074:	fe0e0913          	addi	s2,t3,-32
    8078:	02000793          	li	a5,32
    807c:	012856b3          	srl	a3,a6,s2
    8080:	00fe0a63          	beq	t3,a5,8094 <__adddf3+0x21a>
    8084:	04000913          	li	s2,64
    8088:	41c90933          	sub	s2,s2,t3
    808c:	01281933          	sll	s2,a6,s2
    8090:	012fefb3          	or	t6,t6,s2
    8094:	01f03933          	snez	s2,t6
    8098:	00d96933          	or	s2,s2,a3
    809c:	a231                	j	81a8 <__adddf3+0x32e>
    809e:	01f867b3          	or	a5,a6,t6
    80a2:	1c078a63          	beqz	a5,8276 <__adddf3+0x3fc>
    80a6:	fffe0793          	addi	a5,t3,-1
    80aa:	38078c63          	beqz	a5,8442 <__adddf3+0x5c8>
    80ae:	7ff00693          	li	a3,2047
    80b2:	1ade0963          	beq	t3,a3,8264 <__adddf3+0x3ea>
    80b6:	8e3e                	mv	t3,a5
    80b8:	bd0d                	j	7eea <__adddf3+0x70>
    80ba:	409305b3          	sub	a1,t1,s1
    80be:	22049163          	bnez	s1,82e0 <__adddf3+0x466>
    80c2:	01e767b3          	or	a5,a4,t5
    80c6:	32078763          	beqz	a5,83f4 <__adddf3+0x57a>
    80ca:	fff58793          	addi	a5,a1,-1
    80ce:	44078163          	beqz	a5,8510 <__adddf3+0x696>
    80d2:	7ff00693          	li	a3,2047
    80d6:	20d58c63          	beq	a1,a3,82ee <__adddf3+0x474>
    80da:	85be                	mv	a1,a5
    80dc:	03800793          	li	a5,56
    80e0:	2ab7cc63          	blt	a5,a1,8398 <__adddf3+0x51e>
    80e4:	47fd                	li	a5,31
    80e6:	3cb7cf63          	blt	a5,a1,84c4 <__adddf3+0x64a>
    80ea:	02000793          	li	a5,32
    80ee:	8f8d                	sub	a5,a5,a1
    80f0:	00f71933          	sll	s2,a4,a5
    80f4:	00bf56b3          	srl	a3,t5,a1
    80f8:	00ff17b3          	sll	a5,t5,a5
    80fc:	00d96933          	or	s2,s2,a3
    8100:	00f037b3          	snez	a5,a5
    8104:	00b75733          	srl	a4,a4,a1
    8108:	00f96933          	or	s2,s2,a5
    810c:	40e80833          	sub	a6,a6,a4
    8110:	ac41                	j	83a0 <__adddf3+0x526>
    8112:	01f867b3          	or	a5,a6,t6
    8116:	34078063          	beqz	a5,8456 <__adddf3+0x5dc>
    811a:	fffe0793          	addi	a5,t3,-1
    811e:	20078a63          	beqz	a5,8332 <__adddf3+0x4b8>
    8122:	7ff00693          	li	a3,2047
    8126:	2ede0863          	beq	t3,a3,8416 <__adddf3+0x59c>
    812a:	8e3e                	mv	t3,a5
    812c:	bf2d                	j	8066 <__adddf3+0x1ec>
    812e:	140e1e63          	bnez	t3,828a <__adddf3+0x410>
    8132:	00148693          	addi	a3,s1,1
    8136:	7fe6f793          	andi	a5,a3,2046
    813a:	34079163          	bnez	a5,847c <__adddf3+0x602>
    813e:	01e767b3          	or	a5,a4,t5
    8142:	2c049563          	bnez	s1,840c <__adddf3+0x592>
    8146:	3e078063          	beqz	a5,8526 <__adddf3+0x6ac>
    814a:	01f867b3          	or	a5,a6,t6
    814e:	30078e63          	beqz	a5,846a <__adddf3+0x5f0>
    8152:	01ff0933          	add	s2,t5,t6
    8156:	010707b3          	add	a5,a4,a6
    815a:	01e93f33          	sltu	t5,s2,t5
    815e:	01e78633          	add	a2,a5,t5
    8162:	00861793          	slli	a5,a2,0x8
    8166:	0007d763          	bgez	a5,8174 <__adddf3+0x2fa>
    816a:	ff8007b7          	lui	a5,0xff800
    816e:	17fd                	addi	a5,a5,-1
    8170:	8e7d                	and	a2,a2,a5
    8172:	4485                	li	s1,1
    8174:	00797793          	andi	a5,s2,7
    8178:	e0079fe3          	bnez	a5,7f96 <__adddf3+0x11c>
    817c:	01d61793          	slli	a5,a2,0x1d
    8180:	00395893          	srli	a7,s2,0x3
    8184:	00f8e8b3          	or	a7,a7,a5
    8188:	00365793          	srli	a5,a2,0x3
    818c:	7ff00713          	li	a4,2047
    8190:	04e48d63          	beq	s1,a4,81ea <__adddf3+0x370>
    8194:	07b2                	slli	a5,a5,0xc
    8196:	83b1                	srli	a5,a5,0xc
    8198:	7ff4f513          	andi	a0,s1,2047
    819c:	85ce                	mv	a1,s3
    819e:	b581                	j	7fde <__adddf3+0x164>
    81a0:	01f86933          	or	s2,a6,t6
    81a4:	01203933          	snez	s2,s2
    81a8:	997a                	add	s2,s2,t5
    81aa:	01e937b3          	sltu	a5,s2,t5
    81ae:	00e78633          	add	a2,a5,a4
    81b2:	00861793          	slli	a5,a2,0x8
    81b6:	fa07dfe3          	bgez	a5,8174 <__adddf3+0x2fa>
    81ba:	0485                	addi	s1,s1,1
    81bc:	7ff00793          	li	a5,2047
    81c0:	18f49663          	bne	s1,a5,834c <__adddf3+0x4d2>
    81c4:	85ce                	mv	a1,s3
    81c6:	7ff00513          	li	a0,2047
    81ca:	4781                	li	a5,0
    81cc:	4881                	li	a7,0
    81ce:	bd01                	j	7fde <__adddf3+0x164>
    81d0:	ebc1                	bnez	a5,8260 <__adddf3+0x3e6>
    81d2:	3a088463          	beqz	a7,857a <__adddf3+0x700>
    81d6:	00361693          	slli	a3,a2,0x3
    81da:	01d81793          	slli	a5,a6,0x1d
    81de:	828d                	srli	a3,a3,0x3
    81e0:	00d7e8b3          	or	a7,a5,a3
    81e4:	89f6                	mv	s3,t4
    81e6:	00385793          	srli	a5,a6,0x3
    81ea:	00f8e7b3          	or	a5,a7,a5
    81ee:	dbf9                	beqz	a5,81c4 <__adddf3+0x34a>
    81f0:	4581                	li	a1,0
    81f2:	7ff00513          	li	a0,2047
    81f6:	000807b7          	lui	a5,0x80
    81fa:	4881                	li	a7,0
    81fc:	b3cd                	j	7fde <__adddf3+0x164>
    81fe:	ff800637          	lui	a2,0xff800
    8202:	167d                	addi	a2,a2,-1
    8204:	8e7d                	and	a2,a2,a5
    8206:	00797793          	andi	a5,s2,7
    820a:	8c99                	sub	s1,s1,a4
    820c:	d80795e3          	bnez	a5,7f96 <__adddf3+0x11c>
    8210:	b7b5                	j	817c <__adddf3+0x302>
    8212:	854a                	mv	a0,s2
    8214:	e7dfc0ef          	jal	ra,5090 <__clzsi2>
    8218:	01850713          	addi	a4,a0,24
    821c:	47fd                	li	a5,31
    821e:	d2e7d5e3          	bge	a5,a4,7f48 <__adddf3+0xce>
    8222:	ff850613          	addi	a2,a0,-8
    8226:	00c917b3          	sll	a5,s2,a2
    822a:	4901                	li	s2,0
    822c:	bb05                	j	7f5c <__adddf3+0xe2>
    822e:	01f86933          	or	s2,a6,t6
    8232:	01203933          	snez	s2,s2
    8236:	b1dd                	j	7f1c <__adddf3+0xa2>
    8238:	41ff0933          	sub	s2,t5,t6
    823c:	41070633          	sub	a2,a4,a6
    8240:	012f3433          	sltu	s0,t5,s2
    8244:	40860433          	sub	s0,a2,s0
    8248:	00841793          	slli	a5,s0,0x8
    824c:	2407cd63          	bltz	a5,84a6 <__adddf3+0x62c>
    8250:	008968b3          	or	a7,s2,s0
    8254:	ce0893e3          	bnez	a7,7f3a <__adddf3+0xc0>
    8258:	4781                	li	a5,0
    825a:	4981                	li	s3,0
    825c:	4481                	li	s1,0
    825e:	bf1d                	j	8194 <__adddf3+0x31a>
    8260:	f80898e3          	bnez	a7,81f0 <__adddf3+0x376>
    8264:	050e                	slli	a0,a0,0x3
    8266:	01d71793          	slli	a5,a4,0x1d
    826a:	810d                	srli	a0,a0,0x3
    826c:	00a7e8b3          	or	a7,a5,a0
    8270:	00375793          	srli	a5,a4,0x3
    8274:	bf9d                	j	81ea <__adddf3+0x370>
    8276:	050e                	slli	a0,a0,0x3
    8278:	01d71793          	slli	a5,a4,0x1d
    827c:	810d                	srli	a0,a0,0x3
    827e:	00a7e8b3          	or	a7,a5,a0
    8282:	84f2                	mv	s1,t3
    8284:	00375793          	srli	a5,a4,0x3
    8288:	b711                	j	818c <__adddf3+0x312>
    828a:	40930533          	sub	a0,t1,s1
    828e:	12048263          	beqz	s1,83b2 <__adddf3+0x538>
    8292:	008006b7          	lui	a3,0x800
    8296:	7ff00793          	li	a5,2047
    829a:	8f55                	or	a4,a4,a3
    829c:	2ef30d63          	beq	t1,a5,8596 <__adddf3+0x71c>
    82a0:	03800793          	li	a5,56
    82a4:	20a7cb63          	blt	a5,a0,84ba <__adddf3+0x640>
    82a8:	47fd                	li	a5,31
    82aa:	2aa7c363          	blt	a5,a0,8550 <__adddf3+0x6d6>
    82ae:	02000793          	li	a5,32
    82b2:	8f89                	sub	a5,a5,a0
    82b4:	00f71933          	sll	s2,a4,a5
    82b8:	00af56b3          	srl	a3,t5,a0
    82bc:	00ff17b3          	sll	a5,t5,a5
    82c0:	00d96933          	or	s2,s2,a3
    82c4:	00f037b3          	snez	a5,a5
    82c8:	00a75733          	srl	a4,a4,a0
    82cc:	00f96933          	or	s2,s2,a5
    82d0:	983a                	add	a6,a6,a4
    82d2:	997e                	add	s2,s2,t6
    82d4:	01f937b3          	sltu	a5,s2,t6
    82d8:	01078633          	add	a2,a5,a6
    82dc:	849a                	mv	s1,t1
    82de:	bdd1                	j	81b2 <__adddf3+0x338>
    82e0:	008006b7          	lui	a3,0x800
    82e4:	7ff00793          	li	a5,2047
    82e8:	8f55                	or	a4,a4,a3
    82ea:	def319e3          	bne	t1,a5,80dc <__adddf3+0x262>
    82ee:	00361793          	slli	a5,a2,0x3
    82f2:	838d                	srli	a5,a5,0x3
    82f4:	01d81893          	slli	a7,a6,0x1d
    82f8:	0117e8b3          	or	a7,a5,a7
    82fc:	89f6                	mv	s3,t4
    82fe:	00385793          	srli	a5,a6,0x3
    8302:	b5e5                	j	81ea <__adddf3+0x370>
    8304:	fe150713          	addi	a4,a0,-31
    8308:	02000693          	li	a3,32
    830c:	00e7d733          	srl	a4,a5,a4
    8310:	00d60a63          	beq	a2,a3,8324 <__adddf3+0x4aa>
    8314:	04000693          	li	a3,64
    8318:	40c68633          	sub	a2,a3,a2
    831c:	00c79633          	sll	a2,a5,a2
    8320:	00c96933          	or	s2,s2,a2
    8324:	01203933          	snez	s2,s2
    8328:	00e96933          	or	s2,s2,a4
    832c:	4601                	li	a2,0
    832e:	4481                	li	s1,0
    8330:	b591                	j	8174 <__adddf3+0x2fa>
    8332:	01ff0933          	add	s2,t5,t6
    8336:	010707b3          	add	a5,a4,a6
    833a:	01e93633          	sltu	a2,s2,t5
    833e:	963e                	add	a2,a2,a5
    8340:	00861793          	slli	a5,a2,0x8
    8344:	4485                	li	s1,1
    8346:	e207d7e3          	bgez	a5,8174 <__adddf3+0x2fa>
    834a:	4489                	li	s1,2
    834c:	ff8007b7          	lui	a5,0xff800
    8350:	17fd                	addi	a5,a5,-1
    8352:	8ff1                	and	a5,a5,a2
    8354:	00195713          	srli	a4,s2,0x1
    8358:	00197913          	andi	s2,s2,1
    835c:	01276933          	or	s2,a4,s2
    8360:	01f79893          	slli	a7,a5,0x1f
    8364:	0128e933          	or	s2,a7,s2
    8368:	0017d613          	srli	a2,a5,0x1
    836c:	b115                	j	7f90 <__adddf3+0x116>
    836e:	fe0e0913          	addi	s2,t3,-32
    8372:	02000793          	li	a5,32
    8376:	012856b3          	srl	a3,a6,s2
    837a:	00fe0a63          	beq	t3,a5,838e <__adddf3+0x514>
    837e:	04000913          	li	s2,64
    8382:	41c90933          	sub	s2,s2,t3
    8386:	01281933          	sll	s2,a6,s2
    838a:	012fefb3          	or	t6,t6,s2
    838e:	01f03933          	snez	s2,t6
    8392:	00d96933          	or	s2,s2,a3
    8396:	b659                	j	7f1c <__adddf3+0xa2>
    8398:	01e76933          	or	s2,a4,t5
    839c:	01203933          	snez	s2,s2
    83a0:	412f8933          	sub	s2,t6,s2
    83a4:	012fb7b3          	sltu	a5,t6,s2
    83a8:	40f80633          	sub	a2,a6,a5
    83ac:	849a                	mv	s1,t1
    83ae:	89f6                	mv	s3,t4
    83b0:	bea5                	j	7f28 <__adddf3+0xae>
    83b2:	01e767b3          	or	a5,a4,t5
    83b6:	18078263          	beqz	a5,853a <__adddf3+0x6c0>
    83ba:	fff50793          	addi	a5,a0,-1
    83be:	1c078463          	beqz	a5,8586 <__adddf3+0x70c>
    83c2:	7ff00693          	li	a3,2047
    83c6:	12d50463          	beq	a0,a3,84ee <__adddf3+0x674>
    83ca:	853e                	mv	a0,a5
    83cc:	bdd1                	j	82a0 <__adddf3+0x426>
    83ce:	02000793          	li	a5,32
    83d2:	41c787b3          	sub	a5,a5,t3
    83d6:	00f816b3          	sll	a3,a6,a5
    83da:	00ff9933          	sll	s2,t6,a5
    83de:	01cfd633          	srl	a2,t6,t3
    83e2:	8ed1                	or	a3,a3,a2
    83e4:	01203933          	snez	s2,s2
    83e8:	01c857b3          	srl	a5,a6,t3
    83ec:	0126e933          	or	s2,a3,s2
    83f0:	973e                	add	a4,a4,a5
    83f2:	bb5d                	j	81a8 <__adddf3+0x32e>
    83f4:	00361793          	slli	a5,a2,0x3
    83f8:	838d                	srli	a5,a5,0x3
    83fa:	01d81893          	slli	a7,a6,0x1d
    83fe:	0117e8b3          	or	a7,a5,a7
    8402:	84ae                	mv	s1,a1
    8404:	00385793          	srli	a5,a6,0x3
    8408:	89f6                	mv	s3,t4
    840a:	b349                	j	818c <__adddf3+0x312>
    840c:	c3ed                	beqz	a5,84ee <__adddf3+0x674>
    840e:	01f86933          	or	s2,a6,t6
    8412:	dc091fe3          	bnez	s2,81f0 <__adddf3+0x376>
    8416:	050e                	slli	a0,a0,0x3
    8418:	01d71793          	slli	a5,a4,0x1d
    841c:	810d                	srli	a0,a0,0x3
    841e:	00f568b3          	or	a7,a0,a5
    8422:	00375793          	srli	a5,a4,0x3
    8426:	b3d1                	j	81ea <__adddf3+0x370>
    8428:	0e088163          	beqz	a7,850a <__adddf3+0x690>
    842c:	00361693          	slli	a3,a2,0x3
    8430:	01d81793          	slli	a5,a6,0x1d
    8434:	828d                	srli	a3,a3,0x3
    8436:	00d7e8b3          	or	a7,a5,a3
    843a:	89f6                	mv	s3,t4
    843c:	00385793          	srli	a5,a6,0x3
    8440:	bb91                	j	8194 <__adddf3+0x31a>
    8442:	41ff0933          	sub	s2,t5,t6
    8446:	410707b3          	sub	a5,a4,a6
    844a:	012f3f33          	sltu	t5,t5,s2
    844e:	41e78633          	sub	a2,a5,t5
    8452:	4485                	li	s1,1
    8454:	bcd1                	j	7f28 <__adddf3+0xae>
    8456:	050e                	slli	a0,a0,0x3
    8458:	01d71793          	slli	a5,a4,0x1d
    845c:	810d                	srli	a0,a0,0x3
    845e:	00f568b3          	or	a7,a0,a5
    8462:	84f2                	mv	s1,t3
    8464:	00375793          	srli	a5,a4,0x3
    8468:	b315                	j	818c <__adddf3+0x312>
    846a:	050e                	slli	a0,a0,0x3
    846c:	01d71793          	slli	a5,a4,0x1d
    8470:	810d                	srli	a0,a0,0x3
    8472:	00a7e8b3          	or	a7,a5,a0
    8476:	00375793          	srli	a5,a4,0x3
    847a:	bb29                	j	8194 <__adddf3+0x31a>
    847c:	7ff00793          	li	a5,2047
    8480:	d4f682e3          	beq	a3,a5,81c4 <__adddf3+0x34a>
    8484:	01ff0933          	add	s2,t5,t6
    8488:	01e93633          	sltu	a2,s2,t5
    848c:	010707b3          	add	a5,a4,a6
    8490:	97b2                	add	a5,a5,a2
    8492:	01f79893          	slli	a7,a5,0x1f
    8496:	00195913          	srli	s2,s2,0x1
    849a:	0128e933          	or	s2,a7,s2
    849e:	0017d613          	srli	a2,a5,0x1
    84a2:	84b6                	mv	s1,a3
    84a4:	b9c1                	j	8174 <__adddf3+0x2fa>
    84a6:	41ef8933          	sub	s2,t6,t5
    84aa:	40e80733          	sub	a4,a6,a4
    84ae:	012fb633          	sltu	a2,t6,s2
    84b2:	40c70433          	sub	s0,a4,a2
    84b6:	89f6                	mv	s3,t4
    84b8:	b449                	j	7f3a <__adddf3+0xc0>
    84ba:	01e76933          	or	s2,a4,t5
    84be:	01203933          	snez	s2,s2
    84c2:	bd01                	j	82d2 <__adddf3+0x458>
    84c4:	fe058793          	addi	a5,a1,-32
    84c8:	02000693          	li	a3,32
    84cc:	00f757b3          	srl	a5,a4,a5
    84d0:	00d58a63          	beq	a1,a3,84e4 <__adddf3+0x66a>
    84d4:	04000693          	li	a3,64
    84d8:	40b685b3          	sub	a1,a3,a1
    84dc:	00b71733          	sll	a4,a4,a1
    84e0:	00ef6f33          	or	t5,t5,a4
    84e4:	01e03933          	snez	s2,t5
    84e8:	00f96933          	or	s2,s2,a5
    84ec:	bd55                	j	83a0 <__adddf3+0x526>
    84ee:	00361793          	slli	a5,a2,0x3
    84f2:	838d                	srli	a5,a5,0x3
    84f4:	01d81893          	slli	a7,a6,0x1d
    84f8:	0117e8b3          	or	a7,a5,a7
    84fc:	00385793          	srli	a5,a6,0x3
    8500:	b1ed                	j	81ea <__adddf3+0x370>
    8502:	00c968b3          	or	a7,s2,a2
    8506:	c60897e3          	bnez	a7,8174 <__adddf3+0x2fa>
    850a:	4781                	li	a5,0
    850c:	4981                	li	s3,0
    850e:	b159                	j	8194 <__adddf3+0x31a>
    8510:	41ef8933          	sub	s2,t6,t5
    8514:	40e807b3          	sub	a5,a6,a4
    8518:	012fb633          	sltu	a2,t6,s2
    851c:	40c78633          	sub	a2,a5,a2
    8520:	89f6                	mv	s3,t4
    8522:	4485                	li	s1,1
    8524:	b411                	j	7f28 <__adddf3+0xae>
    8526:	00361693          	slli	a3,a2,0x3
    852a:	01d81793          	slli	a5,a6,0x1d
    852e:	828d                	srli	a3,a3,0x3
    8530:	00d7e8b3          	or	a7,a5,a3
    8534:	00385793          	srli	a5,a6,0x3
    8538:	b9b1                	j	8194 <__adddf3+0x31a>
    853a:	00361693          	slli	a3,a2,0x3
    853e:	01d81793          	slli	a5,a6,0x1d
    8542:	828d                	srli	a3,a3,0x3
    8544:	00d7e8b3          	or	a7,a5,a3
    8548:	84aa                	mv	s1,a0
    854a:	00385793          	srli	a5,a6,0x3
    854e:	b93d                	j	818c <__adddf3+0x312>
    8550:	fe050793          	addi	a5,a0,-32
    8554:	02000693          	li	a3,32
    8558:	00f757b3          	srl	a5,a4,a5
    855c:	00d50a63          	beq	a0,a3,8570 <__adddf3+0x6f6>
    8560:	04000693          	li	a3,64
    8564:	40a68533          	sub	a0,a3,a0
    8568:	00a71733          	sll	a4,a4,a0
    856c:	00ef6f33          	or	t5,t5,a4
    8570:	01e03933          	snez	s2,t5
    8574:	00f96933          	or	s2,s2,a5
    8578:	bba9                	j	82d2 <__adddf3+0x458>
    857a:	4581                	li	a1,0
    857c:	7ff00513          	li	a0,2047
    8580:	000807b7          	lui	a5,0x80
    8584:	bca9                	j	7fde <__adddf3+0x164>
    8586:	01ff0933          	add	s2,t5,t6
    858a:	010707b3          	add	a5,a4,a6
    858e:	01f93633          	sltu	a2,s2,t6
    8592:	963e                	add	a2,a2,a5
    8594:	b375                	j	8340 <__adddf3+0x4c6>
    8596:	00361693          	slli	a3,a2,0x3
    859a:	01d81793          	slli	a5,a6,0x1d
    859e:	828d                	srli	a3,a3,0x3
    85a0:	00d7e8b3          	or	a7,a5,a3
    85a4:	00385793          	srli	a5,a6,0x3
    85a8:	b189                	j	81ea <__adddf3+0x370>

000085aa <__divdf3>:
    85aa:	7139                	addi	sp,sp,-64
    85ac:	0145d793          	srli	a5,a1,0x14
    85b0:	dc22                	sw	s0,56(sp)
    85b2:	d84a                	sw	s2,48(sp)
    85b4:	d256                	sw	s5,36(sp)
    85b6:	892a                	mv	s2,a0
    85b8:	00c59413          	slli	s0,a1,0xc
    85bc:	de06                	sw	ra,60(sp)
    85be:	da26                	sw	s1,52(sp)
    85c0:	d64e                	sw	s3,44(sp)
    85c2:	d452                	sw	s4,40(sp)
    85c4:	d05a                	sw	s6,32(sp)
    85c6:	ce5e                	sw	s7,28(sp)
    85c8:	7ff7f513          	andi	a0,a5,2047
    85cc:	8031                	srli	s0,s0,0xc
    85ce:	01f5da93          	srli	s5,a1,0x1f
    85d2:	10050b63          	beqz	a0,86e8 <__divdf3+0x13e>
    85d6:	7ff00793          	li	a5,2047
    85da:	14f50b63          	beq	a0,a5,8730 <__divdf3+0x186>
    85de:	01d95a13          	srli	s4,s2,0x1d
    85e2:	040e                	slli	s0,s0,0x3
    85e4:	008a6433          	or	s0,s4,s0
    85e8:	00800a37          	lui	s4,0x800
    85ec:	01446a33          	or	s4,s0,s4
    85f0:	00391b13          	slli	s6,s2,0x3
    85f4:	c0150493          	addi	s1,a0,-1023
    85f8:	4401                	li	s0,0
    85fa:	4b81                	li	s7,0
    85fc:	0146d813          	srli	a6,a3,0x14
    8600:	00c69913          	slli	s2,a3,0xc
    8604:	7ff87813          	andi	a6,a6,2047
    8608:	88b2                	mv	a7,a2
    860a:	00c95913          	srli	s2,s2,0xc
    860e:	01f6d993          	srli	s3,a3,0x1f
    8612:	08080e63          	beqz	a6,86ae <__divdf3+0x104>
    8616:	7ff00793          	li	a5,2047
    861a:	04f80063          	beq	a6,a5,865a <__divdf3+0xb0>
    861e:	01d65713          	srli	a4,a2,0x1d
    8622:	090e                	slli	s2,s2,0x3
    8624:	01276933          	or	s2,a4,s2
    8628:	c0180813          	addi	a6,a6,-1023 # ffc01 <_data_lma+0xf6545>
    862c:	008007b7          	lui	a5,0x800
    8630:	00f96733          	or	a4,s2,a5
    8634:	00361893          	slli	a7,a2,0x3
    8638:	410484b3          	sub	s1,s1,a6
    863c:	4581                	li	a1,0
    863e:	47bd                	li	a5,15
    8640:	013ac833          	xor	a6,s5,s3
    8644:	1a87e463          	bltu	a5,s0,87ec <__divdf3+0x242>
    8648:	00001797          	auipc	a5,0x1
    864c:	03478793          	addi	a5,a5,52 # 967c <__sf_fake_stdout+0x20>
    8650:	040a                	slli	s0,s0,0x2
    8652:	943e                	add	s0,s0,a5
    8654:	4010                	lw	a2,0(s0)
    8656:	963e                	add	a2,a2,a5
    8658:	8602                	jr	a2
    865a:	00c96733          	or	a4,s2,a2
    865e:	80148493          	addi	s1,s1,-2047
    8662:	10071263          	bnez	a4,8766 <__divdf3+0x1bc>
    8666:	00246413          	ori	s0,s0,2
    866a:	4881                	li	a7,0
    866c:	4589                	li	a1,2
    866e:	bfc1                	j	863e <__divdf3+0x94>
    8670:	7ff00613          	li	a2,2047
    8674:	4781                	li	a5,0
    8676:	4701                	li	a4,0
    8678:	07b2                	slli	a5,a5,0xc
    867a:	50f2                	lw	ra,60(sp)
    867c:	5462                	lw	s0,56(sp)
    867e:	0652                	slli	a2,a2,0x14
    8680:	83b1                	srli	a5,a5,0xc
    8682:	087e                	slli	a6,a6,0x1f
    8684:	8fd1                	or	a5,a5,a2
    8686:	0107e7b3          	or	a5,a5,a6
    868a:	54d2                	lw	s1,52(sp)
    868c:	5942                	lw	s2,48(sp)
    868e:	59b2                	lw	s3,44(sp)
    8690:	5a22                	lw	s4,40(sp)
    8692:	5a92                	lw	s5,36(sp)
    8694:	5b02                	lw	s6,32(sp)
    8696:	4bf2                	lw	s7,28(sp)
    8698:	853a                	mv	a0,a4
    869a:	85be                	mv	a1,a5
    869c:	6121                	addi	sp,sp,64
    869e:	8082                	ret
    86a0:	4801                	li	a6,0
    86a2:	7ff00613          	li	a2,2047
    86a6:	000807b7          	lui	a5,0x80
    86aa:	4701                	li	a4,0
    86ac:	b7f1                	j	8678 <__divdf3+0xce>
    86ae:	00c96733          	or	a4,s2,a2
    86b2:	c74d                	beqz	a4,875c <__divdf3+0x1b2>
    86b4:	30090863          	beqz	s2,89c4 <__divdf3+0x41a>
    86b8:	854a                	mv	a0,s2
    86ba:	c432                	sw	a2,8(sp)
    86bc:	9d5fc0ef          	jal	ra,5090 <__clzsi2>
    86c0:	4622                	lw	a2,8(sp)
    86c2:	ff550713          	addi	a4,a0,-11
    86c6:	47f5                	li	a5,29
    86c8:	ff850693          	addi	a3,a0,-8
    86cc:	8f99                	sub	a5,a5,a4
    86ce:	00d91933          	sll	s2,s2,a3
    86d2:	00f657b3          	srl	a5,a2,a5
    86d6:	0127e733          	or	a4,a5,s2
    86da:	00d618b3          	sll	a7,a2,a3
    86de:	9526                	add	a0,a0,s1
    86e0:	3f350493          	addi	s1,a0,1011
    86e4:	4581                	li	a1,0
    86e6:	bfa1                	j	863e <__divdf3+0x94>
    86e8:	01246a33          	or	s4,s0,s2
    86ec:	060a0363          	beqz	s4,8752 <__divdf3+0x1a8>
    86f0:	c636                	sw	a3,12(sp)
    86f2:	c432                	sw	a2,8(sp)
    86f4:	2a040663          	beqz	s0,89a0 <__divdf3+0x3f6>
    86f8:	8522                	mv	a0,s0
    86fa:	997fc0ef          	jal	ra,5090 <__clzsi2>
    86fe:	4622                	lw	a2,8(sp)
    8700:	46b2                	lw	a3,12(sp)
    8702:	84aa                	mv	s1,a0
    8704:	ff550713          	addi	a4,a0,-11
    8708:	4a75                	li	s4,29
    870a:	ff848b13          	addi	s6,s1,-8
    870e:	40ea0a33          	sub	s4,s4,a4
    8712:	01641433          	sll	s0,s0,s6
    8716:	01495a33          	srl	s4,s2,s4
    871a:	008a6a33          	or	s4,s4,s0
    871e:	01691b33          	sll	s6,s2,s6
    8722:	c0d00513          	li	a0,-1011
    8726:	409504b3          	sub	s1,a0,s1
    872a:	4401                	li	s0,0
    872c:	4b81                	li	s7,0
    872e:	b5f9                	j	85fc <__divdf3+0x52>
    8730:	01246a33          	or	s4,s0,s2
    8734:	000a1863          	bnez	s4,8744 <__divdf3+0x19a>
    8738:	4421                	li	s0,8
    873a:	4b01                	li	s6,0
    873c:	7ff00493          	li	s1,2047
    8740:	4b89                	li	s7,2
    8742:	bd6d                	j	85fc <__divdf3+0x52>
    8744:	8a22                	mv	s4,s0
    8746:	8b4a                	mv	s6,s2
    8748:	4431                	li	s0,12
    874a:	7ff00493          	li	s1,2047
    874e:	4b8d                	li	s7,3
    8750:	b575                	j	85fc <__divdf3+0x52>
    8752:	4411                	li	s0,4
    8754:	4b01                	li	s6,0
    8756:	4481                	li	s1,0
    8758:	4b85                	li	s7,1
    875a:	b54d                	j	85fc <__divdf3+0x52>
    875c:	00146413          	ori	s0,s0,1
    8760:	4881                	li	a7,0
    8762:	4585                	li	a1,1
    8764:	bde9                	j	863e <__divdf3+0x94>
    8766:	00346413          	ori	s0,s0,3
    876a:	874a                	mv	a4,s2
    876c:	458d                	li	a1,3
    876e:	bdc1                	j	863e <__divdf3+0x94>
    8770:	2e050a63          	beqz	a0,8a64 <__divdf3+0x4ba>
    8774:	4785                	li	a5,1
    8776:	8f89                	sub	a5,a5,a0
    8778:	03800693          	li	a3,56
    877c:	32f6dd63          	bge	a3,a5,8ab6 <__divdf3+0x50c>
    8780:	4601                	li	a2,0
    8782:	4781                	li	a5,0
    8784:	4701                	li	a4,0
    8786:	bdcd                	j	8678 <__divdf3+0xce>
    8788:	86ce                	mv	a3,s3
    878a:	4789                	li	a5,2
    878c:	3af58d63          	beq	a1,a5,8b46 <__divdf3+0x59c>
    8790:	478d                	li	a5,3
    8792:	f0f587e3          	beq	a1,a5,86a0 <__divdf3+0xf6>
    8796:	4785                	li	a5,1
    8798:	8836                	mv	a6,a3
    879a:	fef583e3          	beq	a1,a5,8780 <__divdf3+0x1d6>
    879e:	3ff48513          	addi	a0,s1,1023
    87a2:	fca057e3          	blez	a0,8770 <__divdf3+0x1c6>
    87a6:	0078f793          	andi	a5,a7,7
    87aa:	28079663          	bnez	a5,8a36 <__divdf3+0x48c>
    87ae:	0038d693          	srli	a3,a7,0x3
    87b2:	00771793          	slli	a5,a4,0x7
    87b6:	0007d863          	bgez	a5,87c6 <__divdf3+0x21c>
    87ba:	ff0007b7          	lui	a5,0xff000
    87be:	17fd                	addi	a5,a5,-1
    87c0:	8f7d                	and	a4,a4,a5
    87c2:	40048513          	addi	a0,s1,1024
    87c6:	7fe00793          	li	a5,2046
    87ca:	eaa7c3e3          	blt	a5,a0,8670 <__divdf3+0xc6>
    87ce:	01d71613          	slli	a2,a4,0x1d
    87d2:	00971793          	slli	a5,a4,0x9
    87d6:	83b1                	srli	a5,a5,0xc
    87d8:	00d66733          	or	a4,a2,a3
    87dc:	7ff57613          	andi	a2,a0,2047
    87e0:	bd61                	j	8678 <__divdf3+0xce>
    87e2:	86d6                	mv	a3,s5
    87e4:	8752                	mv	a4,s4
    87e6:	88da                	mv	a7,s6
    87e8:	85de                	mv	a1,s7
    87ea:	b745                	j	878a <__divdf3+0x1e0>
    87ec:	23476163          	bltu	a4,s4,8a0e <__divdf3+0x464>
    87f0:	20ea0d63          	beq	s4,a4,8a0a <__divdf3+0x460>
    87f4:	86da                	mv	a3,s6
    87f6:	14fd                	addi	s1,s1,-1
    87f8:	8452                	mv	s0,s4
    87fa:	4b01                	li	s6,0
    87fc:	00871793          	slli	a5,a4,0x8
    8800:	0188d313          	srli	t1,a7,0x18
    8804:	00f36333          	or	t1,t1,a5
    8808:	01035e93          	srli	t4,t1,0x10
    880c:	03d457b3          	divu	a5,s0,t4
    8810:	01031f13          	slli	t5,t1,0x10
    8814:	010f5f13          	srli	t5,t5,0x10
    8818:	0106d593          	srli	a1,a3,0x10
    881c:	00889e13          	slli	t3,a7,0x8
    8820:	03d47433          	remu	s0,s0,t4
    8824:	02ff0733          	mul	a4,t5,a5
    8828:	0442                	slli	s0,s0,0x10
    882a:	8dc1                	or	a1,a1,s0
    882c:	00e5fb63          	bgeu	a1,a4,8842 <__divdf3+0x298>
    8830:	959a                	add	a1,a1,t1
    8832:	fff78613          	addi	a2,a5,-1 # feffffff <_eusrstack+0xdeff7fff>
    8836:	2665ee63          	bltu	a1,t1,8ab2 <__divdf3+0x508>
    883a:	26e5fc63          	bgeu	a1,a4,8ab2 <__divdf3+0x508>
    883e:	17f9                	addi	a5,a5,-2
    8840:	959a                	add	a1,a1,t1
    8842:	8d99                	sub	a1,a1,a4
    8844:	03d5d733          	divu	a4,a1,t4
    8848:	06c2                	slli	a3,a3,0x10
    884a:	82c1                	srli	a3,a3,0x10
    884c:	03d5f5b3          	remu	a1,a1,t4
    8850:	02ef0633          	mul	a2,t5,a4
    8854:	05c2                	slli	a1,a1,0x10
    8856:	8dd5                	or	a1,a1,a3
    8858:	00c5fb63          	bgeu	a1,a2,886e <__divdf3+0x2c4>
    885c:	959a                	add	a1,a1,t1
    885e:	fff70693          	addi	a3,a4,-1 # 7fffff <_data_lma+0x7f6943>
    8862:	2465e663          	bltu	a1,t1,8aae <__divdf3+0x504>
    8866:	24c5f463          	bgeu	a1,a2,8aae <__divdf3+0x504>
    886a:	1779                	addi	a4,a4,-2
    886c:	959a                	add	a1,a1,t1
    886e:	07c2                	slli	a5,a5,0x10
    8870:	6441                	lui	s0,0x10
    8872:	8f5d                	or	a4,a4,a5
    8874:	fff40793          	addi	a5,s0,-1 # ffff <_data_lma+0x6943>
    8878:	00f77533          	and	a0,a4,a5
    887c:	01075893          	srli	a7,a4,0x10
    8880:	010e5f93          	srli	t6,t3,0x10
    8884:	00fe77b3          	and	a5,t3,a5
    8888:	02f502b3          	mul	t0,a0,a5
    888c:	40c586b3          	sub	a3,a1,a2
    8890:	02f883b3          	mul	t2,a7,a5
    8894:	0102d593          	srli	a1,t0,0x10
    8898:	02af8633          	mul	a2,t6,a0
    889c:	961e                	add	a2,a2,t2
    889e:	962e                	add	a2,a2,a1
    88a0:	03f88533          	mul	a0,a7,t6
    88a4:	00767363          	bgeu	a2,t2,88aa <__divdf3+0x300>
    88a8:	9522                	add	a0,a0,s0
    88aa:	68c1                	lui	a7,0x10
    88ac:	18fd                	addi	a7,a7,-1
    88ae:	01065593          	srli	a1,a2,0x10
    88b2:	01167633          	and	a2,a2,a7
    88b6:	0642                	slli	a2,a2,0x10
    88b8:	0112f8b3          	and	a7,t0,a7
    88bc:	95aa                	add	a1,a1,a0
    88be:	9646                	add	a2,a2,a7
    88c0:	12b6e663          	bltu	a3,a1,89ec <__divdf3+0x442>
    88c4:	12b68263          	beq	a3,a1,89e8 <__divdf3+0x43e>
    88c8:	40cb0633          	sub	a2,s6,a2
    88cc:	8e8d                	sub	a3,a3,a1
    88ce:	00cb3b33          	sltu	s6,s6,a2
    88d2:	41668b33          	sub	s6,a3,s6
    88d6:	3ff48513          	addi	a0,s1,1023
    88da:	17630c63          	beq	t1,s6,8a52 <__divdf3+0x4a8>
    88de:	03db58b3          	divu	a7,s6,t4
    88e2:	01065593          	srli	a1,a2,0x10
    88e6:	03db7b33          	remu	s6,s6,t4
    88ea:	031f06b3          	mul	a3,t5,a7
    88ee:	0b42                	slli	s6,s6,0x10
    88f0:	0165eb33          	or	s6,a1,s6
    88f4:	00db7b63          	bgeu	s6,a3,890a <__divdf3+0x360>
    88f8:	9b1a                	add	s6,s6,t1
    88fa:	fff88593          	addi	a1,a7,-1 # ffff <_data_lma+0x6943>
    88fe:	206b6d63          	bltu	s6,t1,8b18 <__divdf3+0x56e>
    8902:	20db7b63          	bgeu	s6,a3,8b18 <__divdf3+0x56e>
    8906:	18f9                	addi	a7,a7,-2
    8908:	9b1a                	add	s6,s6,t1
    890a:	40db0b33          	sub	s6,s6,a3
    890e:	03db56b3          	divu	a3,s6,t4
    8912:	0642                	slli	a2,a2,0x10
    8914:	8241                	srli	a2,a2,0x10
    8916:	03db7b33          	remu	s6,s6,t4
    891a:	02df0f33          	mul	t5,t5,a3
    891e:	0b42                	slli	s6,s6,0x10
    8920:	01666633          	or	a2,a2,s6
    8924:	01e67b63          	bgeu	a2,t5,893a <__divdf3+0x390>
    8928:	961a                	add	a2,a2,t1
    892a:	fff68593          	addi	a1,a3,-1 # 7fffff <_data_lma+0x7f6943>
    892e:	1e666763          	bltu	a2,t1,8b1c <__divdf3+0x572>
    8932:	1fe67563          	bgeu	a2,t5,8b1c <__divdf3+0x572>
    8936:	16f9                	addi	a3,a3,-2
    8938:	961a                	add	a2,a2,t1
    893a:	08c2                	slli	a7,a7,0x10
    893c:	00d8e8b3          	or	a7,a7,a3
    8940:	01089593          	slli	a1,a7,0x10
    8944:	0108d293          	srli	t0,a7,0x10
    8948:	81c1                	srli	a1,a1,0x10
    894a:	02f58eb3          	mul	t4,a1,a5
    894e:	41e60633          	sub	a2,a2,t5
    8952:	02bf85b3          	mul	a1,t6,a1
    8956:	010ed693          	srli	a3,t4,0x10
    895a:	02f287b3          	mul	a5,t0,a5
    895e:	95be                	add	a1,a1,a5
    8960:	96ae                	add	a3,a3,a1
    8962:	025f8fb3          	mul	t6,t6,t0
    8966:	00f6f463          	bgeu	a3,a5,896e <__divdf3+0x3c4>
    896a:	67c1                	lui	a5,0x10
    896c:	9fbe                	add	t6,t6,a5
    896e:	65c1                	lui	a1,0x10
    8970:	15fd                	addi	a1,a1,-1
    8972:	0106d793          	srli	a5,a3,0x10
    8976:	8eed                	and	a3,a3,a1
    8978:	06c2                	slli	a3,a3,0x10
    897a:	00befeb3          	and	t4,t4,a1
    897e:	9fbe                	add	t6,t6,a5
    8980:	96f6                	add	a3,a3,t4
    8982:	09f67f63          	bgeu	a2,t6,8a20 <__divdf3+0x476>
    8986:	961a                	add	a2,a2,t1
    8988:	fff88793          	addi	a5,a7,-1
    898c:	1a666963          	bltu	a2,t1,8b3e <__divdf3+0x594>
    8990:	19f66863          	bltu	a2,t6,8b20 <__divdf3+0x576>
    8994:	1bf60f63          	beq	a2,t6,8b52 <__divdf3+0x5a8>
    8998:	88be                	mv	a7,a5
    899a:	0018e893          	ori	a7,a7,1
    899e:	b511                	j	87a2 <__divdf3+0x1f8>
    89a0:	854a                	mv	a0,s2
    89a2:	eeefc0ef          	jal	ra,5090 <__clzsi2>
    89a6:	01550713          	addi	a4,a0,21
    89aa:	45f1                	li	a1,28
    89ac:	02050493          	addi	s1,a0,32
    89b0:	4622                	lw	a2,8(sp)
    89b2:	46b2                	lw	a3,12(sp)
    89b4:	d4e5dae3          	bge	a1,a4,8708 <__divdf3+0x15e>
    89b8:	ff850413          	addi	s0,a0,-8
    89bc:	00891a33          	sll	s4,s2,s0
    89c0:	4b01                	li	s6,0
    89c2:	b385                	j	8722 <__divdf3+0x178>
    89c4:	8532                	mv	a0,a2
    89c6:	c432                	sw	a2,8(sp)
    89c8:	ec8fc0ef          	jal	ra,5090 <__clzsi2>
    89cc:	01550713          	addi	a4,a0,21
    89d0:	46f1                	li	a3,28
    89d2:	87aa                	mv	a5,a0
    89d4:	4622                	lw	a2,8(sp)
    89d6:	02050513          	addi	a0,a0,32
    89da:	cee6d6e3          	bge	a3,a4,86c6 <__divdf3+0x11c>
    89de:	17e1                	addi	a5,a5,-8
    89e0:	00f61733          	sll	a4,a2,a5
    89e4:	4881                	li	a7,0
    89e6:	b9e5                	j	86de <__divdf3+0x134>
    89e8:	eecb70e3          	bgeu	s6,a2,88c8 <__divdf3+0x31e>
    89ec:	9b72                	add	s6,s6,t3
    89ee:	01cb3533          	sltu	a0,s6,t3
    89f2:	951a                	add	a0,a0,t1
    89f4:	96aa                	add	a3,a3,a0
    89f6:	fff70513          	addi	a0,a4,-1
    89fa:	02d37863          	bgeu	t1,a3,8a2a <__divdf3+0x480>
    89fe:	10b6e663          	bltu	a3,a1,8b0a <__divdf3+0x560>
    8a02:	10d58263          	beq	a1,a3,8b06 <__divdf3+0x55c>
    8a06:	872a                	mv	a4,a0
    8a08:	b5c1                	j	88c8 <__divdf3+0x31e>
    8a0a:	df1b65e3          	bltu	s6,a7,87f4 <__divdf3+0x24a>
    8a0e:	001b5593          	srli	a1,s6,0x1
    8a12:	01fa1693          	slli	a3,s4,0x1f
    8a16:	001a5413          	srli	s0,s4,0x1
    8a1a:	8ecd                	or	a3,a3,a1
    8a1c:	0b7e                	slli	s6,s6,0x1f
    8a1e:	bbf9                	j	87fc <__divdf3+0x252>
    8a20:	f7f61de3          	bne	a2,t6,899a <__divdf3+0x3f0>
    8a24:	d6068fe3          	beqz	a3,87a2 <__divdf3+0x1f8>
    8a28:	bfb9                	j	8986 <__divdf3+0x3dc>
    8a2a:	fcd31ee3          	bne	t1,a3,8a06 <__divdf3+0x45c>
    8a2e:	fdcb78e3          	bgeu	s6,t3,89fe <__divdf3+0x454>
    8a32:	872a                	mv	a4,a0
    8a34:	bd51                	j	88c8 <__divdf3+0x31e>
    8a36:	00f8f793          	andi	a5,a7,15
    8a3a:	4691                	li	a3,4
    8a3c:	d6d789e3          	beq	a5,a3,87ae <__divdf3+0x204>
    8a40:	ffc8b793          	sltiu	a5,a7,-4
    8a44:	00488693          	addi	a3,a7,4
    8a48:	0017c793          	xori	a5,a5,1
    8a4c:	828d                	srli	a3,a3,0x3
    8a4e:	973e                	add	a4,a4,a5
    8a50:	b38d                	j	87b2 <__divdf3+0x208>
    8a52:	4681                	li	a3,0
    8a54:	4785                	li	a5,1
    8a56:	fea04ce3          	bgtz	a0,8a4e <__divdf3+0x4a4>
    8a5a:	58fd                	li	a7,-1
    8a5c:	d0051ce3          	bnez	a0,8774 <__divdf3+0x1ca>
    8a60:	c0100493          	li	s1,-1023
    8a64:	4785                	li	a5,1
    8a66:	41e48513          	addi	a0,s1,1054
    8a6a:	00a716b3          	sll	a3,a4,a0
    8a6e:	00f8d633          	srl	a2,a7,a5
    8a72:	00a89533          	sll	a0,a7,a0
    8a76:	8ed1                	or	a3,a3,a2
    8a78:	00a03533          	snez	a0,a0
    8a7c:	8ec9                	or	a3,a3,a0
    8a7e:	0076f613          	andi	a2,a3,7
    8a82:	00f75733          	srl	a4,a4,a5
    8a86:	ce01                	beqz	a2,8a9e <__divdf3+0x4f4>
    8a88:	00f6f793          	andi	a5,a3,15
    8a8c:	4611                	li	a2,4
    8a8e:	00c78863          	beq	a5,a2,8a9e <__divdf3+0x4f4>
    8a92:	00468793          	addi	a5,a3,4
    8a96:	00d7b6b3          	sltu	a3,a5,a3
    8a9a:	9736                	add	a4,a4,a3
    8a9c:	86be                	mv	a3,a5
    8a9e:	00871793          	slli	a5,a4,0x8
    8aa2:	0407d863          	bgez	a5,8af2 <__divdf3+0x548>
    8aa6:	4605                	li	a2,1
    8aa8:	4781                	li	a5,0
    8aaa:	4701                	li	a4,0
    8aac:	b6f1                	j	8678 <__divdf3+0xce>
    8aae:	8736                	mv	a4,a3
    8ab0:	bb7d                	j	886e <__divdf3+0x2c4>
    8ab2:	87b2                	mv	a5,a2
    8ab4:	b379                	j	8842 <__divdf3+0x298>
    8ab6:	46fd                	li	a3,31
    8ab8:	faf6d7e3          	bge	a3,a5,8a66 <__divdf3+0x4bc>
    8abc:	5605                	li	a2,-31
    8abe:	8e09                	sub	a2,a2,a0
    8ac0:	02000693          	li	a3,32
    8ac4:	00c75633          	srl	a2,a4,a2
    8ac8:	00d78863          	beq	a5,a3,8ad8 <__divdf3+0x52e>
    8acc:	43e48793          	addi	a5,s1,1086
    8ad0:	00f717b3          	sll	a5,a4,a5
    8ad4:	00f8e8b3          	or	a7,a7,a5
    8ad8:	011036b3          	snez	a3,a7
    8adc:	8ed1                	or	a3,a3,a2
    8ade:	0076f613          	andi	a2,a3,7
    8ae2:	4781                	li	a5,0
    8ae4:	ce01                	beqz	a2,8afc <__divdf3+0x552>
    8ae6:	00f6f793          	andi	a5,a3,15
    8aea:	4611                	li	a2,4
    8aec:	4701                	li	a4,0
    8aee:	fac792e3          	bne	a5,a2,8a92 <__divdf3+0x4e8>
    8af2:	00971793          	slli	a5,a4,0x9
    8af6:	01d71613          	slli	a2,a4,0x1d
    8afa:	83b1                	srli	a5,a5,0xc
    8afc:	0036d713          	srli	a4,a3,0x3
    8b00:	8f51                	or	a4,a4,a2
    8b02:	4601                	li	a2,0
    8b04:	be95                	j	8678 <__divdf3+0xce>
    8b06:	f0cb70e3          	bgeu	s6,a2,8a06 <__divdf3+0x45c>
    8b0a:	9b72                	add	s6,s6,t3
    8b0c:	01cb3533          	sltu	a0,s6,t3
    8b10:	951a                	add	a0,a0,t1
    8b12:	1779                	addi	a4,a4,-2
    8b14:	96aa                	add	a3,a3,a0
    8b16:	bb4d                	j	88c8 <__divdf3+0x31e>
    8b18:	88ae                	mv	a7,a1
    8b1a:	bbc5                	j	890a <__divdf3+0x360>
    8b1c:	86ae                	mv	a3,a1
    8b1e:	bd31                	j	893a <__divdf3+0x390>
    8b20:	001e1793          	slli	a5,t3,0x1
    8b24:	01c7be33          	sltu	t3,a5,t3
    8b28:	9372                	add	t1,t1,t3
    8b2a:	961a                	add	a2,a2,t1
    8b2c:	18f9                	addi	a7,a7,-2
    8b2e:	8e3e                	mv	t3,a5
    8b30:	e7f615e3          	bne	a2,t6,899a <__divdf3+0x3f0>
    8b34:	c6de07e3          	beq	t3,a3,87a2 <__divdf3+0x1f8>
    8b38:	0018e893          	ori	a7,a7,1
    8b3c:	b19d                	j	87a2 <__divdf3+0x1f8>
    8b3e:	88be                	mv	a7,a5
    8b40:	fff60ae3          	beq	a2,t6,8b34 <__divdf3+0x58a>
    8b44:	bd99                	j	899a <__divdf3+0x3f0>
    8b46:	8836                	mv	a6,a3
    8b48:	7ff00613          	li	a2,2047
    8b4c:	4781                	li	a5,0
    8b4e:	4701                	li	a4,0
    8b50:	b625                	j	8678 <__divdf3+0xce>
    8b52:	fcde67e3          	bltu	t3,a3,8b20 <__divdf3+0x576>
    8b56:	88be                	mv	a7,a5
    8b58:	fede10e3          	bne	t3,a3,8b38 <__divdf3+0x58e>
    8b5c:	b199                	j	87a2 <__divdf3+0x1f8>

00008b5e <__eqdf2>:
    8b5e:	0145d713          	srli	a4,a1,0x14
    8b62:	001007b7          	lui	a5,0x100
    8b66:	17fd                	addi	a5,a5,-1
    8b68:	0146d813          	srli	a6,a3,0x14
    8b6c:	7ff77713          	andi	a4,a4,2047
    8b70:	7ff00893          	li	a7,2047
    8b74:	00b7fe33          	and	t3,a5,a1
    8b78:	8eaa                	mv	t4,a0
    8b7a:	8ff5                	and	a5,a5,a3
    8b7c:	81fd                	srli	a1,a1,0x1f
    8b7e:	8f32                	mv	t5,a2
    8b80:	7ff87813          	andi	a6,a6,2047
    8b84:	82fd                	srli	a3,a3,0x1f
    8b86:	01170b63          	beq	a4,a7,8b9c <__eqdf2+0x3e>
    8b8a:	4305                	li	t1,1
    8b8c:	01180663          	beq	a6,a7,8b98 <__eqdf2+0x3a>
    8b90:	01071463          	bne	a4,a6,8b98 <__eqdf2+0x3a>
    8b94:	00fe0d63          	beq	t3,a5,8bae <__eqdf2+0x50>
    8b98:	851a                	mv	a0,t1
    8b9a:	8082                	ret
    8b9c:	00ae68b3          	or	a7,t3,a0
    8ba0:	4305                	li	t1,1
    8ba2:	fe089be3          	bnez	a7,8b98 <__eqdf2+0x3a>
    8ba6:	fee819e3          	bne	a6,a4,8b98 <__eqdf2+0x3a>
    8baa:	8fd1                	or	a5,a5,a2
    8bac:	f7f5                	bnez	a5,8b98 <__eqdf2+0x3a>
    8bae:	4305                	li	t1,1
    8bb0:	ffee94e3          	bne	t4,t5,8b98 <__eqdf2+0x3a>
    8bb4:	4301                	li	t1,0
    8bb6:	fed581e3          	beq	a1,a3,8b98 <__eqdf2+0x3a>
    8bba:	4305                	li	t1,1
    8bbc:	ff71                	bnez	a4,8b98 <__eqdf2+0x3a>
    8bbe:	00ae6533          	or	a0,t3,a0
    8bc2:	00a03333          	snez	t1,a0
    8bc6:	bfc9                	j	8b98 <__eqdf2+0x3a>

00008bc8 <__gedf2>:
    8bc8:	0145d713          	srli	a4,a1,0x14
    8bcc:	001007b7          	lui	a5,0x100
    8bd0:	17fd                	addi	a5,a5,-1
    8bd2:	0146d813          	srli	a6,a3,0x14
    8bd6:	7ff77713          	andi	a4,a4,2047
    8bda:	7ff00893          	li	a7,2047
    8bde:	00b7f333          	and	t1,a5,a1
    8be2:	8e2a                	mv	t3,a0
    8be4:	8ff5                	and	a5,a5,a3
    8be6:	81fd                	srli	a1,a1,0x1f
    8be8:	8eb2                	mv	t4,a2
    8bea:	7ff87813          	andi	a6,a6,2047
    8bee:	82fd                	srli	a3,a3,0x1f
    8bf0:	03170863          	beq	a4,a7,8c20 <__gedf2+0x58>
    8bf4:	03180063          	beq	a6,a7,8c14 <__gedf2+0x4c>
    8bf8:	eb0d                	bnez	a4,8c2a <__gedf2+0x62>
    8bfa:	00a368b3          	or	a7,t1,a0
    8bfe:	00081463          	bnez	a6,8c06 <__gedf2+0x3e>
    8c02:	8e5d                	or	a2,a2,a5
    8c04:	ca29                	beqz	a2,8c56 <__gedf2+0x8e>
    8c06:	04088563          	beqz	a7,8c50 <__gedf2+0x88>
    8c0a:	02d58863          	beq	a1,a3,8c3a <__gedf2+0x72>
    8c0e:	4505                	li	a0,1
    8c10:	ed95                	bnez	a1,8c4c <__gedf2+0x84>
    8c12:	8082                	ret
    8c14:	00c7e8b3          	or	a7,a5,a2
    8c18:	fe0880e3          	beqz	a7,8bf8 <__gedf2+0x30>
    8c1c:	5579                	li	a0,-2
    8c1e:	8082                	ret
    8c20:	00a36533          	or	a0,t1,a0
    8c24:	fd65                	bnez	a0,8c1c <__gedf2+0x54>
    8c26:	02e80c63          	beq	a6,a4,8c5e <__gedf2+0x96>
    8c2a:	00081463          	bnez	a6,8c32 <__gedf2+0x6a>
    8c2e:	8e5d                	or	a2,a2,a5
    8c30:	de79                	beqz	a2,8c0e <__gedf2+0x46>
    8c32:	fcd59ee3          	bne	a1,a3,8c0e <__gedf2+0x46>
    8c36:	fce84ce3          	blt	a6,a4,8c0e <__gedf2+0x46>
    8c3a:	01074863          	blt	a4,a6,8c4a <__gedf2+0x82>
    8c3e:	fc67e8e3          	bltu	a5,t1,8c0e <__gedf2+0x46>
    8c42:	02f30363          	beq	t1,a5,8c68 <__gedf2+0xa0>
    8c46:	00f37f63          	bgeu	t1,a5,8c64 <__gedf2+0x9c>
    8c4a:	e581                	bnez	a1,8c52 <__gedf2+0x8a>
    8c4c:	557d                	li	a0,-1
    8c4e:	8082                	ret
    8c50:	def5                	beqz	a3,8c4c <__gedf2+0x84>
    8c52:	4505                	li	a0,1
    8c54:	8082                	ret
    8c56:	4501                	li	a0,0
    8c58:	fa089be3          	bnez	a7,8c0e <__gedf2+0x46>
    8c5c:	8082                	ret
    8c5e:	8e5d                	or	a2,a2,a5
    8c60:	da69                	beqz	a2,8c32 <__gedf2+0x6a>
    8c62:	bf6d                	j	8c1c <__gedf2+0x54>
    8c64:	4501                	li	a0,0
    8c66:	8082                	ret
    8c68:	fbcee3e3          	bltu	t4,t3,8c0e <__gedf2+0x46>
    8c6c:	4501                	li	a0,0
    8c6e:	fbde72e3          	bgeu	t3,t4,8c12 <__gedf2+0x4a>
    8c72:	f1e5                	bnez	a1,8c52 <__gedf2+0x8a>
    8c74:	bfe1                	j	8c4c <__gedf2+0x84>

00008c76 <__fixdfsi>:
    8c76:	0145d793          	srli	a5,a1,0x14
    8c7a:	001006b7          	lui	a3,0x100
    8c7e:	fff68713          	addi	a4,a3,-1 # fffff <_data_lma+0xf6943>
    8c82:	7ff7f793          	andi	a5,a5,2047
    8c86:	3fe00613          	li	a2,1022
    8c8a:	8f6d                	and	a4,a4,a1
    8c8c:	81fd                	srli	a1,a1,0x1f
    8c8e:	00f65c63          	bge	a2,a5,8ca6 <__fixdfsi+0x30>
    8c92:	41d00613          	li	a2,1053
    8c96:	00f65a63          	bge	a2,a5,8caa <__fixdfsi+0x34>
    8c9a:	80000537          	lui	a0,0x80000
    8c9e:	fff54513          	not	a0,a0
    8ca2:	952e                	add	a0,a0,a1
    8ca4:	8082                	ret
    8ca6:	4501                	li	a0,0
    8ca8:	8082                	ret
    8caa:	43300613          	li	a2,1075
    8cae:	8e1d                	sub	a2,a2,a5
    8cb0:	487d                	li	a6,31
    8cb2:	8f55                	or	a4,a4,a3
    8cb4:	00c85d63          	bge	a6,a2,8cce <__fixdfsi+0x58>
    8cb8:	41300693          	li	a3,1043
    8cbc:	40f687b3          	sub	a5,a3,a5
    8cc0:	00f757b3          	srl	a5,a4,a5
    8cc4:	40f00533          	neg	a0,a5
    8cc8:	f1e5                	bnez	a1,8ca8 <__fixdfsi+0x32>
    8cca:	853e                	mv	a0,a5
    8ccc:	8082                	ret
    8cce:	bed78793          	addi	a5,a5,-1043 # ffbed <_data_lma+0xf6531>
    8cd2:	00f717b3          	sll	a5,a4,a5
    8cd6:	00c55533          	srl	a0,a0,a2
    8cda:	8fc9                	or	a5,a5,a0
    8cdc:	b7e5                	j	8cc4 <__fixdfsi+0x4e>

00008cde <__fixunsdfsi>:
    8cde:	0145d793          	srli	a5,a1,0x14
    8ce2:	001006b7          	lui	a3,0x100
    8ce6:	fff68713          	addi	a4,a3,-1 # fffff <_data_lma+0xf6943>
    8cea:	7ff7f793          	andi	a5,a5,2047
    8cee:	3fe00613          	li	a2,1022
    8cf2:	882a                	mv	a6,a0
    8cf4:	8f6d                	and	a4,a4,a1
    8cf6:	4501                	li	a0,0
    8cf8:	81fd                	srli	a1,a1,0x1f
    8cfa:	00f65463          	bge	a2,a5,8d02 <__fixunsdfsi+0x24>
    8cfe:	c199                	beqz	a1,8d04 <__fixunsdfsi+0x26>
    8d00:	8082                	ret
    8d02:	8082                	ret
    8d04:	41e00613          	li	a2,1054
    8d08:	557d                	li	a0,-1
    8d0a:	fef64be3          	blt	a2,a5,8d00 <__fixunsdfsi+0x22>
    8d0e:	43300513          	li	a0,1075
    8d12:	8d1d                	sub	a0,a0,a5
    8d14:	467d                	li	a2,31
    8d16:	8f55                	or	a4,a4,a3
    8d18:	00a64a63          	blt	a2,a0,8d2c <__fixunsdfsi+0x4e>
    8d1c:	bed78793          	addi	a5,a5,-1043
    8d20:	00f71733          	sll	a4,a4,a5
    8d24:	00a85533          	srl	a0,a6,a0
    8d28:	8d59                	or	a0,a0,a4
    8d2a:	8082                	ret
    8d2c:	41300513          	li	a0,1043
    8d30:	40f507b3          	sub	a5,a0,a5
    8d34:	00f75533          	srl	a0,a4,a5
    8d38:	8082                	ret

00008d3a <__floatsidf>:
    8d3a:	1141                	addi	sp,sp,-16
    8d3c:	c606                	sw	ra,12(sp)
    8d3e:	c422                	sw	s0,8(sp)
    8d40:	c226                	sw	s1,4(sp)
    8d42:	cd0d                	beqz	a0,8d7c <__floatsidf+0x42>
    8d44:	41f55793          	srai	a5,a0,0x1f
    8d48:	00a7c4b3          	xor	s1,a5,a0
    8d4c:	8c9d                	sub	s1,s1,a5
    8d4e:	842a                	mv	s0,a0
    8d50:	8526                	mv	a0,s1
    8d52:	b3efc0ef          	jal	ra,5090 <__clzsi2>
    8d56:	41e00693          	li	a3,1054
    8d5a:	8e89                	sub	a3,a3,a0
    8d5c:	47a9                	li	a5,10
    8d5e:	807d                	srli	s0,s0,0x1f
    8d60:	7ff6f693          	andi	a3,a3,2047
    8d64:	02a7cd63          	blt	a5,a0,8d9e <__floatsidf+0x64>
    8d68:	472d                	li	a4,11
    8d6a:	8f09                	sub	a4,a4,a0
    8d6c:	00e4d7b3          	srl	a5,s1,a4
    8d70:	0555                	addi	a0,a0,21
    8d72:	07b2                	slli	a5,a5,0xc
    8d74:	00a494b3          	sll	s1,s1,a0
    8d78:	83b1                	srli	a5,a5,0xc
    8d7a:	a029                	j	8d84 <__floatsidf+0x4a>
    8d7c:	4401                	li	s0,0
    8d7e:	4681                	li	a3,0
    8d80:	4781                	li	a5,0
    8d82:	4481                	li	s1,0
    8d84:	07b2                	slli	a5,a5,0xc
    8d86:	06d2                	slli	a3,a3,0x14
    8d88:	83b1                	srli	a5,a5,0xc
    8d8a:	047e                	slli	s0,s0,0x1f
    8d8c:	8fd5                	or	a5,a5,a3
    8d8e:	8fc1                	or	a5,a5,s0
    8d90:	40b2                	lw	ra,12(sp)
    8d92:	4422                	lw	s0,8(sp)
    8d94:	8526                	mv	a0,s1
    8d96:	85be                	mv	a1,a5
    8d98:	4492                	lw	s1,4(sp)
    8d9a:	0141                	addi	sp,sp,16
    8d9c:	8082                	ret
    8d9e:	1555                	addi	a0,a0,-11
    8da0:	00a497b3          	sll	a5,s1,a0
    8da4:	07b2                	slli	a5,a5,0xc
    8da6:	83b1                	srli	a5,a5,0xc
    8da8:	4481                	li	s1,0
    8daa:	bfe9                	j	8d84 <__floatsidf+0x4a>

00008dac <__floatunsidf>:
    8dac:	cd1d                	beqz	a0,8dea <__floatunsidf+0x3e>
    8dae:	1141                	addi	sp,sp,-16
    8db0:	c422                	sw	s0,8(sp)
    8db2:	c606                	sw	ra,12(sp)
    8db4:	842a                	mv	s0,a0
    8db6:	adafc0ef          	jal	ra,5090 <__clzsi2>
    8dba:	41e00693          	li	a3,1054
    8dbe:	8e89                	sub	a3,a3,a0
    8dc0:	47a9                	li	a5,10
    8dc2:	7ff6f693          	andi	a3,a3,2047
    8dc6:	02a7dc63          	bge	a5,a0,8dfe <__floatunsidf+0x52>
    8dca:	1555                	addi	a0,a0,-11
    8dcc:	00a417b3          	sll	a5,s0,a0
    8dd0:	07b2                	slli	a5,a5,0xc
    8dd2:	83b1                	srli	a5,a5,0xc
    8dd4:	4701                	li	a4,0
    8dd6:	40b2                	lw	ra,12(sp)
    8dd8:	4422                	lw	s0,8(sp)
    8dda:	07b2                	slli	a5,a5,0xc
    8ddc:	06d2                	slli	a3,a3,0x14
    8dde:	83b1                	srli	a5,a5,0xc
    8de0:	8fd5                	or	a5,a5,a3
    8de2:	853a                	mv	a0,a4
    8de4:	85be                	mv	a1,a5
    8de6:	0141                	addi	sp,sp,16
    8de8:	8082                	ret
    8dea:	4781                	li	a5,0
    8dec:	4681                	li	a3,0
    8dee:	07b2                	slli	a5,a5,0xc
    8df0:	06d2                	slli	a3,a3,0x14
    8df2:	83b1                	srli	a5,a5,0xc
    8df4:	4701                	li	a4,0
    8df6:	8fd5                	or	a5,a5,a3
    8df8:	853a                	mv	a0,a4
    8dfa:	85be                	mv	a1,a5
    8dfc:	8082                	ret
    8dfe:	472d                	li	a4,11
    8e00:	8f09                	sub	a4,a4,a0
    8e02:	00e457b3          	srl	a5,s0,a4
    8e06:	07b2                	slli	a5,a5,0xc
    8e08:	01550713          	addi	a4,a0,21 # 80000015 <_eusrstack+0x5fff8015>
    8e0c:	00e41733          	sll	a4,s0,a4
    8e10:	83b1                	srli	a5,a5,0xc
    8e12:	b7d1                	j	8dd6 <__floatunsidf+0x2a>

00008e14 <days_in_month.5670>:
    8e14:	001f 0000 001c 0000 001f 0000 001e 0000     ................
    8e24:	001f 0000 001e 0000 001f 0000 001f 0000     ................
    8e34:	001e 0000 001f 0000 001e 0000 001f 0000     ................
    8e44:	3974 742e 7478 223d 3025 6434 252d 3230     t9.txt="%04d-%02
    8e54:	2d64 3025 6432 2020 3025 6432 253a 3230     d-%02d  %02d:%02
    8e64:	3a64 3025 6432 0022 4c40 4145 3a4b 6425     d:%02d".@LEAK:%d
    8e74:	0a0d 0000 5340 5245 4556 253a 0d73 000a     ....@SERVE:%s...
    8e84:	0000 42c8 4000 461c 0000 4120 5740 3a51     ...B.@.F.. A@WQ:
    8e94:	6425 252c 2c64 2e25 6632 252c 342e 2c66     %d,%d,%.2f,%.4f,
    8ea4:	2e25 6631 252c 2c64 2e25 6632 252c 322e     %.1f,%d,%.2f,%.2
    8eb4:	2c66 2e25 6632 0a0d 0000 0000 5740 4649     f,%.2f......@WIF
    8ec4:	3a49 7325 252c 0d73 000a 0000 5640 4c41     I:%s,%s.....@VAL
    8ed4:	4556 003a 3140 0a0d 0000 0000 6176 2e30     VE:.@1......va0.
    8ee4:	6176 3d6c 0032 0000 3240 0a0d 0000 0000     val=2...@2......
    8ef4:	6176 2e30 6176 3d6c 0031 0000 6425 252d     va0.val=1...%d-%
    8f04:	2d64 6425 2526 3a64 6425 253a 0064 0000     d-%d&%d:%d:%d...
    8f14:	3174 2e30 7874 3d74 3022 2f4c 696d 226e     t10.txt="0L/min"
    8f24:	0000 0000 3174 2e33 7874 3d74 2522 2264     ....t13.txt="%d"
    8f34:	0000 0000 6957 6946 5320 4953 3a44 2520     ....WiFi SSID: %
    8f44:	0d73 000a 6957 6946 5020 4457 203a 7325     s...WiFi PWD: %s
    8f54:	0a0d 0000 6573 7672 3a65 2520 0d73 000a     ....serve: %s...
    8f64:	3174 2e34 7874 3d74 2522 2273 0000 0000     t14.txt="%s"....
    8f74:	d3bd d5ca 5353 4449 fdca ddbe 203a 7325     ....SSID....: %s
    8f84:	2820 a4b3 c8b6 253a 2964 0a0d 0000 0000      (....:%d)......
    8f94:	d3bd d5ca dcc3 ebc2 fdca ddbe 203a 7325     ............: %s
    8fa4:	2820 a4b3 c8b6 253a 2964 0a0d 0000 0000      (....:%d)......
    8fb4:	d3bd d5ca feb7 f1ce c5ba fdca ddbe 203a     ..............: 
    8fc4:	7325 2820 a4b3 c8b6 253a 2964 0a0d 0000     %s (....:%d)....
    8fd4:	3333 3eb3 3274 2e30 7874 3d74 2522 7064     33.>t20.txt="%dp
    8fe4:	6d70 0022 3274 2e31 7874 3d74 2522 7564     pm".t21.txt="%du
    8ff4:	2f73 6d63 0022 0000 3274 2e32 7874 3d74     s/cm"...t22.txt=
    9004:	2522 2e64 3025 6432 2520 2225 0000 0000     "%d.%02d %%"....
    9014:	3274 2e33 7874 3d74 2522 2e64 3025 6434     t23.txt="%d.%04d
    9024:	0022 0000 3174 2e33 7874 3d74 2522 2e64     "...t13.txt="%d.
    9034:	6425 0022 3274 2e34 7874 3d74 2522 7064     %d".t24.txt="%dp
    9044:	6d70 0022 3174 2e32 7874 3d74 2522 322e     pm".t12.txt="%.2
    9054:	2266 0000 3474 742e 7478 223d aee5 e589     f"..t4.txt="....
    9064:	a885 0022 3474 742e 7478 223d ade8 e5a6     ..".t4.txt="....
    9074:	8a91 bce6 e68f b4b0 2221 0000 3574 742e     ........!"..t5.t
    9084:	7478 223d 2e25 6632 224c 0000 126f 3a83     xt="%.2fL"..o..:
    9094:	c28f 3cf5 3474 742e 7478 223d bee5 e6ae     ...<t4.txt="....
    90a4:	8fbc ade8 e5a6 8a91 2221 0000 c000 45b7     ........!".....E
    90b4:	0000 447a 544a 3932 0000 4270 3174 2e30     ..zDJT29..pBt10.
    90c4:	7874 3d74 2522 322e 4c66 6d2f 6e69 0022     txt="%.2fL/min".
    90d4:	3174 2e31 7874 3d74 2522 322e 4c66 0022     t11.txt="%.2fL".
    90e4:	0000 41c8 4c40 5645 4c45 003a 3274 2e35     ...A@LEVEL:.t25.
    90f4:	7874 3d74 2522 322e 6d66 0022 3274 2e36     txt="%.2fm".t26.
    9104:	7874 3d74 2522 312e 2566 2225 0000 0000     txt="%.1f%%"....
    9114:	3274 2e37 7874 3d74 2522 312e 2266 0000     t27.txt="%.1f"..
    9124:	3274 2e38 7874 3d74 2522 2564 2225 0000     t28.txt="%d%%"..
    9134:	6e28 6c75 296c 0000 a376 ffff a268 ffff     (null)..v...h...
    9144:	a268 ffff a266 ffff a26e ffff a26e ffff     h...f...n...n...
    9154:	a234 ffff a266 ffff a26e ffff a234 ffff     4...f...n...4...
    9164:	a26e ffff a266 ffff a362 ffff a362 ffff     n...f...b...b...
    9174:	a362 ffff a234 ffff b4b2 ffff b3d8 ffff     b...4...........
    9184:	b4ac ffff b3e0 ffff b4ac ffff b3a6 ffff     ................
    9194:	b4ac ffff b3e0 ffff b3d8 ffff b3d8 ffff     ................
    91a4:	b3a6 ffff b3e0 ffff b3e6 ffff b3e6 ffff     ................
    91b4:	b3e6 ffff b3a6 ffff b398 ffff b398 ffff     ................
    91c4:	b46c ffff b548 ffff b46c ffff b366 ffff     l...H...l...f...
    91d4:	b46c ffff b548 ffff b398 ffff b398 ffff     l...H...........
    91e4:	b366 ffff b548 ffff b3a6 ffff b3a6 ffff     f...H...........
    91f4:	b3a6 ffff b366 ffff b7bc ffff b70e ffff     ....f...........
    9204:	b70e ffff b70c ffff b712 ffff b712 ffff     ................
    9214:	b6e2 ffff b70c ffff b712 ffff b6e2 ffff     ................
    9224:	b712 ffff b70c ffff b7aa ffff b7aa ffff     ................
    9234:	b7aa ffff b6e2 ffff                         ........

0000923c <__clz_tab>:
    923c:	0100 0202 0303 0303 0404 0404 0404 0404     ................
    924c:	0505 0505 0505 0505 0505 0505 0505 0505     ................
    925c:	0606 0606 0606 0606 0606 0606 0606 0606     ................
    926c:	0606 0606 0606 0606 0606 0606 0606 0606     ................
    927c:	0707 0707 0707 0707 0707 0707 0707 0707     ................
    928c:	0707 0707 0707 0707 0707 0707 0707 0707     ................
    929c:	0707 0707 0707 0707 0707 0707 0707 0707     ................
    92ac:	0707 0707 0707 0707 0707 0707 0707 0707     ................
    92bc:	0808 0808 0808 0808 0808 0808 0808 0808     ................
    92cc:	0808 0808 0808 0808 0808 0808 0808 0808     ................
    92dc:	0808 0808 0808 0808 0808 0808 0808 0808     ................
    92ec:	0808 0808 0808 0808 0808 0808 0808 0808     ................
    92fc:	0808 0808 0808 0808 0808 0808 0808 0808     ................
    930c:	0808 0808 0808 0808 0808 0808 0808 0808     ................
    931c:	0808 0808 0808 0808 0808 0808 0808 0808     ................
    932c:	0808 0808 0808 0808 0808 0808 0808 0808     ................
    933c:	c058 ffff c044 ffff c076 ffff c07c ffff     X...D...v...|...
    934c:	c058 ffff 0000 0000 0000 3fe0 0000 0000     X..........?....
    935c:	0000 3ff0 0000 0000 0000 4000 0000 ffc0     ...?.......@....
    936c:	ffff 41df 3595 94a0 ffff 3fdf e535 35af     ...A.5.....?5..5
    937c:	0000 3fe0 3595 94a0 ffff 3fcf 666e 0000     ...?.5.....?nf..
    938c:	6e69 7469 0079 0000 6e61 0000               inity...an..

00009398 <fpi.3395>:
    9398:	0035 0000 fbce ffff 03cb 0000 0001 0000     5...............
    93a8:	0000 0000                                   ....

000093ac <fpinan.3431>:
    93ac:	0034 0000 fbce ffff 03cb 0000 0001 0000     4...............
    93bc:	0000 0000                                   ....

000093c0 <tinytens>:
    93c0:	89bc 97d8 d2b2 3c9c a733 d5a8 f623 3949     .......<3...#.I9
    93d0:	a73d 44f4 0ffd 32a5 979d cf8c ba08 255b     =..D...2......[%
    93e0:	6f43 64ac 0628 1168 0043 0000 4f50 4953     Co.d(.h.C...POSI
    93f0:	0058 0000 002e 0000                         X.......

000093f8 <__mprec_bigtens>:
    93f8:	8000 37e0 c379 4341 6e17 b505 b8b5 4693     ...7y.AC.n.....F
    9408:	f9f5 e93f 4f03 4d38 1d32 f930 7748 5a82     ..?..O8M2.0.Hw.Z
    9418:	bf3c 7f73 4fdd 7515                         <.s..O.u

00009420 <__mprec_tens>:
    9420:	0000 0000 0000 3ff0 0000 0000 0000 4024     .......?......$@
    9430:	0000 0000 0000 4059 0000 0000 4000 408f     ......Y@.....@.@
    9440:	0000 0000 8800 40c3 0000 0000 6a00 40f8     .......@.....j.@
    9450:	0000 0000 8480 412e 0000 0000 12d0 4163     .......A......cA
    9460:	0000 0000 d784 4197 0000 0000 cd65 41cd     .......A....e..A
    9470:	0000 2000 a05f 4202 0000 e800 4876 4237     ... _..B....vH7B
    9480:	0000 a200 1a94 426d 0000 e540 309c 42a2     ......mB..@..0.B
    9490:	0000 1e90 bcc4 42d6 0000 2634 6bf5 430c     .......B..4&.k.C
    94a0:	8000 37e0 c379 4341 a000 85d8 3457 4376     ...7y.AC....W4vC
    94b0:	c800 674e c16d 43ab 3d00 6091 58e4 43e1     ..Ngm..C.=.`.X.C
    94c0:	8c40 78b5 af1d 4415 ef50 d6e2 1ae4 444b     @..x...DP.....KD
    94d0:	d592 064d f0cf 4480 4af6 c7e1 2d02 44b5     ..M....D.J...-.D
    94e0:	9db4 79d9 7843 44ea                         ...yCx.D

000094e8 <p05.3319>:
    94e8:	0005 0000 0019 0000 007d 0000 6c68 004c     ........}...hlL.
    94f8:	2d41 6146 662d 3938 3130 3332 3534 3736     A-Fa-f8901234567
    9508:	005d 0000 2d2b 0000 3030 0000 5878 0000     ]...+-..00..xX..

00009518 <_ctype_>:
    9518:	2000 2020 2020 2020 2020 2828 2828 2028     .         ((((( 
    9528:	2020 2020 2020 2020 2020 2020 2020 2020                     
    9538:	8820 1010 1010 1010 1010 1010 1010 1010      ...............
    9548:	0410 0404 0404 0404 0404 1004 1010 1010     ................
    9558:	1010 4141 4141 4141 0101 0101 0101 0101     ..AAAAAA........
    9568:	0101 0101 0101 0101 0101 0101 1010 1010     ................
    9578:	1010 4242 4242 4242 0202 0202 0202 0202     ..BBBBBB........
    9588:	0202 0202 0202 0202 0202 0202 1010 1010     ................
    9598:	0020 0000 0000 0000 0000 0000 0000 0000      ...............
	...

0000961c <__sf_fake_stderr>:
	...

0000963c <__sf_fake_stdin>:
	...

0000965c <__sf_fake_stdout>:
	...
    967c:	f170 ffff eff4 ffff f104 ffff f10c ffff     p...............
    968c:	f104 ffff f024 ffff f104 ffff f10c ffff     ....$...........
    969c:	eff4 ffff eff4 ffff f024 ffff f10c ffff     ........$.......
    96ac:	f166 ffff f166 ffff f166 ffff f024 ffff     f...f...f...$...
