:040000006F10D04469
:100004000000000000000000A8180000AA1800006A
:10001400000000004A1C0000000000000000000076
:100024004A1C00004A1C0000000000000000000000
:100034004A1C0000000000004A1C000000000000F0
:100044004A1C00004A1C00004A1C00004A1C000014
:100054004A1C00004A1C00004A1C00004A1C000004
:100064004A1C00004A1C00004A1C00004A1C0000F4
:100074004A1C00004A1C00004A1C00004A1C0000E4
:100084004A1C00004A1C00004A1C00004A1C0000D4
:100094004A1C00004A1C00004A1C00004A1C0000C4
:1000A4004A1C00004A1C00004A1C0000AC1200005C
:1000B400D20700004A1C00004A1C00004A1C000031
:1000C4004A1C00004A1C00004A1C00004A1C000094
:1000D4004A1C00001C1100007E090000E20500001B
:1000E4004A1C00004A1C00004A1C00004A1C000074
:1000F4004A1C00004A1C00004A1C00004A1C000064
:10010400000000004A1C00004A1C00004A1C0000B9
:100114002A1800004A1C00004A1C00004A1C000067
:100124004A1C00004A1C00004A1C00004A1C000033
:100134004A1C00004A1C00004A1C00004A1C000023
:100144004A1C00004A1C00004A1C00004A1C000013
:100154004A1C00004A1C00004A1C00004A1C000003
:100164004A1C00004A1C00004A1C00004A1C0000F3
:100174004A1C00004A1C00004A1C00004A1C0000E3
:100184004A1C00004A1C00004A1C00004A1C0000D3
:100194004A1C00004A1C00004A1C00004A1C0000C3
:1001A400000000000000000000000000000000004B
:0C01B4000000000000000000000000003F
:1001C000397101436EC619A0397141536AC866CAB4
:1001D00062CC5ECE19A0397101535AD056D252D496
:1001E0004ED64AD826DA22DC06DE3301614082820E
:1001F00041114AC026C222C406C68282B24D4101C4
:10020000024D924C224CB24B4101024B924A224A7F
:10021000B2494101024992442244B24041018280E4
:100220003D432A876373C3029377F700BDEFADE5C3
:10023000937606FF3D8ABA960CC34CC30CC74CC7D5
:100240004107E36BD7FE11E28280B306C3408A0602
:100250009702000096966780A6002307B700A306C2
:10026000B7002306B700A305B7002305B700A30412
:10027000B7002304B700A303B7002303B700A3020A
:10028000B7002302B700A301B7002301B700A30002
:10029000B7002300B700828093F5F50F9396850091
:1002A000D58D93960501D58D61B79396270097025A
:1002B000000096968682E78086FA9680C1171D8F89
:1002C0003E96E374C3F8A5B7EFF29FF279718545C6
:1002D000214502CA02CC02CEEF10504A93070040DB
:1002E000FC82371401408D473ECC4C08E147130592
:1002F00004C03ECEEF10301E856793870780FC82D6
:100300004C089147130504C03ECEEF10D01C854524
:100310003705040002D002D202D402D6EF10F04713
:10032000F16737540040938707203ED00C10B70781
:100330000C00130504803ED402D223160102EF10F4
:10034000D07005461305048093055052EF10507A83
:10035000854513050480EF10507893077013231719
:1003600001007C8685475C87680085473EC8EF10A2
:10037000D023456145B5EFF2BFE737540040937590
:10038000F50F13050480EF10107A13040480930511
:1003900000082285EF10307A7DD9ADBDEFF25FE520
:1003A0002A840305040011E1B5B50504E937D5BF7A
:1003B000EFF21FE41971379600002E87AA86130604
:1003C0000608930500080A85EF20F0090A85F93729
:1003D000096189B5EFF2DFE1197137960000AA864D
:1003E00013068603930500080A85EF20D0070A85C7
:1003F0007537096105B5EFF23FDD83D6C1C11384BE
:10040000C1C15A202A206D7136DE3ADCEF40B04C73
:10041000B797000083A54704EF40C021EF409058F4
:100420002AD80A242EDAEF40104BB797000083A594
:100430008704EF402020EF40F0562A892A24AE8915
:10044000EF407049B797000083A5C704EF40801EB6
:10045000EF4050552A8A03A54185AE8A035CC4004B
:10046000EF4050542A8403A54188AE84EF40905356
:10047000AE8B2A8BEF003037EF40D0524258D25823
:100480006257F256379600002AD42ED65AD05ED242
:1004900022CC26CE62C852C456C64AC04EC21306EB
:1004A00006059305800CA800EF20E07BA800FD3531
:1004B0005161B9B3EFF2DFD3011137960000AA867C
:1004C0001306C602930500020A85EF20C0790A854B
:1004D000F135056181B3EFF2BFD11D71AA84EF4000
:1004E000D066894763FFA702B79500002A841D469E
:1004F000938505092685EF40706615E583877400AE
:100500001307000305466387E70013071003639A88
:10051000E700014637150140C14513050580EF107E
:10052000D0072561C5B9B7950000114693858509A7
:100530002685EF40B06219E9B79500009385050A5A
:100540000810EF40905F0810F92EE1BFB79500004A
:1005500011469385C50A2685EF40506011E5B79591
:1005600000009385450BE9BF79142286938514001A
:100570000810EF4030619C10B79500003E9493083E
:10058000C1015C08130881011808740030009385CC
:10059000050C0810230004FCEF4050539947E31268
:1005A000F5F82247B70700209387070098C3324722
:1005B000D8C3424798C75247D8C7624798CB7247BB
:1005C000D8CB85B7EFF2DFC21384418B8347240475
:1005D00081CB1385418B01372310040423010404CC
:1005E00015B9411122C637540040930550521305E6
:1005F0000480EF10F05425C513050480EF1030532C
:100600009387418B83D607041375F50F81EE13078B
:100610000004631EE502054788A32390E7042381B5
:10062000070435A01307E003636FD7021387160092
:100630004207BE96418388A22390E704A946631827
:10064000D5003E972300070005472381E70437556F
:1006500000409305505213050580EF10305232448C
:100660004101730020302390070455BF9377350074
:1006700099E793074006B367F502054799E79307A3
:1006800000193365F502133715003A8582808947D2
:100690006394F502EFF2DFB541112EC6C13FF54775
:1006A000B24501E9FD15A567938747FD8A05BE950B
:1006B0009C413E854101B9BEFD15A567938747FD65
:1006C0008A05BE959C413E858280EFF2DFB083C7EC
:1006D00001833971A5C337040020130704005C4B64
:1006E0009306B0031389018385075CCB13040400D0
:1006F00063DFF6001848232A04005C440507032A38
:10070000840083290400444063C8E60218C8832893
:100710004401032804015C44184454401040B79538
:100720000000938545000A85EF2060510A85E52A7F
:10073000230009002161D1BC2328040085075D47FF
:100740006344F7005CC4E1B7A6854E85050A2326FD
:100750000400353F63454501232444014DBF8547CF
:100760001CC4850431476344970044C04DB78509D4
:100770005CC02320340161BFEFF29FA70111AA845E
:100780002E8405458545EF1050017D144C08FD145D
:1007900037050040E484E082231D0100231B010093
:1007A000EF1030090546854537050040EF10D01899
:1007B0009307C0027C868D475C87680085473EC8EA
:1007C000EF10A05E854537050040EF1070150561FC
:1007D00091B4411185453705004022C626C4EF106B
:1007E000902425C5138481831C408545370500402E
:1007F00085071CC09387418398439304803E050777
:1008000098C3EF10D0231840337797021DEFEF0005
:1008100080721C40B3F797028DEB05472388E18275
:1008200083C7C188850793F7F70F2386F1880547AB
:10083000639DE700B79500009385450D1385818F73
:10084000EF40B02F1385818FF9283244A244410133
:1008500073002030EFF2DF9979718545114502CAA6
:1008600002CC02CEEF1080719147FC823714014018
:100870008D473ECC4C08E147130504803ECEEF1077
:100880008045A147FC824C089147130504803ECE69
:10089000EF10604485453705020002D002D202D431
:1008A00002D6EF10806FF16737440040938707202E
:1008B0000C103ED013050440B7070C003ED402D202
:1008C00023160102EF10701893076013231701001D
:1008D0007C8685475C87680085473EC8EF10E04C02
:1008E00005461305044093055052EF1070208545CE
:1008F00013050440EF10701E45616FF0BF91EFF2D9
:100900003F8F374400409375F50F13050440EF10F7
:10091000902113040440930500082285EF10B021B4
:100920007DD96FF03F8FEFF2BF8C2A84030504005E
:1009300009E97D55E9377D55D9377D55C9376FF0C0
:100940007F8D05046D3FDDB79387C19523A0070018
:100950002392070082809387C195D6231307301F07
:10096000636ED700BA238506D6A33386E70068A254
:1009700005071306401F3367C702BAA382804111DF
:1009800022C637440040930550521305044026C444
:10099000EF10101B05C513050440EF105019AA8471
:1009A0009305505213050440EF10501D13F5F40F3A
:1009B0005D379387C1839823050798A33244A244E7
:1009C0004101730020309387C1959A233A9513070C
:1009D000401F3365E502AA97E82382809387C1957B
:1009E000D6236367D500EFF2BF80B93F6FF09F82D7
:1009F00019C99A231306401FFD1605073367C7025E
:100A0000D6A39AA382808280EFF28FFB01115D3E14
:100A1000B797000083AA870EB797000083ABC70E75
:100A2000138AC195568B568CDE8C03594A00994720
:100A300063F627350145413F930750056317F52EAF
:100A4000114551379307F00FAA84631FF5401545F0
:100A50009D3F2A84631A95401945B5376316854032
:100A60000545953705476316E5022947B795000008
:100A700023A4E1882946130700009385050F1385F9
:100A800081B923A2E188EF20801B138581B9613DE4
:100A90000DA089476312F5022383E184A3830184B7
:100AA000A38401841306000281451385C1BFEFF0C2
:100AB0002FF71D45253795BF0D47631EE50023839E
:100AC000F184A383018423840184130600048145F7
:100AD0001385C1BBE9BF9147631FF50223830184DE
:100AE0009385C1BB1385C1BFA3830184EFF05F8CE5
:100AF0001306000281451385C1BFEFF06FF21306A4
:100B0000000481451385C1BBEFF08FF1A3840184FC
:100B10002384018479BF9547631FF5000D47238324
:100B2000E184A3830184A382018413060004814528
:100B3000138581B5ADBF9947631AF50423830184FA
:100B4000138581B5A3830184EFF0DF889305A003AB
:100B5000138581B5EF40E07CB795000013061500C2
:100B600019E1138681B593850510138581B9EF20AE
:100B7000000D138581B9453B13060004814513859B
:100B800081B5EFF0EFE9A382018425B79D47631497
:100B9000F502DD2CE685EF304073D12CF524EF40D3
:100BA0006060AE86B79500002A86938505110A8598
:100BB000EF20E00881A8A1476311F502F124DE854A
:100BC000EF40800C930500002A84EF30305A6354C4
:100BD0000500130400002285C9B7A5476316F50276
:100BE00003A7018483A64180938701846354D700BF
:100BF000050798C39043B7950000938505120A85B1
:100C0000EF20E0030A8561B5C147631EF50003A725
:100C1000418003A60184938741806354E6007D17D9
:100C200098C39443C9BFC547631CF50023A0018442
:100C300061473795000023A2E1801305051381BDAC
:100C4000C9476314F502EF006058E285EF30E067B2
:100C5000EF00E055EF008057EF40C054AE86B795E7
:100C600000002A869385051499B7CD476310F502D5
:100C7000EF00C055D685EF402001DA852A84EF3099
:100C8000F04E635305005A842285D9B793070002BA
:100C9000631DF5049387418498239336170094A32A
:100CA00015E33795000013054515B5390545EFF0F7
:100CB0007F80371501400546C14513050580EF10BB
:100CC000C00DC5BB3795000013050516A9390145B0
:100CD000EFF04FFE371501400146C1451305058071
:100CE000EF10A00BEF00301EE9B393071002E312E0
:100CF000F5DC592AEF40004BAE86B79500002A86F6
:100D0000938505110A85EF1090730A85293983A60A
:100D1000418003A60184B7950000938505120A85DA
:100D2000EF10F0710A85013135B793070007631D95
:100D3000F51203CD618463090D1283C77184938416
:100D40007184639307120544930DF00F7919931979
:100D5000040193D909014E85BD31631CB50113858A
:100D6000190095316317B50113852900A939630A64
:100D7000B50105041374F40FE34B24FD05616FF016
:100D8000EFC76DDC7D1485471374F40F6318FD0401
:100D9000FD4763E2870481471389C1BF05A0138D16
:100DA000170013150D014181393993871D001387F1
:100DB0009184CA9D1CA32380AD00EA871387918488
:100DC00093F6F70F834D0700E3EB86FC6E99230043
:100DD000090085479CA013853900E9B9894763124A
:100DE000FD049307F003E3E887FE81471389C1BB45
:100DF00005A0138D170013150D014181E936938766
:100E00001D0013878184CA9D1CA32380AD00EA873F
:100E10001387818493F6F70F834D0700E3EB86FC7D
:100E200075B78D47E319FDFA9307F003E3E587FAF9
:100E30008147138981B505A0138D170013150D0186
:100E40004181513693871D0013875184CA9D1CA38D
:100E50002380AD00EA871387518493F6F70F834D03
:100E60000700E3EB86FC9DB705458D3E01BFEFF221
:100E70002FB8930500002A84EF30F0266344050064
:100E800023A481806FF00FB903A581808280EFF2E7
:100E90002FB67971AA848545114502CA02CC02CECB
:100EA00002D002D202D402D602C602C8EF10000D50
:100EB00093070020FC82371401408D473ECC4C083C
:100EC000E147130504803ECEEF00F0609307004039
:100ED000FC824C089147130504803ECEEF00B05FC2
:100EE00085451165EF10800937440140B7070C00B4
:100EF0000C10130504803ED426D002D22316010222
:100F0000EF10A03405461305048093055052EF10EE
:100F1000203E854513050480EF10203C93075023A5
:100F20007C8685475C87680085473EC8EF00F06790
:100F300045616FF02FAEEFF20FAAB74401400144B4
:100F400013898182938404809949B30789008C2393
:100F50002685EF10403D930500082685EF10A03D43
:100F60007DD90504E31334FF6FF02FAA18219307EE
:100F7000A00A6319F70601478147BD463306E5001D
:100F800010220507B29793F7F70FE319D7FE7835CC
:100F9000631AF7041831342122079387C1C1558F92
:100FA0009AA3383154212207558FBAA3583174219E
:100FB0002207558FDAA3783114252207558FFAA31B
:100FC000183534252207558F9AA73835542522071E
:100FD000558FBAA7583574252207558FDAA70547CC
:100FE0002388E1848280EFF2AFA083A5C18403A5AA
:100FF0004188EF307049930500002A84EF301017C4
:10100000635405001304000083A581802285EF301E
:10101000B01EB797000083A54704EF30A0616FF0C2
:101020006F9FEFF2EF9C938401859C203971638B55
:10103000070C1384C1C11220B79500009385C51613
:101040000A85EF10D03F0A85EFF0FF8D5220B7954B
:1010500000009385C5170A85EF10703E0A85EFF0F2
:101060009F8C322093074006B7950000B376F602B6
:10107000938505190A853356F602EF10503C0A8510
:10108000EFF07F8A1224896793870771B376F6029F
:10109000B79500009385851A0A853356F602EF103E
:1010A000103A0A85EFF03F883224A947B79500002F
:1010B000B376F6029385C51B0A853356F602EF1008
:1010C00010380A85EFF03F865224B79500009385CB
:1010D000C51C0A85EF10B0360A85EFF0DF84213792
:1010E000EF40400CAE86B79500002A869385C51D5B
:1010F0000A85EF10D0340A85EFF0FF82EFF0AFAF32
:101100002380040021616FF0EF9083C7018591C7B0
:10111000EFF20F8E39376FF0EF8F8280411122C6C8
:1011200037440140930550521305048026C4EF1044
:1011300020211DCD13050480EF10601F93841185BD
:101140009C201375F50F95EB9307A00A631AF50021
:101150001307A0FA2386E1C285472389F1849CA066
:10116000374501409305505213050580EF100021CB
:101170003244A2444101730020301384218514209D
:10118000BD4763E1D702938716001387C1C2369724
:1011900093F7F70F08A31CA04147E393E7FC1385DF
:1011A000C1C2E933238004002300040055BFEFF2DD
:1011B0002F84B797000083A5870E2A84EF30A07292
:1011C0006344050023A681806FF0CF8403A5C1800E
:1011D0008280EFF2EF812A8905657971AE8413056B
:1011E0004580854502D202D402D602C602C8231A1F
:1011F000010002CC02CE2310010202C202C4EF00A1
:10120000F05737140140930700102312F1024C10DD
:101210009147130504803ED6EF00F02B13050480A0
:1012200093050010EF003037373401402C081305C8
:1012300004C0231E2101E484231F0100231D01009B
:1012400023000102EF00F05E6C008544130504C02A
:1012500026C802C6231A0100EF0010769307B022B9
:1012600048007C8226C423030100EF0010340546A9
:10127000130504C09945EF00306C130504C09305B5
:101280000005EF00906C130504C09145EF00F06C71
:10129000130504C093050008EF00906D8545130504
:1012A00004C0EF00F06745616FE0DFF6011122CE68
:1012B000373401408945130504C026CC4ACA4EC8BC
:1012C00052C656C4EF0030766308050E130504C0FD
:1012D000EF00307503A4818603A981832A8A938451
:1012E0008186636089103304894003A7018693894E
:1012F0000186B307EA406376EA00C167FD17998F5C
:10130000D29723A0F188938781888843050588C3F5
:101310009387C1C3982701E7D8430507D8C3EF30A7
:10132000905BB797000083A58724938A4188EF30AC
:10133000603023A0AA002DCC238601882285EF30BF
:101340009059B797000083A5C724EF30A02EB79718
:101350000000AA8503A50725EF30C02DB797000030
:1013600083A54725EF30406923AAA184EF3090631D
:10137000AE86B79500002A8693858525138541C5DD
:10138000EF10F00B138541C5EFF0EFD903A50A006C
:10139000EF305061AE86B79500002A869385C5264A
:1013A000138541C5EF10B009138541C5EFF0AFD7E4
:1013B00023A0490123A0240137340140914513059E
:1013C00004C0EF005066130504C09945EF00306774
:1013D0007244E2445249C249324AA24A056173004A
:1013E00020309307F9FF3384874001B79387C1C347
:1013F00088A711E503A7818323A2070098C38280F1
:10140000EFE27FDD9387C1C39C2739711384C1C389
:10141000A1C393878185982315C737150140238081
:1014200007000146C1451305058023860186EF00AC
:10143000D0160145EFF00F88379500001305C51E43
:10144000EFF06FCE23260400014521616FE0FFDB42
:101450001C4083A98183B389F940BD679387F7A5B1
:1014600063FA370B4840138981858D47034A090089
:1014700063F4A70A23860186EF30F045B797000092
:1014800083A58724EF30001B4C48EF2010641C48D4
:1014900048C8BE998947232834015CC463170A06EB
:1014A0003715014085470546C145130505802300D2
:1014B000F900EF00900E9387018103A68183944386
:1014C000372709001307077CB306D6406376D70099
:1014D000054590C3EFE01FFEB79500009385C51F3B
:1014E0000A85EF3090650A85EFF0EFC34848EF308A
:1014F000704BAE86B79500002A86938545210A85F4
:10150000EF10E0730A85EFF00FC283A781832322D7
:1015100004001CC0484415BF63060A041387C18633
:101520001C238546850793F7F70F1CA363FCF6027F
:10153000371501400146C14513050580230007000A
:1015400023000900EF0070050145EFE0BFF6379575
:1015500000001305C51EEFF00FBD93070000232800
:1015600004005CC8232604004DB7EFE27FC89387D0
:10157000418683A4818398439306703E3387E44079
:1015800063F0E60A84C383A5C18003A5418513895E
:101590004185EF3040359387C1C36355A0080547A7
:1015A00098A723AE0184A93DB7970000032909003D
:1015B00083A547224A85EF300033938441876355E2
:1015C000A00EB797000083A587224A85EF30003A26
:1015D000635C050C942083A7818313870187A5EAA8
:1015E0001CC385479CA0B797000083A5870E4A853A
:1015F000EF30602F9384C1876354A00CB79700002D
:1016000083A5C7224A85EF306036635B050A9420C4
:1016100083A7818313878187D9EA1CC385479CA050
:101620006FE05FBF982741D39386C185984219E345
:1016300084C295BF9D663387E44093860653E3F4E6
:10164000E6F62384070084C323A20700A9BF18433A
:10165000998F1D671307F752E377F7F89387818512
:1016600098235DFF3715014005470546C145130521
:10167000058098A3EF0060729387018103A68183A0
:101680009443372709001307077CB306D6406376D7
:10169000D700054590C3EFE0FFE137950000130543
:1016A0000523EFF04FA8ADBF238004002DBF1843E2
:1016B000998F37C70D001307F7B9E373F7F679BFB2
:1016C00023800400B1BF9387C1C313070000D8CBA8
:1016D00003A7818323A2070023A8070023A60700EE
:1016E00098C38280EFE2DFB079712A848545414555
:1016F00002CA02CC02CE02D002D202D402D602C664
:1017000002C8EF00B007854537050800EF00F00874
:1017100093070040FC828D473ECC4C08E1473715CB
:1017200001403ECE4D2B856793870780FC824C0895
:101730009147371501403ECE792B22D037540040D7
:10174000B7070C000C10130504C03ED402D22316B8
:101750000102EF00902F0546130504C09305505277
:10176000EF0010398545130504C0EF0010379307CB
:1017700040247C8689475C87680085473EC83525BC
:1017800045616FE03FA9EFE21FA5B79500001D4638
:10179000938505282A84EF30703C35E91D04AA841E
:1017A0002285EF30D031EF30B0062A8A9305C0028F
:1017B0002285EF30103731CD130415002285EF302C
:1017C0001030EF30F004AA899305C0022285EF3073
:1017D000503539C5130415002285EF30502EEF30F7
:1017E00030032A899305C0022285EF30903309C562
:1017F0000505EF30302DAA8423AC418923A8318917
:1018000023AA218123AA91880547A386E1886FE056
:10181000DF9FB797000003A9C72793090000E9BF1E
:10182000B797000003A9C727C1BF411122C637548B
:10183000004093055052130504C0EF0070302DC1D5
:10184000130504C0EF00B02E9375F50F9307000445
:101850001384C1896394F500230004001C2013073E
:10186000E0076365F702138717009376F70F138776
:1018700081CBBA9788A314A0A947639BF50036973C
:10188000138581CB23000700EFF0FFEF2300040056
:101890003755004093055052130505C0EF00102E38
:1018A000324441017300203001A0B707EFBE37E793
:1018B00000E0938707083CC701A0EFE2DF914111E8
:1018C00085451305000402C202C402C6452D372512
:1018D00001404144930740200D494C001305058009
:1018E0007C8222C64AC4C52E85454145412D894783
:1018F0004C00371501407C8222C64AC4E92E85453A
:101900001145AD2DB71401408547930980044C0063
:10191000138504807C824EC67D2E4C001385048086
:10192000608222C64AC4452E13850480C145A52184
:1019300085674C00371501407C824EC6692E4101F7
:101940006FE0BF8CEFE23F8939710945A1297164CD
:10195000C12AEF00F02313050420EF00302993077C
:10196000800873A00780EFF05FF5EFE0BFEEEFE0D7
:10197000BF9513050420EFF0FFD69305400613052D
:10198000003CEFE07FDFEFE03FFCB1654165938510
:10199000F5B77D15EFF0FF83096513050558EFF0E6
:1019A0000FCFEFF05FD20145EFF05FA43715014094
:1019B0000146C14513050580CD26130A703E379BAD
:1019C0000000B7040020EFF02F84EFE0BFBF1387C3
:1019D000018A83A681831C43B387F6406377FA00AC
:1019E00014C3EFE09FCEEFF05FB8EFF00FF283C7C4
:1019F000D1888DC303A58189A3860188EF30807AC1
:101A00002A86AE860A8593058B28EF1040230A8527
:101A1000EFE07FF183C7842099C323840420054528
:101A2000EF0070194DB7B71702409843B706FFF0A3
:101A300041111367170098C3D84337060200758F0A
:101A4000D8C39843B706F7FEFD16758F98C3984321
:101A5000B706FCFFFD16758F98C3D843B70601FF84
:101A6000FD16758FD8C39843B70600ECFD16758F29
:101A700098C33707FF0098C723A6070202C402C60F
:101A80009843C166558F98C3B716024005679C42BC
:101A9000F18F3EC6A24785073EC4B24781E7A24701
:101AA000E397E7FEB71702409C431397E70063579D
:101AB000070685473EC632478547631FF704B717B9
:101AC0000240D843B706C1FFFD16D8C3D843D8C3D8
:101AD000D84313670740D8C3D843758FD8C3D843BA
:101AE000B7062900558FD8C39843B7060001558F14
:101AF00098C3984393166700E3DD06FED843B716F4
:101B00000240719BD8C3D84313672700D8C321472D
:101B1000DC42B18BE39EE7FE4101828002C661BFD9
:101B2000B7160240D8421146318B938781816305F5
:101B3000C70021466308C70237177A00130707203A
:101B400098C337170240584311839376F70037073D
:101B50000020130787013697142398433357D70083
:101B600098C38280D842D442416649833D8BF18E2E
:101B70001306270015CF3D47630FE6024147630F69
:101B8000E602454781456313E6004146A1E2374737
:101B9000024003270780418B0DC737177A001307D0
:101BA00007203306C70290C3C9DD9843058349BFA8
:101BB00081454946E1BF85453546C9BF81453D461A
:101BC000F1B737173D0013070790E1BF3715024003
:101BD00058559316F700585563DF060411833D8B63
:101BE0009306170037177A00130707203357D702D9
:101BF00098C35455A182BD8A8DE295463307D7021A
:101C0000058398C337170240585794433D8B050707
:101C100033D7E60298C3984369B705456394A60095
:101C2000E546E9BF3D456396A600D1463387E60207
:101C3000C9BF8906E5BF3D8B9306170037177A00A9
:101C4000130707203357D702F1B701A097F1FF1F01
:101C50009381C1DB176100201301C13A1785000091
:101C6000130585BC97E5FF1F9385C539138601834E
:101C700063FAC5008322050023A0550011059105D4
:101C8000E3EAC5FE138501839385C1D36377B5006D
:101C9000232005001105E36DB5FEFD42739002BCE3
:101CA000AD4273904280B7620000938282087390C5
:101CB000023097E2FFFF9382223593E23200739065
:101CC0005230EFF05FD6970200009382E2C7739024
:101CD0001234730020309C4513F7070113F8F70006
:101CE00001C7D8413368E8008E2113F7F50F39C3D7
:101CF00018418146854E3D4F930F80029302800428
:101D0000214E3396DE00B3F8C50063111603939895
:101D1000260033131F011343F3FF3377E300B31897
:101D2000180133E7E800639FF70550C98506E39A79
:101D3000C6FD18C11307F00F6375B704544121465F
:101D4000854E3D4F930F800293028004414EB3981D
:101D5000CE0033F715016392E8021317260001172E
:101D60003313EF001343F3FFB376D3003317E800C8
:101D7000D98E639DF701232A15010506E319C6FDD7
:101D800054C18280E39457FA10C94DB7E39757FEC8
:101D900023281501DDB74CC9828019C20CC9828085
:101DA0004CC9828023A2A18A828003A7418A8947E5
:101DB00010216311F70214318D4763EDD7003C21E8
:101DC0009A0637E700E09607D58F93F7F70F32971B
:101DD0002300F74054410547935756003317C70077
:101DE00089CA938707048A07B7E600E0B69798C3C5
:101DF000828093870706B7E600E08A07B69798C304
:101E00000F1000008280371702405C439146B18B6F
:101E10006385D700A1466382D706B7177A009387F8
:101E200007201CC1371602405C4237070020130709
:101E300087029183BD8BBA9794231C41B3D7D700F7
:101E40005CC15442A1829D8ABA969422B3D6D7002F
:101E500014C55442AD829D8A36971823B3D7E70044
:101E60005CC558423983937637001387C181369712
:101E70001823B3D7E7021CC982805C435843C1666C
:101E8000C983758FB7F6FF1F83A6C670BD8B890700
:101E90001396160163480600C54601466392D702B1
:101EA000C94739A88946638FD702BD46638ED702DA
:101EB000C146638ED702C54601466393D700C1472A
:101EC0001DEF3747024003270780418B05C73717AF
:101ED0007A0013070720B307F7021CC121D61C4163
:101EE000858381B701466DBF0546B547D1BF014621
:101EF000BD47F9B737173D0013070790E9BFB7157E
:101F00000240D8559316F700D85563DF06041183B5
:101F10003D8B9306170037177A00130707203357B6
:101F2000D70218C1D455A182BD8A8DE295463307E8
:101F3000D702058318C137170240585714413D8B0B
:101F4000050733D7E60218C1184171B78545639478
:101F5000B600E546E9BFBD456396B600D146338776
:101F6000E602C9BF8906E5BF3D8B93061700371708
:101F70007A00130707203357D702F1B799C53717EF
:101F800002401C4F5D8D08CF8280B7170240984FEA
:101F90001345F5FF798D88CF828099C537170240A8
:101FA0005C4F5D8D48CF8280B7170240D84F1345F4
:101FB000F5FF798DC8CF82801E319206558EC207FB
:101FC000C183F99BC207C1831EB11A2D1E3142077E
:101FD0004183C2071377C7F0C183518F4207F59B36
:101FE0004183CD8F93E717001AAD1EB182801E3159
:101FF000B2062206C207C183BD9BC207C1831EB1C0
:10200000035885011A3185679387F7CF42074183CB
:10201000B3F70701D18E92051377F7FDD58FD98DD0
:10202000C207C205C183C18193E505011EAD0EB192
:10203000828037F7FF1F032747701E2191461183C7
:102040003D8BC2077117C18363E6E6023737014053
:10205000930607C0630ED50013070740630AE50027
:1020600037570140930607C06304D500631AE500A3
:102070000967D98F37370140130707C06302E504AA
:1020800037070040630EE50213070740630AE502C5
:1020900037170040930607806304D502130707C073
:1020A0006300E5023737014013070740630AE50084
:1020B00037570140930607C06304D5006318E50055
:1020C00093F7F7F8BA21C207C183D98F37170040B9
:1020D000630CE500130707406308E50093F7F7CFAB
:1020E000FA21C207C183D98F1EA1DE215EB59E21D0
:1020F0001EB5B7370140138707C0630EE50093870D
:102100000740630AF500B7570140138707C063040F
:10211000E5006314F5009C251EB985475EA9828001
:102120001E2189C593E717001EA18280C207C183C3
:10213000F99BC207C183CDBF5E2501C6DD8D4EA5CB
:10214000828093C5F5FFFD8DDDBF1E25C207C183CB
:1021500093F7F7F8DD8D0EA582801E25C207C18397
:10216000E19BC207C1831EA51E25DD8D0EA58280C1
:102170001E25C207C18393F7F7F7C207C1831EA5C7
:102180001E25DD8D0EA582801E2DC207C183CD9B2D
:10219000C207C1831EAD1E2DDD8D0EAD82801A2DAE
:1021A000FD779387F73FF98F1EAD1E2DA205DD8DBC
:1021B000C205C1810EAD8280EFE2EF812E84AE2197
:1021C0005220854713B91500AA840609854963136F
:1021D000F60089491E20162426859DE3EFF0DFDDF9
:1021E0006E202685EFF05FFA1624CA8526854E8676
:1021F000EFF0FFDF6E202685EFF07FFA6FE0EF80D3
:10220000EFF0FFDE6E202685EFF07FF91624CA85F9
:1022100026854E86EFF05FDA6E202685EFF0DFF63A
:10222000F1BF4A3982801E294A25ED8F420541813E
:1022300089C76D8D3335A00082800145828093C5AA
:10224000F5FFC205C1810EA98280EFD27FFA16295F
:10225000F577FD17F58FF621DA257971D58F1EA94F
:102260005625FD779387379FF58FD6212A842EC672
:10227000D58F9625D58FB625D58F5EA55E29C20749
:10228000C18393F7F7CFD98F5EA96808EFF0BFB786
:10229000B747014093870780B245631EF402A257F7
:1022A0006547B387E7029841930640060A07B3D70C
:1022B000E70233D7D702B3F7D70212079207938703
:1022C0002703B3D7D702BD8BD98FC207C1831EA402
:1022D00045616FD03FF49257E1B791C55E2509671C
:1022E000D98F5EA582805A25F977FD17F98FD5BF62
:1022F00013F7F50F85471583B395B7006319F700FA
:102300009307C500984301CED98D8CC3828089463E
:1023100093074501E318D7FE93070501E5B793C579
:10232000F5FFF98DDDB793F5F51F4EA182804A21A7
:102330001375F51F82800A216D8D3335A0008280D0
:1023400013F7F50F85461583B397B6006311D702CF
:102350005A25F98F1A2101454207418381CB054552
:10236000A181B315B5006D8F3335E00082808946B9
:102370006314D7001A29F1BF5A29E1BFA18185470B
:10238000B397B70093C7F7FFC207C1831EA182802E
:1023900083A7818137177A0013070720B3D7E70295
:1023A00093F7F70F2385F18A1307803EB387E7027F
:1023B0002394F18A8280B7F700E0D8438146799B65
:1023C000D8C303D7818A3306A70290CBD4CB9843D6
:1023D0001367070198C398431367170298C3D8433C
:1023E000058B75DF9843799B98C38280EFD25FE0BD
:1023F0002A841165011185451105EFF03FB8930757
:1024000000207C82371501408D473EC44C00E147D7
:10241000130505803EC6EFF01F8C22C837440140EB
:10242000B70708000C08130504803ECC02CA231E1F
:102430000100EFF09FE1854513050480EFF0FFE90F
:1024400005616FD03FDDEFD21FD9B7440140AE899F
:102450003289014493840480634524014A856FD006
:10246000DFDA930500042685EFF0FFEC7DD9B38712
:1024700089008385070026850504C205C181EFF028
:102480009FEAD9BF138701821C439386C1D33E952F
:10249000636BD500B78600209386068063E5A600AF
:1024A00008C33E858280FD57EDBF011106CE2EC6C2
:1024B0000DCD1841AA8705C358417D5511CB8546DE
:1024C000631BD70098472300070023A20700054598
:1024D000F240056182809847B24614A398470507E9
:1024E00098C7D8437D17D8C3DDB705466C00EFF019
:1024F0009FF5F1BF797122D426D24ECE52CC56CA66
:1025000006D64AD05AC82A8AAE8A328481449309B0
:10251000000263440602B3879A00838707009DE3A5
:1025200063D6840263D2E402198C93F726009309E0
:10253000000281C719E393090003858A014985EAEE
:10254000228931A88504C1BF058CC5B70144F1BFFC
:10255000CE8552853AC6EFF05FF532477D19E349E3
:1025600020FF22896353040001493304244163CBD3
:10257000E402CA84B3872441D69783850700A1E18A
:10258000228963432005635304000144330594000A
:10259000B250225492540259F249624AD24A424BF2
:1025A00045618280B3049740268B930500035285D2
:1025B0007D1BEFF09FEFE31A0BFE26995DBF52855E
:1025C000EFF0BFEE85047DB7CE855285EFF0FFEDCD
:1025D0007D1945BF5D71A6C252DC86C6A2C4CAC0C1
:1025E0004EDE56DABA843E8A9DE193070003014726
:1025F000D28626862C08FC84EFF0DFEFB640264416
:1026000096440649F259625AD25A616182802A89F7
:102610003684C68A91CAA94701446317F60063D578
:102620000500B305B0400544A30701029307F1027A
:10263000A546130568FC33F7C50263D3E6002A9765
:1026400013070703A38FE7FE9389F7FF33D7C5026C
:1026500063FBC50409CCB9C813772A0021CB9305C5
:10266000D0024A8542C6EFF05FE43248FD1493770A
:102670004A008DC393071006930500034A85631F24
:10268000F802EFF09FE2930580074A85EFF0FFE143
:102690000904F9145687D2862686CE854A85EFF03E
:1026A0007FE52295A1BFBA85CE8771B71307D00207
:1026B000A38FE9FE01449389E7FF55BFEFF0FFDEEA
:1026C00093058005D9B71D71CAC8CEC6D6C2DAC077
:1026D0003A8986CEA2CCA6CAD2C45EDE62DC66DAB5
:1026E0006AD86ED633E7C500BE89AA8A428B834773
:1026F000010631E38DCF8D679387D7027C84230554
:1027000001000147DA864E862C005685EFF09FDEE9
:10271000F6406644D6444649B649264A964A064B90
:10272000F25B625CD25C425DB25D256182809307A0
:1027300000037C84F9B7368AAE84328463000902D0
:10274000A9470149639CF600635A0600B304B040F0
:10275000B33790003304C0401D8C0549A30F01001E
:10276000130DF101935DFA41A54C138C68FC528660
:10277000EE862685A285EF00D00A63D3AC00629571
:1027800013050503A30FADFE5286EE862685A285AE
:10279000930BFDFFF5296366B401639A8D0263F81C
:1027A0004403630D09006388090293772B0085C7F2
:1027B0009305D0025685EFF05FCFFD190147DA8609
:1027C0004E86DE855685EFF0FFD24A9591B7AA84F2
:1027D0002E845E8D69BF9307D002A38FFBFE014953
:1027E000930BEDFFE1BF5D71A6C2CAC0AA842E891A
:1027F0002E85B28586C63ACE42CCA2C44EDE52DCCD
:10280000B289368A56DA5AD8BE8A5ED662D466D281
:10281000468C6AD0EF1050042A8BAE8B014681465D
:10282000CE854A85EF009038724762487D81BA872D
:102830002AC00547E288D286DA855E862685EFF0D3
:102840009FE82A8D9305E0022685EFF01FC6050D4F
:102850008147854C0144294763CE57075A85DE8559
:10286000EF10500B2A86AE864A85CE85EF10E00A1F
:102870002A89AE896685A285EF10D0092A86AE86A0
:102880004A85CE85EF00F03DEF10007D13D6F5416F
:10289000318DB347B600B305C5403335B500338637
:1028A000C74002C0E288D687D286098E09482685AD
:1028B0000547EFF05FE1B64026446A959644064925
:1028C000F259625AD25A425BB25B225C925C025D60
:1028D00061618280B3068702850733349703B30CA6
:1028E0009703369495BF5D715AD8379B0000A2C4F8
:1028F000A6C2CAC04EDE52DC56DA5ED662D486C6A6
:1029000066D2AA892E893284014A8144930B5002EF
:10291000930AB002294C130BCB29830509008DE5DE
:102920006386090081454E85EFF03FB8B6402644E6
:10293000268506499644F259625AD25A425BB25BE6
:10294000225C925C61618280638875014E85EFF044
:10295000DFB585040509D1B783071900930C190069
:10296000639A7701930550024E85EFF01FB48504FA
:102970006689CDB7D5D76387570563C8FA001307B3
:1029800030026384E704814705A01307D002638AFD
:10299000E70013070003E398E7FE930C290089473B
:1029A00021A0930C2900854703870C00630357057A
:1029B00063C1EA0293063002630BD70266890145C0
:1029C000A54535A8930C29007DBF930C290091479C
:1029D000E1BF9306D0026309D70093060003E31F0B
:1029E000D7FC93E7270031A0850C8547C1BF93E74B
:1029F0004700850CE1B733058503050936950307C4
:102A00000900930607FD13F6F60FE3F6C5FE13065D
:102A1000E0029946631EC700050981462546030763
:102A20000900130707FD9375F70F6375B602368A21
:102A3000030709001306A0066309C70A6341E602FB
:102A40001306C0046303C70A130680066308C70899
:102A500001461DA8B38686030509BA96C9B71306B1
:102A600040076304C7081306A0076300C70893055F
:102A7000C0060146631AB700830519000D4663942A
:102A8000E50005091146050903070900930500063D
:102A90001308100663C4E5001308100493057006BC
:102AA00063C2E506930550066359B7169305700493
:102AB00063CFE502130650046351C7169306300432
:102AC000E31AD7E81840930C4400A30E0100230E2C
:102AD000E100BE8601472A866C0871A083051900B3
:102AE0000146E393E5FA090945B7050995B7930649
:102AF0003006E309D7FC63CEE60693068005630340
:102B0000D70289BD930630076306D70463CDE6027A
:102B10009306F006630BD70C9306000793E7470074
:102B2000E31AD7E21147631BE60A1D04137784FFFB
:102B30000C43504313048700C28802C03E880147FB
:102B4000AA87C146B9A0930650076303D706930628
:102B5000800775B71840930C4400DA8511C3BA8515
:102B60005287BE862A864E85EFF0DF98AA94668447
:102B7000D5B311476314E6021D04137784FF0C4399
:102B8000504313048700C28802C03E880547AA87C5
:102B9000A9464E85EFF03FB3AA946DBB0C40D28896
:102BA00011042A87854629464E85EFF0BFA2EDB76E
:102BB0001147631FE6001D04137784FF0C43504345
:102BC00013048700C28802C03E880147AA87C9B79C
:102BD0000C40D28811042A878146F1B70C40D28874
:102BE00011042A8781464146C1B711476310E602A6
:102BF0001D04137784FF0C43504313048700C288DD
:102C000002C03E880147AA87A14661B70C40D2881E
:102C100011042A878146214641BF1D04137684FF93
:102C2000130486000C4250423307D540C2887D17FA
:102C30003E884E85B687A946EFF0FFBAB1BF39711D
:102C400032D43EDA2AC63010FD57480006CE36D6BA
:102C50003AD842DC46DE02C23EC432C0EFF0BFC802
:102C6000F24021618280397132833EDA2EC42AC655
:102C70007010854748009A8506CE36D63AD842DC91
:102C800046DE3EC232C0EFF01FC6F24021618280B4
:102C9000B687B2882A832E88639B061463F8C50A18
:102CA0004167636BE61AB70700016360F634935619
:102CB0008601E147176700001307076F369718234F
:102CC000BA97130700021D8F19CB3398E500B3574D
:102CD000F500B318E60033E807013313E50013D617
:102CE00008013355C80293960801C1829357030126
:102CF0003377C802B385A60242073368F700637AC8
:102D0000B80046989307F5FF636418016365B8300F
:102D10003E853308B8403357C802420313530301BA
:102D20003378C802B386E602420833686800637BE2
:102D3000D80046989307F7FF636518017917636316
:102D4000D8003E874205598D8145828001E60547BE
:102D5000B358C702416763E8E80EB707000163EAAA
:102D6000F82893D68801E147176700001307C76367
:102D700036971423BE9693070002958FFDE7939E26
:102D800008013387154113DF080193DE0E018545E5
:102D9000935703013355E7033377E703B306D503AE
:102DA0004207D98F63FAD700C6971307F5FF63E48C
:102DB000170163E5D7263A85958F33D7E70342039A
:102DC00013530301B3F7E703B30ED703C207B3E707
:102DD000670063FBD701C6979306F7FF63E517010A
:102DE000791763E3D70136874205598D828063E105
:102DF000D504C16763E1F604B707000163E3F61E7B
:102E000013D786016148976700009387E759BA97FF
:102E10009823130E00024297330EEE40631A0E0CF5
:102E200063EDB61C3335C50013451500814582801E
:102E30008145014582809307F00F63F3D71C13D7B8
:102E400086002148C9B71307F00FC686E37E17F145
:102E500093D68800A14709BF1307F00FB286E37B22
:102E6000C7E493568600A147B1B5B398F80033D6AE
:102E7000D50013DF0801335EE6033397F500B35640
:102E8000D500558F939E080193DE0E013313F50094
:102E900093550701B376E603B387CE03C206CD8E02
:102EA00063FBF600C6961306FEFF63E4161763F293
:102EB000F616791EC6969D8E33D6E6039317070144
:102EC000C183B3F6E6033385CE02139706015D8F07
:102ED000637BA70046979307F6FF63681713637633
:102EE000A7127916469793150E01098FD18D4DB50E
:102EF000B357E600B396C601DD8E33D3E50013DF8A
:102F00000601B357E303939E060193DE0E01339847
:102F1000C5013357E500336807019358080133169C
:102F2000C6013373E303B385FE024203B3681301A2
:102F300063FBB800B6981387F7FF63EAD80C63F811
:102F4000B80CF917B698B388B84033D7E8034208ED
:102F500013580801B3F8E8033383EE02C208B3E55F
:102F6000080163FB6500B6951308F7FF63EDD5080C
:102F700063FB65087917B695C207416FD98F1307B0
:102F8000FFFFB3F6E70093D80701718F4182B38E3C
:102F9000E602B3856540B386C60213D80E013387B7
:102FA000E802BA96C2963386C80263F3E6007A96C0
:102FB00093D80601469663E2C5026385C5003E8547
:102FC0008145828041677D17F98EC206B3FEEE000F
:102FD0003315C501F696E374D5FE1385F7FF8145D9
:102FE000828013D70601414839BD93560601C14777
:102FF000D1B193D60801C14785BB81450545828083
:103000003687014809B5428785BF3E86E9BDBA8744
:103010001DBF328E4DB579154698E5B97915C6971D
:1030200061BBB68732882A832E872E8E6391061461
:1030300063F0C50A41676376E61A1307F00FB2869C
:103040006375C70093568600A147176700001307F2
:10305000A7353697182393080002BA97B388F8402B
:10306000638C0800B3951501B357F50033181601AA
:1030700033EEB7003313150113560801B357CE02D0
:1030800013150801418193560301337ECE02B30725
:10309000F502420E3367DE006378F70042976365FE
:1030A00007016373F70042971D8FB356C70293174A
:1030B0000301C1833377C7023305D5024207D98F95
:1030C00063EBA7083385A7403355150181458280FE
:1030D00001E605473358C7024167636BE80EB7073F
:1030E00000016364F82A93568801E14717670000DE
:1030F0001307872B3697182393080002BA97B388D3
:10310000F840639A081E131E0801B3850541135643
:103110000801135E0E0113570301B3D6C502B3F5C0
:10312000C502B386C603C2054D8F6377D7004297A9
:1031300063640701636AD726158F3355C7024203BC
:10314000135303013377C7023305C5034207B3673F
:10315000670063F8A700C29763E5070163F3A70060
:10316000C2973385A74033551501814582802A884F
:10317000E3EFD5F4C16763E5F604B707000163E246
:10318000F62013D38601E148976700009387C72193
:103190009A9703CE070013030002469E3303C341F0
:1031A0006319030463E4B6006369C5003308C540CE
:1031B000958D333705013387E5404285BA85828096
:1031C0009307F00F63FBD71C13D38600A1486DBF94
:1031D0001307F00FC286E37B07F193568800A147DF
:1031E00031B7B70700016366F61A93568601E147C7
:1031F000A9BDB357C601B3966600DD8EB3D8C5012D
:1032000013D70601B3DEE802139F0601B357C501C9
:10321000135F0F01B3956500DD8D13D805013316DB
:10322000660033156500B3F8E802B307DF03C20890
:1032300033E80801637BF80036989388FEFF6363E8
:10324000D8166371F816F91E36983308F840B3574C
:10325000E802C205C1813378E802330FFF02131779
:1032600008014D8F637BE70136979385F7FF63690C
:10327000D7126377E713F9173697C20EC162B3EE20
:10328000FE001388F2FFB3F80E019355060193DE9A
:103290000E0133780601B38F08033307E741338803
:1032A0000E0393D70F01B388B802C298C697B38EA6
:1032B000BE0263F30701969E41687D1893D507010E
:1032C000B3F70701C207B3FF0F01F695FE976362DC
:1032D000B70A630EB708B307F5403335F500B305F9
:1032E000B740898D339EC50133D567003365AE0085
:1032F000B3D5650082803318180133D7F500135613
:103300000801B356C702131E0801B357F500135E38
:103310000E01B3951501DD8D93DE05013313150103
:103320003377C702B307DE0293160701B3E6D6016F
:1033300063F8F600C29663E5060163F3F600C296F1
:103340009D8E33D7C60293970501C183B3F6C6029B
:103350003307EE0293950601DD8D63F8E500C29513
:1033600063E5050163F3E500C295998D6DB3E374E0
:10337000F5F63386C740B3B7C700B6979D8DB287C1
:1033800099BF13D30601C14801B593560801C1473F
:10339000B1BB93560601C1474DB936838148EDB3A1
:1033A000AE87E1BDC68E55B5429779B313D74501B7
:1033B000B7071000FD1713D846011377F77F93085E
:1033C000F07F33FEB700AA8EF58FFD81328F137820
:1033D000F87FFD82630E1703630D180129E3B368BC
:1033E000AE00631F08005D8E01EE0143638C08048C
:1033F00021A8B3E8C7000943639608046DD305A06C
:10340000638408046385D50205438DCD7D531DA8D3
:10341000B368AE00094363970802630AE8026314C5
:1034200008005D8E75D2E391D5FEE34FE8FC634959
:103430000701E3EBC7FD630FFE0001436374FE0069
:10344000F1D505431A858280EDFE7D53E5BF5D8E83
:1034500079DACDBFE36ADFFB0143E3F5EEFFF5F177
:1034600075B739714AD813D945014ED652D456D2C0
:103470009399C50006DE22DC26DA5AD05ECE137997
:10348000F97F2A8A93D9C90093DAF501630D090EF1
:103490009307F07F6306F9181354D5018E09B369B9
:1034A00034013704800033E4890093143500130994
:1034B00019C08149814B13D74601139AC60013776F
:1034C000F77FB285135ACA0013DBF601630B0710AE
:1034D0009307F07F6303F7049357D6010E0A33EA8C
:1034E0004701130717C0B7078000B367FA009315A9
:1034F00036003A99814833C76A01BD463A851308B8
:10350000190063E83617176600001306E6D98A0922
:10351000B29983A60900B2968286B367CA001309DE
:10352000F97F6399071293E9290081458948E1B73A
:1035300001479307F07F3704080081443204D20723
:1035400031807E075D8C598CA285F25062542685AD
:103550004259D254B259225A925A025BF24B21611B
:1035600082805A853E84AE84C68B8947638DFB0E6C
:103570008D47E38FFBFA85472A87639EFB38814797
:103580000144814465BF33E4A90061C036C632C43A
:10359000638C092A4E85EF10B04B2246B246AA87AB
:1035A000130755FF7544938487FF198CB3999900CD
:1035B00033548A0033643401B3149A0013D746019C
:1035C0001309D0C0139AC6001377F77F3309F94067
:1035D0008149814BB285135ACA0013DBF601E31906
:1035E00007EEB367CA00B1C7630F0A22528532C41F
:1035F000EF10104622462A87930655FFF54793059C
:1036000087FF958F331ABA00B357F600B3E7470127
:10361000B315B6003309E9401309D9C08148E1BDAB
:1036200033E4A90001ECA14981441309F07F894BDF
:1036300059B593E919008145854875BD4E84AA8422
:10364000B1491309F07F8D4BBDB5914981440149C2
:10365000854B95B593E93900D2878D4869BD894777
:103660005685E397FBF02A879307F07F0144814456
:10367000F1B5C16E1386FEFF93D6040113DE05017A
:10368000F18CF18D338695023383B602935806018F
:1036900033059E021A95AA98B382C60363F36800A5
:1036A000F692C16F1383FFFF33F5670093D30701D1
:1036B000B3F76800C207337366003E933306950282
:1036C00093D80801B387A602135F0601B38493025F
:1036D000BE94FA94B38E760263F3F400FE9E416AC0
:1036E0009307FAFF935F0401B376F400B3F9F40093
:1036F0007D8EC1803384D502C209338FD401B29943
:10370000CE98B307DE02935E0401B385BF02AE9785
:10371000BE9E330EFE0363F3BE00529EC1679385C7
:10372000F7FF33F6BE006D8C4206229693DE0E0143
:10373000B305D502769E3385AF0213D40501B38657
:10374000D302AA96A296B38FF30363F3A600BE9F9B
:1037500041657D15B3F7A600C2076D8DAA97B385A5
:103760005800B3B93501FA97B2953384370133B6AF
:10377000C500B30EC4013385CE0033343401B3B772
:10378000E701C18F33BECE0113D406013336C50025
:103790003E943366CE009394950032947E94B3E4C5
:1037A0006400260493567501B3349000DD819317AD
:1037B0009500CD8C558CDD8C9317740063DB07006E
:1037C00093D7140085889316F401DD8CD58C058081
:1037D00042899307F93F6359F00893F6740081CE4C
:1037E00093F6F40011466388C60093864400B3B490
:1037F00096002694B6849316740063D80600B70723
:1038000000FFFD177D8C930709409306E07F63CF8F
:10381000F60E93D634009314D4012604D58C31804F
:1038200093F7F77F21BB328532C4EF1070229306E5
:103830005501F147130705022246E3D1D7DC611594
:10384000B317A6008145F9B3EF1090201307550177
:10385000F145930705022246B246E3D5E5D461154A
:103860003314AA00814499BB85469D8EB1E71309A4
:10387000E941B3972401B3D4D40033192401B337F9
:10388000F000B3649900DD8C93F77400B356D40054
:1038900081CF93F7F40011466388C70093874400F3
:1038A000B3B49700A696BE849397860063D80704A6
:1038B00085470144814459B113068003E341D6CCC6
:1038C0007D46E356D6FA0556B307F6409305000247
:1038D0003356F4006387B6001309E943B317240194
:1038E000DD8CB3349000D18C93F67400014499CAF6
:1038F00093F7F40011468146E392C7FA13949600B9
:103900003180F6068D80D58C81470DB99307F07F05
:103910000144814425B142896DBD370710007D17F0
:1039200001113373B70093D84601758F935ED601AA
:1039300022CC26CA0E0393D445019357D5010E0716
:1039400006CE4AC84EC693F8F87F130EF07F33E7D1
:10395000EE0093F4F47F13D4F50133E36700131FF3
:103960003500FD82931E36006380C81993C6160089
:10397000B38514416305D4126351B018638B081AE0
:10398000B70780005D8F6381C4599307800363C4C8
:10399000B734FD4763C5B748930700028D8FB3D98D
:1039A000BE003318F700B39EFE003368380133576A
:1039B000B700B339D001336838013303E340B309AA
:1039C0000F41B3373F013306F3409317860063D3AB
:1039D0000724370980007D1933792601630F092CEC
:1039E0004A85EF10F006130785FF93070002998FB1
:1039F000B3D7F9003316E900D18FB399E9006344D6
:103A0000972A058F13061700FD4663C5C63A1307AC
:103A10000002118FB3D6C9003398E9003397E7004D
:103A2000558F33380001B369070133D6C70081448D
:103A300093F7790081CF93F6F90091476388F600F8
:103A40009386490033B836014296B68993178600AB
:103A500063D6071C138714009307F07F058863065D
:103A6000F720B70780FFFD17F18F1398D70193D97F
:103A70003900A60733683801B1831377F77F93962F
:103A8000C7005207B1827E04D98EC18EF2406244D3
:103A9000D2444249B2494285B68505618280635667
:103AA000B00A638A0812B70780005D8F6387C42D50
:103AB0009307800363C7B718FD4763D2B73C1388E9
:103AC00005FE93070002B3590701638AF5009307C7
:103AD0000004B385B7403317B700B3EEEE003338B8
:103AE000D0013368380195A2B367D701938514805C
:103AF00099E393C61600630AD404D1E193871400B6
:103B000093F7E77F6399071EB367E3013368D70133
:103B1000639204166382073C63160842131835004B
:103B20009316D3011358380033E806019357330036
:103B300019A2B367D7016385071A9387F5FF638BD3
:103B4000073A638CC523BE8589B56399051C9386A6
:103B5000140093F7E67FC1EFB367E3016390043687
:103B6000638D0744B367D701639407460E051318A6
:103B7000D3010D813368A800935733006DA8B38536
:103B8000984063970420B367E301638D0730938700
:103B9000F5FF638907401305F07F6383A520BE8589
:103BA0009307800363C2B72AFD4763C8B73C9307F6
:103BB00000028D8F3318F3003356BF00B317FF0098
:103BC0003368C800B339F0003353B30033683801A9
:103BD00033076740B5ACB367D7016383071093879A
:103BE000F5FF638F071E6380C52FBE85D1B5930790
:103BF000F07F638BF606FA9E33B6EE01B307E3005F
:103C0000B2971398F70193DE1E00B369D80113D65B
:103C10001700B68493F77900E39F07E09317D60166
:103C200013D839003368F800A68593573600130778
:103C3000F07F6380E506B207B18313F7F57F05884F
:103C40003DBD3367D7013338E000B309E801B3B7AE
:103C5000E9013386670093178600E3DD07FA8504E0
:103C60009307F07F639CF41805881307F07F814762
:103C7000014831B5639107106301083C1318360001
:103C80009317D701135838003368F80036849357D8
:103C90003700B367F800E9DB01441307F07FB7078B
:103CA00008000148E9BB370680FF7D167D8E93F73B
:103CB0007900998CE39107D895B74E85EF1040595C
:103CC00013078501FD47E3D2E7D2130685FFB397BB
:103CD000C90081492DB33368D70133380001C5B11C
:103CE000131835009317D301135838003368F800C0
:103CF000935733002DBFB309DF413309E340333617
:103D00003F013309C9409317890063CA072033E88C
:103D10002901E31508CC8147014431BFB3859840A0
:103D200063810414B70680009307F07F3363D300E8
:103D30006381F8209307800363CCB722FD4763C9F2
:103D4000B72C930700028D8F3318F300B356BF00D2
:103D5000B317FF003368D800B339F0003353B30012
:103D6000336838011A97B309D801B3B7D90133863C
:103D7000E700C684CDB5E31108F213183500931798
:103D8000D301135838003368F8009357330011B744
:103D9000370580009307F07F3363A300E392F8E0D8
:103DA0000E061318D7010D823368C80093573700E9
:103DB0003684C5B505179306000233D7E700630ABA
:103DC000D600930600043386C6403396C700B3E995
:103DD000C90033383001B369E800014681441DBD94
:103DE000B309DF01B307E30033BFE9013386E7011D
:103DF000931786008544E3DF07E08944B70780FF17
:103E0000FD17F18F13D7190013F819003368070154
:103E10009399F701B3E9090113D6170011B9138873
:103E200005FE93070002B3590701638AF500930763
:103E30000004B385B7403317B700B3EEEE00333854
:103E4000D00133683801A5BE3363E3013338600025
:103E5000B3890E41B3B73E013306F740C6843684BA
:103E6000ADB6B367E301638707189387F5FF638CEB
:103E7000071C9306F07F638ED50ABE8565BD930748
:103E800000028D8FB3D9BE003318F700B39EFE0039
:103E9000336838013357B700B339D001336838017C
:103EA0003A9365B3131836009317D70113583800A7
:103EB00033E8070136849357370095BBBDCB336792
:103EC000D701E31B07DC0E051318D3010D813368FE
:103ED000A8009357330075BBE30F08E213183600B0
:103EE0009317D701135838003368F8003684935776
:103EF000370091B3B309DF41B307E340333F3F01DC
:103F00003386E7418544D1B4131835009316D301A5
:103F10001358380033E80601935733009DBBB3892B
:103F2000EE413306674033B93E01330926413684FA
:103F300075B40E061318D7010D823368C800935765
:103F4000370081BBB309DF41B307E34033363F019C
:103F50003386C7409317860063D7070AB389EE41BB
:103F6000B3076740B3BE3E013386D7413684C9B438
:103F70003363E30133386000FDB3138805FE930714
:103F80000002B3590301638AF50093070004B38567
:103F9000B7403313B300336F6F003338E001336839
:103FA00038017DB5B389EE41B3076740B3BE3E012A
:103FB0003386D7413684854409BC131836009317DD
:103FC000D701135838003368F80093573700A5B16C
:103FD000B309DF01B307E30033BFE9013386E7012B
:103FE00093178600E3D807C2B70780FFFD177D8EC1
:103FF00085440DB10E061318D7010D823368C80031
:10400000935737002DB133E8C900E30608D019B142
:10401000138805FE93070002B3590301638AF50074
:1040200093070004B385B7403313B300336F6F00B9
:104030003338E001336838013DB301441307F07FA2
:10404000B70708002DBCB309DF01B307E300B3BE17
:10405000D9013386D70169BB3707100093D74501D3
:104060009306F7FF93F7F77F1308E03FED8E13D623
:10407000F5016353F8029305D04363D2F5028545F9
:10408000918D3305B04013D6F541B7050080B337A5
:10409000A000918D9D8D828001458145828013080D
:1040A0002043B3E5E6006354F8021387D7BA938739
:1040B000D7BC63450704B315E500014565D2330558
:1040C000A040B337A000B305B0409D8D8280930619
:1040D00030439D8E7D47634CD7001387D7BE3397FF
:1040E000E5003355D500598DB3D5D500C1BF1305B3
:1040F00030411D8D33D5A5008145C9B7FD46135705
:1041000015009D8E3357D700B395F500D98D331523
:10411000F5006DB7011106CE22CC26CA4AC84EC69C
:10412000B367B5009DCFAE84AA8913D9F50163CEDC
:1041300005042684ADC42685EF1080119306E04364
:10414000898E9307304363CAD7089397C4002D46DE
:104150004E8793F6F67FB1836359A600130655FF89
:10416000B9A80149814681470147B207F24062443C
:10417000D206B1837E09D58FB3E72701D2444249E5
:10418000B2493A85BE85056182803305A040B336C9
:10419000A000B304B040958CAA892684C9FC4E8542
:1041A000EF10000B2A869306E04313050502898E63
:1041B0009307A00293F6F67F63C7A70C5506130773
:1041C000B002098FB397C40033D7E9005D8F93170E
:1041D000C700B1833397C90049BF9307604363DBCE
:1041E000D7022147098F930507FE63C2050CB3D59B
:1041F000B40001471306850193078503634C060845
:104200003396C9008149B3E9C90033363001B3E9B7
:10421000C5003A84A1474E8663C9A704B70780FF4B
:10422000FD17937576003377F40085C59375F60016
:104230001148638005039305460033B6C5003297E5
:1042400013168700635106089306F0437D8F898E0D
:104250002E8613553600931797001316D701336730
:10426000A600B18393F6F67F09B793078002930502
:1042700085FF898FB3D7F9003317B40033E4E70023
:104280003396B90061BF5516B397C900B207B18321
:104290000147E1BD7D4613D819001D8E3358C80073
:1042A0003396F4003366C800B399F900A9BF7D4680
:1042B000198E93971400B3D5E900B397C700DD8D2D
:1042C00033D7E40005BF2E8669B741113707800058
:1042D0007D1713D8750126C2935475013373A70057
:1042E00093F4F40FB376B7004AC01378F80F13595C
:1042F000F50106C622C4FD819A8726854A86131ECB
:104300003300939E3600B3880441630AB90E6350AC
:10431000100D630408149307F00F638BF414B707B0
:104320000004B3EEFE00ED4763C1172993070002B6
:10433000B3871741B397FE00B3D81E01B337F0001F
:10434000B3E7F800B307FE4013975700635E071802
:10435000370400047D147D8C2285EF00706F6D158D
:10436000B317A4006348951A058D130415001307AD
:104370000002018F3397E7003337E000B3D787009F
:10438000D98F814413F7770019C713F7F7009146C7
:104390006303D700910713975700635B07148504E5
:1043A0001307F00F4A866383E4169A07A58313F573
:1043B000F40FB2402244A6079314750113D5970059
:1043C000458D7E0692440249518D41018280639958
:1043D000080A138714001377E70F63170714639015
:1043E0000422630D0E1EE3860EFCB307DE41139715
:1043F000570063500722B387CE412E8961B7635CB3
:10440000100B630E08089307F00F6383F406B707D9
:104410000004B3EEFE00ED4763C9171F93070002C7
:10442000B3871741B397FE00B3D81E01B337F0002E
:10443000B3E7F800F297139757006357070A85040C
:104440001307F00F6384E40CB706007E13D7170040
:10445000FD16858B758FD98F35B7638D0E08FD18C6
:10446000B307DE41E38208EE9307F00FE39DF4EA21
:10447000630D030801461305F00FB707400015BF91
:1044800033079840EDE863020E147D1763080718A0
:104490009307F00F6319F80E2E893683D1BF638B13
:1044A0000E04FD18B307DE01E38708F89307F00F49
:1044B000E393F4F675BF63950808850413F7E40FDA
:1044C0006313071263170510630F0E14E3830EEED8
:1044D000B307DE011397570081446357070037077E
:1044E00000FC7D17F98F854413F77700E31F07E879
:1044F00013D337009307F00FE38CF4F69317930070
:10450000A58313F5F40F4A866DB54A861305F00F9F
:10451000814745B5370700FC7D17F98F13F7770002
:10452000898CE31407E6E9B73304DE41931754009E
:1045300063C3070CE31204E201460145814795BDC0
:1045400033079840ADC49307F00FE308F8F4B707BA
:104550000004336EFE00ED4763CCE70C93070002C6
:10456000998FB317FE003357EE00B337F000D98FA1
:10457000F697C284C9B59307F00FE30FF8F0B707B9
:104580000004336EFE00ED4763C3E70893060002A4
:10459000998EB316DE00B357EE003337D000D98FB3
:1045A000B387FE40C2842E8945B3854761BB630E45
:1045B0000E067D17B307DE01C284E30E07E69307FC
:1045C000F00FE31AF8F8368365B53683C2842E8976
:1045D00015B7E3040EECE38D0EE869BD638D0E02A2
:1045E0002E86B687F9B39307F00FE381F4F2B30791
:1045F000DE018583D5BD3384CE412E89B1BBE31C5A
:104600000EFCE3890EE62E8949BD854725B5854711
:1046100041BFE39B07EC0146814761BBB387CE41B5
:10462000C2842E8915B3B68769B33683C284D9B5DF
:1046300085473DBF3971935775014AD856D25ECE32
:10464000931A95001359F50106DE22DC26DA4ED6C0
:1046500052D45AD093F7F70F93DA9A00CA8B638239
:1046600007121307F00F6384E7128E0A370700045E
:10467000B3EAEA00138A17F80144014B93D7750196
:104680009394950093F7F70FA58093D9F501FDC793
:104690001307F00F6387E7028E04938717F8370735
:1046A0000004D98C330AFA408146558C1757000014
:1046B000130787C30A043A941C4033493901BA9757
:1046C0008287130A1AF0F9E88946558C17570000BB
:1046D000130787C50A043A941C4033493901BA9735
:1046E000828701491307F00FB70740001395970021
:1046F000F25062549317770125817E095D8D3365F1
:104700002501D2544259B259225A925A025BF24BB5
:10471000216182801307F00F8147C9BFA68ACE8B23
:10472000368B8947630BFB1A8D47E30CFBFA8547F1
:10473000630AFB0A1307FA0713F91B006357E01219
:1047400093F77A0099C793F7FA0091466383D700ED
:10475000910A93974A0063D90700B70700F8FD173D
:10476000B3FAFA0013070A089307E00FE3C4E7FA65
:1047700093976A00A5831377F70F8DBFB9E4854639
:10478000A9B763940A021144014A054BC5BD639958
:104790000A002144130AF00F094BCDB58D4631B7FD
:1047A0003144130AF00F0D4BD1BD56852EC6EF00D4
:1047B000302A9307B5FFB39AFA009307A0F8338A1B
:1047C000A7400144014BB24555BD2685EF00502856
:1047D0001307B5FFB307AA00B394E400138A670771
:1047E0008146E1B513F91B000147814701B74166D6
:1047F000139554007D1693570501698E63FA9A0A42
:10480000B3D5FA027D1AD68601473388C502B3F6BE
:10481000F602C206558F637B07012A979386F5FF40
:104820006368A70A6376070BF9152A9733070741D0
:10483000B356F7023377F702B38AC602931707011C
:1048400063FB5701AA971387F6FF63E1A70863FF8D
:104850005707F916AA97C205B38A5741D58DB33ABF
:104860005001B3EA5501CA8BF1B58546998E11C73F
:104870006D4601478147E34BD6E6130AEA09339AAE
:104880004A01B3D7DA00B33A4001B3E7570113F74F
:10489000770019C713F7F70091466303D700910714
:1048A00013975700634807029A07A58301473DBD48
:1048B00093D61A00B3D5F6021397FA0141833388D1
:1048C000C502B1B7CE8B368B814AA1BDBA8661B71E
:1048D000B685A9BF0547814711BD13F91B00130712
:1048E000F00F814721B593567501B7078000FD177A
:1048F00013D6750193F6F60F1308F00FB3F8A7005F
:104900001357F501ED8F1376F60FFD8163810603D2
:10491000630C06018DE211E2B1C3638E08026305E8
:10492000B70405451DE78280F5D779558280E39E5F
:1049300008FE6309D60211E2EDD7E314B7FEE342A5
:10494000D6FE63C7C600E3EE17FD0145E3FDF8FCA4
:1049500001E77D558280F5DD054582800145E392C2
:1049600008FC8280F9DBD1B78146E1BF935675011F
:10497000B7078000FD1713D6750193F6F60F1308DD
:10498000F00FB3F8A7001357F501ED8F1376F60F6C
:10499000FD81638706036309060185EA11EA89EB55
:1049A0000145639B080082800945F5FFE5DA31A8DF
:1049B000638C08026300B704054575D77D55828076
:1049C0000945639808026304D60211E2F5D7E3159E
:1049D000B7FEE343D6FE63C7C600E3EF17FD01450C
:1049E000E3F3F8FC19E3D9BFF1D905458280E5D39B
:1049F000828082808146C5B7797122D413547501B3
:104A00004ECE52CC9319950006D626D24AD056CA1D
:104A10005AC81374F40F93D99900135AF50169C455
:104A20009307F00F6308F40E9397390037070004DB
:104A3000B3E9E700130414F88144014B13D775015F
:104A4000939A95001377F70F93DA9A0013D9F5012B
:104A500045CF9307F00F630CF7028E0A130717F880
:104A6000B7070004B3EAFA003A94014633452A0135
:104A7000BD47AA869305140063E0971017570000FE
:104A80001307878E8A04BA949C40BA9782871304CE
:104A9000F40F63960A0C93E424000946C1BF014554
:104AA0001307F00FB7074000B2502254A6075E0765
:104AB000A5837E05D98F92540259F249624AD24A9F
:104AC000424B5D8D45618280CA86D689328B89478B
:104AD000630FFB088D47E304FBFC854736856310B5
:104AE000FB1A01478147C9B7639D090413D77501B4
:104AF000939A95001377F70F91440144054B93DA8D
:104B00009A0013D9F50131F7639D0A0093E414006C
:104B10000546A9BF63920902A1441304F00F094B93
:104B200031BF568535279307B5FF098CB39AFA0034
:104B30001304A4F801461DBFB1441304F00F0D4B3C
:104B4000F5BD4E852EC629279307B5FF1304A0F89F
:104B5000B399F900098C8144014BB245C5B593E482
:104B600034000D4621B78947D286E315FBF636851A
:104B70001307F00F81470DBF41639306F3FF13D670
:104B8000090193D80A01B3F7D900B3FADA003388E0
:104B90005703B389F80213570801B30A5603D6998D
:104BA0004E9733061603637357011A96C167FD17B4
:104BB000B376F7003378F800C206C2969399660080
:104BC00093570701B3393001E982B2979A07B3E6E8
:104BD000D900B3E9D7009397490063D9070013D7E9
:104BE000190093F71900B369F7002E841307F4072F
:104BF0006350E00493F7790099C793F7F900914661
:104C00006383D70091099397490063D90700B707D9
:104C100000F8FD17B3F9F900130704089307E00F34
:104C200063CBE70493976900A5831377F70FADBDB6
:104C30008547B386E74011C76D4601478147E34585
:104C4000D6E61307E4093397E9003337E000B3D71A
:104C5000D900D98F13F7770019C713F7F7009146DA
:104C60006303D700910713975700634C07009A0717
:104C7000A583014715BD1307F00F814735B52E8475
:104C8000B5B7054781470DB53707800041117D173E
:104C90009356750113D87501B377A70093F6F60FF5
:104CA000935EF5013376B70026C24AC01378F80F39
:104CB00006C622C41303F00F3E8E3689F684139F76
:104CC0003700FD8113153600B38806416302681072
:104CD00093C51500638CBE106354100D631008104B
:104CE0006304051EFD18B307AF40638608029307EF
:104CF000F00F6388F616ED4763C717291307000204
:104D0000330717413317E500B35715013337E00078
:104D1000D98FB307FF40139757006351071A370421
:104D200000047D147D8C228525236D15B317A40006
:104D3000634E251B3305254113041500130700029C
:104D4000018F3397E7003337E000B3D78700D98F5F
:104D5000014913F7770019C713F7F700914663036A
:104D6000D700910713975700635E07149306190045
:104D70001307F00F93FE14006386E6169A07A583C7
:104D800093F6F60FA607B240224413D59700DE062D
:104D90009397FE01558D924402495D8D41018280B9
:104DA0006392080A138716001377E70F631B071433
:104DB0006394062263020F2071D5B307AF401397A7
:104DC000570063550722B307E5410149AE8451B747
:104DD000E30005F0638ABE0AE35410FD9307F00F69
:104DE0006381F608B70700045D8D31B7635E100973
:104DF000630108089307F00F6385F606B707000400
:104E00005D8DED4763C0171F13070002330717417D
:104E10003317E500B35715013337E000D98FFA9700
:104E200013975700635C070805091307F00F630B1E
:104E3000E90AB706007E13D71700FD16858B758F1C
:104E4000D98F01BF3307D84063950610630D0F1447
:104E50007D176303071A9307F00F6314F810AE84ED
:104E6000328E630F0E06814E9306F00FB707400097
:104E700011BF39C9FD18B307AF00E38308FA9307E0
:104E8000F00FE390F6F8F1BF639908081389160054
:104E90001377E90F63160712639B061063030F165F
:104EA000E30205EEB307AF001397570001496357BC
:104EB0000700370700FC7D17F98F054913F77700C6
:104EC000E31C07E813DE37009307F00FE30BF9F854
:104ED00093179E00A5839376F90F93FE14005DB59A
:104EE00093FE14009306F00F814769BD370700FC5D
:104EF0007D17F98F13F777003309A940E31E07E404
:104F0000D1B73304AF409317540063C3070CE31CBD
:104F100004E0814E81468147B5B53307D840B5C618
:104F20009307F00FE30EF8F2B7070004336FFF00AA
:104F3000ED4763CDE70C93070002998FB317FF008D
:104F40003357EF00B337F0005D8FB307A7004289F6
:104F5000C1BD9307F00FE304F8F0B7070004336F07
:104F6000FF00ED4763C2E70893070002998FB3176C
:104F7000FF003357EF00B337F000D98FB307F54088
:104F80004289AE8449BB854769B3630E0F067D171E
:104F9000B307AF004289E30507E89307F00FE31971
:104FA000F8F8328E7DBD328E4289AE8431BFE3097E
:104FB0000FEAE30805EA45BD0DCDAE8EB287D9B341
:104FC0009307F00FE300F9F2B307AF008583FDB557
:104FD0003304E541AE8481BBE31D0FFCE30505E826
:104FE000AE84BDBD854725BD854749BF0149E397CF
:104FF00007EC814E814779B3B307E5414289AE841E
:1050000019BBB28741B3328E42897DBD054735BF9A
:10501000411106C622C426C20DCD9357F54133C4B3
:10502000A7001D8CAA84228525249307E0093387D5
:10503000A74093076009FD8063CCE702A146937700
:10504000F70F63D5A60061153314A400260425804C
:1050500021A0814481470144260413559400B240A5
:105060002244DE07FE045D8D458D9244410182801D
:105070009307900963DDE7009307B5019546B317E1
:10508000F400898E3354D400B337F0005D8C95471B
:1050900063D6A7009307B5FF3314F400B70600FCEE
:1050A000FD16937774003376D40085C39377F400AC
:1050B0009145638CB70011069317560063D707001C
:1050C0009307F009758E3387A74013146600258077
:1050D0009377F70F51B7411106C622C415CD2A8424
:1050E000852A9307E0093387A7409307600963C0C7
:1050F000E704A1469377F70F63D5A6006115331433
:10510000A40026042580260413559400B2402244AE
:10511000DE075D8D41018280014426041355940011
:10512000B24022448147DE075D8D410182809307B2
:10513000900963DDE7009307B5019546B317F400C6
:10514000898EB337F0003354D4005D8C954763D615
:10515000A7009307B5FF3314F400B70600FCFD1653
:10516000937774003376D40085C39377F400914528
:10517000638CB70011069317560063D70700930797
:10518000F009758E3387A740131466002580260426
:1051900013559400B24022449377F70FDE075D8DDC
:1051A00041018280135775011377F70F411193075F
:1051B000170022C426C21314950006C693F7E70F02
:1051C00025809354F50185C793573400130707389A
:1051D0007604B2075207B1831395F401D98FC98FB2
:1051E000B240228522449244BE854101828005EB73
:1051F00039C42285B128A94763C6A7042D47098F62
:10520000930755013357E4003314F4009317C70094
:1052100013079038098FB1831377F77F5DBF01CCF7
:1052200013573400B7070800D98FB2077604B1834B
:105230001307F07F79BF1307F07F814759BF0147FC
:10524000814741BF130755FF3317E40001447DBF79
:10525000C167637CF5029307F00F1307000263EB4D
:10526000A7009747000093872714AA978823330540
:10527000A74082802181974700009387E712AA9771
:10528000882361473305A7408280B7070001636D1B
:10529000F50061819747000093870711AA9788233B
:1052A00021473305A74082804181974700009387BB
:1052B000A70FAA97882341473305A74082808145DD
:1052C0006F00305A294681456F00707071713ED36E
:1052D0009307402006C72EC632CD36CF3AD142D5ED
:1052E00046D72312F1022ACC2AD485209707000042
:1052F000938727033EDEFD57B2452313F1029387C0
:1053000041822ACE2AD6884334092E862C0882C6AA
:1053100082D036CAEF20C027BA404D618280014555
:10532000828093F5F50F1C2191C76393B7008280AB
:105330000505D5BF91C101458280AA8798218507BF
:105340008505A38FE7FE7DFB8280AA87850703C7BB
:10535000F7FF6DFF3385A7407D15828015C27D164E
:105360000147B307E500B386E5009C2394226396CA
:10537000D7006304C7000507EDF73385D740828067
:1053800001458280AA8709CA850503C7F5FF8507FD
:105390007D16A38FE7FE65FB3E966393C700828070
:1053A0008507A38F07FED5BF011122CC2A872E8443
:1053B0003A85A28532C606CEEF10105432462A88AE
:1053C000AE8805C651801374F47F9307B006818FB1
:1053D000635DF000D2073707F03F01483E974286F1
:1053E000BA86EFE00F882A88AE88F2406244428590
:1053F000C6850561828035714AC92A89368532D4CD
:1054000036C606CF22CD26CB4EC7EAD8EED62E8D95
:1054100052C556C35AC1DEDEE2DCE6DA82C8EF10BE
:105420004052AA8D084181440144EFF01FF2B24678
:10543000AA89EAC635469305B0021305D0021308BF
:105440000002A548B6479823636BE608637F1709F7
:1054500055C702C8364A93070003814A03470A002A
:10546000631BF71283471A00130780056388E70060
:1054700013068007130700036396C710C2473688D8
:105480009808D408174600001306C607EC004A85A2
:10549000EF00306193797500AA8A63880900994703
:1054A0006397F906050AD2C602C8A25781C7B64754
:1054B00022571CC3C247B9C7B7050080A18DFA4067
:1054C0006A4426854A49DA44BA492A4A9A4A0A4B22
:1054D000F65B665CD65C465DB65D0D6182806309F5
:1054E000B7006303A702E31607F78507BEC699BF97
:1054F00002C813871700BAC69C33A9FFA257EAC691
:1055000002C8D5F7A28565BF05473AC8DDB746464C
:1055100011CA93055003A808EF103062C6454A85AA
:10552000EF108059FD19914763EE370117470000CE
:10553000130787F78A09BA9983A70900BA97828760
:10554000E644764493FA8A00E3810AF6B7070080BE
:105550005D8CA1BFF6453704F0FF7D14B3F78500DD
:105560005644E644130434439315440133E4B7002E
:10557000D1BF3704F07FF9B7B705008013C4F5FF3A
:10558000FD54C9B7B64793861700B6C69C33E38B64
:10559000E7FE81DF854AB64C014A814B014CA546A6
:1055A000A145A9473645034B050013070BFD1376AC
:1055B000F70F63FDC60483A50D004E86EFF01FDADA
:1055C0003DC1DA87E28D8146014B01451307500644
:1055D0006387E7001307500481496395E7166396D4
:1055E0000D00B3E7560199DB814D364D1307B0022C
:1055F00093071D00BEC683471D00638FE70C13078A
:10560000D00201486390E70E0548C1A863C985012F
:10561000B38BFB02BA9B0505050CAAC661B7330A1A
:10562000FA023A9ACDBF364581464E95AAC61C214C
:10563000630B0C06014BE28D138707FD254663754E
:10564000E602054561B7B647850613861700B2C660
:105650009C33E38AE7FE1387F7FC2146E366E61EE8
:10566000B64C368B814D8146938707FD1387160014
:1056700085C73A9B3385B6016E872148C1482946C4
:105680006316A702850DB69DA14663CEE6022947A3
:10569000B38BEB020147BE9BB64793861700B6C695
:1056A0009C33BA8651BF1307000365B793051700F3
:1056B0006346E800B38BCB022E87D9B7E3CEB8FEA2
:1056C000330ACA02D5BFC1460147E3C7B6FDA946A2
:1056D000330ADA023E9AC9B7014893072D00BEC6C5
:1056E00083472D00138707FD25466365E60C1307E6
:1056F00000036385E70A1387F7FC2146814963634A
:10570000E604B648138707FD2543294EB64713869E
:105710001700B2C69C33938507FD93F5F50F6375AB
:10572000B3089569330616419389F9E1A148CE85FE
:1057300063C6C800BA8963D3E500AE896304080074
:10574000B309304163960D0CB3E6DA00E39F06D44B
:10575000E31605DA1307E0046389E706634FF704ED
:1057600013079004E39CE7D897450000938585D8FC
:10577000E800EF106002E30305D8B6479745000044
:10578000938585D7E800FD17BEC6EF10E00001E560
:10579000B6478507BEC63704F07F01BBB647138600
:1057A0001700B2C69C33B1B73307C703BA97138744
:1057B00007FDA9BFEAC6814971B713079006E385C3
:1057C000E7FA1307E006E39BE7D2974500009385CD
:1057D00025D3E800EF00507CE30205D2B6479823BA
:1057E000930780026313F702B00897450000938582
:1057F000A5D2E800EF00307D95476318F500F64527
:105800003704F07FE6444D8C4DB13704F8FF71B991
:10581000B38A694163130C006E8CC1476E8D63D3EC
:10582000B701414D5E85EF306074A547AA842E8490
:1058300063DCB70393077DFF13973700974700009A
:105840009387C7D4BA979043D443EFD09FC12A849B
:105850005285AE84EF3080712A86AE862285A68579
:10586000EF20A07DAA842E84BD4763CDB709E38EC7
:105870000AC2635450075947634357038E0A974738
:1058800000009387A7D0BE9A03A50A0083A54A000B
:105890002686A286EFD0FFBCAA842E8439B11307D6
:1058A00050023307B741634F5705B38DB7411749CE
:1058B00000001309A9CD93973D00CA978843CC43B4
:1058C000B38DBA412686A2868E0DEFD09FB9CA9DB0
:1058D00003A60D0083A64D0075BFA95763C4FA0245
:1058E000B3093B41139B390097490000938909CACA
:1058F000DA9903A6090083A649002685A285EF2030
:10590000D06659BF338DAD41569D6357A011937733
:10591000FD0099CF17470000130747C78E07BA97B6
:105920008843CC432686A286EFD0BFB3AA842E84B8
:10593000137D0DFF63080D0A9307401363D5A70578
:10594000014B814902C6814B930720022320F900B5
:105950003704F07F8144B247E38907B4C6454A85DE
:10596000EF108015DE854A85EF100015CE854A853B
:10597000EF108014B2454A85EF100014DA854A858D
:10598000EF1080131DB6135D4D402685A28581471B
:10599000014A0548974800009388C8BC6346A8059B
:1059A00099C3AA842E84174700001307A7BB931737
:1059B0003A00BA978843CC433707B0FC2297268633
:1059C000BA86EFD01FAA3704F07FB377B400370749
:1059D000A07CAA84E366F7F63707907C637AF70227
:1059E0007D14FD54014ADDA813771D0011CF131754
:1059F0003A00469710435443EFD0BFA68547054869
:105A000097480000938808B6050A135D1D4079B7D2
:105A1000370450032E94F9B7E3060DFC330DA04173
:105A20009377FD0099CF17470000130727B68E071D
:105A3000BA979043D4432685A285EF201053AA84B9
:105A40002E84135D4D40E30F0DF8FD4763DDA70184
:105A5000014B814902C6814B9307200281440144D6
:105A60002320F900CDBD137A0D0163040A00130A47
:105A7000A0062685A28597470000938727AB01479C
:105A800093761D0081CA9043D4433EC6EFD07F9DDC
:105A9000B2470547135D1D40A107E3130DFE19C36F
:105AA000AA842E8463050A029357440113F7F77FF3
:105AB0009307B006998F635CF0007D476354F7222B
:105AC0001307400381446359F720370470030146EC
:105AD00081462685A285EF3080243DD95E87EE86FB
:105AE0006286E6854A85EF10E00A2AC6E30A05E4E5
:105AF00093D7FA41B3093B41B3F7F9003ED056CEF4
:105B000063D30A0002CEB247014B8149B1073ED8A8
:105B1000B7071000FD173ED6B2474A85CC43EF00C9
:105B2000F070AA8BE30205E2B247C2553105904BF3
:105B300009060A06EF007064B808D4082286A68514
:105B40004A8526CA22CCEF10C06AAAC8E30E05DE39
:105B500085454A85EF104019AA89E30705DED64737
:105B600063C707180257724C338DE7006647B38747
:105B7000474193066003BA97FD17930D20C0998E95
:105B800063D6B7193387FD407D46998E6346E61686
:105B9000854DB397ED003ED2814C369CB30DDD00B0
:105BA000529CEA8763D3AD01EE876353FC00E28722
:105BB0006358F000B38DFD40330CFC40330DFD40C5
:105BC00082576358F002CE853E864A85EF10C02783
:105BD000AA89E30B05D64646AA854A85EF108012AE
:105BE0002ADAE30305D6C6454A85EF00F06CD257A2
:105BF000BEC8634FB011635A50017246DE854A85B4
:105C0000EF108024AA8BE30105D4635A8001DE855E
:105C100062864A85EF10202FAA8BE30705D2635ACC
:105C2000A001CE856A864A85EF10E02DAA89E30D92
:105C300005D0C6455E864A85EF10E03C2A8BE30519
:105C400005D0032CC500CE8523260500EF10803833
:105C50006359050C336C9C0063110C129317C4003C
:105C6000639D0710B707F07FE18F3707B0066376B3
:105C7000F71083274B0191E703270B01854763DE6C
:105C8000E70EDA8505464A85EF10E027CE852A8B98
:105C9000EF1040346353A00E630C0A10B707F07F77
:105CA000E18F3707B0066345F71037077003E355F8
:105CB000F7DA0147B70750392685A2853A86BE86AE
:105CC000EFD02FFA2E84C98DAA84E39905C89307D3
:105CD00020022320F90059B181177D57B317F7002F
:105CE0007D8CF5B37D57B317F700FD8CCDB37247AC
:105CF000025D330CF7409DBD930C20BEB387FC4082
:105D0000854CB39CFC0085473ED241BD814CE5BF2C
:105D1000C6456E864A85EF10001FAAC8E31D05EC34
:105D200025B169E9370710007D17B377E4006309EF
:105D30000C046399E7047D5763000A02B707F07FFC
:105D4000E18FB706A00663E9F600D1839306B0069B
:105D5000B387F6403317F7006396E402B707F07F86
:105D6000FD176315F400FD57E380F4BEB705F07F1F
:105D7000E18D370410002E948144E31C0AF2F9BE31
:105D8000C58F99DB63820C04B3FC8C00E3870CFEA7
:105D900052862685A285630F0C02EFF0EFE02A867B
:105DA000AE865245E245EF204029AA842E84F1B701
:105DB000B705F07FE18D3704F0FFA295370410009E
:105DC0007D144D8CFD5455BF9257B3FD9700E3866B
:105DD0000DFA7DBFEFF04FDD2A86AE865245E245D3
:105DE000EFD0BFB301468146AA842E84EF203073E2
:105DF00049F59DB1CE855A85EF10E04C97370000EC
:105E00009387C76C9043D4432A8DAE8DEFD00FDAC1
:105E10006342A01063010C0A814D370DF03F01472A
:105E2000B707F03FB706F07FB37CD400B706E07F3A
:105E3000639FDC166AD2370DB0FC229D2685EA8569
:105E40003EDE3ADC6EDAEF10202BD25812582A864A
:105E5000AE864685C285EFD0CFE02686EA86EF2063
:105E6000C01DAA843705F07F3376B500B706A07C45
:105E70006257F2576365D60C62479307F5FF639646
:105E8000E7005247FD57E381E7ACB707F07F138483
:105E9000F7FFFD54C6454A85EF001042DE854A856E
:105EA000EF009041CE854A85EF001041DA854A85A2
:105EB000EF00904095B1B1E0B257E18FA1E797377D
:105EC0000000938727609043D4436A85EE85EFD026
:105ED000EFCD634D0502973700009387275E90430F
:105EE000D4436A85EE85EFD0CFD72A87AE87370DAA
:105EF0000080BA8D334DFD0035B785476394F400BB
:105F0000E30C04B4814D370DF0BF11BF0147B70753
:105F1000E03FF1BF973700009387475A9043D4433F
:105F20006A85EE85EFD0EFD32A87AE872E8D631674
:105F30000C00370D0080334DBD00AA8DE5B5370448
:105F400050032E94E3180AF4B706F07FE18EE39332
:105F5000DCF4BE853A853A8DBE8CEF20D06DEF2003
:105F6000D0792A86AE866A85E685EFD01F9BB25728
:105F70002A8DAE8DE18FC58F33EC8701630B0C0A40
:105F800097370000938787559043D443EFD00FC2D3
:105F9000E346059C973700009387C7549043D4434A
:105FA0006A85EE85EF20505EE356A0EE45BA630D9C
:105FB0000A04B706A00663E99605973600009386A3
:105FC00066519042D4423A85BE853ADA3ED2EFD04D
:105FD000EFBD925752576344A0023A85BE85EF2029
:105FE000106C11E10545EF2070782A87AE872E8D61
:105FF00063160C00370D0080334DBD00AA8DB70528
:10600000B0062E9D330D9D415245E2453EDA3AD20F
:10601000EF10800E2A86AE866E85EA85EFD06FC4BB
:106020005246E246EF206001AA842E84D2571257CE
:1060300011BF973700009387674B9043D443EFD04D
:10604000EFB6E35905E419BA130750066387E70072
:106050001307500405456399E7EE014B05456FF0C2
:106060004FD8938741829C432E86945389E697A606
:10607000FF1F9386A602AA853E856FF0CFB7797180
:106080004AD04ECE06D622D426D2AA892E8993048F
:10609000190003C4F4FF3A8536C632C42EC23AC092
:1060A000EF00500822951C3102479245A18B2246F1
:1060B000B246D1E39307D0026311F4089C20054354
:1060C00093042900E5C641476390E60213070003E5
:1060D000639CE7009C201307800593F7F70D6392FC
:1060E000E70C9C30C1468904B708008063140300A4
:1060F00093C8F8FF33FFD80201480145A54FE54E8C
:10610000FD5233DED802138707FD63E3EF04BA873D
:1061100063DED704630D58007D58636AAE006314D4
:10612000AE006346FF0005483385A6023E95850410
:1061300083C7F4FFC9BF268999BF9307B0026305DF
:10614000F400A2870143BDBF9C2093042900DDBF5A
:106150001387F7FB63E5EE00938797FC55BF138722
:10616000F7F963E5EE00938797FA5DB7FD57631F74
:10617000F8009307200223A0F900468519EEB250DB
:10618000225492540259F24945618280630403000B
:106190003305A0406DD6630408009385F4FF0CC25C
:1061A000F9BF93070003A9F2A1463DBF13070003FF
:1061B000E382E7F2A9460DBF938741829C4398533F
:1061C00009E717A7FF1F130767ED6FF05FEB9387D2
:1061D00041829C43B286985309E717A7FF1F130714
:1061E000E7EB2E86AA853E856FF07FE9104993067E
:1061F000450113D75540B6876356C7020A060A07FA
:10620000FD8936963697B9C913084700184313031A
:1062100000023303B3403357B700636EC80098C31E
:1062200011C391073387D740098718C96394D700F2
:10623000232A050082808328080091071108B3985B
:10624000680033E7E80023AEE7FE0327C8FFE1B7A5
:1062500011078325C7FF910723AEB7FEE36AC7FE88
:10626000D1B7930705FD93F7F70F25476367F7004D
:1062700001159377F50F3E8582809307F5F993F723
:10628000F70F954663E5F600130595FBDDB7130799
:10629000F5FB1377F70F8147E3EFE6FC130595FD58
:1062A000C9BF1D71D6C2AA8A428536C63AC286CEF9
:1062B000CAC8D2C4DAC05EDE3E8B6ED63289AE8DDD
:1062C000A2CCA6CACEC662DC66DA6AD89D2D832B24
:1062D00005005E85EFF06F87B387AB0083A60D00E6
:1062E00083C7F7FF7957158F3EC82A8A9387260000
:1062F000930600033306F700BE84850703C5F7FF46
:1063000032C4E309D5FEEFF0DFF5631E05105286B7
:10631000DE852685EFF08F84631C0510338C4401E5
:1063200003450C00EFF0FFF363050510E2849307CB
:1063300000038820630BF500EFF0BFF28547933927
:106340001500E28C3EC4268C21A08504DDB7050C27
:1063500003450C00EFF0FFF07DF95286DE85628583
:10636000EFE0DFFF11E9639C0C00529CE28C0345D7
:106370000C00EFF01FEF5DE9014463850C003384EE
:106380008C410A0483470C00130700056387E7006C
:1063900013060007E28C6390C70683471C001307AF
:1063A000B002638BE7081307D002638BE708930CF6
:1063B0001C00014D03C50C00EFF0BFEA9307F5FF89
:1063C00093F7F70FE14563E4F508930705FF850CA4
:1063D00003C50C003ECAEFF0DFE89305F5FF93F527
:1063E000F50F6148D247A948637EB80463040D00E5
:1063F000B307F0403E9423A09D01638C0904A2479B
:10640000814491E39944F640664426854649D64442
:10641000B649264A964A064BF25B625CD25C425D04
:10642000B25D256182808149814C31BF050C81B705
:10643000268C01448549B9B7014D930C2C009DBFB2
:10644000054DE5BFB3871703AA97C11749B7E28C7B
:106450005DB7B3079C40FD1781451D476344F70AAC
:106460005685E923054693094501B3074641AA8DA0
:106470004E8D8148814C3ECA63E9840913054D0065
:1064800033053541098523209D0123A8AD009314D0
:1064900055006685EF00407A832B0900898C63D80C
:1064A0009B0CB3847441A6856E85EF00706C2A8ABC
:1064B00005C91386F4FF935656408A06CE96944239
:1064C00005473317C700758F054A19CB6359CA00B2
:1064D0009385E4FF6E85EF00B0690D4A11E1094A2A
:1064E000A6856E85EFF09FD0269403278900635F11
:1064F0008708EE855685C92392479304300A23A066
:10650000070011B78505858791BF9307FCFF3EC43F
:106510000346FCFFC2476309F60293070002639734
:10652000F80023209D018148110D814C0345FCFF9B
:1065300046CCEFF01FD3E2483D89224333151501C5
:10654000B3ECAC00910815A052479307FCFF3383CE
:10655000E700E36493FC1A855286DE8546CE1ACCAA
:10656000EFE0DFDF6243F2484DF91A8C31B7014AA0
:10657000E3DD74F7B3849B40EE8526865685EF00F5
:106580009018AA8D058C9309450185B7032749000A
:106590006355E40E33048740634574070327C9003D
:1065A0008946630AD7048D46630AD7048546631B70
:1065B000D70263998B026391EB0203274900B2472C
:1065C0009304200698C30547924723A8ED0023A013
:1065D000E90023A0B70105BD9385FBFF6E85EF00A1
:1065E000305961FDEE855685C12992479304000517
:1065F00023A0070009BDE3170BFEC1B7E31F0BFA89
:10660000D5B79304F4FF63180A0691C4A6856E8576
:10661000EF0010562A8A13D754400A074E971843A2
:106620008545B3959500F98D99C1136A2A00A28515
:106630006E85B38B8B40EFF07FBB03244900894408
:10664000630B0A080327C9008946630AD7028D46EF
:10665000630AD7028546631DD70013772A0009CB4A
:1066600003A70900336AEA00137A1A00631E0A00BE
:1066700093E404018DA0054A79BF8544D1B705474D
:10668000330B6741E3060BFE83A90D0113874D0110
:10669000FD55139A29003306470114436383B6045A
:1066A000850614C3894613874D016393D408832656
:1066B0000900FD16639F760193D65B408A063697E4
:1066C00018438546B39B7601B3FBEB0063830B0055
:1066D000854493E40402924723A0B701B24780C3E4
:1066E0001DB31107232E07FEE369C7FA03A78D0028
:1066F00063C4E90283A54D0056858505052E03A6D2
:106700000D019385CD002A8B09060A063105B524B3
:10671000EE8556855526DA8D03A70D0193061700E1
:1067200011070A0723A8DD006E97854654C39DBF55
:1067300083A60D0163DCD90085456E85EFF01FABA4
:10674000032789000504E35587F865B393FBFB0134
:106750008544E3800BF852970325C7FFF1291307FF
:106760000002B30B7741E34975FDA5B7A147338616
:10677000C7400A0693060002918E5C41184111053C
:106780003398D70033670701B3D7C700232EE5FE40
:106790001CC1E364B5FE82801C416548850503C6C3
:1067A000F5FF850701E61CC1054582809823930605
:1067B000F7FB93F6F60F6364D80013070702E30FA5
:1067C000C7FC014582805D7152DC03AA0500A6C2A8
:1067D0004EDE93545A405AD88A0486C6A2C4CAC010
:1067E00056DA5ED662D466D26AD06ECE137AFA01D9
:1067F0002A8BB289B29463030A00910483270B00A9
:106800001389C4FF23AE04FECA8D4A840146814A1F
:10681000814B214C930C00021D4D943313871700BC
:106820003AC0B1CA368532C63EC436C2EFF07FA345
:10683000324659E59246A24763E8DC0263D47A0304
:106840006378B4016346CD00EE852285EFF01FF238
:10685000214663F98900930DC4FF232E04FEDE8ACE
:106860006E840146824755BF93059002639CB6082B
:1068700089072320FB0063870B086379B4019D47D8
:1068800063C6C700EE852285EFF05FEE63FA8904E8
:10689000CE8711040327C4FF910723AEE7FEE37AF6
:1068A00089FE910723AE07FEE37DF9FE83270900E9
:1068B00091E76317390585472320F9001545A1A005
:1068C0000506850B6358CC00E3FE89F8232E04FEF1
:1068D000054671141C403D899207C98F1CC059B7E9
:1068E000E3060AFC93070002B38747417D5AB3577A
:1068F000FA0003AAC4FF337AFA0023AE44FF7DB73F
:1069000071196DB71145B640264496440649F259AF
:10691000625AD25A425BB25B225C925C025DF24DDB
:10692000616182800325C50E8280938741829C43EA
:106930009C5389E79797FF1F9387477603A5C70E58
:1069400082801305050F828091ED41116C00014595
:1069500001CA795591C61C229CC108223335A0007A
:1069600041018280014509CA795599C61C229CC102
:1069700008223335A00082808280B3C7A5008D8BAA
:106980003307C50081E78D4763EDC700AA87637EA3
:10699000E508942185078505A38FD7FEE3EBE7FE85
:1069A000828093763500AA8789CA94218507850558
:1069B000A38FD7FE93F63700C5BF9376C7FF138624
:1069C00006FE63F0C70683A3050083A2450083AFDC
:1069D000850003AFC50083AE050103AE450103A3E7
:1069E000850183A8C5019385450223A0770003A8EC
:1069F000C5FF23A2570023A4F70123A6E70123A87C
:106A0000D70123AAC70123AC670023AE17019387E0
:106A1000470223AE07FF75B790419107910523AE5A
:106A2000C7FEE3EBD7FEE3E6E7F682805C51411157
:106A300022C44AC006C626C22A842E8989EF41454F
:106A4000EF10E04B48D0232205002324050023202B
:106A50000500232605004450DC449DC75850931779
:106A600029005847BA97884329E18544B394240103
:106A7000138654000A0685452285EF00D01319CDF0
:106A80002322250104C525A0130610029145228565
:106A9000EF0070125C50C8C4DC47E9F30145B24016
:106AA00022449244024941018280184198C323281C
:106AB000050023260500E5B75C51011122CC06CE66
:106AC0002A8499EF41452EC6EF106043B24548D065
:106AD000232205002324050023200500232605008A
:106AE00091C95450DC4113972700DC46BA9798436C
:106AF00098C18CC3F24062440561828079714ECEA8
:106B0000AA89416522D426D22E84844906D64AD049
:106B1000D10501487D159C419105050833F7A70073
:106B20003307C702C183B387C7023697935607015D
:106B3000698FB69793D60701C207BA9723AEF5FEC1
:106B4000E34B98FCA1C21C4463C7F4024C404E8541
:106B500036C68505EFF09FED10489305C4002A89DD
:106B600009060A063105EFF05FE1A2854E85EFF0D8
:106B7000BFF4B2464A84938744008A07A297D4C3DD
:106B8000850404C82285B250225492540259F24915
:106B90004561828079719387860052CC368AA546FA
:106BA00022D426D24ECE2E84B3C7D70206D64AD0E0
:106BB00056CAAA89B2848546814563CCF6044E85BF
:106BC0003AC6EFF0BFE6324785471CC958C9A5470A
:106BD00063D49704930A9400568926940509834642
:106BE000F9FFAA852946938606FD4E85EFF01FF131
:106BF000E31689FE138484FF569426896341490372
:106C0000B250225492540259F249624AD24A456122
:106C100082808606850555B72904A544F9BFB307C8
:106C20009940A2979423AA852946938606FD4E850E
:106C3000EFF0DFEC0509D9B74177698FAA870145E5
:106C400019E3C2074145370700FF7D8F19E321058E
:106C5000A207370700F07D8F19E311059207370768
:106C600000C07D8F19E309058A0763C907001397E0
:106C700017000505634407001305000282801C41CC
:106C800013F777000DC393F61700014799E613F742
:106C9000270011C785831CC105473A8582808983F7
:106CA0001CC10947DDBF93960701C182014799E2E4
:106CB000C183414793F6F70F99E22107A18393F629
:106CC000F70099E21107918393F6370099E20907DB
:106CD000898393F6170081E68583050799C31CC154
:106CE0006DBF1307000255BF411122C42E84854594
:106CF00006C6EFF0BFD340C9B2402244054718C9C9
:106D00004101828098491C4A797126D206D622D444
:106D10004AD04ECEAE846354F700B2842E8683A947
:106D20000401032906019C44CC403384290163D328
:106D30008700850532C6EFF07FCF32461308450144
:106D4000131324004293C28763ED670293854401C5
:106D5000939829005106131E2900C166AE98329EF1
:106D6000FD166364C6036356800071138327030016
:106D7000F1CB00C9B250225492540259F2494561F4
:106D8000828023A007009107C1B7832F0600B3FFBD
:106D9000DF00638A0F04428FAE82814403A70200A2
:106DA00083230F00110FB37ED700B38EFE03B3F71A
:106DB000D30093D303019102BE9E93570701B3877B
:106DC000F703A69E13D70E01B3FEDE009E97BA9777
:106DD00093D40701C207B3E7D701232EFFFEE3EFE9
:106DE00012FB23209F0083522600638A020483271C
:106DF0000800C28E2E8F814F03270F0083D32E00F1
:106E0000F58F758F33075702910E110F1E977E97DE
:106E1000931F0701B3E7FF0023AEFEFE8357EFFF8A
:106E200083AF0E004183B3875702B3FFDF00FE97A5
:106E3000BA9793DF0701E3611FFD23A0FE0011064F
:106E4000110805B77D1405B7011126CA4AC84EC6F8
:106E500006CE22CC52C4937736002A89B284AE89FA
:106E600089CFFD17172700001307C77E8A07BA9737
:106E700090438146EFF09FC8AA898984A5CC8327D7
:106E8000490291EF4145EF1080072322A9022322F6
:106E90000500232405002320050023260500032ADE
:106EA000490203248A0019E8930510274A85EFF068
:106EB000BFE32324AA002A842320050093F71400AB
:106EC00081CFCE8522864A85EFF0DFE32A8ACE8500
:106ED0004A85EFF07FBED289858489CC084009E9D4
:106EE0002286A2854A85EFF0FFE108C02320050035
:106EF0002A84E9B7F24062444E85D2444249B249FD
:106F0000224A05618280797126D2AE844ECE83A951
:106F1000040122D4CC41135456409C44A2994AD037
:106F200056CA06D652CCAA8A1389190063C4270907
:106F3000568532C6EFF09FAF3246930745012A8A45
:106F4000BE8601479106634A8706635304000144E5
:106F500094480A04338787008A06938744017D8A10
:106F6000BE9625C2130800023308C84081458843F5
:106F7000110791073315C500C98D232EB7FE83A5D0
:106F8000C7FFB3D50501E3E4D7FE0CC399C113894C
:106F900029007D1923282A015685A685EFF0DFB147
:106FA000B2502254528592540259F249624AD24A4E
:106FB000456182808505860795BF23AE06FE0507DD
:106FC00051B7910703A6C7FF1107232EC7FEE3EAB7
:106FD000D7FEC1B71C499849998F8DE30A0751051F
:106FE000D105B306E500BA95F116F1159042984126
:106FF0006308E600FD576363E60085473E858280AF
:10700000E364D5FEE5BF011126CAAE844EC6B28543
:10701000AA89268522CC06CE4AC83284EFF09FFB8F
:1070200005E181454E85EFF07FA085471CC9232AE5
:107030000500F2406244D2444249B249056182806F
:10704000054963460500A28701492684BE844C4059
:107050004E85EFF0BF9D0323040183A804011306AE
:107060004401131E2300138844018A08C16E23269D
:107070002501329EC29893064501014FFD1E18421C
:10708000832F08009106B375D701B3F7DF01FA9596
:107090009D8D93DF0F0193570701B387F74113D7F6
:1070A0000541BA9713DF0741B3F5D501C207CD8F6C
:1070B000110823AEF6FE1106E36318FDC165FD1548
:1070C0006368C601F1169C4295C72328650095B7F1
:1070D0001C429106110633F7B7007A9713580741FF
:1070E000C183C29713DF07416D8FC207D98F23AECB
:1070F000F6FEF9B77D13F9B7B707F07FFD8DB70737
:10710000C0FCBE956355B00081473E858280B305C3
:10711000B04093D745414D476347F700B705080096
:10712000B3D5F540D5B71387C7FEF94681458547E6
:10713000E3CDE6FCB7070080B3D7E700F9B7797174
:1071400026D204494ECE930945018A04CE9422D416
:1071500003A4C4FF4AD02EC6228506D6EFF0DFADC9
:10716000B24593070002898F9CC1A9471389C4FFC8
:1071700063CDA702AD47898F3707F03FB356F400C0
:10718000D98E014763F4290103A784FF5505331500
:10719000A400B357F700C98FB25022549254025939
:1071A000F2493E85B68545618280814763F62901B3
:1071B00083A784FF138984FF551505C913070002AF
:1071C0003306A74033D7C7003314A400598CB70641
:1071D000F03FC18E014763F429010327C9FFB3972C
:1071E000A7003357C700D98F45BFB706F03FC18E00
:1071F00065B7797122D42E84854526D24AD0B284CF
:107200004ECE52CC3A8906D6368AEFF03F82370707
:1072100010009307F7FFE58FD18093F4F47FAA89DC
:10722000B5E03EC62DC4280022C4EFF05FA5A246FB
:1072300021CD324793070002898FB317F700D58F0E
:107240003357A70023AAF9003AC6324423AC890079
:1072500033348000050423A88900B9C49384D4BCC6
:10726000AA949307500323209A003385A740232034
:10727000A900B25022544E8592540259F249624AF2
:1072800045618280D98F71BF23AAD9007DBF680074
:10729000EFF0FF9EB24713050502054423AAF9004B
:1072A000854723A8F90055BF931724001305E5BCB3
:1072B000CE972320AA00884B1604EFF0FF97098C85
:1072C000232089007DB779714AD02E892C0006D6FB
:1072D00022D426D24ECE52CC2A8AEFF05FE6AA897B
:1072E000AE842E844A856C00EFF07FE58327090188
:1072F00003270A01A2461D8FB24716079D8EB307CA
:10730000D7006355F002D2072E8633849700328768
:10731000A2852A86BA864E85EF102045B2502254A7
:1073200092540259F249624A456182803707F0FF60
:10733000B387E7023386B700D9BF9387F5FF184AB2
:10734000958785078A07930646010A07AA97369705
:1073500063E5E600636AF5008280910603A6C6FF36
:107360001105232EC5FEEDB71105232E05FEDDB751
:10737000144993D755401307450163C7F60263DFED
:10738000D700FD8981CD93962700BA969042054596
:10739000B356B600B395B600631EB6008A07BA9717
:1073A0006366F70001458280B687CDBFF11794432D
:1073B000E5DA054582803386C502011122CC06CE6E
:1073C000B28532C621282A8409C532468145EF801C
:1073D0003FE52285F240624405618280011126CAA0
:1073E00093843500F19806CE22CC4AC84EC6A1043B
:1073F000B14763F5F404B14463E4B4042A89EF00AF
:1074000050329387C18A98433A8429E49387018B49
:107410009C4399E781454A85EF00300523A8A18A5E
:10742000A6854A85EF007004FD5963193507B147F9
:107430002320F9004A85EF00F02E29A0E3DE04FAAC
:10744000B1471CC10145F2406244D2444249B249AD
:10745000056182801C40858F63CF0702AD4663F6CD
:10746000F6001CC03E9404C031A05C406313870248
:1074700023A6F18A4A85EF00F02A1305B40093078A
:10748000440061993307F5405DDF3A94898F1CC051
:107490005DBF5CC3C5B72287404085BF130435007C
:1074A0007198E30285FCB305A4404A85EF00E07BB8
:1074B000E31B35FBADBF411106C622C426C24AC03C
:1074C000FD57639AF500FD54B240224426850249D7
:1074D0009244410182805E2613F9F50F93F4F50F73
:1074E00093F7F7FD5EA65C5A584285C71C5E32844E
:1074F000635CF7001C401387F7FF18C0A38F27FFBA
:107500005C4085075CC0C9B7B285EF0030157DD1FE
:107510005DBF144A1C4281CE63FBF60083C6F7FFB1
:1075200063979600FD1705071CC258C271BF5CDE49
:10753000930746045CDA8D471CDE930766041CC281
:10754000854738C2230326055CC2BDBF411122C452
:107550002E84CC5906C69DC1930744046384F5006C
:10756000EF00701C3C40232A04025CC081CB5C5CB1
:1075700001451CC0B2402244410182801C482322A4
:1075800004007D551CC05E2493E707025EA4DDB7AE
:10759000130101D297070000938727F22326312D8C
:1075A000232CF1289309C10197070000938747FA1C
:1075B000232C812C232A912C2328212D2324412D77
:1075C0002322512D2320612D232E712B232C812B3F
:1075D000232E112C232A912B2328A12B2326B12BD8
:1075E000AA842E8423240112232601122328311376
:1075F000232EF12836CC130A5002130BA002A54B00
:107600002949972A0000938AAA05179CFFFF130CAB
:107610006C9F1C2232C6638B0730EFF00FB13246ED
:10762000834D0600930C16006E951C31A18BA1C3EF
:107630005C406357F002EFF04FAF1C4098233A953F
:107640001831218B19E36686E9B70327C112850734
:107650001CC005072326E11258407D1758C0C9BF3A
:107660008327C129A2852685829771D5E9BF6397B3
:107670004D1723220112232E01101C32639767013C
:10768000C147232EF110930C260083C50C00668D94
:10769000850C938705FD63F0FB060D465685EF00CC
:1076A000D00601CD330555418547B397A700032583
:1076B000C111668D5D8D232EA11083470D00130728
:1076C0007006930C1D006366F7081307500663FBF2
:1076D000E71A13077004636AF7021307500463F391
:1076E000E71A63880712638B470F8D47232AF1122D
:1076F0002320211361A083274112B307F902938746
:1077000007FDAE972322F11249B71307B005638036
:10771000E7126365F70213078005E398E7FC032788
:10772000C11113670720232EE11041472320E112E6
:107730001307E006B337F7008D073DA8130730069F
:107740006383E71013074006E391E7FA2320211330
:10775000C5B7130700076380E70C6363F7061307D9
:10776000E006638BE70E636FF70A13079006E39E4C
:10777000E7F6232001128D47232AF1125C4063555E
:10778000F0108327C11193F7070491EBEFF0EF9905
:107790001C4098233A951831218B631F070E8327CD
:1077A00041130947634FF710340822866C0A268577
:1077B00049228547630CF5168947E316F5E8B9A019
:1077C00013075007E384E7F813078007E389E7F41A
:1077D00013073007E39BE7F0894779BF5C406351AB
:1077E000F0021C4098236313B715850758401CC04E
:1077F0008327C1127D1758C085072326F112A1B532
:107800008327C129A2852685829761DD0325811200
:1078100069ED7D55F9A80327C11113670702232ECF
:10782000E110F5BDA1472320F1129147B1B7E685DC
:107830004E858D218327C111AA8C93E70704232E3F
:10784000F110854715BF8327C111232A011293E741
:107850000704232EF1101DB78327C11113F7070169
:10786000E31307DE624793F517008326C112130660
:10787000470089C532CC1C4396A3F1B332CC1C43DC
:1078800094C3D1B39547CDBD8327C129A285268551
:107890008297E30805EE9DBF0327C1120507232643
:1078A000E11258407D1758C06355E00085071CC0A1
:1078B000F1BD8327C129A28526858297E30805ECBF
:1078C000B1B711476348F700340822866C0A268551
:1078D0009122C5B5E3090CD6340822866C0A2685A8
:1078E00097000000E7000000E9B55E2493F7070465
:1078F0008DF38320C12D0324812D8324412D032961
:10790000012D8329C12C032A812C832A412C032B8E
:10791000012C832BC12B032C812B832C412B032D7A
:10792000012B832DC12A1301012E82800325811290
:10793000C9B79C45011122CC26CA52C406CE4AC8FA
:107940004EC656C25AC02A8A2E84B28491E7984DF8
:10795000854711C3FD571CC41C40C18B99E79C424D
:107960001387470098C283A907000149854A094B3C
:10797000084C0DC5631F55079C4098235C48BA9777
:107980009C2389EF63170904F2406244D2444249C0
:10799000B249224A924A024B056182801C40050985
:1079A000C18B91E79C4085099C23A38FF9FE9840E9
:1079B000DC40050798C01844FD17DCC07D1718C4CB
:1079C00009CBE347F0FA83270418A68552858297EE
:1079D00045D11C40C18B81EB5C4485075CC41C4CC9
:1079E00099C3238009001C4801453E99232824019E
:1079F00061BF631A6501EFE05FF39C409C233E95F5
:107A00001C31A18BC1DFE31609FC084C8547E3124A
:107A1000F5FC9DBF5D71972700009387E7C5CAC03D
:107A20003EC2368997270000938747C5944D3EC4D0
:107A3000972700009387C7C4A2C44EDE5AD86ECEE3
:107A40003EC686C6A6C252DC56DA5ED662D466D27E
:107A50006AD08D47AA892E84B28D170B0000130BB4
:107A6000CB3E6396F60017EBFFFF130B2B751C4400
:107A70009306C015014A1386F7FF63F7C600138A01
:107A800037EA9307D0151CC41C408566938606D040
:107A90009304C401D58F1CC0130C4100A68A814BEE
:107AA000930C002083A70D0003250C0009468C23AE
:107AB000A92939CD8547639EFB0C5C4099E71C40A2
:107AC000214758C093E707201CC01C4093F7F7AF2D
:107AD0001CC01C441386F7FF10C49DCB03A60D00E9
:107AE000138D1A009307160023A0FD001022238097
:107AF000CA0003A64D00EA8A7D1623A2CD00634981
:107B0000C00003260418EE854E8502966318051002
:107B1000850B8D47110CE397FBF85C4099E3A9476F
:107B20005CC05C404848972500009385A5B49D8DB6
:107B3000FD7B056C568DB92A814A930C0003938B0B
:107B4000FB6F130C0C8014441040BDCE03A50D0038
:107B50004C4803480500C2958C21BDC563189805A3
:107B6000B3758601A1C5850A63050A0085067D1ADD
:107B700014C483A64D00FD1623A2DD006350D0047B
:107B800083A60D00850623A0DD001444FD1614C451
:107B90005DBF8947E39FFBF21C4013F60760E319C2
:107BA00096F7414758C093E707101DB73376760123
:107BB00010C01421050DA30FDDFE65BF8326041838
:107BC000EE854E85829671D1144093F6061085C2DB
:107BD00063FCA4018345FDFF8326C417130AFDFF40
:107BE0006E864E858296528D0545630E9D04184023
:107BF000418B39E323000D0054400146A6854E8594
:107C0000029B14400327090013F6060211CA9306CB
:107C100047002320D900184308C321A8814A6DB723
:107C200093F516001306470095CD2320C90018438D
:107C30000AA35844050758C41C48B3049D40D69471
:107C4000BE9404C80145B640264496440649F259FC
:107C5000625AD25A425BB25B225C925C025DF24D88
:107C6000616182802320C9007DB7411122C42A842A
:107C70002E8523AC01D206C6EFA0DF80FD57631727
:107C8000F500938781D39C4391C31CC0B24022442A
:107C9000410182809C211307E0056386E704138776
:107CA000150081460146930500103308C5002300E6
:107CB000D8000506E31BB6FE1306F7FF9DC393C667
:107CC00016009308D0021308D0053306F50014A25D
:107CD0000C2313061700638315036384050189E9E8
:107CE0003A8632858280138725009C3185465DBFA8
:107CF000AE873287D9BF9307D002E5BF0C33E38C40
:107D000005FFE3CAF5FE090785073306F50014A24F
:107D1000E3CCB7FE75BF79714AD04ECE06D622D4D9
:107D200026D2AA892E899304190003C4F4FF3A8548
:107D300036C632C42EC23AC0EFE0DFBE22951C31F7
:107D400002479245A18B2246B246A5EF9307D00287
:107D5000631BF4069C20054393042900F9CE414798
:107D60006390E60213070003639CE7009C2013075F
:107D7000800593F7F70D639DE70A9C30C14689049F
:107D80007D57335ED70201480145254FE54EB37854
:107D9000D702138707FD6363EF04BA8763D0D70662
:107DA000634C08047D58636AAE006314AE0063C67A
:107DB000F80005483385A6023E95850483C7F4FF85
:107DC000C9BF26898DB79307B0026305F400A28767
:107DD000014369B79C2093042900DDBF1387F7FB9B
:107DE00063E5EE00938797FC55BF1387F7F963E7C8
:107DF000EE00938797FA5DB77D58C1B7635F0800BF
:107E00009307200223A0F9007D5519EEB2502254A9
:107E100092540259F249456182806304030033059C
:107E2000A0406DD6630408009385F4FF0CC2F9BF2F
:107E300093070003B1F6A146A1B713070003E38738
:107E4000E7F2A94635BF938741829C43985309E7DF
:107E50001787FF1F130787246FF0FFEB011122CC58
:107E60002E84CC5906CE26CA4AC84EC652C49307A1
:107E700044046392F50493050040EFF02FD611E916
:107E80007D55F2406244D2444249B249224A0561DA
:107E90008280930700401CDC8347640448D81305A4
:107EA000D53F3CA1834754041CB1834744041CA123
:107EB00008C00145F9B703298403931919004E86B8
:107EC0003922AA8455DD330A2501AA854A865285BE
:107ED000EFE0BFAA2320440144D8232C3403D1BFB0
:107EE00089CD9307F00F63F7C7009307A0081CC163
:107EF0007D55828090A105458280014582809387CF
:107F00004182AA8588436FF06FCD93F5F50F2A96CD
:107F10006314C500014582801C21E38EB7FE050570
:107F2000C5BF82808280DDC183A7C5FF411122C405
:107F300006C626C21384C5FF63D307003E94AA84F5
:107F4000EFF03FFE9387C18A9C4381EF2322040018
:107F500023A6818A2244B2402685924441016FF0D3
:107F60007FFC637EF40014403307D4006396E7007F
:107F70009843DC43369718C05CC0D9BFBA87D84352
:107F800019C3E37DE4FE94433386D700631F860064
:107F90001040B29694C33386D700E31DC7FA10434E
:107FA0005843B29694C3D8C375B76375C400B1473C
:107FB0009CC04DB71040B306C4006316D7001443ED
:107FC0005843B29614C058C0C0C369B7828081E5D7
:107FD000B2856FF0AFC0011122CC06CE26CA4AC8C6
:107FE0004EC6328401EEEFF01FF40149F2406244C4
:107FF0004A85D2444249B24905618280AE84AA8949
:108000001D202689E37485FEA2854E85EFF00FBD05
:108010002A8969DDA6852286EFE03F96A6854E85F2
:10802000EFF07FF0E1B783A7C5FF1385C7FF63D5E6
:108030000700AA959C413E958280370810000111E7
:108040007D183377B80026CA3378D80093D4450119
:1080500013D34601131E37004EC61357D5010E0821
:108060009357D60193F4F47F1373F37F06CE22CC9B
:108070004AC893D9F50193DEF6013367C701131F90
:10808000350033E80701931F3600338E6440638068
:10809000D9196356C0136304031CB7068000930705
:1080A000F07F3368D800638FF4369307800363C092
:1080B000C735FD4763CDC747130500023305C541EA
:1080C000B3D7CF01B316A8003399AF00DD8E333993
:1080D0002001B357C80133E926011D8F33092F4111
:1080E000B3372F013306F7409317860063D4072474
:1080F000370780007D173374E600630C042C22855B
:10810000EFD00F95130785FF93070002998FB357A0
:10811000F9003316E400D18F3319E9006341972A3F
:1081200033059740130615007D47634DC738130785
:108130000002118FB356C9003319E9003397E700E5
:10814000558F333920013369270133D6C700814465
:108150009377790081CF1377F90091476308F7008F
:1081600013074900333927014A963A899317860045
:1081700063D6071C138514009307F07FCE85630434
:10818000F520B70780FFFD17F18F9398D70113599A
:108190003900A607B3E82801B1831375F57F9396DC
:1081A000C7005205F2406244B182FE05C98ECD8EF1
:1081B000D2444249B2494685B68505618280631E34
:1081C0000E0A138314001373E37F63170322B3674C
:1081D000E701B368F801639D041A6387074063866B
:1081E00008443309FF41B307074133362F01338673
:1081F000C7409317860063D6074C3389EF41B30716
:10820000E84033B62F013386C740F68991B76350F3
:10821000C00F6300030CB70680009307F07F33683C
:10822000D800638AF43A9307800363CBC713FD47F2
:1082300063DFC73513090EFE93070002B35628010A
:10824000630AFE00130900043309C94133192801E8
:10825000B3EF2F013339F0013369D90031A2B3678D
:10826000F801638A071C9307FEFF638C07389306A7
:10827000F07F6309DE1A3E8E0DBDB3059340639116
:108280000422B367E701638707329387F5FF6381B1
:1082900007449306F07F638CD520BE859307800347
:1082A00063CCB72AFD4763CFB73C930700028D8F9D
:1082B0003319F700B356BF00B317FF003369D90075
:1082C000B337F0003357B7003369F9003308E8409B
:1082D00041ACB367F801638007349307FEFF638AFC
:1082E00007209306F07F6308DE2E3E8E2DBF631EAF
:1082F0000E149386140093F7E67F63910734B367F7
:10830000E7016395042C6380073EB367F801638E31
:1083100007303309FF01B3070701333FE901338613
:10832000E7019317860063D70700B70780FFFD17A3
:108330007D8E854493777900E39F07E09317D601FC
:1083400093583900B3E8F800935736001307F07FCD
:10835000638DE404B207B18313F5F47FCE8581B554
:108360003369F801333920017A99B337E90133864B
:10837000E70093178600E3DF07FA85049307F07F91
:108380006396F418CE851305F07F8147814801BDBF
:10839000C1EB6384083A931636009317D8018D8297
:1083A000B3E8D700F68993573800B3E7F800F9DB54
:1083B00081451305F07FB70708008148CDB3370624
:1083C00080FF7D167D8E93777900998CE39507D891
:1083D000B5B74A85EFC0DFE713078501FD47E3D551
:1083E000E7D2130685FFB317C900014905BB3369FE
:1083F000F80133392001DDB13309FF41330607416C
:1084000033342F01330486409317840063CD07244F
:10841000B3688900E39308CE8147814981441DBF39
:10842000E39808F80E059317D7010D81B3E8A7006C
:10843000935737009DBF0E059317D7010D81B3E801
:10844000A700F2849357370011B733059340638236
:108450000412B70680009307F07F558F630DF32E4B
:108460009307800363CBA720FD4763C3A72A930725
:108470000002898F3319F700B356AF00B317FF001E
:108480003369D900B337F0003357A7003369F900D7
:108490003A987E99B337F901338607019A84D1BDA2
:1084A000B70680009307F07F558FE319F3DE93172B
:1084B00036008D839318D801B3E81701F6899357D6
:1084C0003800E5B5130715FE9306000233D7E70021
:1084D000630AD600930600043386C6403396C7006D
:1084E0003369C900333920013369E9000146814409
:1084F00091B53309FF01B30707013336E9013E9611
:10850000931786008544E3D707E28944B70780FFC5
:10851000FD17F18F135719001379190033692701DB
:108520009398F70133E9280113D6170015B1130901
:108530000EFE93070002B3562801630AFE001309DA
:1085400000043309C94133192801B3EF2F0133392E
:10855000F0013369D90059B63369E7013339200195
:1085600033892F41B3B72F013306F8409A84F68937
:10857000A5BEB367E701638207189307F5FF63841D
:10858000071C9306F07F6304D5123E85D1BD930787
:108590000002B387C741B316F8003399FF0033D602
:1085A000CF01D18E33392001B357C80133E92601F9
:1085B0003E975DBB931736008D839318D801B3E8BF
:1085C0001701AE8493573800F68949B3EDC3336978
:1085D000F801E31F09DC0E059317D7010D81B3687D
:1085E000F50093573700D1B36381080E9316360018
:1085F0009317D8018D82B3E8D700F68993573800D6
:1086000091BB3309FF41B3070741333F2F01338645
:10861000E7418544D1BC0E059317D7010D81B3689E
:10862000F500F2849357370015B30E059317D70161
:108630000D81B3E8A7009357370029BB9307F07F5C
:10864000E382F6D43309FF013336E901B3070701AA
:10865000B2979398F7011359190033E9280113D6FB
:108660001700B684C1B93389EF413307E84033B608
:108670002F013304C740F68949B43369E701333920
:10868000200101BD938705FE93060002B357F70052
:10869000638AD50093060004B385B6403317B7004C
:1086A000336FEF003339E0013369F90055BD93179B
:1086B00036008D839318D801B3E81701935738001B
:1086C000EDB1B368C900E39708C68147814959B144
:1086D0003389EF41B307E84033B62F013386C740F3
:1086E000F689854411B4931636009317D8018D820C
:1086F000B3E8D70093573800B1B9931636009317F3
:10870000D8018D82B3E8D700AA84935738003DB9C9
:10871000930705FE93060002B357F700630AD500DE
:10872000930600043385A6403317A700336FEF008C
:108730003339E0013369F900A9BB81451305F07FA6
:10874000B7070800A9BC3309FF01B3070701333697
:10875000F9013E9675B3931636009317D8018D82B2
:10876000B3E8D7009357380089B1397193D74501E1
:1087700022DC4AD856D22A891394C50006DE26DAAE
:108780004ED652D45AD05ECE13F5F77F318093DAAD
:10879000F501630B05109307F07F630BF514135A73
:1087A000D9010E0433648A00370A8000336A440119
:1087B000131B3900930415C00144814B13D84601A3
:1087C0001399C6001378F87FB2881359C90093D95A
:1087D000F601630E08089307F07F6300F80413574F
:1087E000D6010E0933692701130818C0B7078000A6
:1087F0003367F90093183600B38404418145BD47BF
:1088000033C83A0163E4871A971700009387C7FDBE
:108810000A043E9410403E9602863367C900938452
:108820001480631207101364240081488945C1BF76
:108830001306F07F81470147B207F2506254520697
:10884000B1837E08D18FB3E70701D2544259B259A0
:10885000225A925A025BF24B3A85BE852161828090
:1088600001481306F07FB70708000147F1B73367E7
:10887000C9004DC7630809304A8532C4EFC05F9D07
:108880002246130755FFF547930685FF998F331945
:10889000D900B357F60033E72701B318D600269561
:1088A0009304353F8145A1BF336A240163030A065F
:1088B00036C632C46306042A2285EFC07F99224659
:1088C000B246AA84130755FF754A138B84FF330AF7
:1088D000EA4033146401335A4901336A8A00331B76
:1088E00069011305D0C0B30495400144814BF9B52B
:1088F000336A240163180A002144014B9304F07F7A
:10890000894B6DBD228A4A8B31449304F07F8D4B95
:1089100075B51144014B8144854B4DB5136414006A
:1089200081488545E9BD136434004A878D45C1BD42
:10893000630A052E8547898F9306800363DDF6322F
:10894000014681470147CDBDCE868947638DF53A03
:108950008D47E387F5F085473688E383F5FE138579
:10896000F43FE357A0FC93F778006396072893D66B
:1089700038009317770063D80700B70700FFFD178B
:108980007D8F138504409307E07FE3C3A7EA1316A6
:10899000D70193179700B1833367D6001376F57F1D
:1089A00061BDD6865287DA88DE8545B76361472385
:1089B000630DEA20DA86FD145284014B9317870079
:1089C00013D388013363F300935E0301B357D403D9
:1089D000131F0301135F0F0193D50601139E880037
:1089E0003374D4033307FF024204C18D63FBE500F7
:1089F0009A951386F7FF63EE652663FCE526F91763
:108A00009A95998D33D7D503C206C182B3F5D503A4
:108A10003306EF02C205D58D63FBC5009A95930618
:108A2000F7FF63E6652463F4C52479179A95C207B6
:108A300041645D8F9307F4FF3375F7009358070186
:108A4000935F0E01B377FE00B302F502B386C54013
:108A5000B383F80293D502013386AF021E962E9699
:108A60003385F803637376002295C168FD1893552A
:108A70000601337616014206B3F81201AA9546960E
:108A800063E6B6126382B6123306CB408D8E333B5B
:108A9000CB00338B66411385F43F630C6317B358E7
:108AA000DB0393550601337BDB03B3061F03420B45
:108AB00033EB6501637BDB001A9B9385F8FF636DE5
:108AC0006B20637BDB20F9181A9B330BDB40B3561A
:108AD000DB0342064182337BDB03330FDF02420BB1
:108AE00033666601637BE6011A969385F6FF63673A
:108AF000661E6375E61FF9161A96C208B3E8D80019
:108B00009395080193D20801C181B38EF502330613
:108B1000E641B385BF0293D60E01B387F202BE953C
:108B2000AE96B38F5F0263F4F600C167BE9FC16566
:108B3000FD1593D70601ED8EC206B3FEBE00BE9FA3
:108B4000F696637FF6091A969387F8FF6369661AAB
:108B50006368F619630FF61BBE8893E8180011B519
:108B60004A85EFC0EFEE13075501F1459304050266
:108B70002246B246E3DAE5D4130485FF331A8900AE
:108B8000014B85B3328532C4EFC08FEC130755011A
:108B9000F146AA87224613050502E3D6E6CEE11781
:108BA0003317F6008148E5B9E370CBEE729B33359D
:108BB000CB011A95AA961305F7FF6378D30263E6F3
:108BC000B6106382D5102A87C1B5E3651BDF9355C4
:108BD0001B009316FA0113541A00CD8E7E0BF9BBBD
:108BE000E31DF6F7E38F06D6B9BFE31ED3FCE378A7
:108BF000CBFD2A8751BD93F7F8009146E389D7D67C
:108C000093B7C8FF9386480093C717008D823E979D
:108C10008DB381468547E34CA0FEFD58E31C05D08B
:108C2000930410C085471385E441B316A70033D6DB
:108C3000F8003395A800D18E3335A000C98E13F605
:108C400076003357F70001CE93F7F600114663889C
:108C5000C70093874600B3B6D7003697BE869317F2
:108C6000870063D80704054681470147F1B6368778
:108C70007DBBB28779B3FD46E3D7F6FA0556098E78
:108C8000930600023356C7006388D7009387E443F6
:108C9000B317F700B3E8F800B3361001D18E13F61E
:108CA0007600814701CE93F7F60011460147E39223
:108CB000C7FA931797001316D701B18313D736005D
:108CC000518F014695BEE370CBF0729B3335CB01DB
:108CD0001A957917AA964DBBAE88C5BBAE8631BD35
:108CE00093171E0033BEC70172931A96F9183E8E71
:108CF000E315F6E7E307DEC693E818009DB1BE88EA
:108D0000E30AF6FF99BD36881306F07F81470147D5
:108D100025B6E367DEFCBE88E310DEFE99B113D70B
:108D20004501B7071000FD1713D846011377F77FE9
:108D30009308F07F33FEB700AA8EF58FFD81328F46
:108D40001378F87FFD82630B170105436306180152
:108D500063140701630DFE001A858280B368AE00BC
:108D60000543E39B08FEE319E8FED18FF5F70543C1
:108D7000E394EEFF0143E381D5FE054371FF3365C4
:108D8000AE003333A000C9BF13D74501B7071000A9
:108D9000FD1713D846011377F77F9308F07F33F35D
:108DA000B7002A8EF58FFD81B28E1378F87FFD8291
:108DB00063081703630018030DEBB368A300631483
:108DC00008005D8E29CA638508046388D5020545BD
:108DD00095ED8280B3E8C700E38008FE7955828074
:108DE0003365A30065FD630CE802631408005D8E23
:108DF00079DEE39ED5FCE34CE8FC63480701E3E839
:108E000067FC6303F302637FF30081E57D55828095
:108E1000F5DE054582800145E39B08FA82805D8E80
:108E200069DA6DBF01458280E3E3CEFB0145E37261
:108E3000DEFBE5F1E1BF93D74501B70610001387CC
:108E4000F6FF93F7F77F1306E03F6D8FFD81635CBC
:108E5000F6001306D041635AF6003705008013452B
:108E6000F5FF2E95828001458280130630431D8ECA
:108E70007D48558F635DC80093063041B387F64047
:108E8000B357F7003305F040E5F13E8582809387C4
:108E9000D7BEB317F7003355C500C98FE5B793D7D1
:108EA0004501B70610001387F6FF93F7F77F130607
:108EB000E03F2A886D8F0145FD816354F60099C11A
:108EC000828082801306E0417D55E34BF6FE130558
:108ED00030431D8D7D46558F634AA6009387D7BECC
:108EE0003317F7003355A800598D828013053041A0
:108EF000B307F5403355F7008280411106C622C4FE
:108F000026C20DCD9357F541B3C4A7009D8C2A848A
:108F10002685EFC0EFB39306E041898EA9477D8097
:108F200093F6F67F63CDA7022D47098FB3D7E400F0
:108F30005505B207B394A400B18329A0014481462A
:108F400081478144B207D206B1837E04D58FC18F99
:108F5000B24022442685BE85924441018280551547
:108F6000B397A400B207B1838144E9BF1DCD41117D
:108F700022C406C62A84EFC0AFAD9306E041898EB5
:108F8000A94793F6F67F63DCA7025515B317A40033
:108F9000B207B1830147B2402244B207D206B1837F
:108FA000D58F3A85BE854101828081478146B207CF
:108FB000D206B1830147D58F3A85BE8582802D4781
:108FC000098FB357E400B207130755013317E400C4
:108FD000B183D1B71F0000001C0000001F0000007B
:108FE0001E0000001F0000001E0000001F00000007
:108FF0001F0000001E0000001F0000001E000000F7
:109000001F00000074392E7478743D2225303464BA
:109010002D253032642D25303264202025303264F5
:109020003A253032643A253032642200404C4541C2
:109030004B3A25640D0A00004053455256453A25E7
:10904000730D0A000000C84200401C460000204189
:109050004057513A25642C25642C252E32662C2548
:109060002E34662C252E31662C25642C252E326656
:109070002C252E32662C252E32660D0A00000000AB
:1090800040574946493A25732C25730D0A000000C4
:109090004056414C56453A0040310D0A0000000050
:1090A0007661302E76616C3D3200000040320D0A50
:1090B000000000007661302E76616C3D31000000CA
:1090C00025642D25642D25642625643A25643A25DA
:1090D000640000007431302E7478743D22304C2FBF
:1090E0006D696E2200000000CDCC4C3D0AD7233CB8
:1090F0007431332E7478743D222564220000000000
:109100007431342E7478743D2225732200000000DF
:1091100074362E7478743D22252E326622000000AB
:1091200074372E7478743D2225642D256422000046
:1091300074372E7478743D22302D323422000000B2
:1091400074382E7478743D22252E32664C2F6D694A
:109150006E2200007661302E76616C3D3132000067
:109160007661302E76616C3D313100007432302EE4
:109170007478743D22256470706D22007432312E33
:109180007478743D22256475732F636D220000008E
:109190007432322E7478743D2225642E2530326468
:1091A00020252522000000007432332E7478743D8F
:1091B0002225642E25303464220000007431332EC1
:1091C0007478743D2225642E256422007432342E76
:1091D0007478743D22256470706D22007431322ED3
:1091E0007478743D22252E326622000074342E7469
:1091F00078743D22E5AE89E585A8220074342E748A
:1092000078743D22E8ADA6E5918AE6BC8FE6B0B45D
:109210002122000074352E7478743D22252E32668A
:109220004C2200006F12833A8FC2F53CCDCC4C3EED
:1092300074342E7478743D22E5BEAEE6BC8FE8AD82
:10924000A6E5918A2122000000C0B74500007A44BB
:109250004A543239000070427431302E7478743DB3
:1092600022252E32664C2F6D696E22007431312E0C
:109270007478743D22252E32664C22000000C841CD
:10928000404C4556454C3A007431382E7478743D44
:1092900022252E3066636D2200000000286E756C5A
:1092A0006C290000CEA3FFFFC0A2FFFFC0A2FFFFFA
:1092B000BEA2FFFFC6A2FFFFC6A2FFFF8CA2FFFF58
:1092C000BEA2FFFFC6A2FFFF8CA2FFFFC6A2FFFF48
:1092D000BEA2FFFFBAA3FFFFBAA3FFFFBAA3FFFF1F
:1092E0008CA2FFFF0AB5FFFF30B4FFFF04B5FFFFFC
:1092F00038B4FFFF04B5FFFFFEB3FFFF04B5FFFF67
:1093000038B4FFFF30B4FFFF30B4FFFFFEB3FFFF00
:1093100038B4FFFF3EB4FFFF3EB4FFFF3EB4FFFF93
:10932000FEB3FFFFF0B3FFFFF0B3FFFFC4B4FFFFD6
:10933000A0B5FFFFC4B4FFFFBEB3FFFFC4B4FFFF7F
:10934000A0B5FFFFF0B3FFFFF0B3FFFFBEB3FFFF19
:10935000A0B5FFFFFEB3FFFFFEB3FFFFFEB3FFFFAD
:10936000BEB3FFFF14B8FFFF66B7FFFF66B7FFFF8E
:1093700064B7FFFF6AB7FFFF6AB7FFFF3AB7FFFFA7
:1093800064B7FFFF6AB7FFFF3AB7FFFF6AB7FFFF97
:1093900064B7FFFF02B8FFFF02B8FFFF02B8FFFF8C
:1093A0003AB7FFFF000102020303030304040404AD
:1093B0000404040405050505050505050505050561
:1093C0000505050506060606060606060606060641
:1093D000060606060606060606060606060606062D
:1093E0000606060607070707070707070707070711
:1093F00007070707070707070707070707070707FD
:1094000007070707070707070707070707070707EC
:1094100007070707070707070707070707070707DC
:1094200007070707080808080808080808080808C0
:1094300008080808080808080808080808080808AC
:10944000080808080808080808080808080808089C
:10945000080808080808080808080808080808088C
:10946000080808080808080808080808080808087C
:10947000080808080808080808080808080808086C
:10948000080808080808080808080808080808085C
:10949000080808080808080808080808080808084C
:1094A00008080808B0C0FFFF9CC0FFFFCEC0FFFF48
:1094B000D4C0FFFFB0C0FFFF000000000000E03F8D
:1094C000000000000000F03F00000000000000402D
:1094D0000000C0FFFFFFDF419535A094FFFFDF3F95
:1094E00035E5AF350000E03F9535A094FFFFCF3F55
:1094F0006E660000696E697479000000616E00009C
:1095000035000000CEFBFFFFCB0300000100000090
:109510000000000034000000CEFBFFFFCB03000082
:109520000100000000000000BC89D897B2D29C3C2A
:1095300033A7A8D523F649393DA7F444FD0FA5323A
:109540009D978CCF08BA5B25436FAC6428066811E1
:1095500043000000504F5349580000002E00000007
:109560000080E03779C34143176E05B5B5B893461F
:10957000F5F93FE9034F384D321D30F94877825AEB
:109580003CBF737FDD4F1575000000000000F03F09
:1095900000000000000024400000000000005940CE
:1095A0000000000000408F40000000000088C34021
:1095B00000000000006AF8400000000080842E4196
:1095C00000000000D01263410000000084D79741E2
:1095D0000000000065CDCD41000000205FA00242E8
:1095E000000000E876483742000000A2941A6D425D
:1095F000000040E59C30A2420000901EC4BCD64250
:1096000000003426F56B0C430080E03779C34143FA
:1096100000A0D8855734764300C84E676DC1AB4370
:10962000003D9160E458E143408CB5781DAF15448E
:1096300050EFE2D6E41A4B4492D54D06CFF0804469
:10964000F64AE1C7022DB544B49DD9794378EA447E
:1096500005000000190000007D000000686C4C004F
:10966000412D46612D663839303132333435363745
:109670005D0000002B2D0000303000007858000005
:1096800000202020202020202020282828282820D2
:1096900020202020202020202020202020202020CA
:1096A0002088101010101010101010101010101032
:1096B0001004040404040404040404101010101022
:1096C00010104141414141410101010101010101EC
:1096D000010101010101010101010101101010103E
:1096E00010104242424242420202020202020202BE
:1096F0000202020202020202020202021010101012
:109700002000000000000000000000000000000039
:109710000000000000000000000000000000000049
:109720000000000000000000000000000000000039
:109730000000000000000000000000000000000029
:109740000000000000000000000000000000000019
:109750000000000000000000000000000000000009
:1097600000000000000000000000000000000000F9
:1097700000000000000000000000000000000000E9
:1097800000000000000000000000000000000000D9
:1097900000000000000000000000000000000000C9
:1097A00000000000000000000000000000000000B9
:1097B00000000000000000000000000000000000A9
:1097C0000000000000000000000000000000000099
:1097D0000000000000000000000000000000000089
:1097E00000000000C8F1FFFF4CF0FFFF5CF1FFFF3D
:1097F00064F1FFFF5CF1FFFF7CF0FFFF5CF1FFFF16
:1098000064F1FFFF4CF0FFFF4CF0FFFF7CF0FFFF27
:1098100064F1FFFFBEF1FFFFBEF1FFFFBEF1FFFFEE
:049820007CF0FFFFDA
:10982400EA070000040000000B0000001000000024
:109834002D000000140000000000000000000000E3
:1098440001020304060708090000000001020304E2
:10985400010203040607080900000000A4970000A1
:10986400C49700008497000000000000000000007E
:1098740000000000000000000000000000000000E4
:1098840000000000000000000000000000000000D4
:1098940000000000000000000000000000000000C4
:1098A40000000000000000000000000000000000B4
:1098B4000000000000000000430000000000000061
:1098C4000000000000000000000000000000000094
:1098D4000000000000000000430000000000000041
:1098E4000000000000000000000000000000000074
:1098F4000000000000000000430000000000000021
:109904000000000000000000000000000000000053
:109914000000000000000000430000000000000000
:109924000000000000000000000000000000000033
:1099340000000000000000004300000000000000E0
:109944000000000000000000000000000000000013
:1099540000000000000000004300000000000000C0
:1099640000000000000000000000000000000000F3
:1099740000000000000000004300000000000000A0
:1099840000000000000000000000000000000000D3
:109994000000000000000000E07E000048690000B4
:1099A40000000000809600005C9500009C90000080
:1099B4009C9000009C9000009C9000009C900000F3
:1099C4009C9000009C9000009C9000009C900000E3
:1099D400FFFFFFFFFFFFFFFFFFFFFFFFFFFF000091
:1099E4000100415343494900000000000000000009
:1099F4000000000000000000000000000000000063
:109A040000004153434949000000000000000000E9
:109A14000000000000000000000000000000000042
:109A24000000000000000000010000001800000019
:109A34003333B33ECDCC4C3E3FD8F6FF0000C84193
:109A440000D8B805020406084407002038000020A6
:089A5400A000000000A00000CA
:00000001FF
