
CH32V307VCT.elf:     file format elf32-littleriscv
CH32V307VCT.elf
architecture: riscv:rv32, flags 0x00000112:
EXEC_P, HAS_SYMS, D_PAGED
start address 0x00000000

Program Header:
    LOAD off    0x00001000 vaddr 0x00000000 paddr 0x00000000 align 2**12
         filesz 0x00006c08 memsz 0x00006c08 flags r-x
    LOAD off    0x00008000 vaddr 0x20000000 paddr 0x00006c08 align 2**12
         filesz 0x00000238 memsz 0x00000720 flags rw-
    LOAD off    0x00008800 vaddr 0x20007800 paddr 0x20007800 align 2**12
         filesz 0x00000000 memsz 0x00000800 flags rw-

Sections:
Idx Name          Size      VMA       LMA       File off  Algn
  0 .init         00000004  00000000  00000000  00001000  2**1
                  CONTENTS, ALLOC, LOAD, READONLY, CODE
  1 .vector       000001bc  00000004  00000004  00001004  2**1
                  CONTENTS, ALLOC, LOAD, READONLY, CODE
  2 .text         00006a48  000001c0  000001c0  000011c0  2**2
                  CONTENTS, ALLOC, LOAD, READONLY, CODE
  3 .fini         00000000  00006c08  00006c08  00008238  2**0
                  CONTENTS, ALLOC, LOAD, CODE
  4 .dalign       00000000  20000000  20000000  00008238  2**0
                  CONTENTS
  5 .dlalign      00000000  00006c08  00006c08  00008238  2**0
                  CONTENTS
  6 .data         00000238  20000000  00006c08  00008000  2**2
                  CONTENTS, ALLOC, LOAD, DATA
  7 .bss          000004e8  20000238  00006e40  00008238  2**2
                  ALLOC
  8 .stack        00000800  20007800  20007800  00008800  2**0
                  ALLOC
  9 .debug_info   00014e56  00000000  00000000  00008238  2**0
                  CONTENTS, READONLY, DEBUGGING
 10 .debug_abbrev 00003530  00000000  00000000  0001d08e  2**0
                  CONTENTS, READONLY, DEBUGGING
 11 .debug_loc    0000413d  00000000  00000000  000205be  2**0
                  CONTENTS, READONLY, DEBUGGING
 12 .debug_aranges 000009b0  00000000  00000000  00024700  2**3
                  CONTENTS, READONLY, DEBUGGING
 13 .debug_ranges 00000b98  00000000  00000000  000250b0  2**3
                  CONTENTS, READONLY, DEBUGGING
 14 .debug_line   0000eac4  00000000  00000000  00025c48  2**0
                  CONTENTS, READONLY, DEBUGGING
 15 .debug_str    000032a6  00000000  00000000  0003470c  2**0
                  CONTENTS, READONLY, DEBUGGING
 16 .comment      00000033  00000000  00000000  000379b2  2**0
                  CONTENTS, READONLY
 17 .debug_frame  00002200  00000000  00000000  000379e8  2**2
                  CONTENTS, READONLY, DEBUGGING
 18 .stabstr      000000a9  00000000  00000000  00039be8  2**0
                  CONTENTS, READONLY, DEBUGGING
SYMBOL TABLE:
00000000 l    d  .init	00000000 .init
00000004 l    d  .vector	00000000 .vector
000001c0 l    d  .text	00000000 .text
00006c08 l    d  .fini	00000000 .fini
20000000 l    d  .dalign	00000000 .dalign
00006c08 l    d  .dlalign	00000000 .dlalign
20000000 l    d  .data	00000000 .data
20000238 l    d  .bss	00000000 .bss
20007800 l    d  .stack	00000000 .stack
00000000 l    d  .debug_info	00000000 .debug_info
00000000 l    d  .debug_abbrev	00000000 .debug_abbrev
00000000 l    d  .debug_loc	00000000 .debug_loc
00000000 l    d  .debug_aranges	00000000 .debug_aranges
00000000 l    d  .debug_ranges	00000000 .debug_ranges
00000000 l    d  .debug_line	00000000 .debug_line
00000000 l    d  .debug_str	00000000 .debug_str
00000000 l    d  .comment	00000000 .comment
00000000 l    d  .debug_frame	00000000 .debug_frame
00000000 l    d  .stabstr	00000000 .stabstr
00000000 l    df *ABS*	00000000 ./Startup/startup_ch32v30x_D8C.o
00000004 l       .vector	00000000 _vector_base
00000000 l    df *ABS*	00000000 esp32_concert.c
000063c8 l     O .text	00000030 days_in_month.5675
00000000 l    df *ABS*	00000000 timer.c
00000000 l    df *ABS*	00000000 tjc_usart_hmi.c
20000560 l     O .bss	00000040 serve_num
200005a0 l     O .bss	00000040 wifi_pwd
200005e0 l     O .bss	00000020 wifi_ssid
20000248 l     O .bss	00000004 g_time_left
2000024c l     O .bss	00000001 leak_test.5709
2000024d l     O .bss	00000001 serve_len
2000024e l     O .bss	00000001 wifi_data_type
2000024f l     O .bss	00000001 wifi_frame_received
20000250 l     O .bss	00000001 wifi_pwd_len
20000251 l     O .bss	00000001 wifi_ssid_len
2000020c l     O .data	00000004 g_time_right
00000000 l    df *ABS*	00000000 water_quality.c
20000610 l     O .bss	00000010 rx_buf
20000254 l     O .bss	00000004 g_monthly_start_flow
20000259 l     O .bss	00000001 rx_in_progress
2000025a l     O .bss	00000001 rx_index
20000210 l     O .data	00000004 g_water_rate
20000230 l     O .data	00000006 WQ_SEND_CMD
00000000 l    df *ABS*	00000000 water_speed.c
20000620 l     O .bss	00000018 g_leak
20000264 l     O .bss	00000004 idle_start.5666
20000268 l     O .bss	00000004 last.5665
20000270 l     O .bss	00000004 last_timer_cnt.5639
20000274 l     O .bss	00000001 leak_clear_cnt
20000278 l     O .bss	00000004 s_micro_start
2000027c l     O .bss	00000001 s_micro_timing
20000280 l     O .bss	00000004 s_slow_start
20000284 l     O .bss	00000001 s_slow_timing
20000214 l     O .data	00000004 g_flow_normal
20000218 l     O .data	00000004 leak_last_alert
00000000 l    df *ABS*	00000000 zigbee.c
2000069c l     O .bss	00000080 rx_buf
200002a4 l     O .bss	00000001 rx_idx
00000000 l    df *ABS*	00000000 ch32v30x_it.c
00000000 l    df *ABS*	00000000 main.c
200002a8 l     O .bss	00000004 t1s.5606
00000000 l    df *ABS*	00000000 system_ch32v30x.c
00000000 l    df *ABS*	00000000 ch32v30x_gpio.c
00000000 l    df *ABS*	00000000 ch32v30x_misc.c
00000000 l    df *ABS*	00000000 ch32v30x_rcc.c
20000028 l     O .data	00000010 APBAHBPrescTable
20000224 l     O .data	00000004 ADCPrescTable
00000000 l    df *ABS*	00000000 ch32v30x_tim.c
000020a6 l     F .text	00000036 TI1_Config
000020dc l     F .text	00000044 TI2_Config
00000000 l    df *ABS*	00000000 ch32v30x_usart.c
00000000 l    df *ABS*	00000000 debug.c
200002b0 l     O .bss	00000002 p_ms
200002b2 l     O .bss	00000001 p_us
20000228 l     O .data	00000004 curbrk.5273
00000000 l    df *ABS*	00000000 printfloat.c
00000000 l    df *ABS*	00000000 libgcc2.c
00000000 l    df *ABS*	00000000 libgcc2.c
00000000 l    df *ABS*	00000000 ledf2.c
00000000 l    df *ABS*	00000000 muldf3.c
00000000 l    df *ABS*	00000000 subdf3.c
00000000 l    df *ABS*	00000000 fixdfdi.c
00000000 l    df *ABS*	00000000 floatdidf.c
00000000 l    df *ABS*	00000000 addsf3.c
00000000 l    df *ABS*	00000000 divsf3.c
00000000 l    df *ABS*	00000000 gesf2.c
00000000 l    df *ABS*	00000000 lesf2.c
00000000 l    df *ABS*	00000000 mulsf3.c
00000000 l    df *ABS*	00000000 subsf3.c
00000000 l    df *ABS*	00000000 fixsfsi.c
00000000 l    df *ABS*	00000000 floatsisf.c
00000000 l    df *ABS*	00000000 floatunsisf.c
00000000 l    df *ABS*	00000000 extendsfdf2.c
00000000 l    df *ABS*	00000000 libgcc2.c
00000000 l    df *ABS*	00000000 sscanf.c
00000000 l    df *ABS*	00000000 stdio.c
00000000 l    df *ABS*	00000000 strcpy.c
00000000 l    df *ABS*	00000000 strlen.c
00000000 l    df *ABS*	00000000 strncmp.c
00000000 l    df *ABS*	00000000 strncpy.c
00000000 l    df *ABS*	00000000 nano-vfscanf.c
00000000 l    df *ABS*	00000000 nano-vfscanf_i.c
00000000 l    df *ABS*	00000000 sccl.c
00000000 l    df *ABS*	00000000 strtol.c
00005d72 l     F .text	00000138 _strtol_l.isra.0
00000000 l    df *ABS*	00000000 strtoul.c
00005ec0 l     F .text	0000012e _strtoul_l.isra.0
00000000 l    df *ABS*	00000000 ungetc.c
00000000 l    df *ABS*	00000000 locale.c
00000000 l    df *ABS*	00000000 mbtowc_r.c
00000000 l    df *ABS*	00000000 memchr.c
00000000 l    df *ABS*	00000000 memcpy.c
00000000 l    df *ABS*	00000000 nano-mallocr.c
00000000 l    df *ABS*	00000000 nano-mallocr.c
00000000 l    df *ABS*	00000000 nano-mallocr.c
00000000 l    df *ABS*	00000000 sbrkr.c
00000000 l    df *ABS*	00000000 wctomb_r.c
00000000 l    df *ABS*	00000000 mlock.c
00000000 l    df *ABS*	00000000 nano-mallocr.c
00000000 l    df *ABS*	00000000 libgcc2.c
00000000 l    df *ABS*	00000000 findfp.c
00000000 l    df *ABS*	00000000 ctype_.c
00000000 l    df *ABS*	00000000 impure.c
20000038 l     O .data	00000060 impure_data
00000000 l    df *ABS*	00000000 lcd.c
00000000 l    df *ABS*	00000000 reent.c
00000000 l    df *ABS*	00000000 close.c
000028d4  w    F .text	00000100 printDouble
000063b4 g     F .text	00000014 _malloc_usable_size_r
00001d38  w      .text	00000000 EXTI2_IRQHandler
000059ba g     F .text	000000e0 _scanf_chars
00001d38  w      .text	00000000 TIM8_TRG_COM_IRQHandler
00001d38  w      .text	00000000 TIM8_CC_IRQHandler
000054d0 g     F .text	00000010 strcpy
00001d38  w      .text	00000000 UART8_IRQHandler
000029d4  w    F .text	00000358 print
00004270 g     F .text	000001b6 .hidden __floatdidf
00002d2c  w    F .text	00000024 printf
20000a08 g       .data	00000000 __global_pointer$
000001c8 g     F .text	00000028 .hidden __riscv_save_8
00001322 g     F .text	00000140 TIM1_CC_IRQHandler
20000298 g     O .bss	00000004 g_tower_humidity
00001978 g     F .text	00000010 HardFault_Handler
00000716 g     F .text	000000ae lcd_time
000026c2  w    F .text	000000f2 printInt
000063b2 g     F .text	00000002 __malloc_unlock
00000214 g     F .text	0000000c .hidden __riscv_restore_3
00001d38  w      .text	00000000 TIM6_IRQHandler
00004790 g     F .text	000002b2 .hidden __divsf3
00001d38  w      .text	00000000 SysTick_Handler
0000149a g     F .text	0000029c Leak_Task
00001e98 g     F .text	0000005c NVIC_Init
00001d38  w      .text	00000000 PVD_IRQHandler
00001d38  w      .text	00000000 SDIO_IRQHandler
00001d38  w      .text	00000000 TIM9_BRK_IRQHandler
00000200 g     F .text	00000020 .hidden __riscv_restore_10
00002d78 g     F .text	0000002a snprintf
0000608a g     F .text	00000018 __locale_ctype_ptr
00001d38  w      .text	00000000 DMA2_Channel8_IRQHandler
00001976 g     F .text	00000002 NMI_Handler
0000516c g     F .text	00000062 .hidden __fixsfsi
00001d38  w      .text	00000000 CAN2_RX1_IRQHandler
00001d38  w      .text	00000000 EXTI3_IRQHandler
000001c8 g     F .text	00000028 .hidden __riscv_save_11
000003b0 g     F .text	00000032 send_wifi_to_esp32
00001d38  w      .text	00000000 USBHS_IRQHandler
00002424 g     F .text	0000000a USART_GetFlagStatus
00001d38  w      .text	00000000 DMA2_Channel9_IRQHandler
00001d38  w      .text	00000000 TIM10_CC_IRQHandler
2000071c g     O .bss	00000004 errno
00005a9a g     F .text	00000256 _scanf_i
000054cc g     F .text	00000004 __seofread
20000238 g       .bss	00000000 _sbss
00000800 g       *ABS*	00000000 __stack_size
00000f08 g     F .text	0000001a WQ_SetRate
000024da g     F .text	0000005a USART_Printf_Init
000004d0 g     F .text	00000022 send_leak_to_esp32
00004de4 g     F .text	00000388 .hidden __subsf3
00001d38  w      .text	00000000 USBFS_IRQHandler
00000214 g     F .text	0000000c .hidden __riscv_restore_2
000060ec g     F .text	000000b2 memcpy
20000260 g     O .bss	00000001 g_leak_alarm_active
000027b4  w    F .text	00000120 printLongLongInt
00003508 g     F .text	000000b6 .hidden __ltdf2
2000023c g     O .bss	00000004 speed_flag
00001d38  w      .text	00000000 EXTI0_IRQHandler
00001d38  w      .text	00000000 I2C2_EV_IRQHandler
00001d38  w      .text	00000000 TIM10_TRG_COM_IRQHandler
20000258 g     O .bss	00000001 g_wq_data_ready
0000220e g     F .text	00000018 TIM_Cmd
00002da2  w    F .text	0000004a puts
00000f22 g     F .text	00000006 WQ_GetRate
20000220 g     O .data	00000004 SystemCoreClock
0000241c g     F .text	00000008 USART_ReceiveData
00000004 g       .init	00000000 _einit
0000232c g     F .text	0000000c TIM_ClearITPendingBit
00004ac8 g     F .text	0000008c .hidden __lesf2
0000206a g     F .text	0000001e RCC_APB2PeriphClockCmd
000001c0 g     F .text	00000030 .hidden __riscv_save_12
00001d38  w      .text	00000000 CAN2_SCE_IRQHandler
00001d38  w      .text	00000000 ADC1_2_IRQHandler
20000208 g     O .data	00000001 flag
000055d4 g     F .text	00000044 __ssrefill_r
00001dc4 g     F .text	000000c0 GPIO_Init
00001d38  w      .text	00000000 Break_Point_Handler
00000200 g     F .text	00000020 .hidden __riscv_restore_11
200002ac g     O .bss	00000004 NVIC_Priority_Group
00001d38  w      .text	00000000 SPI1_IRQHandler
2000029c g     O .bss	00000004 g_tower_pump_speed
000023c8 g     F .text	00000016 USART_Cmd
00006368 g     F .text	0000002a _sbrk_r
00002310 g     F .text	00000004 TIM_GetCapture1
00001d38  w      .text	00000000 TAMPER_IRQHandler
000001f0 g     F .text	0000000c .hidden __riscv_save_1
00000214 g     F .text	0000000c .hidden __riscv_restore_0
000001d6 g     F .text	0000001a .hidden __riscv_save_7
0000246a g     F .text	00000014 USART_ClearITPendingBit
00001d38  w      .text	00000000 CAN2_RX0_IRQHandler
0000039c g     F .text	00000014 uart_send_esp_string
00005362 g     F .text	000000ac .hidden __extendsfdf2
00005618 g     F .text	000003a2 __ssvfscanf_r
00001d38  w      .text	00000000 TIM8_UP_IRQHandler
00001736 g     F .text	0000001a Leak_Reset
00002088 g     F .text	0000001e RCC_APB1PeriphClockCmd
20000300 g     O .bss	00000064 test1
00001d38  w      .text	00000000 Ecall_M_Mode_Handler
20007800 g       .stack	00000000 _heap_end
0000317e g     F .text	0000038a .hidden __umoddi3
20000288 g     O .bss	00000004 time_interval
20000600 g     O .bss	0000000e g_water_quality
0000020a g     F .text	00000016 .hidden __riscv_restore_5
00006310 g     F .text	00000058 _realloc_r
00001d38  w      .text	00000000 DMA2_Channel2_IRQHandler
00002dec g     F .text	00000392 .hidden __udivdi3
00001d38  w      .text	00000000 DMA1_Channel4_IRQHandler
00002572 g     F .text	00000026 _sbrk
00001d38  w      .text	00000000 TIM9_UP_IRQHandler
20000238 g     O .bss	00000001 time_flag
0000020a g     F .text	00000016 .hidden __riscv_restore_6
00000626 g     F .text	00000092 USART3_IRQHandler
000006da g     F .text	0000003c GetMonthDays
000006b8 g     F .text	00000022 IsLeapYear
00001d38  w      .text	00000000 RTC_IRQHandler
20000720 g       .bss	00000000 _ebss
00000fd0 g     F .text	00000036 WQ_SendRequest
200002a0 g     O .bss	00000004 g_tower_water_level
0000242e g     F .text	0000003c USART_GetITStatus
00001476 g     F .text	0000001e Leak_SetNormalFlow
00001d38  w      .text	00000000 DMA1_Channel7_IRQHandler
00001080 g     F .text	0000003c WQ_GetMonthlyCost
00001d38  w      .text	00000000 CAN1_RX1_IRQHandler
000011a4 g     F .text	00000012 WQ_Task
0000247e g     F .text	00000026 Delay_Init
00001d38  w      .text	00000000 DVP_IRQHandler
00001d38  w      .text	00000000 UART5_IRQHandler
00004a42 g     F .text	00000086 .hidden __gtsf2
00001d38  w      .text	00000000 TIM4_IRQHandler
00003508 g     F .text	000000b6 .hidden __ledf2
000001c8 g     F .text	00000028 .hidden __riscv_save_9
00001e88 g     F .text	0000000a GPIO_WriteBit
00001d38  w      .text	00000000 DMA2_Channel1_IRQHandler
000004f2 g     F .text	00000116 uart_process_frame
00006a94 g     O .text	00000020 __sf_fake_stderr
000001d6 g     F .text	0000001a .hidden __riscv_save_4
00001006 g     F .text	0000007a WQ_ParseResponse
00001d38  w      .text	00000000 I2C1_EV_IRQHandler
00001750 g     F .text	000000a2 Zigbee_Init
00001988 g     F .text	0000008a GPIO_Toggle_INIT
00002314 g     F .text	00000018 TIM_GetITStatus
000017f2 g     F .text	00000106 Zigbee_ParseCommand
000010bc g     F .text	000000e8 WQ_UpdateDisplay
00001ef4 g     F .text	00000176 RCC_GetClocksFreq
00001d38  w      .text	00000000 DMA1_Channel6_IRQHandler
0000540e g     F .text	0000006e .hidden __clzsi2
00000a28 g     F .text	0000002c deleteRingBuffer
000018f8 g     F .text	0000007e UART4_IRQHandler
00001d38  w      .text	00000000 DMA2_Channel4_IRQHandler
000060d4 g     F .text	00000018 memchr
00002338 g     F .text	00000090 USART_Init
0000619e g     F .text	000000a4 _free_r
00001d38  w      .text	00000000 TIM3_IRQHandler
00001d38  w      .text	00000000 RCC_IRQHandler
000001f0 g     F .text	0000000c .hidden __riscv_save_3
00001d38  w      .text	00000000 TIM1_TRG_COM_IRQHandler
20000638 g     O .bss	00000064 test
00001d38  w      .text	00000000 DMA1_Channel1_IRQHandler
0000553e g     F .text	00000096 _sungetc_r
000009a2 g     F .text	00000028 write1ByteToRingBuffer
00000000 g       .init	00000000 _start
00001d38  w      .text	00000000 DMA2_Channel7_IRQHandler
20000018 g     O .data	00000010 AHBPrescTable
00002238 g     F .text	00000010 TIM_SelectInputTrigger
000051ce g     F .text	000000c6 .hidden __floatsisf
000025e2  w    F .text	000000e0 prints
000003e2 g     F .text	00000030 send_serve_to_esp32
00001d38  w      .text	00000000 EXTI15_10_IRQHandler
00002226 g     F .text	00000012 TIM_ITConfig
000054f2 g     F .text	00000028 strncmp
00001248 g     F .text	000000da Input_Capture_Init
000023de g     F .text	00000036 USART_ITConfig
00000a54 g     F .text	000004b4 HMI_task
0000551a g     F .text	00000024 strncpy
200002bc g     O .bss	00000044 uart_rx
00005fee g     F .text	00000016 _strtoul_r
00001e84 g     F .text	00000004 GPIO_ResetBits
00001d38  w      .text	00000000 TIM7_IRQHandler
00001d38  w      .text	00000000 CAN2_TX_IRQHandler
20000000 g       .dalign	00000000 _data_vma
00001d38  w      .text	00000000 TIM5_IRQHandler
0000547c g     F .text	00000050 sscanf
00001d38  w      .text	00000000 EXTI9_5_IRQHandler
000035be g     F .text	000004b8 .hidden __muldf3
000001c8 g     F .text	00000028 .hidden __riscv_save_10
00000a12 g     F .text	00000016 read1ByteFromRingBuffer
00001d38  w      .text	00000000 ETH_WKUP_IRQHandler
00002276 g     F .text	00000016 TIM_SetIC1Prescaler
000063b0 g     F .text	00000002 __malloc_lock
0000020a g     F .text	00000016 .hidden __riscv_restore_4
00000200 g     F .text	00000020 .hidden __riscv_restore_8
000001d6 g     F .text	0000001a .hidden __riscv_save_6
00001d38  w      .text	00000000 SPI2_IRQHandler
00006ab4 g     O .text	00000020 __sf_fake_stdin
00000220 g     F .text	000000a8 memset
00000200 g     F .text	00000020 .hidden __riscv_restore_9
0000020a g     F .text	00000016 .hidden __riscv_restore_7
00001a12 g     F .text	00000102 main
00001d38  w      .text	00000000 TIM10_BRK_IRQHandler
00000376 g     F .text	00000026 uart_send_esp_char
00001d38  w      .text	00000000 TIM9_CC_IRQHandler
00004ac8 g     F .text	0000008c .hidden __ltsf2
2000021c g     O .data	00000004 g_tower_temperature
00001d38  w      .text	00000000 DMA2_Channel5_IRQHandler
20000295 g     O .bss	00000001 g_tower_data_updated
00005eaa g     F .text	00000016 _strtol_r
00006242 g     F .text	000000ce _malloc_r
00006392 g     F .text	0000001e __ascii_wctomb
00006004 g     F .text	00000080 __submore
00001d38  w      .text	00000000 DMA1_Channel5_IRQHandler
00001d38  w      .text	00000000 EXTI4_IRQHandler
000024a4 g     F .text	00000036 Delay_Ms
00001d38  w      .text	00000000 USB_LP_CAN1_RX0_IRQHandler
00000972 g     F .text	00000022 tjc_send_string
00004b54 g     F .text	00000290 .hidden __mulsf3
20000290 g     O .bss	00000004 total_pulses
0000547c g     F .text	00000050 siscanf
00001b14 g     F .text	000000fa SystemInit
00001d38  w      .text	00000000 RNG_IRQHandler
00002598  w    F .text	0000004a printchar
00000994 g     F .text	0000000e initRingBuffer
00001d38  w      .text	00000000 USB_HP_CAN1_TX_IRQHandler
00002d50 g     F .text	00000028 sprintf
00006970 g     O .text	00000100 .hidden __clz_tab
00000000 g       .init	00000000 _sinit
000041b4 g     F .text	000000bc .hidden __fixdfdi
000022a6 g     F .text	0000006a TIM_PWMIConfig
00004a42 g     F .text	00000086 .hidden __gesf2
00001d38  w      .text	00000000 DMA1_Channel3_IRQHandler
2000025c g     O .bss	00000004 flow_rate
00001d38  w      .text	00000000 ETH_IRQHandler
2000028c g     O .bss	00000004 total_flow
2000022c g     O .data	00000004 _impure_ptr
00001d38  w      .text	00000000 TIM1_UP_IRQHandler
00000412 g     F .text	000000be send_water_quality_to_esp32
20000294 g     O .bss	00000001 water_speedflage
00001d38  w      .text	00000000 WWDG_IRQHandler
00001d38  w      .text	00000000 USBHSWakeup_IRQHandler
00001d38  w      .text	00000000 DMA2_Channel11_IRQHandler
000060a2 g     F .text	00000032 __ascii_mbtowc
00001d38  w      .text	00000000 Ecall_U_Mode_Handler
00001d38  w      .text	00000000 DMA2_Channel6_IRQHandler
0000081e g     F .text	00000082 TIM2_IRQHandler
20008000 g       .stack	00000000 _eusrstack
000001f0 g     F .text	0000000c .hidden __riscv_save_2
00001d38  w      .text	00000000 SW_Handler
00005618 g     F .text	000003a2 __ssvfiscanf_r
00001d38  w      .text	00000000 TIM1_BRK_IRQHandler
00002414 g     F .text	00000008 USART_SendData
00001d38  w      .text	00000000 DMA2_Channel10_IRQHandler
00001d38  w      .text	00000000 EXTI1_IRQHandler
0000225e g     F .text	00000018 TIM_SelectMasterSlaveMode
000001d6 g     F .text	0000001a .hidden __riscv_save_5
20000244 g     O .bss	00000001 USART_Rbuffer_Num
00002534 g     F .text	0000003e _write
20000238 g       .data	00000000 _edata
20000720 g       .bss	00000000 _end
00002120 g     F .text	000000ee TIM_TimeBaseInit
00001d38  w      .text	00000000 RTCAlarm_IRQHandler
00006c08 g       .dlalign	00000000 _data_lma
00001d38  w      .text	00000000 TIM10_UP_IRQHandler
000008a0 g     F .text	000000aa UART_HIM_Init
00001d38  w      .text	00000000 TIM9_TRG_COM_IRQHandler
00001d38  w      .text	00000000 UART7_IRQHandler
000009ca g     F .text	00000048 USART2_IRQHandler
00001d38  w      .text	00000000 UART6_IRQHandler
00001494 g     F .text	00000006 Leak_GetNormalFlow
00001c0e g     F .text	0000012a SystemCoreClockUpdate
00005294 g     F .text	000000ce .hidden __floatunsisf
00000608 g     F .text	0000001e esp_received
00001d38  w      .text	00000000 I2C2_ER_IRQHandler
00001d38  w      .text	00000000 DMA1_Channel2_IRQHandler
00006ad4 g     O .text	00000020 __sf_fake_stdout
00005cf0 g     F .text	00000082 __sccl
000001fc g     F .text	00000024 .hidden __riscv_restore_12
00001d38  w      .text	00000000 TIM8_BRK_IRQHandler
00006b04 g     O .text	00000101 _ctype_
0000094a g     F .text	00000028 uart_send_char
00001d3a  w      .text	00000000 handle_reset
00001d38  w      .text	00000000 CAN1_SCE_IRQHandler
00001d38  w      .text	00000000 FLASH_IRQHandler
000001f0 g     F .text	0000000c .hidden __riscv_save_0
000007c4 g     F .text	0000005a TIM2_Init
000011b6 g     F .text	00000092 USART1_IRQHandler
000054e0 g     F .text	00000012 strlen
0000228c g     F .text	0000001a TIM_SetIC2Prescaler
00001d38  w      .text	00000000 SPI3_IRQHandler
00006084 g     F .text	00000006 __locale_ctype_ptr_l
000002c8 g     F .text	000000ae UART_ESP32_Init
200002b8 g     O .bss	00000004 __malloc_sbrk_start
00002248 g     F .text	00000016 TIM_SelectSlaveMode
00001d38  w      .text	00000000 I2C1_ER_IRQHandler
00001e92 g     F .text	00000006 NVIC_PriorityGroupConfig
00000f28 g     F .text	000000a8 WQ_Init
200002b4 g     O .bss	00000004 __malloc_free_list
20000000 g     O .data	00000018 currentTime
00000214 g     F .text	0000000c .hidden __riscv_restore_1
20000240 g     O .bss	00000004 timer_cnt
00003a76 g     F .text	0000073e .hidden __subdf3
2000026c g     O .bss	00000004 last_capture_time
00004426 g     F .text	0000036a .hidden __addsf3
00001462 g     F .text	00000014 Leak_SetSystemActive
20000098 g     O .data	0000016c __global_locale
00001d38  w      .text	00000000 USBWakeUp_IRQHandler
00001d38  w      .text	00000000 DMA2_Channel3_IRQHandler
20000364 g     O .bss	000001fa ringBuffer



Disassembly of section .init:

00000000 <_sinit>:
   0:	53b0106f          	j	1d3a <handle_reset>

Disassembly of section .vector:

00000004 <_vector_base>:
	...
   c:	1976                	slli	s2,s2,0x3d
   e:	0000                	unimp
  10:	1978                	addi	a4,sp,188
  12:	0000                	unimp
  14:	0000                	unimp
  16:	0000                	unimp
  18:	1d38                	addi	a4,sp,696
	...
  22:	0000                	unimp
  24:	1d38                	addi	a4,sp,696
  26:	0000                	unimp
  28:	1d38                	addi	a4,sp,696
	...
  32:	0000                	unimp
  34:	1d38                	addi	a4,sp,696
  36:	0000                	unimp
  38:	0000                	unimp
  3a:	0000                	unimp
  3c:	1d38                	addi	a4,sp,696
  3e:	0000                	unimp
  40:	0000                	unimp
  42:	0000                	unimp
  44:	1d38                	addi	a4,sp,696
  46:	0000                	unimp
  48:	1d38                	addi	a4,sp,696
  4a:	0000                	unimp
  4c:	1d38                	addi	a4,sp,696
  4e:	0000                	unimp
  50:	1d38                	addi	a4,sp,696
  52:	0000                	unimp
  54:	1d38                	addi	a4,sp,696
  56:	0000                	unimp
  58:	1d38                	addi	a4,sp,696
  5a:	0000                	unimp
  5c:	1d38                	addi	a4,sp,696
  5e:	0000                	unimp
  60:	1d38                	addi	a4,sp,696
  62:	0000                	unimp
  64:	1d38                	addi	a4,sp,696
  66:	0000                	unimp
  68:	1d38                	addi	a4,sp,696
  6a:	0000                	unimp
  6c:	1d38                	addi	a4,sp,696
  6e:	0000                	unimp
  70:	1d38                	addi	a4,sp,696
  72:	0000                	unimp
  74:	1d38                	addi	a4,sp,696
  76:	0000                	unimp
  78:	1d38                	addi	a4,sp,696
  7a:	0000                	unimp
  7c:	1d38                	addi	a4,sp,696
  7e:	0000                	unimp
  80:	1d38                	addi	a4,sp,696
  82:	0000                	unimp
  84:	1d38                	addi	a4,sp,696
  86:	0000                	unimp
  88:	1d38                	addi	a4,sp,696
  8a:	0000                	unimp
  8c:	1d38                	addi	a4,sp,696
  8e:	0000                	unimp
  90:	1d38                	addi	a4,sp,696
  92:	0000                	unimp
  94:	1d38                	addi	a4,sp,696
  96:	0000                	unimp
  98:	1d38                	addi	a4,sp,696
  9a:	0000                	unimp
  9c:	1d38                	addi	a4,sp,696
  9e:	0000                	unimp
  a0:	1d38                	addi	a4,sp,696
  a2:	0000                	unimp
  a4:	1d38                	addi	a4,sp,696
  a6:	0000                	unimp
  a8:	1d38                	addi	a4,sp,696
  aa:	0000                	unimp
  ac:	1d38                	addi	a4,sp,696
  ae:	0000                	unimp
  b0:	1322                	slli	t1,t1,0x28
  b2:	0000                	unimp
  b4:	081e                	slli	a6,a6,0x7
  b6:	0000                	unimp
  b8:	1d38                	addi	a4,sp,696
  ba:	0000                	unimp
  bc:	1d38                	addi	a4,sp,696
  be:	0000                	unimp
  c0:	1d38                	addi	a4,sp,696
  c2:	0000                	unimp
  c4:	1d38                	addi	a4,sp,696
  c6:	0000                	unimp
  c8:	1d38                	addi	a4,sp,696
  ca:	0000                	unimp
  cc:	1d38                	addi	a4,sp,696
  ce:	0000                	unimp
  d0:	1d38                	addi	a4,sp,696
  d2:	0000                	unimp
  d4:	1d38                	addi	a4,sp,696
  d6:	0000                	unimp
  d8:	11b6                	slli	gp,gp,0x2d
  da:	0000                	unimp
  dc:	09ca                	slli	s3,s3,0x12
  de:	0000                	unimp
  e0:	0626                	slli	a2,a2,0x9
  e2:	0000                	unimp
  e4:	1d38                	addi	a4,sp,696
  e6:	0000                	unimp
  e8:	1d38                	addi	a4,sp,696
  ea:	0000                	unimp
  ec:	1d38                	addi	a4,sp,696
  ee:	0000                	unimp
  f0:	1d38                	addi	a4,sp,696
  f2:	0000                	unimp
  f4:	1d38                	addi	a4,sp,696
  f6:	0000                	unimp
  f8:	1d38                	addi	a4,sp,696
  fa:	0000                	unimp
  fc:	1d38                	addi	a4,sp,696
  fe:	0000                	unimp
 100:	1d38                	addi	a4,sp,696
 102:	0000                	unimp
 104:	0000                	unimp
 106:	0000                	unimp
 108:	1d38                	addi	a4,sp,696
 10a:	0000                	unimp
 10c:	1d38                	addi	a4,sp,696
 10e:	0000                	unimp
 110:	1d38                	addi	a4,sp,696
 112:	0000                	unimp
 114:	18f8                	addi	a4,sp,124
 116:	0000                	unimp
 118:	1d38                	addi	a4,sp,696
 11a:	0000                	unimp
 11c:	1d38                	addi	a4,sp,696
 11e:	0000                	unimp
 120:	1d38                	addi	a4,sp,696
 122:	0000                	unimp
 124:	1d38                	addi	a4,sp,696
 126:	0000                	unimp
 128:	1d38                	addi	a4,sp,696
 12a:	0000                	unimp
 12c:	1d38                	addi	a4,sp,696
 12e:	0000                	unimp
 130:	1d38                	addi	a4,sp,696
 132:	0000                	unimp
 134:	1d38                	addi	a4,sp,696
 136:	0000                	unimp
 138:	1d38                	addi	a4,sp,696
 13a:	0000                	unimp
 13c:	1d38                	addi	a4,sp,696
 13e:	0000                	unimp
 140:	1d38                	addi	a4,sp,696
 142:	0000                	unimp
 144:	1d38                	addi	a4,sp,696
 146:	0000                	unimp
 148:	1d38                	addi	a4,sp,696
 14a:	0000                	unimp
 14c:	1d38                	addi	a4,sp,696
 14e:	0000                	unimp
 150:	1d38                	addi	a4,sp,696
 152:	0000                	unimp
 154:	1d38                	addi	a4,sp,696
 156:	0000                	unimp
 158:	1d38                	addi	a4,sp,696
 15a:	0000                	unimp
 15c:	1d38                	addi	a4,sp,696
 15e:	0000                	unimp
 160:	1d38                	addi	a4,sp,696
 162:	0000                	unimp
 164:	1d38                	addi	a4,sp,696
 166:	0000                	unimp
 168:	1d38                	addi	a4,sp,696
 16a:	0000                	unimp
 16c:	1d38                	addi	a4,sp,696
 16e:	0000                	unimp
 170:	1d38                	addi	a4,sp,696
 172:	0000                	unimp
 174:	1d38                	addi	a4,sp,696
 176:	0000                	unimp
 178:	1d38                	addi	a4,sp,696
 17a:	0000                	unimp
 17c:	1d38                	addi	a4,sp,696
 17e:	0000                	unimp
 180:	1d38                	addi	a4,sp,696
 182:	0000                	unimp
 184:	1d38                	addi	a4,sp,696
 186:	0000                	unimp
 188:	1d38                	addi	a4,sp,696
 18a:	0000                	unimp
 18c:	1d38                	addi	a4,sp,696
 18e:	0000                	unimp
 190:	1d38                	addi	a4,sp,696
 192:	0000                	unimp
 194:	1d38                	addi	a4,sp,696
 196:	0000                	unimp
 198:	1d38                	addi	a4,sp,696
 19a:	0000                	unimp
 19c:	1d38                	addi	a4,sp,696
 19e:	0000                	unimp
 1a0:	1d38                	addi	a4,sp,696
	...

Disassembly of section .text:

000001c0 <__riscv_save_12>:
     1c0:	7139                	addi	sp,sp,-64
     1c2:	4301                	li	t1,0
     1c4:	c66e                	sw	s11,12(sp)
     1c6:	a019                	j	1cc <__riscv_save_10+0x4>

000001c8 <__riscv_save_10>:
     1c8:	7139                	addi	sp,sp,-64
     1ca:	5341                	li	t1,-16
     1cc:	c86a                	sw	s10,16(sp)
     1ce:	ca66                	sw	s9,20(sp)
     1d0:	cc62                	sw	s8,24(sp)
     1d2:	ce5e                	sw	s7,28(sp)
     1d4:	a019                	j	1da <__riscv_save_4+0x4>

000001d6 <__riscv_save_4>:
     1d6:	7139                	addi	sp,sp,-64
     1d8:	5301                	li	t1,-32
     1da:	d05a                	sw	s6,32(sp)
     1dc:	d256                	sw	s5,36(sp)
     1de:	d452                	sw	s4,40(sp)
     1e0:	d64e                	sw	s3,44(sp)
     1e2:	d84a                	sw	s2,48(sp)
     1e4:	da26                	sw	s1,52(sp)
     1e6:	dc22                	sw	s0,56(sp)
     1e8:	de06                	sw	ra,60(sp)
     1ea:	40610133          	sub	sp,sp,t1
     1ee:	8282                	jr	t0

000001f0 <__riscv_save_0>:
     1f0:	1141                	addi	sp,sp,-16
     1f2:	c04a                	sw	s2,0(sp)
     1f4:	c226                	sw	s1,4(sp)
     1f6:	c422                	sw	s0,8(sp)
     1f8:	c606                	sw	ra,12(sp)
     1fa:	8282                	jr	t0

000001fc <__riscv_restore_12>:
     1fc:	4db2                	lw	s11,12(sp)
     1fe:	0141                	addi	sp,sp,16

00000200 <__riscv_restore_10>:
     200:	4d02                	lw	s10,0(sp)
     202:	4c92                	lw	s9,4(sp)
     204:	4c22                	lw	s8,8(sp)
     206:	4bb2                	lw	s7,12(sp)
     208:	0141                	addi	sp,sp,16

0000020a <__riscv_restore_4>:
     20a:	4b02                	lw	s6,0(sp)
     20c:	4a92                	lw	s5,4(sp)
     20e:	4a22                	lw	s4,8(sp)
     210:	49b2                	lw	s3,12(sp)
     212:	0141                	addi	sp,sp,16

00000214 <__riscv_restore_0>:
     214:	4902                	lw	s2,0(sp)
     216:	4492                	lw	s1,4(sp)
     218:	4422                	lw	s0,8(sp)
     21a:	40b2                	lw	ra,12(sp)
     21c:	0141                	addi	sp,sp,16
     21e:	8082                	ret

00000220 <memset>:
     220:	433d                	li	t1,15
     222:	872a                	mv	a4,a0
     224:	02c37363          	bgeu	t1,a2,24a <memset+0x2a>
     228:	00f77793          	andi	a5,a4,15
     22c:	efbd                	bnez	a5,2aa <memset+0x8a>
     22e:	e5ad                	bnez	a1,298 <memset+0x78>
     230:	ff067693          	andi	a3,a2,-16
     234:	8a3d                	andi	a2,a2,15
     236:	96ba                	add	a3,a3,a4
     238:	c30c                	sw	a1,0(a4)
     23a:	c34c                	sw	a1,4(a4)
     23c:	c70c                	sw	a1,8(a4)
     23e:	c74c                	sw	a1,12(a4)
     240:	0741                	addi	a4,a4,16
     242:	fed76be3          	bltu	a4,a3,238 <memset+0x18>
     246:	e211                	bnez	a2,24a <memset+0x2a>
     248:	8082                	ret
     24a:	40c306b3          	sub	a3,t1,a2
     24e:	068a                	slli	a3,a3,0x2
     250:	00000297          	auipc	t0,0x0
     254:	9696                	add	a3,a3,t0
     256:	00a68067          	jr	10(a3)
     25a:	00b70723          	sb	a1,14(a4)
     25e:	00b706a3          	sb	a1,13(a4)
     262:	00b70623          	sb	a1,12(a4)
     266:	00b705a3          	sb	a1,11(a4)
     26a:	00b70523          	sb	a1,10(a4)
     26e:	00b704a3          	sb	a1,9(a4)
     272:	00b70423          	sb	a1,8(a4)
     276:	00b703a3          	sb	a1,7(a4)
     27a:	00b70323          	sb	a1,6(a4)
     27e:	00b702a3          	sb	a1,5(a4)
     282:	00b70223          	sb	a1,4(a4)
     286:	00b701a3          	sb	a1,3(a4)
     28a:	00b70123          	sb	a1,2(a4)
     28e:	00b700a3          	sb	a1,1(a4)
     292:	00b70023          	sb	a1,0(a4)
     296:	8082                	ret
     298:	0ff5f593          	andi	a1,a1,255
     29c:	00859693          	slli	a3,a1,0x8
     2a0:	8dd5                	or	a1,a1,a3
     2a2:	01059693          	slli	a3,a1,0x10
     2a6:	8dd5                	or	a1,a1,a3
     2a8:	b761                	j	230 <memset+0x10>
     2aa:	00279693          	slli	a3,a5,0x2
     2ae:	00000297          	auipc	t0,0x0
     2b2:	9696                	add	a3,a3,t0
     2b4:	8286                	mv	t0,ra
     2b6:	fa8680e7          	jalr	-88(a3)
     2ba:	8096                	mv	ra,t0
     2bc:	17c1                	addi	a5,a5,-16
     2be:	8f1d                	sub	a4,a4,a5
     2c0:	963e                	add	a2,a2,a5
     2c2:	f8c374e3          	bgeu	t1,a2,24a <memset+0x2a>
     2c6:	b7a5                	j	22e <memset+0xe>

000002c8 <UART_ESP32_Init>:
     2c8:	f29ff2ef          	jal	t0,1f0 <__riscv_save_0>
     2cc:	7179                	addi	sp,sp,-48
     2ce:	4585                	li	a1,1
     2d0:	4521                	li	a0,8
     2d2:	ca02                	sw	zero,20(sp)
     2d4:	cc02                	sw	zero,24(sp)
     2d6:	ce02                	sw	zero,28(sp)
     2d8:	593010ef          	jal	ra,206a <RCC_APB2PeriphClockCmd>
     2dc:	40000793          	li	a5,1024
     2e0:	82fc                	sh	a5,20(sp)
     2e2:	40011437          	lui	s0,0x40011
     2e6:	478d                	li	a5,3
     2e8:	cc3e                	sw	a5,24(sp)
     2ea:	084c                	addi	a1,sp,20
     2ec:	47e1                	li	a5,24
     2ee:	c0040513          	addi	a0,s0,-1024 # 40010c00 <_eusrstack+0x20008c00>
     2f2:	ce3e                	sw	a5,28(sp)
     2f4:	2d1010ef          	jal	ra,1dc4 <GPIO_Init>
     2f8:	6785                	lui	a5,0x1
     2fa:	80078793          	addi	a5,a5,-2048 # 800 <__stack_size>
     2fe:	82fc                	sh	a5,20(sp)
     300:	084c                	addi	a1,sp,20
     302:	4791                	li	a5,4
     304:	c0040513          	addi	a0,s0,-1024
     308:	ce3e                	sw	a5,28(sp)
     30a:	2bb010ef          	jal	ra,1dc4 <GPIO_Init>
     30e:	4585                	li	a1,1
     310:	00040537          	lui	a0,0x40
     314:	d002                	sw	zero,32(sp)
     316:	d202                	sw	zero,36(sp)
     318:	d402                	sw	zero,40(sp)
     31a:	d602                	sw	zero,44(sp)
     31c:	56d010ef          	jal	ra,2088 <RCC_APB1PeriphClockCmd>
     320:	67f1                	lui	a5,0x1c
     322:	40005437          	lui	s0,0x40005
     326:	20078793          	addi	a5,a5,512 # 1c200 <_data_lma+0x155f8>
     32a:	d03e                	sw	a5,32(sp)
     32c:	100c                	addi	a1,sp,32
     32e:	000c07b7          	lui	a5,0xc0
     332:	80040513          	addi	a0,s0,-2048 # 40004800 <_eusrstack+0x1fffc800>
     336:	d43e                	sw	a5,40(sp)
     338:	d202                	sw	zero,36(sp)
     33a:	02011623          	sh	zero,44(sp)
     33e:	7fb010ef          	jal	ra,2338 <USART_Init>
     342:	4605                	li	a2,1
     344:	80040513          	addi	a0,s0,-2048
     348:	52500593          	li	a1,1317
     34c:	092020ef          	jal	ra,23de <USART_ITConfig>
     350:	4585                	li	a1,1
     352:	80040513          	addi	a0,s0,-2048
     356:	072020ef          	jal	ra,23c8 <USART_Cmd>
     35a:	13700793          	li	a5,311
     35e:	00011723          	sh	zero,14(sp)
     362:	867c                	sh	a5,12(sp)
     364:	4785                	li	a5,1
     366:	875c                	sb	a5,14(sp)
     368:	0068                	addi	a0,sp,12
     36a:	4785                	li	a5,1
     36c:	c83e                	sw	a5,16(sp)
     36e:	32b010ef          	jal	ra,1e98 <NVIC_Init>
     372:	6145                	addi	sp,sp,48
     374:	b545                	j	214 <__riscv_restore_0>

00000376 <uart_send_esp_char>:
     376:	e7bff2ef          	jal	t0,1f0 <__riscv_save_0>
     37a:	40005437          	lui	s0,0x40005
     37e:	0ff57593          	andi	a1,a0,255
     382:	80040513          	addi	a0,s0,-2048 # 40004800 <_eusrstack+0x1fffc800>
     386:	08e020ef          	jal	ra,2414 <USART_SendData>
     38a:	80040413          	addi	s0,s0,-2048
     38e:	08000593          	li	a1,128
     392:	8522                	mv	a0,s0
     394:	090020ef          	jal	ra,2424 <USART_GetFlagStatus>
     398:	d97d                	beqz	a0,38e <uart_send_esp_char+0x18>
     39a:	bdad                	j	214 <__riscv_restore_0>

0000039c <uart_send_esp_string>:
     39c:	e55ff2ef          	jal	t0,1f0 <__riscv_save_0>
     3a0:	842a                	mv	s0,a0
     3a2:	00040503          	lb	a0,0(s0)
     3a6:	e111                	bnez	a0,3aa <uart_send_esp_string+0xe>
     3a8:	b5b5                	j	214 <__riscv_restore_0>
     3aa:	0405                	addi	s0,s0,1
     3ac:	37e9                	jal	376 <uart_send_esp_char>
     3ae:	bfd5                	j	3a2 <uart_send_esp_string+0x6>

000003b0 <send_wifi_to_esp32>:
     3b0:	e41ff2ef          	jal	t0,1f0 <__riscv_save_0>
     3b4:	7119                	addi	sp,sp,-128
     3b6:	00006637          	lui	a2,0x6
     3ba:	872e                	mv	a4,a1
     3bc:	86aa                	mv	a3,a0
     3be:	48860613          	addi	a2,a2,1160 # 6488 <days_in_month.5675+0xc0>
     3c2:	08000593          	li	a1,128
     3c6:	850a                	mv	a0,sp
     3c8:	1b1020ef          	jal	ra,2d78 <snprintf>
     3cc:	850a                	mv	a0,sp
     3ce:	37f9                	jal	39c <uart_send_esp_string>
     3d0:	00006537          	lui	a0,0x6
     3d4:	858a                	mv	a1,sp
     3d6:	49850513          	addi	a0,a0,1176 # 6498 <days_in_month.5675+0xd0>
     3da:	153020ef          	jal	ra,2d2c <printf>
     3de:	6109                	addi	sp,sp,128
     3e0:	bd15                	j	214 <__riscv_restore_0>

000003e2 <send_serve_to_esp32>:
     3e2:	e0fff2ef          	jal	t0,1f0 <__riscv_save_0>
     3e6:	7119                	addi	sp,sp,-128
     3e8:	00006637          	lui	a2,0x6
     3ec:	86aa                	mv	a3,a0
     3ee:	42c60613          	addi	a2,a2,1068 # 642c <days_in_month.5675+0x64>
     3f2:	08000593          	li	a1,128
     3f6:	850a                	mv	a0,sp
     3f8:	181020ef          	jal	ra,2d78 <snprintf>
     3fc:	850a                	mv	a0,sp
     3fe:	3f79                	jal	39c <uart_send_esp_string>
     400:	00006537          	lui	a0,0x6
     404:	858a                	mv	a1,sp
     406:	43850513          	addi	a0,a0,1080 # 6438 <days_in_month.5675+0x70>
     40a:	123020ef          	jal	ra,2d2c <printf>
     40e:	6109                	addi	sp,sp,128
     410:	b511                	j	214 <__riscv_restore_0>

00000412 <send_water_quality_to_esp32>:
     412:	db7ff2ef          	jal	t0,1c8 <__riscv_save_10>
     416:	bf81d683          	lhu	a3,-1032(gp) # 20000600 <g_water_quality>
     41a:	bf818413          	addi	s0,gp,-1032 # 20000600 <g_water_quality>
     41e:	205a                	lhu	a4,4(s0)
     420:	202a                	lhu	a0,2(s0)
     422:	716d                	addi	sp,sp,-272
     424:	de36                	sw	a3,60(sp)
     426:	dc3a                	sw	a4,56(sp)
     428:	66d040ef          	jal	ra,5294 <__floatunsisf>
     42c:	000067b7          	lui	a5,0x6
     430:	44c7a583          	lw	a1,1100(a5) # 644c <days_in_month.5675+0x84>
     434:	35c040ef          	jal	ra,4790 <__divsf3>
     438:	72b040ef          	jal	ra,5362 <__extendsfdf2>
     43c:	d82a                	sw	a0,48(sp)
     43e:	240a                	lhu	a0,8(s0)
     440:	da2e                	sw	a1,52(sp)
     442:	653040ef          	jal	ra,5294 <__floatunsisf>
     446:	000067b7          	lui	a5,0x6
     44a:	4507a583          	lw	a1,1104(a5) # 6450 <days_in_month.5675+0x88>
     44e:	342040ef          	jal	ra,4790 <__divsf3>
     452:	711040ef          	jal	ra,5362 <__extendsfdf2>
     456:	892a                	mv	s2,a0
     458:	242a                	lhu	a0,10(s0)
     45a:	89ae                	mv	s3,a1
     45c:	639040ef          	jal	ra,5294 <__floatunsisf>
     460:	000067b7          	lui	a5,0x6
     464:	4547a583          	lw	a1,1108(a5) # 6454 <days_in_month.5675+0x8c>
     468:	328040ef          	jal	ra,4790 <__divsf3>
     46c:	6f7040ef          	jal	ra,5362 <__extendsfdf2>
     470:	8a2a                	mv	s4,a0
     472:	8541a503          	lw	a0,-1964(gp) # 2000025c <flow_rate>
     476:	8aae                	mv	s5,a1
     478:	00c45c03          	lhu	s8,12(s0)
     47c:	6e7040ef          	jal	ra,5362 <__extendsfdf2>
     480:	842a                	mv	s0,a0
     482:	8841a503          	lw	a0,-1916(gp) # 2000028c <total_flow>
     486:	84ae                	mv	s1,a1
     488:	6db040ef          	jal	ra,5362 <__extendsfdf2>
     48c:	8bae                	mv	s7,a1
     48e:	8b2a                	mv	s6,a0
     490:	3f1000ef          	jal	ra,1080 <WQ_GetMonthlyCost>
     494:	6cf040ef          	jal	ra,5362 <__extendsfdf2>
     498:	5842                	lw	a6,48(sp)
     49a:	58d2                	lw	a7,52(sp)
     49c:	5762                	lw	a4,56(sp)
     49e:	56f2                	lw	a3,60(sp)
     4a0:	00006637          	lui	a2,0x6
     4a4:	d42a                	sw	a0,40(sp)
     4a6:	d62e                	sw	a1,44(sp)
     4a8:	d05a                	sw	s6,32(sp)
     4aa:	d25e                	sw	s7,36(sp)
     4ac:	cc22                	sw	s0,24(sp)
     4ae:	ce26                	sw	s1,28(sp)
     4b0:	c862                	sw	s8,16(sp)
     4b2:	c452                	sw	s4,8(sp)
     4b4:	c656                	sw	s5,12(sp)
     4b6:	c04a                	sw	s2,0(sp)
     4b8:	c24e                	sw	s3,4(sp)
     4ba:	45860613          	addi	a2,a2,1112 # 6458 <days_in_month.5675+0x90>
     4be:	0c800593          	li	a1,200
     4c2:	00a8                	addi	a0,sp,72
     4c4:	0b5020ef          	jal	ra,2d78 <snprintf>
     4c8:	00a8                	addi	a0,sp,72
     4ca:	3dc9                	jal	39c <uart_send_esp_string>
     4cc:	6151                	addi	sp,sp,272
     4ce:	bb0d                	j	200 <__riscv_restore_10>

000004d0 <send_leak_to_esp32>:
     4d0:	d21ff2ef          	jal	t0,1f0 <__riscv_save_0>
     4d4:	1101                	addi	sp,sp,-32
     4d6:	00006637          	lui	a2,0x6
     4da:	86aa                	mv	a3,a0
     4dc:	42060613          	addi	a2,a2,1056 # 6420 <days_in_month.5675+0x58>
     4e0:	02000593          	li	a1,32
     4e4:	850a                	mv	a0,sp
     4e6:	093020ef          	jal	ra,2d78 <snprintf>
     4ea:	850a                	mv	a0,sp
     4ec:	3d45                	jal	39c <uart_send_esp_string>
     4ee:	6105                	addi	sp,sp,32
     4f0:	b315                	j	214 <__riscv_restore_0>

000004f2 <uart_process_frame>:
     4f2:	cffff2ef          	jal	t0,1f0 <__riscv_save_0>
     4f6:	711d                	addi	sp,sp,-96
     4f8:	84aa                	mv	s1,a0
     4fa:	7e7040ef          	jal	ra,54e0 <strlen>
     4fe:	4789                	li	a5,2
     500:	02a7fb63          	bgeu	a5,a0,536 <uart_process_frame+0x44>
     504:	000065b7          	lui	a1,0x6
     508:	842a                	mv	s0,a0
     50a:	461d                	li	a2,7
     50c:	4b058593          	addi	a1,a1,1200 # 64b0 <days_in_month.5675+0xe8>
     510:	8526                	mv	a0,s1
     512:	7e1040ef          	jal	ra,54f2 <strncmp>
     516:	e115                	bnez	a0,53a <uart_process_frame+0x48>
     518:	00748703          	lb	a4,7(s1)
     51c:	03000793          	li	a5,48
     520:	4605                	li	a2,1
     522:	00f70363          	beq	a4,a5,528 <uart_process_frame+0x36>
     526:	4601                	li	a2,0
     528:	40011537          	lui	a0,0x40011
     52c:	45c1                	li	a1,16
     52e:	80050513          	addi	a0,a0,-2048 # 40010800 <_eusrstack+0x20008800>
     532:	157010ef          	jal	ra,1e88 <GPIO_WriteBit>
     536:	6125                	addi	sp,sp,96
     538:	b9f1                	j	214 <__riscv_restore_0>
     53a:	000065b7          	lui	a1,0x6
     53e:	4611                	li	a2,4
     540:	4b858593          	addi	a1,a1,1208 # 64b8 <days_in_month.5675+0xf0>
     544:	8526                	mv	a0,s1
     546:	7ad040ef          	jal	ra,54f2 <strncmp>
     54a:	e10d                	bnez	a0,56c <uart_process_frame+0x7a>
     54c:	00006537          	lui	a0,0x6
     550:	4c050513          	addi	a0,a0,1216 # 64c0 <days_in_month.5675+0xf8>
     554:	7d8020ef          	jal	ra,2d2c <printf>
     558:	000065b7          	lui	a1,0x6
     55c:	4dc58593          	addi	a1,a1,1244 # 64dc <days_in_month.5675+0x114>
     560:	1008                	addi	a0,sp,32
     562:	76f040ef          	jal	ra,54d0 <strcpy>
     566:	1008                	addi	a0,sp,32
     568:	2129                	jal	972 <tjc_send_string>
     56a:	b7f1                	j	536 <uart_process_frame+0x44>
     56c:	000065b7          	lui	a1,0x6
     570:	4611                	li	a2,4
     572:	4e858593          	addi	a1,a1,1256 # 64e8 <days_in_month.5675+0x120>
     576:	8526                	mv	a0,s1
     578:	77b040ef          	jal	ra,54f2 <strncmp>
     57c:	e10d                	bnez	a0,59e <uart_process_frame+0xac>
     57e:	000065b7          	lui	a1,0x6
     582:	4f058593          	addi	a1,a1,1264 # 64f0 <days_in_month.5675+0x128>
     586:	1008                	addi	a0,sp,32
     588:	749040ef          	jal	ra,54d0 <strcpy>
     58c:	1008                	addi	a0,sp,32
     58e:	26d5                	jal	972 <tjc_send_string>
     590:	00006537          	lui	a0,0x6
     594:	4fc50513          	addi	a0,a0,1276 # 64fc <days_in_month.5675+0x134>
     598:	794020ef          	jal	ra,2d2c <printf>
     59c:	bf69                	j	536 <uart_process_frame+0x44>
     59e:	1479                	addi	s0,s0,-2
     5a0:	8622                	mv	a2,s0
     5a2:	00148593          	addi	a1,s1,1
     5a6:	1008                	addi	a0,sp,32
     5a8:	773040ef          	jal	ra,551a <strncpy>
     5ac:	109c                	addi	a5,sp,96
     5ae:	000065b7          	lui	a1,0x6
     5b2:	943e                	add	s0,s0,a5
     5b4:	01c10893          	addi	a7,sp,28
     5b8:	085c                	addi	a5,sp,20
     5ba:	01810813          	addi	a6,sp,24
     5be:	0818                	addi	a4,sp,16
     5c0:	0074                	addi	a3,sp,12
     5c2:	0030                	addi	a2,sp,8
     5c4:	51458593          	addi	a1,a1,1300 # 6514 <days_in_month.5675+0x14c>
     5c8:	1008                	addi	a0,sp,32
     5ca:	fc040023          	sb	zero,-64(s0)
     5ce:	6af040ef          	jal	ra,547c <siscanf>
     5d2:	4799                	li	a5,6
     5d4:	02f51363          	bne	a0,a5,5fa <uart_process_frame+0x108>
     5d8:	4722                	lw	a4,8(sp)
     5da:	200007b7          	lui	a5,0x20000
     5de:	00078793          	mv	a5,a5
     5e2:	c398                	sw	a4,0(a5)
     5e4:	4732                	lw	a4,12(sp)
     5e6:	c3d8                	sw	a4,4(a5)
     5e8:	4742                	lw	a4,16(sp)
     5ea:	c798                	sw	a4,8(a5)
     5ec:	4752                	lw	a4,20(sp)
     5ee:	c7d8                	sw	a4,12(a5)
     5f0:	4762                	lw	a4,24(sp)
     5f2:	cb98                	sw	a4,16(a5)
     5f4:	4772                	lw	a4,28(sp)
     5f6:	cbd8                	sw	a4,20(a5)
     5f8:	bf3d                	j	536 <uart_process_frame+0x44>
     5fa:	00006537          	lui	a0,0x6
     5fe:	52850513          	addi	a0,a0,1320 # 6528 <days_in_month.5675+0x160>
     602:	7a0020ef          	jal	ra,2da2 <puts>
     606:	bf05                	j	536 <uart_process_frame+0x44>

00000608 <esp_received>:
     608:	be9ff2ef          	jal	t0,1f0 <__riscv_save_0>
     60c:	8b418413          	addi	s0,gp,-1868 # 200002bc <uart_rx>
     610:	04244783          	lbu	a5,66(s0)
     614:	cb81                	beqz	a5,624 <esp_received+0x1c>
     616:	8b418513          	addi	a0,gp,-1868 # 200002bc <uart_rx>
     61a:	3de1                	jal	4f2 <uart_process_frame>
     61c:	04041023          	sh	zero,64(s0)
     620:	04040123          	sb	zero,66(s0)
     624:	bec5                	j	214 <__riscv_restore_0>

00000626 <USART3_IRQHandler>:
     626:	1141                	addi	sp,sp,-16
     628:	c622                	sw	s0,12(sp)
     62a:	40005437          	lui	s0,0x40005
     62e:	200007b7          	lui	a5,0x20000
     632:	52500593          	li	a1,1317
     636:	80040513          	addi	a0,s0,-2048 # 40004800 <_eusrstack+0x1fffc800>
     63a:	20078423          	sb	zero,520(a5) # 20000208 <flag>
     63e:	5f1010ef          	jal	ra,242e <USART_GetITStatus>
     642:	c525                	beqz	a0,6aa <USART3_IRQHandler+0x84>
     644:	80040513          	addi	a0,s0,-2048
     648:	5d5010ef          	jal	ra,241c <USART_ReceiveData>
     64c:	8b418793          	addi	a5,gp,-1868 # 200002bc <uart_rx>
     650:	0407d683          	lhu	a3,64(a5)
     654:	0ff57513          	andi	a0,a0,255
     658:	ee81                	bnez	a3,670 <USART3_IRQHandler+0x4a>
     65a:	04000713          	li	a4,64
     65e:	02e51e63          	bne	a0,a4,69a <USART3_IRQHandler+0x74>
     662:	4705                	li	a4,1
     664:	a388                	sb	a0,0(a5)
     666:	04e79023          	sh	a4,64(a5)
     66a:	04078123          	sb	zero,66(a5)
     66e:	a035                	j	69a <USART3_IRQHandler+0x74>
     670:	03e00713          	li	a4,62
     674:	02d76f63          	bltu	a4,a3,6b2 <USART3_IRQHandler+0x8c>
     678:	00168713          	addi	a4,a3,1
     67c:	0742                	slli	a4,a4,0x10
     67e:	96be                	add	a3,a3,a5
     680:	8341                	srli	a4,a4,0x10
     682:	a288                	sb	a0,0(a3)
     684:	04e79023          	sh	a4,64(a5)
     688:	46a9                	li	a3,10
     68a:	00d51863          	bne	a0,a3,69a <USART3_IRQHandler+0x74>
     68e:	973e                	add	a4,a4,a5
     690:	00070023          	sb	zero,0(a4)
     694:	4705                	li	a4,1
     696:	04e78123          	sb	a4,66(a5)
     69a:	40005537          	lui	a0,0x40005
     69e:	52500593          	li	a1,1317
     6a2:	80050513          	addi	a0,a0,-2048 # 40004800 <_eusrstack+0x1fffc800>
     6a6:	5c5010ef          	jal	ra,246a <USART_ClearITPendingBit>
     6aa:	4432                	lw	s0,12(sp)
     6ac:	0141                	addi	sp,sp,16
     6ae:	30200073          	mret
     6b2:	04079023          	sh	zero,64(a5)
     6b6:	bf55                	j	66a <USART3_IRQHandler+0x44>

000006b8 <IsLeapYear>:
     6b8:	00357793          	andi	a5,a0,3
     6bc:	e799                	bnez	a5,6ca <IsLeapYear+0x12>
     6be:	06400793          	li	a5,100
     6c2:	02f567b3          	rem	a5,a0,a5
     6c6:	4705                	li	a4,1
     6c8:	e799                	bnez	a5,6d6 <IsLeapYear+0x1e>
     6ca:	19000793          	li	a5,400
     6ce:	02f56533          	rem	a0,a0,a5
     6d2:	00153713          	seqz	a4,a0
     6d6:	853a                	mv	a0,a4
     6d8:	8082                	ret

000006da <GetMonthDays>:
     6da:	4789                	li	a5,2
     6dc:	02f59463          	bne	a1,a5,704 <GetMonthDays+0x2a>
     6e0:	b11ff2ef          	jal	t0,1f0 <__riscv_save_0>
     6e4:	1141                	addi	sp,sp,-16
     6e6:	c62e                	sw	a1,12(sp)
     6e8:	3fc1                	jal	6b8 <IsLeapYear>
     6ea:	47f5                	li	a5,29
     6ec:	45b2                	lw	a1,12(sp)
     6ee:	e901                	bnez	a0,6fe <GetMonthDays+0x24>
     6f0:	15fd                	addi	a1,a1,-1
     6f2:	6799                	lui	a5,0x6
     6f4:	3c878793          	addi	a5,a5,968 # 63c8 <days_in_month.5675>
     6f8:	058a                	slli	a1,a1,0x2
     6fa:	95be                	add	a1,a1,a5
     6fc:	419c                	lw	a5,0(a1)
     6fe:	853e                	mv	a0,a5
     700:	0141                	addi	sp,sp,16
     702:	be09                	j	214 <__riscv_restore_0>
     704:	15fd                	addi	a1,a1,-1
     706:	6799                	lui	a5,0x6
     708:	3c878793          	addi	a5,a5,968 # 63c8 <days_in_month.5675>
     70c:	058a                	slli	a1,a1,0x2
     70e:	95be                	add	a1,a1,a5
     710:	419c                	lw	a5,0(a1)
     712:	853e                	mv	a0,a5
     714:	8082                	ret

00000716 <lcd_time>:
     716:	ac1ff2ef          	jal	t0,1d6 <__riscv_save_4>
     71a:	8301c783          	lbu	a5,-2000(gp) # 20000238 <_edata>
     71e:	7139                	addi	sp,sp,-64
     720:	c3a5                	beqz	a5,780 <lcd_time+0x6a>
     722:	20000437          	lui	s0,0x20000
     726:	00040713          	mv	a4,s0
     72a:	4b5c                	lw	a5,20(a4)
     72c:	03b00693          	li	a3,59
     730:	83018913          	addi	s2,gp,-2000 # 20000238 <_edata>
     734:	0785                	addi	a5,a5,1
     736:	cb5c                	sw	a5,20(a4)
     738:	00040413          	mv	s0,s0
     73c:	00f6df63          	bge	a3,a5,75a <lcd_time+0x44>
     740:	4818                	lw	a4,16(s0)
     742:	00042a23          	sw	zero,20(s0) # 20000014 <_data_vma+0x14>
     746:	445c                	lw	a5,12(s0)
     748:	0705                	addi	a4,a4,1
     74a:	00842a03          	lw	s4,8(s0)
     74e:	00042983          	lw	s3,0(s0)
     752:	4044                	lw	s1,4(s0)
     754:	02e6c863          	blt	a3,a4,784 <lcd_time+0x6e>
     758:	c818                	sw	a4,16(s0)
     75a:	01442883          	lw	a7,20(s0)
     75e:	01042803          	lw	a6,16(s0)
     762:	445c                	lw	a5,12(s0)
     764:	4418                	lw	a4,8(s0)
     766:	4054                	lw	a3,4(s0)
     768:	4010                	lw	a2,0(s0)
     76a:	000065b7          	lui	a1,0x6
     76e:	3f858593          	addi	a1,a1,1016 # 63f8 <days_in_month.5675+0x30>
     772:	850a                	mv	a0,sp
     774:	5dc020ef          	jal	ra,2d50 <sprintf>
     778:	850a                	mv	a0,sp
     77a:	2ae5                	jal	972 <tjc_send_string>
     77c:	00090023          	sb	zero,0(s2)
     780:	6121                	addi	sp,sp,64
     782:	b461                	j	20a <__riscv_restore_4>
     784:	00042823          	sw	zero,16(s0)
     788:	0785                	addi	a5,a5,1
     78a:	475d                	li	a4,23
     78c:	00f74463          	blt	a4,a5,794 <lcd_time+0x7e>
     790:	c45c                	sw	a5,12(s0)
     792:	b7e1                	j	75a <lcd_time+0x44>
     794:	85a6                	mv	a1,s1
     796:	854e                	mv	a0,s3
     798:	0a05                	addi	s4,s4,1
     79a:	00042623          	sw	zero,12(s0)
     79e:	3f35                	jal	6da <GetMonthDays>
     7a0:	01454563          	blt	a0,s4,7aa <lcd_time+0x94>
     7a4:	01442423          	sw	s4,8(s0)
     7a8:	bf4d                	j	75a <lcd_time+0x44>
     7aa:	4785                	li	a5,1
     7ac:	c41c                	sw	a5,8(s0)
     7ae:	0485                	addi	s1,s1,1
     7b0:	4731                	li	a4,12
     7b2:	00974463          	blt	a4,s1,7ba <lcd_time+0xa4>
     7b6:	c044                	sw	s1,4(s0)
     7b8:	b74d                	j	75a <lcd_time+0x44>
     7ba:	0985                	addi	s3,s3,1
     7bc:	c05c                	sw	a5,4(s0)
     7be:	01342023          	sw	s3,0(s0)
     7c2:	bf61                	j	75a <lcd_time+0x44>

000007c4 <TIM2_Init>:
     7c4:	a2dff2ef          	jal	t0,1f0 <__riscv_save_0>
     7c8:	1101                	addi	sp,sp,-32
     7ca:	84aa                	mv	s1,a0
     7cc:	842e                	mv	s0,a1
     7ce:	4505                	li	a0,1
     7d0:	4585                	li	a1,1
     7d2:	0b7010ef          	jal	ra,2088 <RCC_APB1PeriphClockCmd>
     7d6:	147d                	addi	s0,s0,-1
     7d8:	084c                	addi	a1,sp,20
     7da:	14fd                	addi	s1,s1,-1
     7dc:	40000537          	lui	a0,0x40000
     7e0:	84e4                	sh	s1,24(sp)
     7e2:	82e0                	sh	s0,20(sp)
     7e4:	00011d23          	sh	zero,26(sp)
     7e8:	00011b23          	sh	zero,22(sp)
     7ec:	135010ef          	jal	ra,2120 <TIM_TimeBaseInit>
     7f0:	4605                	li	a2,1
     7f2:	4585                	li	a1,1
     7f4:	40000537          	lui	a0,0x40000
     7f8:	22f010ef          	jal	ra,2226 <TIM_ITConfig>
     7fc:	02c00793          	li	a5,44
     800:	867c                	sh	a5,12(sp)
     802:	478d                	li	a5,3
     804:	875c                	sb	a5,14(sp)
     806:	0068                	addi	a0,sp,12
     808:	4785                	li	a5,1
     80a:	c83e                	sw	a5,16(sp)
     80c:	68c010ef          	jal	ra,1e98 <NVIC_Init>
     810:	4585                	li	a1,1
     812:	40000537          	lui	a0,0x40000
     816:	1f9010ef          	jal	ra,220e <TIM_Cmd>
     81a:	6105                	addi	sp,sp,32
     81c:	bae5                	j	214 <__riscv_restore_0>

0000081e <TIM2_IRQHandler>:
     81e:	1141                	addi	sp,sp,-16
     820:	4585                	li	a1,1
     822:	40000537          	lui	a0,0x40000
     826:	c622                	sw	s0,12(sp)
     828:	c426                	sw	s1,8(sp)
     82a:	2eb010ef          	jal	ra,2314 <TIM_GetITStatus>
     82e:	c525                	beqz	a0,896 <TIM2_IRQHandler+0x78>
     830:	83818413          	addi	s0,gp,-1992 # 20000240 <timer_cnt>
     834:	401c                	lw	a5,0(s0)
     836:	4585                	li	a1,1
     838:	40000537          	lui	a0,0x40000
     83c:	0785                	addi	a5,a5,1
     83e:	c01c                	sw	a5,0(s0)
     840:	83418793          	addi	a5,gp,-1996 # 2000023c <speed_flag>
     844:	4398                	lw	a4,0(a5)
     846:	3e800493          	li	s1,1000
     84a:	0705                	addi	a4,a4,1
     84c:	c398                	sw	a4,0(a5)
     84e:	2df010ef          	jal	ra,232c <TIM_ClearITPendingBit>
     852:	4018                	lw	a4,0(s0)
     854:	02977733          	remu	a4,a4,s1
     858:	ef1d                	bnez	a4,896 <TIM2_IRQHandler+0x78>
     85a:	776000ef          	jal	ra,fd0 <WQ_SendRequest>
     85e:	401c                	lw	a5,0(s0)
     860:	0297f7b3          	remu	a5,a5,s1
     864:	eb8d                	bnez	a5,896 <TIM2_IRQHandler+0x78>
     866:	4705                	li	a4,1
     868:	82e18823          	sb	a4,-2000(gp) # 20000238 <_edata>
     86c:	88c1c783          	lbu	a5,-1908(gp) # 20000294 <water_speedflage>
     870:	0785                	addi	a5,a5,1
     872:	0ff7f793          	andi	a5,a5,255
     876:	88f18623          	sb	a5,-1908(gp) # 20000294 <water_speedflage>
     87a:	4705                	li	a4,1
     87c:	00e79d63          	bne	a5,a4,896 <TIM2_IRQHandler+0x78>
     880:	000065b7          	lui	a1,0x6
     884:	55c58593          	addi	a1,a1,1372 # 655c <days_in_month.5675+0x194>
     888:	8f818513          	addi	a0,gp,-1800 # 20000300 <test1>
     88c:	445040ef          	jal	ra,54d0 <strcpy>
     890:	8f818513          	addi	a0,gp,-1800 # 20000300 <test1>
     894:	28f9                	jal	972 <tjc_send_string>
     896:	4432                	lw	s0,12(sp)
     898:	44a2                	lw	s1,8(sp)
     89a:	0141                	addi	sp,sp,16
     89c:	30200073          	mret

000008a0 <UART_HIM_Init>:
     8a0:	951ff2ef          	jal	t0,1f0 <__riscv_save_0>
     8a4:	7179                	addi	sp,sp,-48
     8a6:	4585                	li	a1,1
     8a8:	4511                	li	a0,4
     8aa:	ca02                	sw	zero,20(sp)
     8ac:	cc02                	sw	zero,24(sp)
     8ae:	ce02                	sw	zero,28(sp)
     8b0:	7ba010ef          	jal	ra,206a <RCC_APB2PeriphClockCmd>
     8b4:	4791                	li	a5,4
     8b6:	82fc                	sh	a5,20(sp)
     8b8:	40011437          	lui	s0,0x40011
     8bc:	478d                	li	a5,3
     8be:	cc3e                	sw	a5,24(sp)
     8c0:	084c                	addi	a1,sp,20
     8c2:	47e1                	li	a5,24
     8c4:	80040513          	addi	a0,s0,-2048 # 40010800 <_eusrstack+0x20008800>
     8c8:	ce3e                	sw	a5,28(sp)
     8ca:	4fa010ef          	jal	ra,1dc4 <GPIO_Init>
     8ce:	47a1                	li	a5,8
     8d0:	82fc                	sh	a5,20(sp)
     8d2:	084c                	addi	a1,sp,20
     8d4:	4791                	li	a5,4
     8d6:	80040513          	addi	a0,s0,-2048
     8da:	ce3e                	sw	a5,28(sp)
     8dc:	4e8010ef          	jal	ra,1dc4 <GPIO_Init>
     8e0:	4585                	li	a1,1
     8e2:	00020537          	lui	a0,0x20
     8e6:	d002                	sw	zero,32(sp)
     8e8:	d202                	sw	zero,36(sp)
     8ea:	d402                	sw	zero,40(sp)
     8ec:	d602                	sw	zero,44(sp)
     8ee:	79a010ef          	jal	ra,2088 <RCC_APB1PeriphClockCmd>
     8f2:	67f1                	lui	a5,0x1c
     8f4:	40004437          	lui	s0,0x40004
     8f8:	20078793          	addi	a5,a5,512 # 1c200 <_data_lma+0x155f8>
     8fc:	100c                	addi	a1,sp,32
     8fe:	d03e                	sw	a5,32(sp)
     900:	40040513          	addi	a0,s0,1024 # 40004400 <_eusrstack+0x1fffc400>
     904:	000c07b7          	lui	a5,0xc0
     908:	d43e                	sw	a5,40(sp)
     90a:	d202                	sw	zero,36(sp)
     90c:	02011623          	sh	zero,44(sp)
     910:	229010ef          	jal	ra,2338 <USART_Init>
     914:	13600793          	li	a5,310
     918:	00011723          	sh	zero,14(sp)
     91c:	867c                	sh	a5,12(sp)
     91e:	4785                	li	a5,1
     920:	875c                	sb	a5,14(sp)
     922:	0068                	addi	a0,sp,12
     924:	4785                	li	a5,1
     926:	c83e                	sw	a5,16(sp)
     928:	570010ef          	jal	ra,1e98 <NVIC_Init>
     92c:	4605                	li	a2,1
     92e:	40040513          	addi	a0,s0,1024
     932:	52500593          	li	a1,1317
     936:	2a9010ef          	jal	ra,23de <USART_ITConfig>
     93a:	4585                	li	a1,1
     93c:	40040513          	addi	a0,s0,1024
     940:	289010ef          	jal	ra,23c8 <USART_Cmd>
     944:	6145                	addi	sp,sp,48
     946:	8cfff06f          	j	214 <__riscv_restore_0>

0000094a <uart_send_char>:
     94a:	8a7ff2ef          	jal	t0,1f0 <__riscv_save_0>
     94e:	40004437          	lui	s0,0x40004
     952:	0ff57593          	andi	a1,a0,255
     956:	40040513          	addi	a0,s0,1024 # 40004400 <_eusrstack+0x1fffc400>
     95a:	2bb010ef          	jal	ra,2414 <USART_SendData>
     95e:	40040413          	addi	s0,s0,1024
     962:	08000593          	li	a1,128
     966:	8522                	mv	a0,s0
     968:	2bd010ef          	jal	ra,2424 <USART_GetFlagStatus>
     96c:	d97d                	beqz	a0,962 <uart_send_char+0x18>
     96e:	8a7ff06f          	j	214 <__riscv_restore_0>

00000972 <tjc_send_string>:
     972:	87fff2ef          	jal	t0,1f0 <__riscv_save_0>
     976:	842a                	mv	s0,a0
     978:	00040503          	lb	a0,0(s0)
     97c:	e909                	bnez	a0,98e <tjc_send_string+0x1c>
     97e:	557d                	li	a0,-1
     980:	37e9                	jal	94a <uart_send_char>
     982:	557d                	li	a0,-1
     984:	37d9                	jal	94a <uart_send_char>
     986:	557d                	li	a0,-1
     988:	37c9                	jal	94a <uart_send_char>
     98a:	88bff06f          	j	214 <__riscv_restore_0>
     98e:	0405                	addi	s0,s0,1
     990:	3f6d                	jal	94a <uart_send_char>
     992:	b7dd                	j	978 <tjc_send_string+0x6>

00000994 <initRingBuffer>:
     994:	95c18793          	addi	a5,gp,-1700 # 20000364 <ringBuffer>
     998:	0007a023          	sw	zero,0(a5) # c0000 <_data_lma+0xb93f8>
     99c:	00079223          	sh	zero,4(a5)
     9a0:	8082                	ret

000009a2 <write1ByteToRingBuffer>:
     9a2:	95c18793          	addi	a5,gp,-1700 # 20000364 <ringBuffer>
     9a6:	23d6                	lhu	a3,4(a5)
     9a8:	1f300713          	li	a4,499
     9ac:	00d76e63          	bltu	a4,a3,9c8 <write1ByteToRingBuffer+0x26>
     9b0:	23ba                	lhu	a4,2(a5)
     9b2:	0685                	addi	a3,a3,1
     9b4:	a3d6                	sh	a3,4(a5)
     9b6:	00e78633          	add	a2,a5,a4
     9ba:	a268                	sb	a0,6(a2)
     9bc:	0705                	addi	a4,a4,1
     9be:	1f400613          	li	a2,500
     9c2:	02c76733          	rem	a4,a4,a2
     9c6:	a3ba                	sh	a4,2(a5)
     9c8:	8082                	ret

000009ca <USART2_IRQHandler>:
     9ca:	1141                	addi	sp,sp,-16
     9cc:	c622                	sw	s0,12(sp)
     9ce:	40004437          	lui	s0,0x40004
     9d2:	52500593          	li	a1,1317
     9d6:	40040513          	addi	a0,s0,1024 # 40004400 <_eusrstack+0x1fffc400>
     9da:	c426                	sw	s1,8(sp)
     9dc:	253010ef          	jal	ra,242e <USART_GetITStatus>
     9e0:	c505                	beqz	a0,a08 <USART2_IRQHandler+0x3e>
     9e2:	40040513          	addi	a0,s0,1024
     9e6:	237010ef          	jal	ra,241c <USART_ReceiveData>
     9ea:	84aa                	mv	s1,a0
     9ec:	52500593          	li	a1,1317
     9f0:	40040513          	addi	a0,s0,1024
     9f4:	277010ef          	jal	ra,246a <USART_ClearITPendingBit>
     9f8:	0ff4f513          	andi	a0,s1,255
     9fc:	375d                	jal	9a2 <write1ByteToRingBuffer>
     9fe:	83c18793          	addi	a5,gp,-1988 # 20000244 <USART_Rbuffer_Num>
     a02:	2398                	lbu	a4,0(a5)
     a04:	0705                	addi	a4,a4,1
     a06:	a398                	sb	a4,0(a5)
     a08:	4432                	lw	s0,12(sp)
     a0a:	44a2                	lw	s1,8(sp)
     a0c:	0141                	addi	sp,sp,16
     a0e:	30200073          	mret

00000a12 <read1ByteFromRingBuffer>:
     a12:	95c18793          	addi	a5,gp,-1700 # 20000364 <ringBuffer>
     a16:	239a                	lhu	a4,0(a5)
     a18:	953a                	add	a0,a0,a4
     a1a:	1f400713          	li	a4,500
     a1e:	02e56533          	rem	a0,a0,a4
     a22:	97aa                	add	a5,a5,a0
     a24:	23e8                	lbu	a0,6(a5)
     a26:	8082                	ret

00000a28 <deleteRingBuffer>:
     a28:	95c18793          	addi	a5,gp,-1700 # 20000364 <ringBuffer>
     a2c:	23d6                	lhu	a3,4(a5)
     a2e:	00d56763          	bltu	a0,a3,a3c <deleteRingBuffer+0x14>
     a32:	fbeff2ef          	jal	t0,1f0 <__riscv_save_0>
     a36:	3fb9                	jal	994 <initRingBuffer>
     a38:	fdcff06f          	j	214 <__riscv_restore_0>
     a3c:	c919                	beqz	a0,a52 <deleteRingBuffer+0x2a>
     a3e:	239a                	lhu	a4,0(a5)
     a40:	1f400613          	li	a2,500
     a44:	16fd                	addi	a3,a3,-1
     a46:	0705                	addi	a4,a4,1
     a48:	02c76733          	rem	a4,a4,a2
     a4c:	a3d6                	sh	a3,4(a5)
     a4e:	a39a                	sh	a4,0(a5)
     a50:	8082                	ret
     a52:	8082                	ret

00000a54 <HMI_task>:
     a54:	f6cff2ef          	jal	t0,1c0 <__riscv_save_12>
     a58:	7179                	addi	sp,sp,-48
     a5a:	367d                	jal	608 <esp_received>
     a5c:	000067b7          	lui	a5,0x6
     a60:	5707aa83          	lw	s5,1392(a5) # 6570 <days_in_month.5675+0x1a8>
     a64:	000067b7          	lui	a5,0x6
     a68:	5747ab83          	lw	s7,1396(a5) # 6574 <days_in_month.5675+0x1ac>
     a6c:	95c18a13          	addi	s4,gp,-1700 # 20000364 <ringBuffer>
     a70:	8b56                	mv	s6,s5
     a72:	8c56                	mv	s8,s5
     a74:	8cde                	mv	s9,s7
     a76:	004a5903          	lhu	s2,4(s4)
     a7a:	4799                	li	a5,6
     a7c:	3527ff63          	bgeu	a5,s2,dda <HMI_task+0x386>
     a80:	4501                	li	a0,0
     a82:	3f41                	jal	a12 <read1ByteFromRingBuffer>
     a84:	05500793          	li	a5,85
     a88:	30f51063          	bne	a0,a5,d88 <HMI_task+0x334>
     a8c:	4511                	li	a0,4
     a8e:	3751                	jal	a12 <read1ByteFromRingBuffer>
     a90:	0ff00793          	li	a5,255
     a94:	84aa                	mv	s1,a0
     a96:	46f51663          	bne	a0,a5,f02 <HMI_task+0x4ae>
     a9a:	4515                	li	a0,5
     a9c:	3f9d                	jal	a12 <read1ByteFromRingBuffer>
     a9e:	842a                	mv	s0,a0
     aa0:	46951163          	bne	a0,s1,f02 <HMI_task+0x4ae>
     aa4:	4519                	li	a0,6
     aa6:	37b5                	jal	a12 <read1ByteFromRingBuffer>
     aa8:	44851d63          	bne	a0,s0,f02 <HMI_task+0x4ae>
     aac:	4505                	li	a0,1
     aae:	3795                	jal	a12 <read1ByteFromRingBuffer>
     ab0:	4785                	li	a5,1
     ab2:	02f50863          	beq	a0,a5,ae2 <HMI_task+0x8e>
     ab6:	4409                	li	s0,2
     ab8:	02851863          	bne	a0,s0,ae8 <HMI_task+0x94>
     abc:	84f18323          	sb	a5,-1978(gp) # 2000024e <wifi_data_type>
     ac0:	840183a3          	sb	zero,-1977(gp) # 2000024f <wifi_frame_received>
     ac4:	02000613          	li	a2,32
     ac8:	4581                	li	a1,0
     aca:	bd818513          	addi	a0,gp,-1064 # 200005e0 <wifi_ssid>
     ace:	840184a3          	sb	zero,-1975(gp) # 20000251 <wifi_ssid_len>
     ad2:	f4eff0ef          	jal	ra,220 <memset>
     ad6:	00006537          	lui	a0,0x6
     ada:	57850513          	addi	a0,a0,1400 # 6578 <days_in_month.5675+0x1b0>
     ade:	2c4020ef          	jal	ra,2da2 <puts>
     ae2:	451d                	li	a0,7
     ae4:	3791                	jal	a28 <deleteRingBuffer>
     ae6:	bf41                	j	a76 <HMI_task+0x22>
     ae8:	478d                	li	a5,3
     aea:	02f51c63          	bne	a0,a5,b22 <HMI_task+0xce>
     aee:	00006537          	lui	a0,0x6
     af2:	bd818593          	addi	a1,gp,-1064 # 200005e0 <wifi_ssid>
     af6:	59450513          	addi	a0,a0,1428 # 6594 <days_in_month.5675+0x1cc>
     afa:	232020ef          	jal	ra,2d2c <printf>
     afe:	84818323          	sb	s0,-1978(gp) # 2000024e <wifi_data_type>
     b02:	840183a3          	sb	zero,-1977(gp) # 2000024f <wifi_frame_received>
     b06:	04000613          	li	a2,64
     b0a:	4581                	li	a1,0
     b0c:	b9818513          	addi	a0,gp,-1128 # 200005a0 <wifi_pwd>
     b10:	84018423          	sb	zero,-1976(gp) # 20000250 <wifi_pwd_len>
     b14:	f0cff0ef          	jal	ra,220 <memset>
     b18:	00006537          	lui	a0,0x6
     b1c:	5b450513          	addi	a0,a0,1460 # 65b4 <days_in_month.5675+0x1ec>
     b20:	bf7d                	j	ade <HMI_task+0x8a>
     b22:	4791                	li	a5,4
     b24:	04f51f63          	bne	a0,a5,b82 <HMI_task+0x12e>
     b28:	00006537          	lui	a0,0x6
     b2c:	84018323          	sb	zero,-1978(gp) # 2000024e <wifi_data_type>
     b30:	bd818593          	addi	a1,gp,-1064 # 200005e0 <wifi_ssid>
     b34:	5d850513          	addi	a0,a0,1496 # 65d8 <days_in_month.5675+0x210>
     b38:	840183a3          	sb	zero,-1977(gp) # 2000024f <wifi_frame_received>
     b3c:	1f0020ef          	jal	ra,2d2c <printf>
     b40:	00006537          	lui	a0,0x6
     b44:	b9818593          	addi	a1,gp,-1128 # 200005a0 <wifi_pwd>
     b48:	5e850513          	addi	a0,a0,1512 # 65e8 <days_in_month.5675+0x220>
     b4c:	1e0020ef          	jal	ra,2d2c <printf>
     b50:	b9818593          	addi	a1,gp,-1128 # 200005a0 <wifi_pwd>
     b54:	bd818513          	addi	a0,gp,-1064 # 200005e0 <wifi_ssid>
     b58:	859ff0ef          	jal	ra,3b0 <send_wifi_to_esp32>
     b5c:	02000613          	li	a2,32
     b60:	4581                	li	a1,0
     b62:	bd818513          	addi	a0,gp,-1064 # 200005e0 <wifi_ssid>
     b66:	ebaff0ef          	jal	ra,220 <memset>
     b6a:	04000613          	li	a2,64
     b6e:	4581                	li	a1,0
     b70:	b9818513          	addi	a0,gp,-1128 # 200005a0 <wifi_pwd>
     b74:	eacff0ef          	jal	ra,220 <memset>
     b78:	840184a3          	sb	zero,-1975(gp) # 20000251 <wifi_ssid_len>
     b7c:	84018423          	sb	zero,-1976(gp) # 20000250 <wifi_pwd_len>
     b80:	b78d                	j	ae2 <HMI_task+0x8e>
     b82:	4795                	li	a5,5
     b84:	02f51563          	bne	a0,a5,bae <HMI_task+0x15a>
     b88:	470d                	li	a4,3
     b8a:	84e18323          	sb	a4,-1978(gp) # 2000024e <wifi_data_type>
     b8e:	840183a3          	sb	zero,-1977(gp) # 2000024f <wifi_frame_received>
     b92:	04000613          	li	a2,64
     b96:	4581                	li	a1,0
     b98:	b5818513          	addi	a0,gp,-1192 # 20000560 <serve_num>
     b9c:	840182a3          	sb	zero,-1979(gp) # 2000024d <serve_len>
     ba0:	e80ff0ef          	jal	ra,220 <memset>
     ba4:	00006537          	lui	a0,0x6
     ba8:	5f850513          	addi	a0,a0,1528 # 65f8 <days_in_month.5675+0x230>
     bac:	bf0d                	j	ade <HMI_task+0x8a>
     bae:	4799                	li	a5,6
     bb0:	02f51c63          	bne	a0,a5,be8 <HMI_task+0x194>
     bb4:	00006537          	lui	a0,0x6
     bb8:	b5818593          	addi	a1,gp,-1192 # 20000560 <serve_num>
     bbc:	84018323          	sb	zero,-1978(gp) # 2000024e <wifi_data_type>
     bc0:	61c50513          	addi	a0,a0,1564 # 661c <days_in_month.5675+0x254>
     bc4:	840183a3          	sb	zero,-1977(gp) # 2000024f <wifi_frame_received>
     bc8:	164020ef          	jal	ra,2d2c <printf>
     bcc:	b5818513          	addi	a0,gp,-1192 # 20000560 <serve_num>
     bd0:	813ff0ef          	jal	ra,3e2 <send_serve_to_esp32>
     bd4:	04000613          	li	a2,64
     bd8:	4581                	li	a1,0
     bda:	b5818513          	addi	a0,gp,-1192 # 20000560 <serve_num>
     bde:	e42ff0ef          	jal	ra,220 <memset>
     be2:	840182a3          	sb	zero,-1979(gp) # 2000024d <serve_len>
     be6:	bdf5                	j	ae2 <HMI_task+0x8e>
     be8:	479d                	li	a5,7
     bea:	02f51463          	bne	a0,a5,c12 <HMI_task+0x1be>
     bee:	2e15                	jal	f22 <WQ_GetRate>
     bf0:	85e6                	mv	a1,s9
     bf2:	035030ef          	jal	ra,4426 <__addsf3>
     bf6:	2e09                	jal	f08 <WQ_SetRate>
     bf8:	262d                	jal	f22 <WQ_GetRate>
     bfa:	768040ef          	jal	ra,5362 <__extendsfdf2>
     bfe:	86ae                	mv	a3,a1
     c00:	000065b7          	lui	a1,0x6
     c04:	862a                	mv	a2,a0
     c06:	62858593          	addi	a1,a1,1576 # 6628 <days_in_month.5675+0x260>
     c0a:	0808                	addi	a0,sp,16
     c0c:	144020ef          	jal	ra,2d50 <sprintf>
     c10:	a881                	j	c60 <HMI_task+0x20c>
     c12:	47a1                	li	a5,8
     c14:	02f51163          	bne	a0,a5,c36 <HMI_task+0x1e2>
     c18:	2629                	jal	f22 <WQ_GetRate>
     c1a:	85de                	mv	a1,s7
     c1c:	1c8040ef          	jal	ra,4de4 <__subsf3>
     c20:	00000593          	li	a1,0
     c24:	842a                	mv	s0,a0
     c26:	6a3030ef          	jal	ra,4ac8 <__lesf2>
     c2a:	00055463          	bgez	a0,c32 <HMI_task+0x1de>
     c2e:	00000413          	li	s0,0
     c32:	8522                	mv	a0,s0
     c34:	b7c9                	j	bf6 <HMI_task+0x1a2>
     c36:	47a5                	li	a5,9
     c38:	02f51663          	bne	a0,a5,c64 <HMI_task+0x210>
     c3c:	8401a703          	lw	a4,-1984(gp) # 20000248 <g_time_left>
     c40:	8041a683          	lw	a3,-2044(gp) # 2000020c <g_time_right>
     c44:	84018793          	addi	a5,gp,-1984 # 20000248 <g_time_left>
     c48:	00d75463          	bge	a4,a3,c50 <HMI_task+0x1fc>
     c4c:	0705                	addi	a4,a4,1
     c4e:	c398                	sw	a4,0(a5)
     c50:	4390                	lw	a2,0(a5)
     c52:	000065b7          	lui	a1,0x6
     c56:	63858593          	addi	a1,a1,1592 # 6638 <days_in_month.5675+0x270>
     c5a:	0808                	addi	a0,sp,16
     c5c:	0f4020ef          	jal	ra,2d50 <sprintf>
     c60:	0808                	addi	a0,sp,16
     c62:	a825                	j	c9a <HMI_task+0x246>
     c64:	47c1                	li	a5,16
     c66:	00f51e63          	bne	a0,a5,c82 <HMI_task+0x22e>
     c6a:	8041a703          	lw	a4,-2044(gp) # 2000020c <g_time_right>
     c6e:	8401a603          	lw	a2,-1984(gp) # 20000248 <g_time_left>
     c72:	80418793          	addi	a5,gp,-2044 # 2000020c <g_time_right>
     c76:	00e65463          	bge	a2,a4,c7e <HMI_task+0x22a>
     c7a:	177d                	addi	a4,a4,-1
     c7c:	c398                	sw	a4,0(a5)
     c7e:	4394                	lw	a3,0(a5)
     c80:	bfc9                	j	c52 <HMI_task+0x1fe>
     c82:	47c5                	li	a5,17
     c84:	00f51d63          	bne	a0,a5,c9e <HMI_task+0x24a>
     c88:	8401a023          	sw	zero,-1984(gp) # 20000248 <g_time_left>
     c8c:	4761                	li	a4,24
     c8e:	00006537          	lui	a0,0x6
     c92:	80e1a223          	sw	a4,-2044(gp) # 2000020c <g_time_right>
     c96:	64850513          	addi	a0,a0,1608 # 6648 <days_in_month.5675+0x280>
     c9a:	39e1                	jal	972 <tjc_send_string>
     c9c:	b599                	j	ae2 <HMI_task+0x8e>
     c9e:	47c9                	li	a5,18
     ca0:	02f51463          	bne	a0,a5,cc8 <HMI_task+0x274>
     ca4:	7f0000ef          	jal	ra,1494 <Leak_GetNormalFlow>
     ca8:	85e2                	mv	a1,s8
     caa:	77c030ef          	jal	ra,4426 <__addsf3>
     cae:	7c8000ef          	jal	ra,1476 <Leak_SetNormalFlow>
     cb2:	7e2000ef          	jal	ra,1494 <Leak_GetNormalFlow>
     cb6:	6ac040ef          	jal	ra,5362 <__extendsfdf2>
     cba:	86ae                	mv	a3,a1
     cbc:	000065b7          	lui	a1,0x6
     cc0:	862a                	mv	a2,a0
     cc2:	65858593          	addi	a1,a1,1624 # 6658 <days_in_month.5675+0x290>
     cc6:	b791                	j	c0a <HMI_task+0x1b6>
     cc8:	47cd                	li	a5,19
     cca:	02f51063          	bne	a0,a5,cea <HMI_task+0x296>
     cce:	7c6000ef          	jal	ra,1494 <Leak_GetNormalFlow>
     cd2:	85d6                	mv	a1,s5
     cd4:	110040ef          	jal	ra,4de4 <__subsf3>
     cd8:	85da                	mv	a1,s6
     cda:	842a                	mv	s0,a0
     cdc:	5ed030ef          	jal	ra,4ac8 <__lesf2>
     ce0:	00055363          	bgez	a0,ce6 <HMI_task+0x292>
     ce4:	845a                	mv	s0,s6
     ce6:	8522                	mv	a0,s0
     ce8:	b7d9                	j	cae <HMI_task+0x25a>
     cea:	02000793          	li	a5,32
     cee:	04f51d63          	bne	a0,a5,d48 <HMI_task+0x2f4>
     cf2:	84418793          	addi	a5,gp,-1980 # 2000024c <leak_test.5709>
     cf6:	2398                	lbu	a4,0(a5)
     cf8:	00173693          	seqz	a3,a4
     cfc:	a394                	sb	a3,0(a5)
     cfe:	e315                	bnez	a4,d22 <HMI_task+0x2ce>
     d00:	00006537          	lui	a0,0x6
     d04:	66c50513          	addi	a0,a0,1644 # 666c <days_in_month.5675+0x2a4>
     d08:	31ad                	jal	972 <tjc_send_string>
     d0a:	4505                	li	a0,1
     d0c:	fc4ff0ef          	jal	ra,4d0 <send_leak_to_esp32>
     d10:	40011537          	lui	a0,0x40011
     d14:	4605                	li	a2,1
     d16:	45c1                	li	a1,16
     d18:	80050513          	addi	a0,a0,-2048 # 40010800 <_eusrstack+0x20008800>
     d1c:	16c010ef          	jal	ra,1e88 <GPIO_WriteBit>
     d20:	b3c9                	j	ae2 <HMI_task+0x8e>
     d22:	00006537          	lui	a0,0x6
     d26:	68450513          	addi	a0,a0,1668 # 6684 <days_in_month.5675+0x2bc>
     d2a:	31a1                	jal	972 <tjc_send_string>
     d2c:	4501                	li	a0,0
     d2e:	fa2ff0ef          	jal	ra,4d0 <send_leak_to_esp32>
     d32:	40011537          	lui	a0,0x40011
     d36:	4601                	li	a2,0
     d38:	45c1                	li	a1,16
     d3a:	80050513          	addi	a0,a0,-2048 # 40010800 <_eusrstack+0x20008800>
     d3e:	14a010ef          	jal	ra,1e88 <GPIO_WriteBit>
     d42:	1f5000ef          	jal	ra,1736 <Leak_Reset>
     d46:	bb71                	j	ae2 <HMI_task+0x8e>
     d48:	02100793          	li	a5,33
     d4c:	d8f51be3          	bne	a0,a5,ae2 <HMI_task+0x8e>
     d50:	2ac9                	jal	f22 <WQ_GetRate>
     d52:	610040ef          	jal	ra,5362 <__extendsfdf2>
     d56:	86ae                	mv	a3,a1
     d58:	000065b7          	lui	a1,0x6
     d5c:	862a                	mv	a2,a0
     d5e:	62858593          	addi	a1,a1,1576 # 6628 <days_in_month.5675+0x260>
     d62:	0808                	addi	a0,sp,16
     d64:	7ed010ef          	jal	ra,2d50 <sprintf>
     d68:	0808                	addi	a0,sp,16
     d6a:	3121                	jal	972 <tjc_send_string>
     d6c:	8041a683          	lw	a3,-2044(gp) # 2000020c <g_time_right>
     d70:	8401a603          	lw	a2,-1984(gp) # 20000248 <g_time_left>
     d74:	000065b7          	lui	a1,0x6
     d78:	63858593          	addi	a1,a1,1592 # 6638 <days_in_month.5675+0x270>
     d7c:	0808                	addi	a0,sp,16
     d7e:	7d3010ef          	jal	ra,2d50 <sprintf>
     d82:	0808                	addi	a0,sp,16
     d84:	36fd                	jal	972 <tjc_send_string>
     d86:	b735                	j	cb2 <HMI_task+0x25e>
     d88:	07000793          	li	a5,112
     d8c:	16f51b63          	bne	a0,a5,f02 <HMI_task+0x4ae>
     d90:	8461cd03          	lbu	s10,-1978(gp) # 2000024e <wifi_data_type>
     d94:	160d0763          	beqz	s10,f02 <HMI_task+0x4ae>
     d98:	8471c783          	lbu	a5,-1977(gp) # 2000024f <wifi_frame_received>
     d9c:	84718493          	addi	s1,gp,-1977 # 2000024f <wifi_frame_received>
     da0:	16079163          	bnez	a5,f02 <HMI_task+0x4ae>
     da4:	4405                	li	s0,1
     da6:	0ff00d93          	li	s11,255
     daa:	1979                	addi	s2,s2,-2
     dac:	01041993          	slli	s3,s0,0x10
     db0:	0109d993          	srli	s3,s3,0x10
     db4:	854e                	mv	a0,s3
     db6:	39b1                	jal	a12 <read1ByteFromRingBuffer>
     db8:	01b51c63          	bne	a0,s11,dd0 <HMI_task+0x37c>
     dbc:	00198513          	addi	a0,s3,1
     dc0:	3989                	jal	a12 <read1ByteFromRingBuffer>
     dc2:	01b51763          	bne	a0,s11,dd0 <HMI_task+0x37c>
     dc6:	00298513          	addi	a0,s3,2
     dca:	31a1                	jal	a12 <read1ByteFromRingBuffer>
     dcc:	01b50a63          	beq	a0,s11,de0 <HMI_task+0x38c>
     dd0:	0405                	addi	s0,s0,1
     dd2:	0ff47413          	andi	s0,s0,255
     dd6:	fd244be3          	blt	s0,s2,dac <HMI_task+0x358>
     dda:	6145                	addi	sp,sp,48
     ddc:	c20ff06f          	j	1fc <__riscv_restore_12>
     de0:	dc6d                	beqz	s0,dda <HMI_task+0x386>
     de2:	147d                	addi	s0,s0,-1
     de4:	4785                	li	a5,1
     de6:	0ff47413          	andi	s0,s0,255
     dea:	06fd1063          	bne	s10,a5,e4a <HMI_task+0x3f6>
     dee:	47fd                	li	a5,31
     df0:	0487ea63          	bltu	a5,s0,e44 <HMI_task+0x3f0>
     df4:	4781                	li	a5,0
     df6:	bd818d13          	addi	s10,gp,-1064 # 200005e0 <wifi_ssid>
     dfa:	a00d                	j	e1c <HMI_task+0x3c8>
     dfc:	00178913          	addi	s2,a5,1
     e00:	01091513          	slli	a0,s2,0x10
     e04:	8141                	srli	a0,a0,0x10
     e06:	c632                	sw	a2,12(sp)
     e08:	3129                	jal	a12 <read1ByteFromRingBuffer>
     e0a:	4632                	lw	a2,12(sp)
     e0c:	84918713          	addi	a4,gp,-1975 # 20000251 <wifi_ssid_len>
     e10:	00160793          	addi	a5,a2,1
     e14:	966a                	add	a2,a2,s10
     e16:	a31c                	sb	a5,0(a4)
     e18:	a208                	sb	a0,0(a2)
     e1a:	87ca                	mv	a5,s2
     e1c:	84918713          	addi	a4,gp,-1975 # 20000251 <wifi_ssid_len>
     e20:	0ff7f693          	andi	a3,a5,255
     e24:	2310                	lbu	a2,0(a4)
     e26:	fc86ebe3          	bltu	a3,s0,dfc <HMI_task+0x3a8>
     e2a:	9d32                	add	s10,s10,a2
     e2c:	4785                	li	a5,1
     e2e:	00006537          	lui	a0,0x6
     e32:	000d0023          	sb	zero,0(s10)
     e36:	a09c                	sb	a5,0(s1)
     e38:	bd818593          	addi	a1,gp,-1064 # 200005e0 <wifi_ssid>
     e3c:	69450513          	addi	a0,a0,1684 # 6694 <days_in_month.5675+0x2cc>
     e40:	6ed010ef          	jal	ra,2d2c <printf>
     e44:	00398513          	addi	a0,s3,3
     e48:	b971                	j	ae4 <HMI_task+0x90>
     e4a:	4789                	li	a5,2
     e4c:	04fd1d63          	bne	s10,a5,ea6 <HMI_task+0x452>
     e50:	03f00793          	li	a5,63
     e54:	fe87e8e3          	bltu	a5,s0,e44 <HMI_task+0x3f0>
     e58:	4781                	li	a5,0
     e5a:	b9818d13          	addi	s10,gp,-1128 # 200005a0 <wifi_pwd>
     e5e:	a00d                	j	e80 <HMI_task+0x42c>
     e60:	00178913          	addi	s2,a5,1
     e64:	01091513          	slli	a0,s2,0x10
     e68:	8141                	srli	a0,a0,0x10
     e6a:	c632                	sw	a2,12(sp)
     e6c:	365d                	jal	a12 <read1ByteFromRingBuffer>
     e6e:	4632                	lw	a2,12(sp)
     e70:	84818713          	addi	a4,gp,-1976 # 20000250 <wifi_pwd_len>
     e74:	00160793          	addi	a5,a2,1
     e78:	966a                	add	a2,a2,s10
     e7a:	a31c                	sb	a5,0(a4)
     e7c:	a208                	sb	a0,0(a2)
     e7e:	87ca                	mv	a5,s2
     e80:	84818713          	addi	a4,gp,-1976 # 20000250 <wifi_pwd_len>
     e84:	0ff7f693          	andi	a3,a5,255
     e88:	2310                	lbu	a2,0(a4)
     e8a:	fc86ebe3          	bltu	a3,s0,e60 <HMI_task+0x40c>
     e8e:	9d32                	add	s10,s10,a2
     e90:	4785                	li	a5,1
     e92:	00006537          	lui	a0,0x6
     e96:	000d0023          	sb	zero,0(s10)
     e9a:	a09c                	sb	a5,0(s1)
     e9c:	b9818593          	addi	a1,gp,-1128 # 200005a0 <wifi_pwd>
     ea0:	6cc50513          	addi	a0,a0,1740 # 66cc <days_in_month.5675+0x304>
     ea4:	bf71                	j	e40 <HMI_task+0x3ec>
     ea6:	478d                	li	a5,3
     ea8:	f8fd1ee3          	bne	s10,a5,e44 <HMI_task+0x3f0>
     eac:	03f00793          	li	a5,63
     eb0:	f887eae3          	bltu	a5,s0,e44 <HMI_task+0x3f0>
     eb4:	4781                	li	a5,0
     eb6:	b5818d13          	addi	s10,gp,-1192 # 20000560 <serve_num>
     eba:	a00d                	j	edc <HMI_task+0x488>
     ebc:	00178913          	addi	s2,a5,1
     ec0:	01091513          	slli	a0,s2,0x10
     ec4:	8141                	srli	a0,a0,0x10
     ec6:	c632                	sw	a2,12(sp)
     ec8:	36a9                	jal	a12 <read1ByteFromRingBuffer>
     eca:	4632                	lw	a2,12(sp)
     ecc:	84518713          	addi	a4,gp,-1979 # 2000024d <serve_len>
     ed0:	00160793          	addi	a5,a2,1
     ed4:	966a                	add	a2,a2,s10
     ed6:	a31c                	sb	a5,0(a4)
     ed8:	a208                	sb	a0,0(a2)
     eda:	87ca                	mv	a5,s2
     edc:	84518713          	addi	a4,gp,-1979 # 2000024d <serve_len>
     ee0:	0ff7f693          	andi	a3,a5,255
     ee4:	2310                	lbu	a2,0(a4)
     ee6:	fc86ebe3          	bltu	a3,s0,ebc <HMI_task+0x468>
     eea:	9d32                	add	s10,s10,a2
     eec:	4785                	li	a5,1
     eee:	00006537          	lui	a0,0x6
     ef2:	000d0023          	sb	zero,0(s10)
     ef6:	a09c                	sb	a5,0(s1)
     ef8:	b5818593          	addi	a1,gp,-1192 # 20000560 <serve_num>
     efc:	70c50513          	addi	a0,a0,1804 # 670c <days_in_month.5675+0x344>
     f00:	b781                	j	e40 <HMI_task+0x3ec>
     f02:	4505                	li	a0,1
     f04:	3615                	jal	a28 <deleteRingBuffer>
     f06:	bdd1                	j	dda <HMI_task+0x386>

00000f08 <WQ_SetRate>:
     f08:	ae8ff2ef          	jal	t0,1f0 <__riscv_save_0>
     f0c:	00000593          	li	a1,0
     f10:	842a                	mv	s0,a0
     f12:	331030ef          	jal	ra,4a42 <__gesf2>
     f16:	00054463          	bltz	a0,f1e <WQ_SetRate+0x16>
     f1a:	8081a423          	sw	s0,-2040(gp) # 20000210 <g_water_rate>
     f1e:	af6ff06f          	j	214 <__riscv_restore_0>

00000f22 <WQ_GetRate>:
     f22:	8081a503          	lw	a0,-2040(gp) # 20000210 <g_water_rate>
     f26:	8082                	ret

00000f28 <WQ_Init>:
     f28:	ac8ff2ef          	jal	t0,1f0 <__riscv_save_0>
     f2c:	7179                	addi	sp,sp,-48
     f2e:	84aa                	mv	s1,a0
     f30:	4585                	li	a1,1
     f32:	4511                	li	a0,4
     f34:	ca02                	sw	zero,20(sp)
     f36:	cc02                	sw	zero,24(sp)
     f38:	ce02                	sw	zero,28(sp)
     f3a:	d002                	sw	zero,32(sp)
     f3c:	d202                	sw	zero,36(sp)
     f3e:	d402                	sw	zero,40(sp)
     f40:	d602                	sw	zero,44(sp)
     f42:	c602                	sw	zero,12(sp)
     f44:	c802                	sw	zero,16(sp)
     f46:	124010ef          	jal	ra,206a <RCC_APB2PeriphClockCmd>
     f4a:	20000793          	li	a5,512
     f4e:	82fc                	sh	a5,20(sp)
     f50:	40011437          	lui	s0,0x40011
     f54:	478d                	li	a5,3
     f56:	cc3e                	sw	a5,24(sp)
     f58:	084c                	addi	a1,sp,20
     f5a:	47e1                	li	a5,24
     f5c:	80040513          	addi	a0,s0,-2048 # 40010800 <_eusrstack+0x20008800>
     f60:	ce3e                	sw	a5,28(sp)
     f62:	663000ef          	jal	ra,1dc4 <GPIO_Init>
     f66:	40000793          	li	a5,1024
     f6a:	82fc                	sh	a5,20(sp)
     f6c:	084c                	addi	a1,sp,20
     f6e:	4791                	li	a5,4
     f70:	80040513          	addi	a0,s0,-2048
     f74:	ce3e                	sw	a5,28(sp)
     f76:	64f000ef          	jal	ra,1dc4 <GPIO_Init>
     f7a:	4585                	li	a1,1
     f7c:	6511                	lui	a0,0x4
     f7e:	0ec010ef          	jal	ra,206a <RCC_APB2PeriphClockCmd>
     f82:	40014437          	lui	s0,0x40014
     f86:	000c07b7          	lui	a5,0xc0
     f8a:	100c                	addi	a1,sp,32
     f8c:	80040513          	addi	a0,s0,-2048 # 40013800 <_eusrstack+0x2000b800>
     f90:	d43e                	sw	a5,40(sp)
     f92:	d026                	sw	s1,32(sp)
     f94:	d202                	sw	zero,36(sp)
     f96:	02011623          	sh	zero,44(sp)
     f9a:	39e010ef          	jal	ra,2338 <USART_Init>
     f9e:	4605                	li	a2,1
     fa0:	80040513          	addi	a0,s0,-2048
     fa4:	52500593          	li	a1,1317
     fa8:	436010ef          	jal	ra,23de <USART_ITConfig>
     fac:	4585                	li	a1,1
     fae:	80040513          	addi	a0,s0,-2048
     fb2:	416010ef          	jal	ra,23c8 <USART_Cmd>
     fb6:	23500793          	li	a5,565
     fba:	867c                	sh	a5,12(sp)
     fbc:	4785                	li	a5,1
     fbe:	875c                	sb	a5,14(sp)
     fc0:	0068                	addi	a0,sp,12
     fc2:	4785                	li	a5,1
     fc4:	c83e                	sw	a5,16(sp)
     fc6:	6d3000ef          	jal	ra,1e98 <NVIC_Init>
     fca:	6145                	addi	sp,sp,48
     fcc:	a48ff06f          	j	214 <__riscv_restore_0>

00000fd0 <WQ_SendRequest>:
     fd0:	a06ff2ef          	jal	t0,1d6 <__riscv_save_4>
     fd4:	400144b7          	lui	s1,0x40014
     fd8:	4401                	li	s0,0
     fda:	82818913          	addi	s2,gp,-2008 # 20000230 <WQ_SEND_CMD>
     fde:	80048493          	addi	s1,s1,-2048 # 40013800 <_eusrstack+0x2000b800>
     fe2:	4999                	li	s3,6
     fe4:	008907b3          	add	a5,s2,s0
     fe8:	238c                	lbu	a1,0(a5)
     fea:	8526                	mv	a0,s1
     fec:	428010ef          	jal	ra,2414 <USART_SendData>
     ff0:	08000593          	li	a1,128
     ff4:	8526                	mv	a0,s1
     ff6:	42e010ef          	jal	ra,2424 <USART_GetFlagStatus>
     ffa:	d97d                	beqz	a0,ff0 <WQ_SendRequest+0x20>
     ffc:	0405                	addi	s0,s0,1
     ffe:	ff3413e3          	bne	s0,s3,fe4 <WQ_SendRequest+0x14>
    1002:	a08ff06f          	j	20a <__riscv_restore_4>

00001006 <WQ_ParseResponse>:
    1006:	2118                	lbu	a4,0(a0)
    1008:	0aa00793          	li	a5,170
    100c:	06f71963          	bne	a4,a5,107e <WQ_ParseResponse+0x78>
    1010:	4701                	li	a4,0
    1012:	4781                	li	a5,0
    1014:	46bd                	li	a3,15
    1016:	00e50633          	add	a2,a0,a4
    101a:	2210                	lbu	a2,0(a2)
    101c:	0705                	addi	a4,a4,1
    101e:	97b2                	add	a5,a5,a2
    1020:	0ff7f793          	andi	a5,a5,255
    1024:	fed719e3          	bne	a4,a3,1016 <WQ_ParseResponse+0x10>
    1028:	3578                	lbu	a4,15(a0)
    102a:	04f71a63          	bne	a4,a5,107e <WQ_ParseResponse+0x78>
    102e:	3118                	lbu	a4,1(a0)
    1030:	2134                	lbu	a3,2(a0)
    1032:	0722                	slli	a4,a4,0x8
    1034:	bf818793          	addi	a5,gp,-1032 # 20000600 <g_water_quality>
    1038:	8f55                	or	a4,a4,a3
    103a:	a39a                	sh	a4,0(a5)
    103c:	3138                	lbu	a4,3(a0)
    103e:	2154                	lbu	a3,4(a0)
    1040:	0722                	slli	a4,a4,0x8
    1042:	8f55                	or	a4,a4,a3
    1044:	a3ba                	sh	a4,2(a5)
    1046:	3158                	lbu	a4,5(a0)
    1048:	2174                	lbu	a3,6(a0)
    104a:	0722                	slli	a4,a4,0x8
    104c:	8f55                	or	a4,a4,a3
    104e:	a3da                	sh	a4,4(a5)
    1050:	3178                	lbu	a4,7(a0)
    1052:	2514                	lbu	a3,8(a0)
    1054:	0722                	slli	a4,a4,0x8
    1056:	8f55                	or	a4,a4,a3
    1058:	a3fa                	sh	a4,6(a5)
    105a:	3518                	lbu	a4,9(a0)
    105c:	2534                	lbu	a3,10(a0)
    105e:	0722                	slli	a4,a4,0x8
    1060:	8f55                	or	a4,a4,a3
    1062:	a79a                	sh	a4,8(a5)
    1064:	3538                	lbu	a4,11(a0)
    1066:	2554                	lbu	a3,12(a0)
    1068:	0722                	slli	a4,a4,0x8
    106a:	8f55                	or	a4,a4,a3
    106c:	a7ba                	sh	a4,10(a5)
    106e:	3558                	lbu	a4,13(a0)
    1070:	2574                	lbu	a3,14(a0)
    1072:	0722                	slli	a4,a4,0x8
    1074:	8f55                	or	a4,a4,a3
    1076:	a7da                	sh	a4,12(a5)
    1078:	4705                	li	a4,1
    107a:	84e18823          	sb	a4,-1968(gp) # 20000258 <g_wq_data_ready>
    107e:	8082                	ret

00001080 <WQ_GetMonthlyCost>:
    1080:	970ff2ef          	jal	t0,1f0 <__riscv_save_0>
    1084:	84c1a583          	lw	a1,-1972(gp) # 20000254 <g_monthly_start_flow>
    1088:	8841a503          	lw	a0,-1916(gp) # 2000028c <total_flow>
    108c:	559030ef          	jal	ra,4de4 <__subsf3>
    1090:	00000593          	li	a1,0
    1094:	842a                	mv	s0,a0
    1096:	233030ef          	jal	ra,4ac8 <__lesf2>
    109a:	00055463          	bgez	a0,10a2 <WQ_GetMonthlyCost+0x22>
    109e:	00000413          	li	s0,0
    10a2:	8081a583          	lw	a1,-2040(gp) # 20000210 <g_water_rate>
    10a6:	8522                	mv	a0,s0
    10a8:	2ad030ef          	jal	ra,4b54 <__mulsf3>
    10ac:	000067b7          	lui	a5,0x6
    10b0:	44c7a583          	lw	a1,1100(a5) # 644c <days_in_month.5675+0x84>
    10b4:	6dc030ef          	jal	ra,4790 <__divsf3>
    10b8:	95cff06f          	j	214 <__riscv_restore_0>

000010bc <WQ_UpdateDisplay>:
    10bc:	934ff2ef          	jal	t0,1f0 <__riscv_save_0>
    10c0:	85018493          	addi	s1,gp,-1968 # 20000258 <g_wq_data_ready>
    10c4:	209c                	lbu	a5,0(s1)
    10c6:	7139                	addi	sp,sp,-64
    10c8:	0c078b63          	beqz	a5,119e <WQ_UpdateDisplay+0xe2>
    10cc:	bf818413          	addi	s0,gp,-1032 # 20000600 <g_water_quality>
    10d0:	2012                	lhu	a2,0(s0)
    10d2:	000065b7          	lui	a1,0x6
    10d6:	74858593          	addi	a1,a1,1864 # 6748 <days_in_month.5675+0x380>
    10da:	850a                	mv	a0,sp
    10dc:	475010ef          	jal	ra,2d50 <sprintf>
    10e0:	850a                	mv	a0,sp
    10e2:	891ff0ef          	jal	ra,972 <tjc_send_string>
    10e6:	2052                	lhu	a2,4(s0)
    10e8:	000065b7          	lui	a1,0x6
    10ec:	75858593          	addi	a1,a1,1880 # 6758 <days_in_month.5675+0x390>
    10f0:	850a                	mv	a0,sp
    10f2:	45f010ef          	jal	ra,2d50 <sprintf>
    10f6:	850a                	mv	a0,sp
    10f8:	87bff0ef          	jal	ra,972 <tjc_send_string>
    10fc:	2032                	lhu	a2,2(s0)
    10fe:	06400793          	li	a5,100
    1102:	000065b7          	lui	a1,0x6
    1106:	02f676b3          	remu	a3,a2,a5
    110a:	76c58593          	addi	a1,a1,1900 # 676c <days_in_month.5675+0x3a4>
    110e:	850a                	mv	a0,sp
    1110:	02f65633          	divu	a2,a2,a5
    1114:	43d010ef          	jal	ra,2d50 <sprintf>
    1118:	850a                	mv	a0,sp
    111a:	859ff0ef          	jal	ra,972 <tjc_send_string>
    111e:	2412                	lhu	a2,8(s0)
    1120:	6789                	lui	a5,0x2
    1122:	71078793          	addi	a5,a5,1808 # 2710 <printInt+0x4e>
    1126:	02f676b3          	remu	a3,a2,a5
    112a:	000065b7          	lui	a1,0x6
    112e:	78458593          	addi	a1,a1,1924 # 6784 <days_in_month.5675+0x3bc>
    1132:	850a                	mv	a0,sp
    1134:	02f65633          	divu	a2,a2,a5
    1138:	419010ef          	jal	ra,2d50 <sprintf>
    113c:	850a                	mv	a0,sp
    113e:	835ff0ef          	jal	ra,972 <tjc_send_string>
    1142:	2432                	lhu	a2,10(s0)
    1144:	47a9                	li	a5,10
    1146:	000065b7          	lui	a1,0x6
    114a:	02f676b3          	remu	a3,a2,a5
    114e:	79858593          	addi	a1,a1,1944 # 6798 <days_in_month.5675+0x3d0>
    1152:	850a                	mv	a0,sp
    1154:	02f65633          	divu	a2,a2,a5
    1158:	3f9010ef          	jal	ra,2d50 <sprintf>
    115c:	850a                	mv	a0,sp
    115e:	815ff0ef          	jal	ra,972 <tjc_send_string>
    1162:	2452                	lhu	a2,12(s0)
    1164:	000065b7          	lui	a1,0x6
    1168:	7a858593          	addi	a1,a1,1960 # 67a8 <days_in_month.5675+0x3e0>
    116c:	850a                	mv	a0,sp
    116e:	3e3010ef          	jal	ra,2d50 <sprintf>
    1172:	850a                	mv	a0,sp
    1174:	ffeff0ef          	jal	ra,972 <tjc_send_string>
    1178:	3721                	jal	1080 <WQ_GetMonthlyCost>
    117a:	1e8040ef          	jal	ra,5362 <__extendsfdf2>
    117e:	86ae                	mv	a3,a1
    1180:	000065b7          	lui	a1,0x6
    1184:	862a                	mv	a2,a0
    1186:	7b858593          	addi	a1,a1,1976 # 67b8 <days_in_month.5675+0x3f0>
    118a:	850a                	mv	a0,sp
    118c:	3c5010ef          	jal	ra,2d50 <sprintf>
    1190:	850a                	mv	a0,sp
    1192:	fe0ff0ef          	jal	ra,972 <tjc_send_string>
    1196:	a7cff0ef          	jal	ra,412 <send_water_quality_to_esp32>
    119a:	00048023          	sb	zero,0(s1)
    119e:	6121                	addi	sp,sp,64
    11a0:	874ff06f          	j	214 <__riscv_restore_0>

000011a4 <WQ_Task>:
    11a4:	8501c783          	lbu	a5,-1968(gp) # 20000258 <g_wq_data_ready>
    11a8:	c791                	beqz	a5,11b4 <WQ_Task+0x10>
    11aa:	846ff2ef          	jal	t0,1f0 <__riscv_save_0>
    11ae:	3739                	jal	10bc <WQ_UpdateDisplay>
    11b0:	864ff06f          	j	214 <__riscv_restore_0>
    11b4:	8082                	ret

000011b6 <USART1_IRQHandler>:
    11b6:	1141                	addi	sp,sp,-16
    11b8:	c622                	sw	s0,12(sp)
    11ba:	40014437          	lui	s0,0x40014
    11be:	52500593          	li	a1,1317
    11c2:	80040513          	addi	a0,s0,-2048 # 40013800 <_eusrstack+0x2000b800>
    11c6:	c426                	sw	s1,8(sp)
    11c8:	266010ef          	jal	ra,242e <USART_GetITStatus>
    11cc:	cd1d                	beqz	a0,120a <USART1_IRQHandler+0x54>
    11ce:	80040513          	addi	a0,s0,-2048
    11d2:	24a010ef          	jal	ra,241c <USART_ReceiveData>
    11d6:	85118493          	addi	s1,gp,-1967 # 20000259 <rx_in_progress>
    11da:	209c                	lbu	a5,0(s1)
    11dc:	0ff57513          	andi	a0,a0,255
    11e0:	eb95                	bnez	a5,1214 <USART1_IRQHandler+0x5e>
    11e2:	0aa00793          	li	a5,170
    11e6:	00f51a63          	bne	a0,a5,11fa <USART1_IRQHandler+0x44>
    11ea:	faa00713          	li	a4,-86
    11ee:	c0e18423          	sb	a4,-1016(gp) # 20000610 <rx_buf>
    11f2:	4785                	li	a5,1
    11f4:	84f18923          	sb	a5,-1966(gp) # 2000025a <rx_index>
    11f8:	a09c                	sb	a5,0(s1)
    11fa:	40014537          	lui	a0,0x40014
    11fe:	52500593          	li	a1,1317
    1202:	80050513          	addi	a0,a0,-2048 # 40013800 <_eusrstack+0x2000b800>
    1206:	264010ef          	jal	ra,246a <USART_ClearITPendingBit>
    120a:	4432                	lw	s0,12(sp)
    120c:	44a2                	lw	s1,8(sp)
    120e:	0141                	addi	sp,sp,16
    1210:	30200073          	mret
    1214:	85218413          	addi	s0,gp,-1966 # 2000025a <rx_index>
    1218:	2014                	lbu	a3,0(s0)
    121a:	47bd                	li	a5,15
    121c:	02d7e163          	bltu	a5,a3,123e <USART1_IRQHandler+0x88>
    1220:	00168793          	addi	a5,a3,1
    1224:	c0818713          	addi	a4,gp,-1016 # 20000610 <rx_buf>
    1228:	9736                	add	a4,a4,a3
    122a:	0ff7f793          	andi	a5,a5,255
    122e:	a308                	sb	a0,0(a4)
    1230:	a01c                	sb	a5,0(s0)
    1232:	4741                	li	a4,16
    1234:	fce793e3          	bne	a5,a4,11fa <USART1_IRQHandler+0x44>
    1238:	c0818513          	addi	a0,gp,-1016 # 20000610 <rx_buf>
    123c:	33e9                	jal	1006 <WQ_ParseResponse>
    123e:	00048023          	sb	zero,0(s1)
    1242:	00040023          	sb	zero,0(s0)
    1246:	bf55                	j	11fa <USART1_IRQHandler+0x44>

00001248 <Input_Capture_Init>:
    1248:	fa9fe2ef          	jal	t0,1f0 <__riscv_save_0>
    124c:	892a                	mv	s2,a0
    124e:	6505                	lui	a0,0x1
    1250:	7179                	addi	sp,sp,-48
    1252:	84ae                	mv	s1,a1
    1254:	80450513          	addi	a0,a0,-2044 # 804 <__stack_size+0x4>
    1258:	4585                	li	a1,1
    125a:	d202                	sw	zero,36(sp)
    125c:	d402                	sw	zero,40(sp)
    125e:	d602                	sw	zero,44(sp)
    1260:	c602                	sw	zero,12(sp)
    1262:	c802                	sw	zero,16(sp)
    1264:	00011a23          	sh	zero,20(sp)
    1268:	cc02                	sw	zero,24(sp)
    126a:	ce02                	sw	zero,28(sp)
    126c:	02011023          	sh	zero,32(sp)
    1270:	c202                	sw	zero,4(sp)
    1272:	c402                	sw	zero,8(sp)
    1274:	5f7000ef          	jal	ra,206a <RCC_APB2PeriphClockCmd>
    1278:	40011437          	lui	s0,0x40011
    127c:	10000793          	li	a5,256
    1280:	02f11223          	sh	a5,36(sp)
    1284:	104c                	addi	a1,sp,36
    1286:	4791                	li	a5,4
    1288:	80040513          	addi	a0,s0,-2048 # 40010800 <_eusrstack+0x20008800>
    128c:	d63e                	sw	a5,44(sp)
    128e:	337000ef          	jal	ra,1dc4 <GPIO_Init>
    1292:	80040513          	addi	a0,s0,-2048
    1296:	10000593          	li	a1,256
    129a:	3eb000ef          	jal	ra,1e84 <GPIO_ResetBits>
    129e:	40013437          	lui	s0,0x40013
    12a2:	082c                	addi	a1,sp,24
    12a4:	c0040513          	addi	a0,s0,-1024 # 40012c00 <_eusrstack+0x2000ac00>
    12a8:	01211e23          	sh	s2,28(sp)
    12ac:	84e4                	sh	s1,24(sp)
    12ae:	00011f23          	sh	zero,30(sp)
    12b2:	00011d23          	sh	zero,26(sp)
    12b6:	02010023          	sb	zero,32(sp)
    12ba:	667000ef          	jal	ra,2120 <TIM_TimeBaseInit>
    12be:	006c                	addi	a1,sp,12
    12c0:	4485                	li	s1,1
    12c2:	c0040513          	addi	a0,s0,-1024
    12c6:	c826                	sw	s1,16(sp)
    12c8:	c602                	sw	zero,12(sp)
    12ca:	00011a23          	sh	zero,20(sp)
    12ce:	7d9000ef          	jal	ra,22a6 <TIM_PWMIConfig>
    12d2:	22b00793          	li	a5,555
    12d6:	0048                	addi	a0,sp,4
    12d8:	827c                	sh	a5,4(sp)
    12da:	c426                	sw	s1,8(sp)
    12dc:	00010323          	sb	zero,6(sp)
    12e0:	3b9000ef          	jal	ra,1e98 <NVIC_Init>
    12e4:	4605                	li	a2,1
    12e6:	c0040513          	addi	a0,s0,-1024
    12ea:	4599                	li	a1,6
    12ec:	73b000ef          	jal	ra,2226 <TIM_ITConfig>
    12f0:	c0040513          	addi	a0,s0,-1024
    12f4:	05000593          	li	a1,80
    12f8:	741000ef          	jal	ra,2238 <TIM_SelectInputTrigger>
    12fc:	c0040513          	addi	a0,s0,-1024
    1300:	4591                	li	a1,4
    1302:	747000ef          	jal	ra,2248 <TIM_SelectSlaveMode>
    1306:	c0040513          	addi	a0,s0,-1024
    130a:	08000593          	li	a1,128
    130e:	751000ef          	jal	ra,225e <TIM_SelectMasterSlaveMode>
    1312:	4585                	li	a1,1
    1314:	c0040513          	addi	a0,s0,-1024
    1318:	6f7000ef          	jal	ra,220e <TIM_Cmd>
    131c:	6145                	addi	sp,sp,48
    131e:	ef7fe06f          	j	214 <__riscv_restore_0>

00001322 <TIM1_CC_IRQHandler>:
    1322:	1101                	addi	sp,sp,-32
    1324:	ce22                	sw	s0,28(sp)
    1326:	40013437          	lui	s0,0x40013
    132a:	4589                	li	a1,2
    132c:	c0040513          	addi	a0,s0,-1024 # 40012c00 <_eusrstack+0x2000ac00>
    1330:	cc26                	sw	s1,24(sp)
    1332:	ca4a                	sw	s2,20(sp)
    1334:	c84e                	sw	s3,16(sp)
    1336:	c652                	sw	s4,12(sp)
    1338:	c456                	sw	s5,8(sp)
    133a:	7db000ef          	jal	ra,2314 <TIM_GetITStatus>
    133e:	0e050863          	beqz	a0,142e <TIM1_CC_IRQHandler+0x10c>
    1342:	c0040513          	addi	a0,s0,-1024
    1346:	7cb000ef          	jal	ra,2310 <TIM_GetCapture1>
    134a:	8681a403          	lw	s0,-1944(gp) # 20000270 <last_timer_cnt.5639>
    134e:	8381a903          	lw	s2,-1992(gp) # 20000240 <timer_cnt>
    1352:	8a2a                	mv	s4,a0
    1354:	86818493          	addi	s1,gp,-1944 # 20000270 <last_timer_cnt.5639>
    1358:	10896063          	bltu	s2,s0,1458 <TIM1_CC_IRQHandler+0x136>
    135c:	40890433          	sub	s0,s2,s0
    1360:	8641a703          	lw	a4,-1948(gp) # 2000026c <last_capture_time>
    1364:	86418993          	addi	s3,gp,-1948 # 2000026c <last_capture_time>
    1368:	40ea07b3          	sub	a5,s4,a4
    136c:	00ea7663          	bgeu	s4,a4,1378 <TIM1_CC_IRQHandler+0x56>
    1370:	67c1                	lui	a5,0x10
    1372:	17fd                	addi	a5,a5,-1
    1374:	8f99                	sub	a5,a5,a4
    1376:	97d2                	add	a5,a5,s4
    1378:	88f1a023          	sw	a5,-1920(gp) # 20000288 <time_interval>
    137c:	88818793          	addi	a5,gp,-1912 # 20000290 <total_pulses>
    1380:	4388                	lw	a0,0(a5)
    1382:	0505                	addi	a0,a0,1
    1384:	c388                	sw	a0,0(a5)
    1386:	c1818793          	addi	a5,gp,-1000 # 20000620 <g_leak>
    138a:	2798                	lbu	a4,8(a5)
    138c:	e701                	bnez	a4,1394 <TIM1_CC_IRQHandler+0x72>
    138e:	43d8                	lw	a4,4(a5)
    1390:	0705                	addi	a4,a4,1
    1392:	c3d8                	sw	a4,4(a5)
    1394:	701030ef          	jal	ra,5294 <__floatunsisf>
    1398:	000077b7          	lui	a5,0x7
    139c:	8147a583          	lw	a1,-2028(a5) # 6814 <days_in_month.5675+0x44c>
    13a0:	88418a93          	addi	s5,gp,-1916 # 2000028c <total_flow>
    13a4:	3ec030ef          	jal	ra,4790 <__divsf3>
    13a8:	00aaa023          	sw	a0,0(s5)
    13ac:	cc2d                	beqz	s0,1426 <TIM1_CC_IRQHandler+0x104>
    13ae:	88018623          	sb	zero,-1908(gp) # 20000294 <water_speedflage>
    13b2:	8522                	mv	a0,s0
    13b4:	6e1030ef          	jal	ra,5294 <__floatunsisf>
    13b8:	000077b7          	lui	a5,0x7
    13bc:	8187a583          	lw	a1,-2024(a5) # 6818 <days_in_month.5675+0x450>
    13c0:	3d0030ef          	jal	ra,4790 <__divsf3>
    13c4:	000077b7          	lui	a5,0x7
    13c8:	85aa                	mv	a1,a0
    13ca:	81c7a503          	lw	a0,-2020(a5) # 681c <days_in_month.5675+0x454>
    13ce:	3c2030ef          	jal	ra,4790 <__divsf3>
    13d2:	000077b7          	lui	a5,0x7
    13d6:	8207a583          	lw	a1,-2016(a5) # 6820 <days_in_month.5675+0x458>
    13da:	77a030ef          	jal	ra,4b54 <__mulsf3>
    13de:	84a1aa23          	sw	a0,-1964(gp) # 2000025c <flow_rate>
    13e2:	781030ef          	jal	ra,5362 <__extendsfdf2>
    13e6:	86ae                	mv	a3,a1
    13e8:	000075b7          	lui	a1,0x7
    13ec:	862a                	mv	a2,a0
    13ee:	82458593          	addi	a1,a1,-2012 # 6824 <days_in_month.5675+0x45c>
    13f2:	c3018513          	addi	a0,gp,-976 # 20000638 <test>
    13f6:	15b010ef          	jal	ra,2d50 <sprintf>
    13fa:	c3018513          	addi	a0,gp,-976 # 20000638 <test>
    13fe:	d74ff0ef          	jal	ra,972 <tjc_send_string>
    1402:	000aa503          	lw	a0,0(s5)
    1406:	75d030ef          	jal	ra,5362 <__extendsfdf2>
    140a:	86ae                	mv	a3,a1
    140c:	000075b7          	lui	a1,0x7
    1410:	862a                	mv	a2,a0
    1412:	83858593          	addi	a1,a1,-1992 # 6838 <days_in_month.5675+0x470>
    1416:	c3018513          	addi	a0,gp,-976 # 20000638 <test>
    141a:	137010ef          	jal	ra,2d50 <sprintf>
    141e:	c3018513          	addi	a0,gp,-976 # 20000638 <test>
    1422:	d50ff0ef          	jal	ra,972 <tjc_send_string>
    1426:	0149a023          	sw	s4,0(s3)
    142a:	0124a023          	sw	s2,0(s1)
    142e:	40013437          	lui	s0,0x40013
    1432:	4591                	li	a1,4
    1434:	c0040513          	addi	a0,s0,-1024 # 40012c00 <_eusrstack+0x2000ac00>
    1438:	6dd000ef          	jal	ra,2314 <TIM_GetITStatus>
    143c:	c0040513          	addi	a0,s0,-1024
    1440:	4599                	li	a1,6
    1442:	6eb000ef          	jal	ra,232c <TIM_ClearITPendingBit>
    1446:	4472                	lw	s0,28(sp)
    1448:	44e2                	lw	s1,24(sp)
    144a:	4952                	lw	s2,20(sp)
    144c:	49c2                	lw	s3,16(sp)
    144e:	4a32                	lw	s4,12(sp)
    1450:	4aa2                	lw	s5,8(sp)
    1452:	6105                	addi	sp,sp,32
    1454:	30200073          	mret
    1458:	fff90793          	addi	a5,s2,-1
    145c:	40878433          	sub	s0,a5,s0
    1460:	b701                	j	1360 <TIM1_CC_IRQHandler+0x3e>

00001462 <Leak_SetSystemActive>:
    1462:	c1818793          	addi	a5,gp,-1000 # 20000620 <g_leak>
    1466:	a788                	sb	a0,8(a5)
    1468:	e511                	bnez	a0,1474 <Leak_SetSystemActive+0x12>
    146a:	8381a703          	lw	a4,-1992(gp) # 20000240 <timer_cnt>
    146e:	0007a223          	sw	zero,4(a5)
    1472:	c398                	sw	a4,0(a5)
    1474:	8082                	ret

00001476 <Leak_SetNormalFlow>:
    1476:	d7bfe2ef          	jal	t0,1f0 <__riscv_save_0>
    147a:	000067b7          	lui	a5,0x6
    147e:	5707a583          	lw	a1,1392(a5) # 6570 <days_in_month.5675+0x1a8>
    1482:	842a                	mv	s0,a0
    1484:	5be030ef          	jal	ra,4a42 <__gesf2>
    1488:	00054463          	bltz	a0,1490 <Leak_SetNormalFlow+0x1a>
    148c:	8081a623          	sw	s0,-2036(gp) # 20000214 <g_flow_normal>
    1490:	d85fe06f          	j	214 <__riscv_restore_0>

00001494 <Leak_GetNormalFlow>:
    1494:	80c1a503          	lw	a0,-2036(gp) # 20000214 <g_flow_normal>
    1498:	8082                	ret

0000149a <Leak_Task>:
    149a:	d3dfe2ef          	jal	t0,1d6 <__riscv_save_4>
    149e:	86018793          	addi	a5,gp,-1952 # 20000268 <last.5665>
    14a2:	8381a483          	lw	s1,-1992(gp) # 20000240 <timer_cnt>
    14a6:	4398                	lw	a4,0(a5)
    14a8:	3e700693          	li	a3,999
    14ac:	7139                	addi	sp,sp,-64
    14ae:	40e48733          	sub	a4,s1,a4
    14b2:	0ce6fa63          	bgeu	a3,a4,1586 <Leak_Task+0xec>
    14b6:	c384                	sw	s1,0(a5)
    14b8:	8541a503          	lw	a0,-1964(gp) # 2000025c <flow_rate>
    14bc:	80c1a583          	lw	a1,-2036(gp) # 20000214 <g_flow_normal>
    14c0:	85418a13          	addi	s4,gp,-1964 # 2000025c <flow_rate>
    14c4:	57e030ef          	jal	ra,4a42 <__gesf2>
    14c8:	c1818413          	addi	s0,gp,-1000 # 20000620 <g_leak>
    14cc:	0ca05063          	blez	a0,158c <Leak_Task+0xf2>
    14d0:	4785                	li	a5,1
    14d2:	a41c                	sb	a5,8(s0)
    14d4:	8401ae23          	sw	zero,-1956(gp) # 20000264 <idle_start.5666>
    14d8:	85818793          	addi	a5,gp,-1960 # 20000260 <g_leak_alarm_active>
    14dc:	2398                	lbu	a4,0(a5)
    14de:	c715                	beqz	a4,150a <Leak_Task+0x70>
    14e0:	40011537          	lui	a0,0x40011
    14e4:	00078023          	sb	zero,0(a5)
    14e8:	4601                	li	a2,0
    14ea:	45c1                	li	a1,16
    14ec:	80050513          	addi	a0,a0,-2048 # 40010800 <_eusrstack+0x20008800>
    14f0:	86018623          	sb	zero,-1940(gp) # 20000274 <leak_clear_cnt>
    14f4:	195000ef          	jal	ra,1e88 <GPIO_WriteBit>
    14f8:	4501                	li	a0,0
    14fa:	fd7fe0ef          	jal	ra,4d0 <send_leak_to_esp32>
    14fe:	00006537          	lui	a0,0x6
    1502:	68450513          	addi	a0,a0,1668 # 6684 <days_in_month.5675+0x2bc>
    1506:	c6cff0ef          	jal	ra,972 <tjc_send_string>
    150a:	000067b7          	lui	a5,0x6
    150e:	000a2483          	lw	s1,0(s4)
    1512:	7c87a583          	lw	a1,1992(a5) # 67c8 <days_in_month.5675+0x400>
    1516:	8526                	mv	a0,s1
    1518:	52a030ef          	jal	ra,4a42 <__gesf2>
    151c:	87418413          	addi	s0,gp,-1932 # 2000027c <s_micro_timing>
    1520:	1ea05c63          	blez	a0,1718 <Leak_Task+0x27e>
    1524:	000067b7          	lui	a5,0x6
    1528:	7cc7a583          	lw	a1,1996(a5) # 67cc <days_in_month.5675+0x404>
    152c:	8526                	mv	a0,s1
    152e:	59a030ef          	jal	ra,4ac8 <__lesf2>
    1532:	1e055363          	bgez	a0,1718 <Leak_Task+0x27e>
    1536:	2014                	lbu	a3,0(s0)
    1538:	8381a783          	lw	a5,-1992(gp) # 20000240 <timer_cnt>
    153c:	87018713          	addi	a4,gp,-1936 # 20000278 <s_micro_start>
    1540:	16069e63          	bnez	a3,16bc <Leak_Task+0x222>
    1544:	c31c                	sw	a5,0(a4)
    1546:	4785                	li	a5,1
    1548:	a01c                	sb	a5,0(s0)
    154a:	000067b7          	lui	a5,0x6
    154e:	5707a583          	lw	a1,1392(a5) # 6570 <days_in_month.5675+0x1a8>
    1552:	8526                	mv	a0,s1
    1554:	4ee030ef          	jal	ra,4a42 <__gesf2>
    1558:	87c18413          	addi	s0,gp,-1924 # 20000284 <s_slow_timing>
    155c:	1ca05a63          	blez	a0,1730 <Leak_Task+0x296>
    1560:	000067b7          	lui	a5,0x6
    1564:	7d07a583          	lw	a1,2000(a5) # 67d0 <days_in_month.5675+0x408>
    1568:	8526                	mv	a0,s1
    156a:	55e030ef          	jal	ra,4ac8 <__lesf2>
    156e:	1c055163          	bgez	a0,1730 <Leak_Task+0x296>
    1572:	2014                	lbu	a3,0(s0)
    1574:	8381a783          	lw	a5,-1992(gp) # 20000240 <timer_cnt>
    1578:	87818713          	addi	a4,gp,-1928 # 20000280 <s_slow_start>
    157c:	1a069163          	bnez	a3,171e <Leak_Task+0x284>
    1580:	c31c                	sw	a5,0(a4)
    1582:	4785                	li	a5,1
    1584:	a01c                	sb	a5,0(s0)
    1586:	6121                	addi	sp,sp,64
    1588:	c83fe06f          	j	20a <__riscv_restore_4>
    158c:	241c                	lbu	a5,8(s0)
    158e:	c39d                	beqz	a5,15b4 <Leak_Task+0x11a>
    1590:	85c18713          	addi	a4,gp,-1956 # 20000264 <idle_start.5666>
    1594:	431c                	lw	a5,0(a4)
    1596:	e399                	bnez	a5,159c <Leak_Task+0x102>
    1598:	c304                	sw	s1,0(a4)
    159a:	bf3d                	j	14d8 <Leak_Task+0x3e>
    159c:	671d                	lui	a4,0x7
    159e:	40f487b3          	sub	a5,s1,a5
    15a2:	53070713          	addi	a4,a4,1328 # 7530 <_data_lma+0x928>
    15a6:	f2f779e3          	bgeu	a4,a5,14d8 <Leak_Task+0x3e>
    15aa:	00040423          	sb	zero,8(s0)
    15ae:	c004                	sw	s1,0(s0)
    15b0:	00042223          	sw	zero,4(s0)
    15b4:	401c                	lw	a5,0(s0)
    15b6:	8c9d                	sub	s1,s1,a5
    15b8:	67bd                	lui	a5,0xf
    15ba:	a5f78793          	addi	a5,a5,-1441 # ea5f <_data_lma+0x7e57>
    15be:	f497f6e3          	bgeu	a5,s1,150a <Leak_Task+0x70>
    15c2:	4048                	lw	a0,4(s0)
    15c4:	85818993          	addi	s3,gp,-1960 # 20000260 <g_leak_alarm_active>
    15c8:	478d                	li	a5,3
    15ca:	0009ca83          	lbu	s5,0(s3)
    15ce:	0aa7f063          	bgeu	a5,a0,166e <Leak_Task+0x1d4>
    15d2:	86018623          	sb	zero,-1940(gp) # 20000274 <leak_clear_cnt>
    15d6:	4bf030ef          	jal	ra,5294 <__floatunsisf>
    15da:	000077b7          	lui	a5,0x7
    15de:	8147a583          	lw	a1,-2028(a5) # 6814 <days_in_month.5675+0x44c>
    15e2:	1ae030ef          	jal	ra,4790 <__divsf3>
    15e6:	484c                	lw	a1,20(s0)
    15e8:	63f020ef          	jal	ra,4426 <__addsf3>
    15ec:	481c                	lw	a5,16(s0)
    15ee:	c848                	sw	a0,20(s0)
    15f0:	94be                	add	s1,s1,a5
    15f2:	c804                	sw	s1,16(s0)
    15f4:	060a9763          	bnez	s5,1662 <Leak_Task+0x1c8>
    15f8:	40011537          	lui	a0,0x40011
    15fc:	4785                	li	a5,1
    15fe:	4605                	li	a2,1
    1600:	45c1                	li	a1,16
    1602:	80050513          	addi	a0,a0,-2048 # 40010800 <_eusrstack+0x20008800>
    1606:	00f98023          	sb	a5,0(s3)
    160a:	07f000ef          	jal	ra,1e88 <GPIO_WriteBit>
    160e:	81018793          	addi	a5,gp,-2032 # 20000218 <leak_last_alert>
    1612:	8381a603          	lw	a2,-1992(gp) # 20000240 <timer_cnt>
    1616:	4394                	lw	a3,0(a5)
    1618:	00092737          	lui	a4,0x92
    161c:	7c070713          	addi	a4,a4,1984 # 927c0 <_data_lma+0x8bbb8>
    1620:	40d606b3          	sub	a3,a2,a3
    1624:	00d77663          	bgeu	a4,a3,1630 <Leak_Task+0x196>
    1628:	4505                	li	a0,1
    162a:	c390                	sw	a2,0(a5)
    162c:	ea5fe0ef          	jal	ra,4d0 <send_leak_to_esp32>
    1630:	000065b7          	lui	a1,0x6
    1634:	7d458593          	addi	a1,a1,2004 # 67d4 <days_in_month.5675+0x40c>
    1638:	850a                	mv	a0,sp
    163a:	697030ef          	jal	ra,54d0 <strcpy>
    163e:	850a                	mv	a0,sp
    1640:	b32ff0ef          	jal	ra,972 <tjc_send_string>
    1644:	4848                	lw	a0,20(s0)
    1646:	51d030ef          	jal	ra,5362 <__extendsfdf2>
    164a:	86ae                	mv	a3,a1
    164c:	000065b7          	lui	a1,0x6
    1650:	862a                	mv	a2,a0
    1652:	7ec58593          	addi	a1,a1,2028 # 67ec <days_in_month.5675+0x424>
    1656:	850a                	mv	a0,sp
    1658:	6f8010ef          	jal	ra,2d50 <sprintf>
    165c:	850a                	mv	a0,sp
    165e:	b14ff0ef          	jal	ra,972 <tjc_send_string>
    1662:	8381a783          	lw	a5,-1992(gp) # 20000240 <timer_cnt>
    1666:	00042223          	sw	zero,4(s0)
    166a:	c01c                	sw	a5,0(s0)
    166c:	bd79                	j	150a <Leak_Task+0x70>
    166e:	fe0a8ae3          	beqz	s5,1662 <Leak_Task+0x1c8>
    1672:	86c18713          	addi	a4,gp,-1940 # 20000274 <leak_clear_cnt>
    1676:	231c                	lbu	a5,0(a4)
    1678:	4685                	li	a3,1
    167a:	0785                	addi	a5,a5,1
    167c:	0ff7f793          	andi	a5,a5,255
    1680:	a31c                	sb	a5,0(a4)
    1682:	fef6f0e3          	bgeu	a3,a5,1662 <Leak_Task+0x1c8>
    1686:	40011537          	lui	a0,0x40011
    168a:	4601                	li	a2,0
    168c:	45c1                	li	a1,16
    168e:	80050513          	addi	a0,a0,-2048 # 40010800 <_eusrstack+0x20008800>
    1692:	00070023          	sb	zero,0(a4)
    1696:	00098023          	sb	zero,0(s3)
    169a:	7ee000ef          	jal	ra,1e88 <GPIO_WriteBit>
    169e:	4501                	li	a0,0
    16a0:	e31fe0ef          	jal	ra,4d0 <send_leak_to_esp32>
    16a4:	00006537          	lui	a0,0x6
    16a8:	68450513          	addi	a0,a0,1668 # 6684 <days_in_month.5675+0x2bc>
    16ac:	ac6ff0ef          	jal	ra,972 <tjc_send_string>
    16b0:	00000793          	li	a5,0
    16b4:	00042823          	sw	zero,16(s0)
    16b8:	c85c                	sw	a5,20(s0)
    16ba:	b765                	j	1662 <Leak_Task+0x1c8>
    16bc:	4318                	lw	a4,0(a4)
    16be:	8f99                	sub	a5,a5,a4
    16c0:	671d                	lui	a4,0x7
    16c2:	52f70713          	addi	a4,a4,1327 # 752f <_data_lma+0x927>
    16c6:	e8f772e3          	bgeu	a4,a5,154a <Leak_Task+0xb0>
    16ca:	85818793          	addi	a5,gp,-1960 # 20000260 <g_leak_alarm_active>
    16ce:	2398                	lbu	a4,0(a5)
    16d0:	ea071be3          	bnez	a4,1586 <Leak_Task+0xec>
    16d4:	40011537          	lui	a0,0x40011
    16d8:	4705                	li	a4,1
    16da:	4605                	li	a2,1
    16dc:	45c1                	li	a1,16
    16de:	80050513          	addi	a0,a0,-2048 # 40010800 <_eusrstack+0x20008800>
    16e2:	a398                	sb	a4,0(a5)
    16e4:	7a4000ef          	jal	ra,1e88 <GPIO_WriteBit>
    16e8:	81018793          	addi	a5,gp,-2032 # 20000218 <leak_last_alert>
    16ec:	8381a603          	lw	a2,-1992(gp) # 20000240 <timer_cnt>
    16f0:	4394                	lw	a3,0(a5)
    16f2:	00092737          	lui	a4,0x92
    16f6:	7c070713          	addi	a4,a4,1984 # 927c0 <_data_lma+0x8bbb8>
    16fa:	40d606b3          	sub	a3,a2,a3
    16fe:	00d77663          	bgeu	a4,a3,170a <Leak_Task+0x270>
    1702:	4505                	li	a0,1
    1704:	c390                	sw	a2,0(a5)
    1706:	dcbfe0ef          	jal	ra,4d0 <send_leak_to_esp32>
    170a:	00006537          	lui	a0,0x6
    170e:	7fc50513          	addi	a0,a0,2044 # 67fc <days_in_month.5675+0x434>
    1712:	a60ff0ef          	jal	ra,972 <tjc_send_string>
    1716:	bd85                	j	1586 <Leak_Task+0xec>
    1718:	00040023          	sb	zero,0(s0)
    171c:	b53d                	j	154a <Leak_Task+0xb0>
    171e:	4318                	lw	a4,0(a4)
    1720:	8f99                	sub	a5,a5,a4
    1722:	000dc737          	lui	a4,0xdc
    1726:	b9f70713          	addi	a4,a4,-1121 # dbb9f <_data_lma+0xd4f97>
    172a:	e4f77ee3          	bgeu	a4,a5,1586 <Leak_Task+0xec>
    172e:	bf71                	j	16ca <Leak_Task+0x230>
    1730:	00040023          	sb	zero,0(s0)
    1734:	bd89                	j	1586 <Leak_Task+0xec>

00001736 <Leak_Reset>:
    1736:	c1818793          	addi	a5,gp,-1000 # 20000620 <g_leak>
    173a:	00000713          	li	a4,0
    173e:	cbd8                	sw	a4,20(a5)
    1740:	8381a703          	lw	a4,-1992(gp) # 20000240 <timer_cnt>
    1744:	0007a223          	sw	zero,4(a5)
    1748:	0007a823          	sw	zero,16(a5)
    174c:	c398                	sw	a4,0(a5)
    174e:	8082                	ret

00001750 <Zigbee_Init>:
    1750:	aa1fe2ef          	jal	t0,1f0 <__riscv_save_0>
    1754:	7179                	addi	sp,sp,-48
    1756:	842a                	mv	s0,a0
    1758:	4585                	li	a1,1
    175a:	4541                	li	a0,16
    175c:	ca02                	sw	zero,20(sp)
    175e:	cc02                	sw	zero,24(sp)
    1760:	ce02                	sw	zero,28(sp)
    1762:	d002                	sw	zero,32(sp)
    1764:	d202                	sw	zero,36(sp)
    1766:	d402                	sw	zero,40(sp)
    1768:	d602                	sw	zero,44(sp)
    176a:	c602                	sw	zero,12(sp)
    176c:	c802                	sw	zero,16(sp)
    176e:	0fd000ef          	jal	ra,206a <RCC_APB2PeriphClockCmd>
    1772:	4585                	li	a1,1
    1774:	00080537          	lui	a0,0x80
    1778:	111000ef          	jal	ra,2088 <RCC_APB1PeriphClockCmd>
    177c:	40000793          	li	a5,1024
    1780:	82fc                	sh	a5,20(sp)
    1782:	478d                	li	a5,3
    1784:	cc3e                	sw	a5,24(sp)
    1786:	084c                	addi	a1,sp,20
    1788:	47e1                	li	a5,24
    178a:	40011537          	lui	a0,0x40011
    178e:	ce3e                	sw	a5,28(sp)
    1790:	2d15                	jal	1dc4 <GPIO_Init>
    1792:	6785                	lui	a5,0x1
    1794:	80078793          	addi	a5,a5,-2048 # 800 <__stack_size>
    1798:	82fc                	sh	a5,20(sp)
    179a:	084c                	addi	a1,sp,20
    179c:	4791                	li	a5,4
    179e:	40011537          	lui	a0,0x40011
    17a2:	ce3e                	sw	a5,28(sp)
    17a4:	2505                	jal	1dc4 <GPIO_Init>
    17a6:	d022                	sw	s0,32(sp)
    17a8:	40005437          	lui	s0,0x40005
    17ac:	000c07b7          	lui	a5,0xc0
    17b0:	100c                	addi	a1,sp,32
    17b2:	c0040513          	addi	a0,s0,-1024 # 40004c00 <_eusrstack+0x1fffcc00>
    17b6:	d43e                	sw	a5,40(sp)
    17b8:	d202                	sw	zero,36(sp)
    17ba:	02011623          	sh	zero,44(sp)
    17be:	37b000ef          	jal	ra,2338 <USART_Init>
    17c2:	4605                	li	a2,1
    17c4:	c0040513          	addi	a0,s0,-1024
    17c8:	52500593          	li	a1,1317
    17cc:	413000ef          	jal	ra,23de <USART_ITConfig>
    17d0:	4585                	li	a1,1
    17d2:	c0040513          	addi	a0,s0,-1024
    17d6:	3f3000ef          	jal	ra,23c8 <USART_Cmd>
    17da:	24400793          	li	a5,580
    17de:	867c                	sh	a5,12(sp)
    17e0:	4789                	li	a5,2
    17e2:	875c                	sb	a5,14(sp)
    17e4:	0068                	addi	a0,sp,12
    17e6:	4785                	li	a5,1
    17e8:	c83e                	sw	a5,16(sp)
    17ea:	257d                	jal	1e98 <NVIC_Init>
    17ec:	6145                	addi	sp,sp,48
    17ee:	a27fe06f          	j	214 <__riscv_restore_0>

000017f2 <Zigbee_ParseCommand>:
    17f2:	9d7fe2ef          	jal	t0,1c8 <__riscv_save_10>
    17f6:	000075b7          	lui	a1,0x7
    17fa:	1141                	addi	sp,sp,-16
    17fc:	461d                	li	a2,7
    17fe:	84c58593          	addi	a1,a1,-1972 # 684c <days_in_month.5675+0x484>
    1802:	842a                	mv	s0,a0
    1804:	4ef030ef          	jal	ra,54f2 <strncmp>
    1808:	e169                	bnez	a0,18ca <Zigbee_ParseCommand+0xd8>
    180a:	00000793          	li	a5,0
    180e:	c23e                	sw	a5,4(sp)
    1810:	c43e                	sw	a5,8(sp)
    1812:	000077b7          	lui	a5,0x7
    1816:	8487a783          	lw	a5,-1976(a5) # 6848 <days_in_month.5675+0x480>
    181a:	84aa                	mv	s1,a0
    181c:	041d                	addi	s0,s0,7
    181e:	c63e                	sw	a5,12(sp)
    1820:	00410993          	addi	s3,sp,4
    1824:	01010b93          	addi	s7,sp,16
    1828:	4b25                	li	s6,9
    182a:	4aa9                	li	s5,10
    182c:	02e00c13          	li	s8,46
    1830:	02c00c93          	li	s9,44
    1834:	4901                	li	s2,0
    1836:	a029                	j	1840 <Zigbee_ParseCommand+0x4e>
    1838:	03590933          	mul	s2,s2,s5
    183c:	0405                	addi	s0,s0,1
    183e:	993a                	add	s2,s2,a4
    1840:	00040783          	lb	a5,0(s0)
    1844:	fd078713          	addi	a4,a5,-48
    1848:	0ff77693          	andi	a3,a4,255
    184c:	fedb76e3          	bgeu	s6,a3,1838 <Zigbee_ParseCommand+0x46>
    1850:	09879763          	bne	a5,s8,18de <Zigbee_ParseCommand+0xec>
    1854:	0405                	addi	s0,s0,1
    1856:	4501                	li	a0,0
    1858:	4a05                	li	s4,1
    185a:	00040783          	lb	a5,0(s0)
    185e:	fd078793          	addi	a5,a5,-48
    1862:	0ff7f713          	andi	a4,a5,255
    1866:	06eb7563          	bgeu	s6,a4,18d0 <Zigbee_ParseCommand+0xde>
    186a:	165030ef          	jal	ra,51ce <__floatsisf>
    186e:	8d2a                	mv	s10,a0
    1870:	8552                	mv	a0,s4
    1872:	15d030ef          	jal	ra,51ce <__floatsisf>
    1876:	85aa                	mv	a1,a0
    1878:	856a                	mv	a0,s10
    187a:	717020ef          	jal	ra,4790 <__divsf3>
    187e:	8a2a                	mv	s4,a0
    1880:	854a                	mv	a0,s2
    1882:	14d030ef          	jal	ra,51ce <__floatsisf>
    1886:	85aa                	mv	a1,a0
    1888:	8552                	mv	a0,s4
    188a:	39d020ef          	jal	ra,4426 <__addsf3>
    188e:	00040783          	lb	a5,0(s0)
    1892:	00a9a023          	sw	a0,0(s3)
    1896:	05978763          	beq	a5,s9,18e4 <Zigbee_ParseCommand+0xf2>
    189a:	4725                	li	a4,9
    189c:	4629                	li	a2,10
    189e:	00040783          	lb	a5,0(s0)
    18a2:	fd078793          	addi	a5,a5,-48
    18a6:	0ff7f693          	andi	a3,a5,255
    18aa:	04d77263          	bgeu	a4,a3,18ee <Zigbee_ParseCommand+0xfc>
    18ae:	4712                	lw	a4,4(sp)
    18b0:	88e1ac23          	sw	a4,-1896(gp) # 200002a0 <g_tower_water_level>
    18b4:	4722                	lw	a4,8(sp)
    18b6:	88e1a823          	sw	a4,-1904(gp) # 20000298 <g_tower_humidity>
    18ba:	4732                	lw	a4,12(sp)
    18bc:	80e1aa23          	sw	a4,-2028(gp) # 2000021c <g_tower_temperature>
    18c0:	8891aa23          	sw	s1,-1900(gp) # 2000029c <g_tower_pump_speed>
    18c4:	4705                	li	a4,1
    18c6:	88e186a3          	sb	a4,-1907(gp) # 20000295 <g_tower_data_updated>
    18ca:	0141                	addi	sp,sp,16
    18cc:	935fe06f          	j	200 <__riscv_restore_10>
    18d0:	03550533          	mul	a0,a0,s5
    18d4:	0405                	addi	s0,s0,1
    18d6:	953e                	add	a0,a0,a5
    18d8:	035a0a33          	mul	s4,s4,s5
    18dc:	bfbd                	j	185a <Zigbee_ParseCommand+0x68>
    18de:	4501                	li	a0,0
    18e0:	4a05                	li	s4,1
    18e2:	b761                	j	186a <Zigbee_ParseCommand+0x78>
    18e4:	0991                	addi	s3,s3,4
    18e6:	0405                	addi	s0,s0,1
    18e8:	f53b96e3          	bne	s7,s3,1834 <Zigbee_ParseCommand+0x42>
    18ec:	b77d                	j	189a <Zigbee_ParseCommand+0xa8>
    18ee:	02c484b3          	mul	s1,s1,a2
    18f2:	0405                	addi	s0,s0,1
    18f4:	94be                	add	s1,s1,a5
    18f6:	b765                	j	189e <Zigbee_ParseCommand+0xac>

000018f8 <UART4_IRQHandler>:
    18f8:	1141                	addi	sp,sp,-16
    18fa:	c622                	sw	s0,12(sp)
    18fc:	40005437          	lui	s0,0x40005
    1900:	52500593          	li	a1,1317
    1904:	c0040513          	addi	a0,s0,-1024 # 40004c00 <_eusrstack+0x1fffcc00>
    1908:	327000ef          	jal	ra,242e <USART_GetITStatus>
    190c:	c12d                	beqz	a0,196e <UART4_IRQHandler+0x76>
    190e:	c0040513          	addi	a0,s0,-1024
    1912:	30b000ef          	jal	ra,241c <USART_ReceiveData>
    1916:	0ff57593          	andi	a1,a0,255
    191a:	04000793          	li	a5,64
    191e:	89c18413          	addi	s0,gp,-1892 # 200002a4 <rx_idx>
    1922:	00f59463          	bne	a1,a5,192a <UART4_IRQHandler+0x32>
    1926:	00040023          	sb	zero,0(s0)
    192a:	201c                	lbu	a5,0(s0)
    192c:	07e00713          	li	a4,126
    1930:	02f76563          	bltu	a4,a5,195a <UART4_IRQHandler+0x62>
    1934:	00178713          	addi	a4,a5,1
    1938:	0ff77693          	andi	a3,a4,255
    193c:	c9418713          	addi	a4,gp,-876 # 2000069c <rx_buf>
    1940:	97ba                	add	a5,a5,a4
    1942:	a388                	sb	a0,0(a5)
    1944:	a014                	sb	a3,0(s0)
    1946:	47a9                	li	a5,10
    1948:	00f59b63          	bne	a1,a5,195e <UART4_IRQHandler+0x66>
    194c:	9736                	add	a4,a4,a3
    194e:	c9418513          	addi	a0,gp,-876 # 2000069c <rx_buf>
    1952:	00070023          	sb	zero,0(a4)
    1956:	e9dff0ef          	jal	ra,17f2 <Zigbee_ParseCommand>
    195a:	00040023          	sb	zero,0(s0)
    195e:	40005537          	lui	a0,0x40005
    1962:	52500593          	li	a1,1317
    1966:	c0050513          	addi	a0,a0,-1024 # 40004c00 <_eusrstack+0x1fffcc00>
    196a:	301000ef          	jal	ra,246a <USART_ClearITPendingBit>
    196e:	4432                	lw	s0,12(sp)
    1970:	0141                	addi	sp,sp,16
    1972:	30200073          	mret

00001976 <NMI_Handler>:
    1976:	a001                	j	1976 <NMI_Handler>

00001978 <HardFault_Handler>:
    1978:	beef07b7          	lui	a5,0xbeef0
    197c:	e000e737          	lui	a4,0xe000e
    1980:	08078793          	addi	a5,a5,128 # beef0080 <_eusrstack+0x9eee8080>
    1984:	c73c                	sw	a5,72(a4)
    1986:	a001                	j	1986 <HardFault_Handler+0xe>

00001988 <GPIO_Toggle_INIT>:
    1988:	84ffe2ef          	jal	t0,1d6 <__riscv_save_4>
    198c:	1141                	addi	sp,sp,-16
    198e:	4585                	li	a1,1
    1990:	04000513          	li	a0,64
    1994:	c202                	sw	zero,4(sp)
    1996:	c402                	sw	zero,8(sp)
    1998:	c602                	sw	zero,12(sp)
    199a:	2dc1                	jal	206a <RCC_APB2PeriphClockCmd>
    199c:	40012537          	lui	a0,0x40012
    19a0:	4441                	li	s0,16
    19a2:	20400793          	li	a5,516
    19a6:	490d                	li	s2,3
    19a8:	004c                	addi	a1,sp,4
    19aa:	80050513          	addi	a0,a0,-2048 # 40011800 <_eusrstack+0x20009800>
    19ae:	827c                	sh	a5,4(sp)
    19b0:	c622                	sw	s0,12(sp)
    19b2:	c44a                	sw	s2,8(sp)
    19b4:	2901                	jal	1dc4 <GPIO_Init>
    19b6:	4585                	li	a1,1
    19b8:	4541                	li	a0,16
    19ba:	2d45                	jal	206a <RCC_APB2PeriphClockCmd>
    19bc:	4789                	li	a5,2
    19be:	004c                	addi	a1,sp,4
    19c0:	40011537          	lui	a0,0x40011
    19c4:	827c                	sh	a5,4(sp)
    19c6:	c622                	sw	s0,12(sp)
    19c8:	c44a                	sw	s2,8(sp)
    19ca:	2eed                	jal	1dc4 <GPIO_Init>
    19cc:	4585                	li	a1,1
    19ce:	4511                	li	a0,4
    19d0:	2d69                	jal	206a <RCC_APB2PeriphClockCmd>
    19d2:	400114b7          	lui	s1,0x40011
    19d6:	4785                	li	a5,1
    19d8:	04800993          	li	s3,72
    19dc:	004c                	addi	a1,sp,4
    19de:	80048513          	addi	a0,s1,-2048 # 40010800 <_eusrstack+0x20008800>
    19e2:	827c                	sh	a5,4(sp)
    19e4:	c64e                	sw	s3,12(sp)
    19e6:	2ef9                	jal	1dc4 <GPIO_Init>
    19e8:	004c                	addi	a1,sp,4
    19ea:	80048513          	addi	a0,s1,-2048
    19ee:	8260                	sh	s0,4(sp)
    19f0:	c622                	sw	s0,12(sp)
    19f2:	c44a                	sw	s2,8(sp)
    19f4:	2ec1                	jal	1dc4 <GPIO_Init>
    19f6:	80048513          	addi	a0,s1,-2048
    19fa:	45c1                	li	a1,16
    19fc:	2161                	jal	1e84 <GPIO_ResetBits>
    19fe:	6785                	lui	a5,0x1
    1a00:	004c                	addi	a1,sp,4
    1a02:	40011537          	lui	a0,0x40011
    1a06:	827c                	sh	a5,4(sp)
    1a08:	c64e                	sw	s3,12(sp)
    1a0a:	2e6d                	jal	1dc4 <GPIO_Init>
    1a0c:	0141                	addi	sp,sp,16
    1a0e:	ffcfe06f          	j	20a <__riscv_restore_4>

00001a12 <main>:
    1a12:	fc4fe2ef          	jal	t0,1d6 <__riscv_save_4>
    1a16:	7139                	addi	sp,sp,-64
    1a18:	4509                	li	a0,2
    1a1a:	29a5                	jal	1e92 <NVIC_PriorityGroupConfig>
    1a1c:	6471                	lui	s0,0x1c
    1a1e:	2ac5                	jal	1c0e <SystemCoreClockUpdate>
    1a20:	25f000ef          	jal	ra,247e <Delay_Init>
    1a24:	20040513          	addi	a0,s0,512 # 1c200 <_data_lma+0x155f8>
    1a28:	2b3000ef          	jal	ra,24da <USART_Printf_Init>
    1a2c:	08800793          	li	a5,136
    1a30:	8007a073          	csrs	0x800,a5
    1a34:	f55ff0ef          	jal	ra,1988 <GPIO_Toggle_INIT>
    1a38:	e69fe0ef          	jal	ra,8a0 <UART_HIM_Init>
    1a3c:	88dfe0ef          	jal	ra,2c8 <UART_ESP32_Init>
    1a40:	20040513          	addi	a0,s0,512
    1a44:	d0dff0ef          	jal	ra,1750 <Zigbee_Init>
    1a48:	06400593          	li	a1,100
    1a4c:	3c000513          	li	a0,960
    1a50:	d75fe0ef          	jal	ra,7c4 <TIM2_Init>
    1a54:	f41fe0ef          	jal	ra,994 <initRingBuffer>
    1a58:	65b1                	lui	a1,0xc
    1a5a:	6541                	lui	a0,0x10
    1a5c:	b7f58593          	addi	a1,a1,-1153 # bb7f <_data_lma+0x4f77>
    1a60:	157d                	addi	a0,a0,-1
    1a62:	fe6ff0ef          	jal	ra,1248 <Input_Capture_Init>
    1a66:	6509                	lui	a0,0x2
    1a68:	58050513          	addi	a0,a0,1408 # 2580 <_sbrk+0xe>
    1a6c:	cbcff0ef          	jal	ra,f28 <WQ_Init>
    1a70:	cc7ff0ef          	jal	ra,1736 <Leak_Reset>
    1a74:	4501                	li	a0,0
    1a76:	9edff0ef          	jal	ra,1462 <Leak_SetSystemActive>
    1a7a:	40011537          	lui	a0,0x40011
    1a7e:	4601                	li	a2,0
    1a80:	45c1                	li	a1,16
    1a82:	80050513          	addi	a0,a0,-2048 # 40010800 <_eusrstack+0x20008800>
    1a86:	2109                	jal	1e88 <GPIO_WriteBit>
    1a88:	000067b7          	lui	a5,0x6
    1a8c:	4547aa83          	lw	s5,1108(a5) # 6454 <days_in_month.5675+0x8c>
    1a90:	6405                	lui	s0,0x1
    1a92:	38840413          	addi	s0,s0,904 # 1388 <TIM1_CC_IRQHandler+0x66>
    1a96:	fbffe0ef          	jal	ra,a54 <HMI_task>
    1a9a:	b6ffe0ef          	jal	ra,608 <esp_received>
    1a9e:	8a018713          	addi	a4,gp,-1888 # 200002a8 <t1s.5606>
    1aa2:	8381a683          	lw	a3,-1992(gp) # 20000240 <timer_cnt>
    1aa6:	431c                	lw	a5,0(a4)
    1aa8:	3e700613          	li	a2,999
    1aac:	40f687b3          	sub	a5,a3,a5
    1ab0:	00f67763          	bgeu	a2,a5,1abe <main+0xac>
    1ab4:	c314                	sw	a3,0(a4)
    1ab6:	c61fe0ef          	jal	ra,716 <lcd_time>
    1aba:	9e1ff0ef          	jal	ra,149a <Leak_Task>
    1abe:	ee6ff0ef          	jal	ra,11a4 <WQ_Task>
    1ac2:	88d1c783          	lbu	a5,-1907(gp) # 20000295 <g_tower_data_updated>
    1ac6:	cf85                	beqz	a5,1afe <main+0xec>
    1ac8:	8981a503          	lw	a0,-1896(gp) # 200002a0 <g_tower_water_level>
    1acc:	85d6                	mv	a1,s5
    1ace:	880186a3          	sb	zero,-1907(gp) # 20000295 <g_tower_data_updated>
    1ad2:	082030ef          	jal	ra,4b54 <__mulsf3>
    1ad6:	696030ef          	jal	ra,516c <__fixsfsi>
    1ada:	00a47363          	bgeu	s0,a0,1ae0 <main+0xce>
    1ade:	4501                	li	a0,0
    1ae0:	4629                	li	a2,10
    1ae2:	02c566b3          	rem	a3,a0,a2
    1ae6:	000075b7          	lui	a1,0x7
    1aea:	85458593          	addi	a1,a1,-1964 # 6854 <days_in_month.5675+0x48c>
    1aee:	02c54633          	div	a2,a0,a2
    1af2:	850a                	mv	a0,sp
    1af4:	25c010ef          	jal	ra,2d50 <sprintf>
    1af8:	850a                	mv	a0,sp
    1afa:	e79fe0ef          	jal	ra,972 <tjc_send_string>
    1afe:	200007b7          	lui	a5,0x20000
    1b02:	2087c703          	lbu	a4,520(a5) # 20000208 <flag>
    1b06:	c319                	beqz	a4,1b0c <main+0xfa>
    1b08:	20078423          	sb	zero,520(a5)
    1b0c:	4505                	li	a0,1
    1b0e:	197000ef          	jal	ra,24a4 <Delay_Ms>
    1b12:	b751                	j	1a96 <main+0x84>

00001b14 <SystemInit>:
    1b14:	400217b7          	lui	a5,0x40021
    1b18:	4398                	lw	a4,0(a5)
    1b1a:	f0ff06b7          	lui	a3,0xf0ff0
    1b1e:	1141                	addi	sp,sp,-16
    1b20:	00176713          	ori	a4,a4,1
    1b24:	c398                	sw	a4,0(a5)
    1b26:	43d8                	lw	a4,4(a5)
    1b28:	00020637          	lui	a2,0x20
    1b2c:	8f75                	and	a4,a4,a3
    1b2e:	c3d8                	sw	a4,4(a5)
    1b30:	4398                	lw	a4,0(a5)
    1b32:	fef706b7          	lui	a3,0xfef70
    1b36:	16fd                	addi	a3,a3,-1
    1b38:	8f75                	and	a4,a4,a3
    1b3a:	c398                	sw	a4,0(a5)
    1b3c:	4398                	lw	a4,0(a5)
    1b3e:	fffc06b7          	lui	a3,0xfffc0
    1b42:	16fd                	addi	a3,a3,-1
    1b44:	8f75                	and	a4,a4,a3
    1b46:	c398                	sw	a4,0(a5)
    1b48:	43d8                	lw	a4,4(a5)
    1b4a:	ff0106b7          	lui	a3,0xff010
    1b4e:	16fd                	addi	a3,a3,-1
    1b50:	8f75                	and	a4,a4,a3
    1b52:	c3d8                	sw	a4,4(a5)
    1b54:	4398                	lw	a4,0(a5)
    1b56:	ec0006b7          	lui	a3,0xec000
    1b5a:	16fd                	addi	a3,a3,-1
    1b5c:	8f75                	and	a4,a4,a3
    1b5e:	c398                	sw	a4,0(a5)
    1b60:	00ff0737          	lui	a4,0xff0
    1b64:	c798                	sw	a4,8(a5)
    1b66:	0207a623          	sw	zero,44(a5) # 4002102c <_eusrstack+0x2001902c>
    1b6a:	c402                	sw	zero,8(sp)
    1b6c:	c602                	sw	zero,12(sp)
    1b6e:	4398                	lw	a4,0(a5)
    1b70:	66c1                	lui	a3,0x10
    1b72:	8f55                	or	a4,a4,a3
    1b74:	c398                	sw	a4,0(a5)
    1b76:	400216b7          	lui	a3,0x40021
    1b7a:	6705                	lui	a4,0x1
    1b7c:	429c                	lw	a5,0(a3)
    1b7e:	8ff1                	and	a5,a5,a2
    1b80:	c63e                	sw	a5,12(sp)
    1b82:	47a2                	lw	a5,8(sp)
    1b84:	0785                	addi	a5,a5,1
    1b86:	c43e                	sw	a5,8(sp)
    1b88:	47b2                	lw	a5,12(sp)
    1b8a:	e781                	bnez	a5,1b92 <SystemInit+0x7e>
    1b8c:	47a2                	lw	a5,8(sp)
    1b8e:	fee797e3          	bne	a5,a4,1b7c <SystemInit+0x68>
    1b92:	400217b7          	lui	a5,0x40021
    1b96:	439c                	lw	a5,0(a5)
    1b98:	00e79713          	slli	a4,a5,0xe
    1b9c:	06075763          	bgez	a4,1c0a <SystemInit+0xf6>
    1ba0:	4785                	li	a5,1
    1ba2:	c63e                	sw	a5,12(sp)
    1ba4:	4732                	lw	a4,12(sp)
    1ba6:	4785                	li	a5,1
    1ba8:	04f71f63          	bne	a4,a5,1c06 <SystemInit+0xf2>
    1bac:	400217b7          	lui	a5,0x40021
    1bb0:	43d8                	lw	a4,4(a5)
    1bb2:	ffc106b7          	lui	a3,0xffc10
    1bb6:	16fd                	addi	a3,a3,-1
    1bb8:	c3d8                	sw	a4,4(a5)
    1bba:	43d8                	lw	a4,4(a5)
    1bbc:	c3d8                	sw	a4,4(a5)
    1bbe:	43d8                	lw	a4,4(a5)
    1bc0:	40076713          	ori	a4,a4,1024
    1bc4:	c3d8                	sw	a4,4(a5)
    1bc6:	43d8                	lw	a4,4(a5)
    1bc8:	8f75                	and	a4,a4,a3
    1bca:	c3d8                	sw	a4,4(a5)
    1bcc:	43d8                	lw	a4,4(a5)
    1bce:	002906b7          	lui	a3,0x290
    1bd2:	8f55                	or	a4,a4,a3
    1bd4:	c3d8                	sw	a4,4(a5)
    1bd6:	4398                	lw	a4,0(a5)
    1bd8:	010006b7          	lui	a3,0x1000
    1bdc:	8f55                	or	a4,a4,a3
    1bde:	c398                	sw	a4,0(a5)
    1be0:	4398                	lw	a4,0(a5)
    1be2:	00671693          	slli	a3,a4,0x6
    1be6:	fe06dde3          	bgez	a3,1be0 <SystemInit+0xcc>
    1bea:	43d8                	lw	a4,4(a5)
    1bec:	400216b7          	lui	a3,0x40021
    1bf0:	9b71                	andi	a4,a4,-4
    1bf2:	c3d8                	sw	a4,4(a5)
    1bf4:	43d8                	lw	a4,4(a5)
    1bf6:	00276713          	ori	a4,a4,2
    1bfa:	c3d8                	sw	a4,4(a5)
    1bfc:	4721                	li	a4,8
    1bfe:	42dc                	lw	a5,4(a3)
    1c00:	8bb1                	andi	a5,a5,12
    1c02:	fee79ee3          	bne	a5,a4,1bfe <SystemInit+0xea>
    1c06:	0141                	addi	sp,sp,16
    1c08:	8082                	ret
    1c0a:	c602                	sw	zero,12(sp)
    1c0c:	bf61                	j	1ba4 <SystemInit+0x90>

00001c0e <SystemCoreClockUpdate>:
    1c0e:	400216b7          	lui	a3,0x40021
    1c12:	42d8                	lw	a4,4(a3)
    1c14:	4611                	li	a2,4
    1c16:	8b31                	andi	a4,a4,12
    1c18:	81818793          	addi	a5,gp,-2024 # 20000220 <SystemCoreClock>
    1c1c:	00c70563          	beq	a4,a2,1c26 <SystemCoreClockUpdate+0x18>
    1c20:	4621                	li	a2,8
    1c22:	02c70863          	beq	a4,a2,1c52 <SystemCoreClockUpdate+0x44>
    1c26:	007a1737          	lui	a4,0x7a1
    1c2a:	20070713          	addi	a4,a4,512 # 7a1200 <_data_lma+0x79a5f8>
    1c2e:	c398                	sw	a4,0(a5)
    1c30:	40021737          	lui	a4,0x40021
    1c34:	4358                	lw	a4,4(a4)
    1c36:	8311                	srli	a4,a4,0x4
    1c38:	00f77693          	andi	a3,a4,15
    1c3c:	20000737          	lui	a4,0x20000
    1c40:	01870713          	addi	a4,a4,24 # 20000018 <AHBPrescTable>
    1c44:	9736                	add	a4,a4,a3
    1c46:	2314                	lbu	a3,0(a4)
    1c48:	4398                	lw	a4,0(a5)
    1c4a:	00d75733          	srl	a4,a4,a3
    1c4e:	c398                	sw	a4,0(a5)
    1c50:	8082                	ret
    1c52:	42d8                	lw	a4,4(a3)
    1c54:	42d4                	lw	a3,4(a3)
    1c56:	6641                	lui	a2,0x10
    1c58:	8349                	srli	a4,a4,0x12
    1c5a:	8b3d                	andi	a4,a4,15
    1c5c:	8ef1                	and	a3,a3,a2
    1c5e:	00270613          	addi	a2,a4,2
    1c62:	cf15                	beqz	a4,1c9e <SystemCoreClockUpdate+0x90>
    1c64:	473d                	li	a4,15
    1c66:	02e60f63          	beq	a2,a4,1ca4 <SystemCoreClockUpdate+0x96>
    1c6a:	4741                	li	a4,16
    1c6c:	02e60f63          	beq	a2,a4,1caa <SystemCoreClockUpdate+0x9c>
    1c70:	4745                	li	a4,17
    1c72:	4581                	li	a1,0
    1c74:	00e61363          	bne	a2,a4,1c7a <SystemCoreClockUpdate+0x6c>
    1c78:	4641                	li	a2,16
    1c7a:	e2a1                	bnez	a3,1cba <SystemCoreClockUpdate+0xac>
    1c7c:	40024737          	lui	a4,0x40024
    1c80:	80072703          	lw	a4,-2048(a4) # 40023800 <_eusrstack+0x2001b800>
    1c84:	8b41                	andi	a4,a4,16
    1c86:	c70d                	beqz	a4,1cb0 <SystemCoreClockUpdate+0xa2>
    1c88:	007a1737          	lui	a4,0x7a1
    1c8c:	20070713          	addi	a4,a4,512 # 7a1200 <_data_lma+0x79a5f8>
    1c90:	02c70633          	mul	a2,a4,a2
    1c94:	c390                	sw	a2,0(a5)
    1c96:	ddc9                	beqz	a1,1c30 <SystemCoreClockUpdate+0x22>
    1c98:	4398                	lw	a4,0(a5)
    1c9a:	8305                	srli	a4,a4,0x1
    1c9c:	bf49                	j	1c2e <SystemCoreClockUpdate+0x20>
    1c9e:	4581                	li	a1,0
    1ca0:	4649                	li	a2,18
    1ca2:	bfe1                	j	1c7a <SystemCoreClockUpdate+0x6c>
    1ca4:	4585                	li	a1,1
    1ca6:	4635                	li	a2,13
    1ca8:	bfc9                	j	1c7a <SystemCoreClockUpdate+0x6c>
    1caa:	4581                	li	a1,0
    1cac:	463d                	li	a2,15
    1cae:	b7f1                	j	1c7a <SystemCoreClockUpdate+0x6c>
    1cb0:	003d1737          	lui	a4,0x3d1
    1cb4:	90070713          	addi	a4,a4,-1792 # 3d0900 <_data_lma+0x3c9cf8>
    1cb8:	bfe1                	j	1c90 <SystemCoreClockUpdate+0x82>
    1cba:	40021537          	lui	a0,0x40021
    1cbe:	5558                	lw	a4,44(a0)
    1cc0:	00f71693          	slli	a3,a4,0xf
    1cc4:	5558                	lw	a4,44(a0)
    1cc6:	0406df63          	bgez	a3,1d24 <SystemCoreClockUpdate+0x116>
    1cca:	8311                	srli	a4,a4,0x4
    1ccc:	8b3d                	andi	a4,a4,15
    1cce:	00170693          	addi	a3,a4,1
    1cd2:	007a1737          	lui	a4,0x7a1
    1cd6:	20070713          	addi	a4,a4,512 # 7a1200 <_data_lma+0x79a5f8>
    1cda:	02d75733          	divu	a4,a4,a3
    1cde:	c398                	sw	a4,0(a5)
    1ce0:	5554                	lw	a3,44(a0)
    1ce2:	82a1                	srli	a3,a3,0x8
    1ce4:	8abd                	andi	a3,a3,15
    1ce6:	e28d                	bnez	a3,1d08 <SystemCoreClockUpdate+0xfa>
    1ce8:	4695                	li	a3,5
    1cea:	02d70733          	mul	a4,a4,a3
    1cee:	8305                	srli	a4,a4,0x1
    1cf0:	c398                	sw	a4,0(a5)
    1cf2:	40021737          	lui	a4,0x40021
    1cf6:	5758                	lw	a4,44(a4)
    1cf8:	4394                	lw	a3,0(a5)
    1cfa:	8b3d                	andi	a4,a4,15
    1cfc:	0705                	addi	a4,a4,1
    1cfe:	02e6d733          	divu	a4,a3,a4
    1d02:	c398                	sw	a4,0(a5)
    1d04:	4398                	lw	a4,0(a5)
    1d06:	b769                	j	1c90 <SystemCoreClockUpdate+0x82>
    1d08:	4505                	li	a0,1
    1d0a:	00a69463          	bne	a3,a0,1d12 <SystemCoreClockUpdate+0x104>
    1d0e:	46e5                	li	a3,25
    1d10:	bfe9                	j	1cea <SystemCoreClockUpdate+0xdc>
    1d12:	453d                	li	a0,15
    1d14:	00a69663          	bne	a3,a0,1d20 <SystemCoreClockUpdate+0x112>
    1d18:	46d1                	li	a3,20
    1d1a:	02e68733          	mul	a4,a3,a4
    1d1e:	bfc9                	j	1cf0 <SystemCoreClockUpdate+0xe2>
    1d20:	0689                	addi	a3,a3,2
    1d22:	bfe5                	j	1d1a <SystemCoreClockUpdate+0x10c>
    1d24:	8b3d                	andi	a4,a4,15
    1d26:	00170693          	addi	a3,a4,1 # 40021001 <_eusrstack+0x20019001>
    1d2a:	007a1737          	lui	a4,0x7a1
    1d2e:	20070713          	addi	a4,a4,512 # 7a1200 <_data_lma+0x79a5f8>
    1d32:	02d75733          	divu	a4,a4,a3
    1d36:	b7f1                	j	1d02 <SystemCoreClockUpdate+0xf4>

00001d38 <ADC1_2_IRQHandler>:
    1d38:	a001                	j	1d38 <ADC1_2_IRQHandler>

00001d3a <handle_reset>:
    1d3a:	1ffff197          	auipc	gp,0x1ffff
    1d3e:	cce18193          	addi	gp,gp,-818 # 20000a08 <__global_pointer$>
    1d42:	20006117          	auipc	sp,0x20006
    1d46:	2be10113          	addi	sp,sp,702 # 20008000 <_eusrstack>
    1d4a:	00005517          	auipc	a0,0x5
    1d4e:	ebe50513          	addi	a0,a0,-322 # 6c08 <_data_lma>
    1d52:	1fffe597          	auipc	a1,0x1fffe
    1d56:	2ae58593          	addi	a1,a1,686 # 20000000 <_data_vma>
    1d5a:	83018613          	addi	a2,gp,-2000 # 20000238 <_edata>
    1d5e:	00c5fa63          	bgeu	a1,a2,1d72 <handle_reset+0x38>
    1d62:	00052283          	lw	t0,0(a0)
    1d66:	0055a023          	sw	t0,0(a1)
    1d6a:	0511                	addi	a0,a0,4
    1d6c:	0591                	addi	a1,a1,4
    1d6e:	fec5eae3          	bltu	a1,a2,1d62 <handle_reset+0x28>
    1d72:	83018513          	addi	a0,gp,-2000 # 20000238 <_edata>
    1d76:	d1818593          	addi	a1,gp,-744 # 20000720 <_ebss>
    1d7a:	00b57763          	bgeu	a0,a1,1d88 <handle_reset+0x4e>
    1d7e:	00052023          	sw	zero,0(a0)
    1d82:	0511                	addi	a0,a0,4
    1d84:	feb56de3          	bltu	a0,a1,1d7e <handle_reset+0x44>
    1d88:	42fd                	li	t0,31
    1d8a:	bc029073          	csrw	0xbc0,t0
    1d8e:	42ad                	li	t0,11
    1d90:	80429073          	csrw	0x804,t0
    1d94:	000062b7          	lui	t0,0x6
    1d98:	08828293          	addi	t0,t0,136 # 6088 <__locale_ctype_ptr_l+0x4>
    1d9c:	30029073          	csrw	mstatus,t0
    1da0:	ffffe297          	auipc	t0,0xffffe
    1da4:	26428293          	addi	t0,t0,612 # 4 <_einit>
    1da8:	0032e293          	ori	t0,t0,3
    1dac:	30529073          	csrw	mtvec,t0
    1db0:	d65ff0ef          	jal	ra,1b14 <SystemInit>
    1db4:	00000297          	auipc	t0,0x0
    1db8:	c5e28293          	addi	t0,t0,-930 # 1a12 <main>
    1dbc:	34129073          	csrw	mepc,t0
    1dc0:	30200073          	mret

00001dc4 <GPIO_Init>:
    1dc4:	459c                	lw	a5,8(a1)
    1dc6:	0107f713          	andi	a4,a5,16
    1dca:	00f7f813          	andi	a6,a5,15
    1dce:	c701                	beqz	a4,1dd6 <GPIO_Init+0x12>
    1dd0:	41d8                	lw	a4,4(a1)
    1dd2:	00e86833          	or	a6,a6,a4
    1dd6:	218e                	lhu	a1,0(a1)
    1dd8:	0ff5f713          	andi	a4,a1,255
    1ddc:	c339                	beqz	a4,1e22 <GPIO_Init+0x5e>
    1dde:	4118                	lw	a4,0(a0)
    1de0:	4681                	li	a3,0
    1de2:	4e85                	li	t4,1
    1de4:	4f3d                	li	t5,15
    1de6:	02800f93          	li	t6,40
    1dea:	04800293          	li	t0,72
    1dee:	4e21                	li	t3,8
    1df0:	00de9633          	sll	a2,t4,a3
    1df4:	00c5f8b3          	and	a7,a1,a2
    1df8:	03161163          	bne	a2,a7,1e1a <GPIO_Init+0x56>
    1dfc:	00269893          	slli	a7,a3,0x2
    1e00:	011f1333          	sll	t1,t5,a7
    1e04:	fff34313          	not	t1,t1
    1e08:	00e37733          	and	a4,t1,a4
    1e0c:	011818b3          	sll	a7,a6,a7
    1e10:	00e8e733          	or	a4,a7,a4
    1e14:	05f79f63          	bne	a5,t6,1e72 <GPIO_Init+0xae>
    1e18:	c950                	sw	a2,20(a0)
    1e1a:	0685                	addi	a3,a3,1
    1e1c:	fdc69ae3          	bne	a3,t3,1df0 <GPIO_Init+0x2c>
    1e20:	c118                	sw	a4,0(a0)
    1e22:	0ff00713          	li	a4,255
    1e26:	04b77563          	bgeu	a4,a1,1e70 <GPIO_Init+0xac>
    1e2a:	4154                	lw	a3,4(a0)
    1e2c:	4621                	li	a2,8
    1e2e:	4e85                	li	t4,1
    1e30:	4f3d                	li	t5,15
    1e32:	02800f93          	li	t6,40
    1e36:	04800293          	li	t0,72
    1e3a:	4e41                	li	t3,16
    1e3c:	00ce98b3          	sll	a7,t4,a2
    1e40:	0115f733          	and	a4,a1,a7
    1e44:	02e89263          	bne	a7,a4,1e68 <GPIO_Init+0xa4>
    1e48:	00261713          	slli	a4,a2,0x2
    1e4c:	1701                	addi	a4,a4,-32
    1e4e:	00ef1333          	sll	t1,t5,a4
    1e52:	fff34313          	not	t1,t1
    1e56:	00d376b3          	and	a3,t1,a3
    1e5a:	00e81733          	sll	a4,a6,a4
    1e5e:	8ed9                	or	a3,a3,a4
    1e60:	01f79d63          	bne	a5,t6,1e7a <GPIO_Init+0xb6>
    1e64:	01152a23          	sw	a7,20(a0)
    1e68:	0605                	addi	a2,a2,1
    1e6a:	fdc619e3          	bne	a2,t3,1e3c <GPIO_Init+0x78>
    1e6e:	c154                	sw	a3,4(a0)
    1e70:	8082                	ret
    1e72:	fa5794e3          	bne	a5,t0,1e1a <GPIO_Init+0x56>
    1e76:	c910                	sw	a2,16(a0)
    1e78:	b74d                	j	1e1a <GPIO_Init+0x56>
    1e7a:	fe5797e3          	bne	a5,t0,1e68 <GPIO_Init+0xa4>
    1e7e:	01152823          	sw	a7,16(a0)
    1e82:	b7dd                	j	1e68 <GPIO_Init+0xa4>

00001e84 <GPIO_ResetBits>:
    1e84:	c94c                	sw	a1,20(a0)
    1e86:	8082                	ret

00001e88 <GPIO_WriteBit>:
    1e88:	c219                	beqz	a2,1e8e <GPIO_WriteBit+0x6>
    1e8a:	c90c                	sw	a1,16(a0)
    1e8c:	8082                	ret
    1e8e:	c94c                	sw	a1,20(a0)
    1e90:	8082                	ret

00001e92 <NVIC_PriorityGroupConfig>:
    1e92:	8aa1a223          	sw	a0,-1884(gp) # 200002ac <NVIC_Priority_Group>
    1e96:	8082                	ret

00001e98 <NVIC_Init>:
    1e98:	8a41a703          	lw	a4,-1884(gp) # 200002ac <NVIC_Priority_Group>
    1e9c:	4789                	li	a5,2
    1e9e:	2110                	lbu	a2,0(a0)
    1ea0:	02f71163          	bne	a4,a5,1ec2 <NVIC_Init+0x2a>
    1ea4:	3114                	lbu	a3,1(a0)
    1ea6:	478d                	li	a5,3
    1ea8:	00d7ed63          	bltu	a5,a3,1ec2 <NVIC_Init+0x2a>
    1eac:	213c                	lbu	a5,2(a0)
    1eae:	069a                	slli	a3,a3,0x6
    1eb0:	e000e737          	lui	a4,0xe000e
    1eb4:	0796                	slli	a5,a5,0x5
    1eb6:	8fd5                	or	a5,a5,a3
    1eb8:	0ff7f793          	andi	a5,a5,255
    1ebc:	9732                	add	a4,a4,a2
    1ebe:	40f70023          	sb	a5,1024(a4) # e000e400 <_eusrstack+0xc0006400>
    1ec2:	4154                	lw	a3,4(a0)
    1ec4:	4705                	li	a4,1
    1ec6:	00565793          	srli	a5,a2,0x5
    1eca:	00c71733          	sll	a4,a4,a2
    1ece:	ca89                	beqz	a3,1ee0 <NVIC_Init+0x48>
    1ed0:	04078793          	addi	a5,a5,64 # 40021040 <_eusrstack+0x20019040>
    1ed4:	078a                	slli	a5,a5,0x2
    1ed6:	e000e6b7          	lui	a3,0xe000e
    1eda:	97b6                	add	a5,a5,a3
    1edc:	c398                	sw	a4,0(a5)
    1ede:	8082                	ret
    1ee0:	06078793          	addi	a5,a5,96
    1ee4:	e000e6b7          	lui	a3,0xe000e
    1ee8:	078a                	slli	a5,a5,0x2
    1eea:	97b6                	add	a5,a5,a3
    1eec:	c398                	sw	a4,0(a5)
    1eee:	0000100f          	fence.i
    1ef2:	8082                	ret

00001ef4 <RCC_GetClocksFreq>:
    1ef4:	40021737          	lui	a4,0x40021
    1ef8:	435c                	lw	a5,4(a4)
    1efa:	4691                	li	a3,4
    1efc:	8bb1                	andi	a5,a5,12
    1efe:	00d78563          	beq	a5,a3,1f08 <RCC_GetClocksFreq+0x14>
    1f02:	46a1                	li	a3,8
    1f04:	06d78263          	beq	a5,a3,1f68 <RCC_GetClocksFreq+0x74>
    1f08:	007a17b7          	lui	a5,0x7a1
    1f0c:	20078793          	addi	a5,a5,512 # 7a1200 <_data_lma+0x79a5f8>
    1f10:	c11c                	sw	a5,0(a0)
    1f12:	40021637          	lui	a2,0x40021
    1f16:	425c                	lw	a5,4(a2)
    1f18:	20000737          	lui	a4,0x20000
    1f1c:	02870713          	addi	a4,a4,40 # 20000028 <APBAHBPrescTable>
    1f20:	8391                	srli	a5,a5,0x4
    1f22:	8bbd                	andi	a5,a5,15
    1f24:	97ba                	add	a5,a5,a4
    1f26:	2394                	lbu	a3,0(a5)
    1f28:	411c                	lw	a5,0(a0)
    1f2a:	00d7d7b3          	srl	a5,a5,a3
    1f2e:	c15c                	sw	a5,4(a0)
    1f30:	4254                	lw	a3,4(a2)
    1f32:	82a1                	srli	a3,a3,0x8
    1f34:	8a9d                	andi	a3,a3,7
    1f36:	96ba                	add	a3,a3,a4
    1f38:	2294                	lbu	a3,0(a3)
    1f3a:	00d7d6b3          	srl	a3,a5,a3
    1f3e:	c514                	sw	a3,8(a0)
    1f40:	4254                	lw	a3,4(a2)
    1f42:	82ad                	srli	a3,a3,0xb
    1f44:	8a9d                	andi	a3,a3,7
    1f46:	9736                	add	a4,a4,a3
    1f48:	2318                	lbu	a4,0(a4)
    1f4a:	00e7d7b3          	srl	a5,a5,a4
    1f4e:	c55c                	sw	a5,12(a0)
    1f50:	4258                	lw	a4,4(a2)
    1f52:	8339                	srli	a4,a4,0xe
    1f54:	00377693          	andi	a3,a4,3
    1f58:	81c18713          	addi	a4,gp,-2020 # 20000224 <ADCPrescTable>
    1f5c:	9736                	add	a4,a4,a3
    1f5e:	2318                	lbu	a4,0(a4)
    1f60:	02e7d7b3          	divu	a5,a5,a4
    1f64:	c91c                	sw	a5,16(a0)
    1f66:	8082                	ret
    1f68:	435c                	lw	a5,4(a4)
    1f6a:	4358                	lw	a4,4(a4)
    1f6c:	66c1                	lui	a3,0x10
    1f6e:	83c9                	srli	a5,a5,0x12
    1f70:	8f75                	and	a4,a4,a3
    1f72:	1ffff6b7          	lui	a3,0x1ffff
    1f76:	70c6a683          	lw	a3,1804(a3) # 1ffff70c <_data_lma+0x1fff8b04>
    1f7a:	8bbd                	andi	a5,a5,15
    1f7c:	0789                	addi	a5,a5,2
    1f7e:	01169613          	slli	a2,a3,0x11
    1f82:	00064863          	bltz	a2,1f92 <RCC_GetClocksFreq+0x9e>
    1f86:	46c5                	li	a3,17
    1f88:	4601                	li	a2,0
    1f8a:	02d79263          	bne	a5,a3,1fae <RCC_GetClocksFreq+0xba>
    1f8e:	47c9                	li	a5,18
    1f90:	a839                	j	1fae <RCC_GetClocksFreq+0xba>
    1f92:	4689                	li	a3,2
    1f94:	02d78f63          	beq	a5,a3,1fd2 <RCC_GetClocksFreq+0xde>
    1f98:	46bd                	li	a3,15
    1f9a:	02d78e63          	beq	a5,a3,1fd6 <RCC_GetClocksFreq+0xe2>
    1f9e:	46c1                	li	a3,16
    1fa0:	02d78e63          	beq	a5,a3,1fdc <RCC_GetClocksFreq+0xe8>
    1fa4:	46c5                	li	a3,17
    1fa6:	4601                	li	a2,0
    1fa8:	00d79363          	bne	a5,a3,1fae <RCC_GetClocksFreq+0xba>
    1fac:	47c1                	li	a5,16
    1fae:	ef1d                	bnez	a4,1fec <RCC_GetClocksFreq+0xf8>
    1fb0:	40024737          	lui	a4,0x40024
    1fb4:	80072703          	lw	a4,-2048(a4) # 40023800 <_eusrstack+0x2001b800>
    1fb8:	8b41                	andi	a4,a4,16
    1fba:	c705                	beqz	a4,1fe2 <RCC_GetClocksFreq+0xee>
    1fbc:	007a1737          	lui	a4,0x7a1
    1fc0:	20070713          	addi	a4,a4,512 # 7a1200 <_data_lma+0x79a5f8>
    1fc4:	02f707b3          	mul	a5,a4,a5
    1fc8:	c11c                	sw	a5,0(a0)
    1fca:	d621                	beqz	a2,1f12 <RCC_GetClocksFreq+0x1e>
    1fcc:	411c                	lw	a5,0(a0)
    1fce:	8385                	srli	a5,a5,0x1
    1fd0:	b781                	j	1f10 <RCC_GetClocksFreq+0x1c>
    1fd2:	4601                	li	a2,0
    1fd4:	bf6d                	j	1f8e <RCC_GetClocksFreq+0x9a>
    1fd6:	4605                	li	a2,1
    1fd8:	47b5                	li	a5,13
    1fda:	bfd1                	j	1fae <RCC_GetClocksFreq+0xba>
    1fdc:	4601                	li	a2,0
    1fde:	47bd                	li	a5,15
    1fe0:	b7f9                	j	1fae <RCC_GetClocksFreq+0xba>
    1fe2:	003d1737          	lui	a4,0x3d1
    1fe6:	90070713          	addi	a4,a4,-1792 # 3d0900 <_data_lma+0x3c9cf8>
    1fea:	bfe9                	j	1fc4 <RCC_GetClocksFreq+0xd0>
    1fec:	400215b7          	lui	a1,0x40021
    1ff0:	55d8                	lw	a4,44(a1)
    1ff2:	00f71693          	slli	a3,a4,0xf
    1ff6:	55d8                	lw	a4,44(a1)
    1ff8:	0406df63          	bgez	a3,2056 <RCC_GetClocksFreq+0x162>
    1ffc:	8311                	srli	a4,a4,0x4
    1ffe:	8b3d                	andi	a4,a4,15
    2000:	00170693          	addi	a3,a4,1
    2004:	007a1737          	lui	a4,0x7a1
    2008:	20070713          	addi	a4,a4,512 # 7a1200 <_data_lma+0x79a5f8>
    200c:	02d75733          	divu	a4,a4,a3
    2010:	c118                	sw	a4,0(a0)
    2012:	55d4                	lw	a3,44(a1)
    2014:	82a1                	srli	a3,a3,0x8
    2016:	8abd                	andi	a3,a3,15
    2018:	e28d                	bnez	a3,203a <RCC_GetClocksFreq+0x146>
    201a:	4695                	li	a3,5
    201c:	02d70733          	mul	a4,a4,a3
    2020:	8305                	srli	a4,a4,0x1
    2022:	c118                	sw	a4,0(a0)
    2024:	40021737          	lui	a4,0x40021
    2028:	5758                	lw	a4,44(a4)
    202a:	4114                	lw	a3,0(a0)
    202c:	8b3d                	andi	a4,a4,15
    202e:	0705                	addi	a4,a4,1
    2030:	02e6d733          	divu	a4,a3,a4
    2034:	c118                	sw	a4,0(a0)
    2036:	4118                	lw	a4,0(a0)
    2038:	b771                	j	1fc4 <RCC_GetClocksFreq+0xd0>
    203a:	4585                	li	a1,1
    203c:	00b69463          	bne	a3,a1,2044 <RCC_GetClocksFreq+0x150>
    2040:	46e5                	li	a3,25
    2042:	bfe9                	j	201c <RCC_GetClocksFreq+0x128>
    2044:	45bd                	li	a1,15
    2046:	00b69663          	bne	a3,a1,2052 <RCC_GetClocksFreq+0x15e>
    204a:	46d1                	li	a3,20
    204c:	02e68733          	mul	a4,a3,a4
    2050:	bfc9                	j	2022 <RCC_GetClocksFreq+0x12e>
    2052:	0689                	addi	a3,a3,2
    2054:	bfe5                	j	204c <RCC_GetClocksFreq+0x158>
    2056:	8b3d                	andi	a4,a4,15
    2058:	00170693          	addi	a3,a4,1 # 40021001 <_eusrstack+0x20019001>
    205c:	007a1737          	lui	a4,0x7a1
    2060:	20070713          	addi	a4,a4,512 # 7a1200 <_data_lma+0x79a5f8>
    2064:	02d75733          	divu	a4,a4,a3
    2068:	b7f1                	j	2034 <RCC_GetClocksFreq+0x140>

0000206a <RCC_APB2PeriphClockCmd>:
    206a:	c599                	beqz	a1,2078 <RCC_APB2PeriphClockCmd+0xe>
    206c:	40021737          	lui	a4,0x40021
    2070:	4f1c                	lw	a5,24(a4)
    2072:	8d5d                	or	a0,a0,a5
    2074:	cf08                	sw	a0,24(a4)
    2076:	8082                	ret
    2078:	400217b7          	lui	a5,0x40021
    207c:	4f98                	lw	a4,24(a5)
    207e:	fff54513          	not	a0,a0
    2082:	8d79                	and	a0,a0,a4
    2084:	cf88                	sw	a0,24(a5)
    2086:	8082                	ret

00002088 <RCC_APB1PeriphClockCmd>:
    2088:	c599                	beqz	a1,2096 <RCC_APB1PeriphClockCmd+0xe>
    208a:	40021737          	lui	a4,0x40021
    208e:	4f5c                	lw	a5,28(a4)
    2090:	8d5d                	or	a0,a0,a5
    2092:	cf48                	sw	a0,28(a4)
    2094:	8082                	ret
    2096:	400217b7          	lui	a5,0x40021
    209a:	4fd8                	lw	a4,28(a5)
    209c:	fff54513          	not	a0,a0
    20a0:	8d79                	and	a0,a0,a4
    20a2:	cfc8                	sw	a0,28(a5)
    20a4:	8082                	ret

000020a6 <TI1_Config>:
    20a6:	311e                	lhu	a5,32(a0)
    20a8:	0692                	slli	a3,a3,0x4
    20aa:	8e55                	or	a2,a2,a3
    20ac:	07c2                	slli	a5,a5,0x10
    20ae:	83c1                	srli	a5,a5,0x10
    20b0:	9bf9                	andi	a5,a5,-2
    20b2:	07c2                	slli	a5,a5,0x10
    20b4:	83c1                	srli	a5,a5,0x10
    20b6:	b11e                	sh	a5,32(a0)
    20b8:	2d1a                	lhu	a4,24(a0)
    20ba:	311e                	lhu	a5,32(a0)
    20bc:	0742                	slli	a4,a4,0x10
    20be:	8341                	srli	a4,a4,0x10
    20c0:	07c2                	slli	a5,a5,0x10
    20c2:	f0c77713          	andi	a4,a4,-244
    20c6:	83c1                	srli	a5,a5,0x10
    20c8:	8f51                	or	a4,a4,a2
    20ca:	0742                	slli	a4,a4,0x10
    20cc:	9bf5                	andi	a5,a5,-3
    20ce:	8341                	srli	a4,a4,0x10
    20d0:	8fcd                	or	a5,a5,a1
    20d2:	0017e793          	ori	a5,a5,1
    20d6:	ad1a                	sh	a4,24(a0)
    20d8:	b11e                	sh	a5,32(a0)
    20da:	8082                	ret

000020dc <TI2_Config>:
    20dc:	311e                	lhu	a5,32(a0)
    20de:	06b2                	slli	a3,a3,0xc
    20e0:	0622                	slli	a2,a2,0x8
    20e2:	07c2                	slli	a5,a5,0x10
    20e4:	83c1                	srli	a5,a5,0x10
    20e6:	9bbd                	andi	a5,a5,-17
    20e8:	07c2                	slli	a5,a5,0x10
    20ea:	83c1                	srli	a5,a5,0x10
    20ec:	b11e                	sh	a5,32(a0)
    20ee:	01855803          	lhu	a6,24(a0)
    20f2:	311a                	lhu	a4,32(a0)
    20f4:	6785                	lui	a5,0x1
    20f6:	cff78793          	addi	a5,a5,-769 # cff <HMI_task+0x2ab>
    20fa:	0742                	slli	a4,a4,0x10
    20fc:	8341                	srli	a4,a4,0x10
    20fe:	0107f7b3          	and	a5,a5,a6
    2102:	8ed1                	or	a3,a3,a2
    2104:	0592                	slli	a1,a1,0x4
    2106:	fdf77713          	andi	a4,a4,-33
    210a:	8fd5                	or	a5,a5,a3
    210c:	8dd9                	or	a1,a1,a4
    210e:	07c2                	slli	a5,a5,0x10
    2110:	05c2                	slli	a1,a1,0x10
    2112:	83c1                	srli	a5,a5,0x10
    2114:	81c1                	srli	a1,a1,0x10
    2116:	0105e593          	ori	a1,a1,16
    211a:	ad1e                	sh	a5,24(a0)
    211c:	b10e                	sh	a1,32(a0)
    211e:	8082                	ret

00002120 <TIM_TimeBaseInit>:
    2120:	1ffff737          	lui	a4,0x1ffff
    2124:	70472703          	lw	a4,1796(a4) # 1ffff704 <_data_lma+0x1fff8afc>
    2128:	211e                	lhu	a5,0(a0)
    212a:	4691                	li	a3,4
    212c:	8311                	srli	a4,a4,0x4
    212e:	8b3d                	andi	a4,a4,15
    2130:	07c2                	slli	a5,a5,0x10
    2132:	1771                	addi	a4,a4,-4
    2134:	83c1                	srli	a5,a5,0x10
    2136:	02e6e663          	bltu	a3,a4,2162 <TIM_TimeBaseInit+0x42>
    213a:	40013737          	lui	a4,0x40013
    213e:	c0070693          	addi	a3,a4,-1024 # 40012c00 <_eusrstack+0x2000ac00>
    2142:	00d50e63          	beq	a0,a3,215e <TIM_TimeBaseInit+0x3e>
    2146:	40070713          	addi	a4,a4,1024
    214a:	00e50a63          	beq	a0,a4,215e <TIM_TimeBaseInit+0x3e>
    214e:	40015737          	lui	a4,0x40015
    2152:	c0070693          	addi	a3,a4,-1024 # 40014c00 <_eusrstack+0x2000cc00>
    2156:	00d50463          	beq	a0,a3,215e <TIM_TimeBaseInit+0x3e>
    215a:	00e51a63          	bne	a0,a4,216e <TIM_TimeBaseInit+0x4e>
    215e:	6709                	lui	a4,0x2
    2160:	8fd9                	or	a5,a5,a4
    2162:	40013737          	lui	a4,0x40013
    2166:	c0070713          	addi	a4,a4,-1024 # 40012c00 <_eusrstack+0x2000ac00>
    216a:	04e50263          	beq	a0,a4,21ae <TIM_TimeBaseInit+0x8e>
    216e:	40000737          	lui	a4,0x40000
    2172:	02e50e63          	beq	a0,a4,21ae <TIM_TimeBaseInit+0x8e>
    2176:	40070713          	addi	a4,a4,1024 # 40000400 <_eusrstack+0x1fff8400>
    217a:	02e50a63          	beq	a0,a4,21ae <TIM_TimeBaseInit+0x8e>
    217e:	40001737          	lui	a4,0x40001
    2182:	80070693          	addi	a3,a4,-2048 # 40000800 <_eusrstack+0x1fff8800>
    2186:	02d50463          	beq	a0,a3,21ae <TIM_TimeBaseInit+0x8e>
    218a:	c0070713          	addi	a4,a4,-1024
    218e:	02e50063          	beq	a0,a4,21ae <TIM_TimeBaseInit+0x8e>
    2192:	40013737          	lui	a4,0x40013
    2196:	40070713          	addi	a4,a4,1024 # 40013400 <_eusrstack+0x2000b400>
    219a:	00e50a63          	beq	a0,a4,21ae <TIM_TimeBaseInit+0x8e>
    219e:	40015737          	lui	a4,0x40015
    21a2:	c0070693          	addi	a3,a4,-1024 # 40014c00 <_eusrstack+0x2000cc00>
    21a6:	00d50463          	beq	a0,a3,21ae <TIM_TimeBaseInit+0x8e>
    21aa:	00e51863          	bne	a0,a4,21ba <TIM_TimeBaseInit+0x9a>
    21ae:	f8f7f793          	andi	a5,a5,-113
    21b2:	21ba                	lhu	a4,2(a1)
    21b4:	07c2                	slli	a5,a5,0x10
    21b6:	83c1                	srli	a5,a5,0x10
    21b8:	8fd9                	or	a5,a5,a4
    21ba:	40001737          	lui	a4,0x40001
    21be:	00e50c63          	beq	a0,a4,21d6 <TIM_TimeBaseInit+0xb6>
    21c2:	40070713          	addi	a4,a4,1024 # 40001400 <_eusrstack+0x1fff9400>
    21c6:	00e50863          	beq	a0,a4,21d6 <TIM_TimeBaseInit+0xb6>
    21ca:	cff7f793          	andi	a5,a5,-769
    21ce:	21fa                	lhu	a4,6(a1)
    21d0:	07c2                	slli	a5,a5,0x10
    21d2:	83c1                	srli	a5,a5,0x10
    21d4:	8fd9                	or	a5,a5,a4
    21d6:	a11e                	sh	a5,0(a0)
    21d8:	21de                	lhu	a5,4(a1)
    21da:	b55e                	sh	a5,44(a0)
    21dc:	219e                	lhu	a5,0(a1)
    21de:	b51e                	sh	a5,40(a0)
    21e0:	400137b7          	lui	a5,0x40013
    21e4:	c0078713          	addi	a4,a5,-1024 # 40012c00 <_eusrstack+0x2000ac00>
    21e8:	00e50e63          	beq	a0,a4,2204 <TIM_TimeBaseInit+0xe4>
    21ec:	40078793          	addi	a5,a5,1024
    21f0:	00f50a63          	beq	a0,a5,2204 <TIM_TimeBaseInit+0xe4>
    21f4:	400157b7          	lui	a5,0x40015
    21f8:	c0078713          	addi	a4,a5,-1024 # 40014c00 <_eusrstack+0x2000cc00>
    21fc:	00e50463          	beq	a0,a4,2204 <TIM_TimeBaseInit+0xe4>
    2200:	00f51463          	bne	a0,a5,2208 <TIM_TimeBaseInit+0xe8>
    2204:	259c                	lbu	a5,8(a1)
    2206:	b91e                	sh	a5,48(a0)
    2208:	4785                	li	a5,1
    220a:	a95e                	sh	a5,20(a0)
    220c:	8082                	ret

0000220e <TIM_Cmd>:
    220e:	211e                	lhu	a5,0(a0)
    2210:	c589                	beqz	a1,221a <TIM_Cmd+0xc>
    2212:	0017e793          	ori	a5,a5,1
    2216:	a11e                	sh	a5,0(a0)
    2218:	8082                	ret
    221a:	07c2                	slli	a5,a5,0x10
    221c:	83c1                	srli	a5,a5,0x10
    221e:	9bf9                	andi	a5,a5,-2
    2220:	07c2                	slli	a5,a5,0x10
    2222:	83c1                	srli	a5,a5,0x10
    2224:	bfcd                	j	2216 <TIM_Cmd+0x8>

00002226 <TIM_ITConfig>:
    2226:	255e                	lhu	a5,12(a0)
    2228:	c601                	beqz	a2,2230 <TIM_ITConfig+0xa>
    222a:	8ddd                	or	a1,a1,a5
    222c:	a54e                	sh	a1,12(a0)
    222e:	8082                	ret
    2230:	fff5c593          	not	a1,a1
    2234:	8dfd                	and	a1,a1,a5
    2236:	bfdd                	j	222c <TIM_ITConfig+0x6>

00002238 <TIM_SelectInputTrigger>:
    2238:	251e                	lhu	a5,8(a0)
    223a:	07c2                	slli	a5,a5,0x10
    223c:	83c1                	srli	a5,a5,0x10
    223e:	f8f7f793          	andi	a5,a5,-113
    2242:	8ddd                	or	a1,a1,a5
    2244:	a50e                	sh	a1,8(a0)
    2246:	8082                	ret

00002248 <TIM_SelectSlaveMode>:
    2248:	251e                	lhu	a5,8(a0)
    224a:	07c2                	slli	a5,a5,0x10
    224c:	83c1                	srli	a5,a5,0x10
    224e:	9be1                	andi	a5,a5,-8
    2250:	07c2                	slli	a5,a5,0x10
    2252:	83c1                	srli	a5,a5,0x10
    2254:	a51e                	sh	a5,8(a0)
    2256:	251e                	lhu	a5,8(a0)
    2258:	8ddd                	or	a1,a1,a5
    225a:	a50e                	sh	a1,8(a0)
    225c:	8082                	ret

0000225e <TIM_SelectMasterSlaveMode>:
    225e:	251e                	lhu	a5,8(a0)
    2260:	07c2                	slli	a5,a5,0x10
    2262:	83c1                	srli	a5,a5,0x10
    2264:	f7f7f793          	andi	a5,a5,-129
    2268:	07c2                	slli	a5,a5,0x10
    226a:	83c1                	srli	a5,a5,0x10
    226c:	a51e                	sh	a5,8(a0)
    226e:	251e                	lhu	a5,8(a0)
    2270:	8ddd                	or	a1,a1,a5
    2272:	a50e                	sh	a1,8(a0)
    2274:	8082                	ret

00002276 <TIM_SetIC1Prescaler>:
    2276:	2d1e                	lhu	a5,24(a0)
    2278:	07c2                	slli	a5,a5,0x10
    227a:	83c1                	srli	a5,a5,0x10
    227c:	9bcd                	andi	a5,a5,-13
    227e:	07c2                	slli	a5,a5,0x10
    2280:	83c1                	srli	a5,a5,0x10
    2282:	ad1e                	sh	a5,24(a0)
    2284:	2d1e                	lhu	a5,24(a0)
    2286:	8ddd                	or	a1,a1,a5
    2288:	ad0e                	sh	a1,24(a0)
    228a:	8082                	ret

0000228c <TIM_SetIC2Prescaler>:
    228c:	2d1a                	lhu	a4,24(a0)
    228e:	77fd                	lui	a5,0xfffff
    2290:	3ff78793          	addi	a5,a5,1023 # fffff3ff <_eusrstack+0xdfff73ff>
    2294:	8ff9                	and	a5,a5,a4
    2296:	ad1e                	sh	a5,24(a0)
    2298:	2d1e                	lhu	a5,24(a0)
    229a:	05a2                	slli	a1,a1,0x8
    229c:	8ddd                	or	a1,a1,a5
    229e:	05c2                	slli	a1,a1,0x10
    22a0:	81c1                	srli	a1,a1,0x10
    22a2:	ad0e                	sh	a1,24(a0)
    22a4:	8082                	ret

000022a6 <TIM_PWMIConfig>:
    22a6:	f31fd2ef          	jal	t0,1d6 <__riscv_save_4>
    22aa:	842e                	mv	s0,a1
    22ac:	21ae                	lhu	a1,2(a1)
    22ae:	2052                	lhu	a2,4(s0)
    22b0:	4785                	li	a5,1
    22b2:	0015b913          	seqz	s2,a1
    22b6:	84aa                	mv	s1,a0
    22b8:	0906                	slli	s2,s2,0x1
    22ba:	4985                	li	s3,1
    22bc:	00f61363          	bne	a2,a5,22c2 <TIM_PWMIConfig+0x1c>
    22c0:	4989                	li	s3,2
    22c2:	201e                	lhu	a5,0(s0)
    22c4:	2416                	lhu	a3,8(s0)
    22c6:	8526                	mv	a0,s1
    22c8:	e39d                	bnez	a5,22ee <TIM_PWMIConfig+0x48>
    22ca:	dddff0ef          	jal	ra,20a6 <TI1_Config>
    22ce:	206e                	lhu	a1,6(s0)
    22d0:	8526                	mv	a0,s1
    22d2:	fa5ff0ef          	jal	ra,2276 <TIM_SetIC1Prescaler>
    22d6:	2416                	lhu	a3,8(s0)
    22d8:	85ca                	mv	a1,s2
    22da:	8526                	mv	a0,s1
    22dc:	864e                	mv	a2,s3
    22de:	dffff0ef          	jal	ra,20dc <TI2_Config>
    22e2:	206e                	lhu	a1,6(s0)
    22e4:	8526                	mv	a0,s1
    22e6:	fa7ff0ef          	jal	ra,228c <TIM_SetIC2Prescaler>
    22ea:	f21fd06f          	j	20a <__riscv_restore_4>
    22ee:	defff0ef          	jal	ra,20dc <TI2_Config>
    22f2:	206e                	lhu	a1,6(s0)
    22f4:	8526                	mv	a0,s1
    22f6:	f97ff0ef          	jal	ra,228c <TIM_SetIC2Prescaler>
    22fa:	2416                	lhu	a3,8(s0)
    22fc:	85ca                	mv	a1,s2
    22fe:	8526                	mv	a0,s1
    2300:	864e                	mv	a2,s3
    2302:	da5ff0ef          	jal	ra,20a6 <TI1_Config>
    2306:	206e                	lhu	a1,6(s0)
    2308:	8526                	mv	a0,s1
    230a:	f6dff0ef          	jal	ra,2276 <TIM_SetIC1Prescaler>
    230e:	bff1                	j	22ea <TIM_PWMIConfig+0x44>

00002310 <TIM_GetCapture1>:
    2310:	394a                	lhu	a0,52(a0)
    2312:	8082                	ret

00002314 <TIM_GetITStatus>:
    2314:	291e                	lhu	a5,16(a0)
    2316:	254a                	lhu	a0,12(a0)
    2318:	8fed                	and	a5,a5,a1
    231a:	0542                	slli	a0,a0,0x10
    231c:	8141                	srli	a0,a0,0x10
    231e:	c789                	beqz	a5,2328 <TIM_GetITStatus+0x14>
    2320:	8d6d                	and	a0,a0,a1
    2322:	00a03533          	snez	a0,a0
    2326:	8082                	ret
    2328:	4501                	li	a0,0
    232a:	8082                	ret

0000232c <TIM_ClearITPendingBit>:
    232c:	fff5c593          	not	a1,a1
    2330:	05c2                	slli	a1,a1,0x10
    2332:	81c1                	srli	a1,a1,0x10
    2334:	a90e                	sh	a1,16(a0)
    2336:	8082                	ret

00002338 <USART_Init>:
    2338:	eb9fd2ef          	jal	t0,1f0 <__riscv_save_0>
    233c:	2916                	lhu	a3,16(a0)
    233e:	77f5                	lui	a5,0xffffd
    2340:	17fd                	addi	a5,a5,-1
    2342:	8ff5                	and	a5,a5,a3
    2344:	21f6                	lhu	a3,6(a1)
    2346:	25da                	lhu	a4,12(a1)
    2348:	7179                	addi	sp,sp,-48
    234a:	8fd5                	or	a5,a5,a3
    234c:	a91e                	sh	a5,16(a0)
    234e:	2556                	lhu	a3,12(a0)
    2350:	77fd                	lui	a5,0xfffff
    2352:	9f378793          	addi	a5,a5,-1549 # ffffe9f3 <_eusrstack+0xdfff69f3>
    2356:	8ff5                	and	a5,a5,a3
    2358:	21d6                	lhu	a3,4(a1)
    235a:	842a                	mv	s0,a0
    235c:	c62e                	sw	a1,12(sp)
    235e:	8fd5                	or	a5,a5,a3
    2360:	2596                	lhu	a3,8(a1)
    2362:	8fd5                	or	a5,a5,a3
    2364:	25b6                	lhu	a3,10(a1)
    2366:	8fd5                	or	a5,a5,a3
    2368:	a55e                	sh	a5,12(a0)
    236a:	295e                	lhu	a5,20(a0)
    236c:	07c2                	slli	a5,a5,0x10
    236e:	83c1                	srli	a5,a5,0x10
    2370:	cff7f793          	andi	a5,a5,-769
    2374:	8fd9                	or	a5,a5,a4
    2376:	a95e                	sh	a5,20(a0)
    2378:	0868                	addi	a0,sp,28
    237a:	b7bff0ef          	jal	ra,1ef4 <RCC_GetClocksFreq>
    237e:	400147b7          	lui	a5,0x40014
    2382:	80078793          	addi	a5,a5,-2048 # 40013800 <_eusrstack+0x2000b800>
    2386:	45b2                	lw	a1,12(sp)
    2388:	02f41e63          	bne	s0,a5,23c4 <USART_Init+0x8c>
    238c:	57a2                	lw	a5,40(sp)
    238e:	4765                	li	a4,25
    2390:	02e787b3          	mul	a5,a5,a4
    2394:	4198                	lw	a4,0(a1)
    2396:	06400693          	li	a3,100
    239a:	070a                	slli	a4,a4,0x2
    239c:	02e7d7b3          	divu	a5,a5,a4
    23a0:	02d7d733          	divu	a4,a5,a3
    23a4:	02d7f7b3          	remu	a5,a5,a3
    23a8:	0712                	slli	a4,a4,0x4
    23aa:	0792                	slli	a5,a5,0x4
    23ac:	03278793          	addi	a5,a5,50
    23b0:	02d7d7b3          	divu	a5,a5,a3
    23b4:	8bbd                	andi	a5,a5,15
    23b6:	8fd9                	or	a5,a5,a4
    23b8:	07c2                	slli	a5,a5,0x10
    23ba:	83c1                	srli	a5,a5,0x10
    23bc:	a41e                	sh	a5,8(s0)
    23be:	6145                	addi	sp,sp,48
    23c0:	e55fd06f          	j	214 <__riscv_restore_0>
    23c4:	5792                	lw	a5,36(sp)
    23c6:	b7e1                	j	238e <USART_Init+0x56>

000023c8 <USART_Cmd>:
    23c8:	c591                	beqz	a1,23d4 <USART_Cmd+0xc>
    23ca:	255e                	lhu	a5,12(a0)
    23cc:	6709                	lui	a4,0x2
    23ce:	8fd9                	or	a5,a5,a4
    23d0:	a55e                	sh	a5,12(a0)
    23d2:	8082                	ret
    23d4:	255a                	lhu	a4,12(a0)
    23d6:	77f9                	lui	a5,0xffffe
    23d8:	17fd                	addi	a5,a5,-1
    23da:	8ff9                	and	a5,a5,a4
    23dc:	bfd5                	j	23d0 <USART_Cmd+0x8>

000023de <USART_ITConfig>:
    23de:	0ff5f713          	andi	a4,a1,255
    23e2:	4785                	li	a5,1
    23e4:	8315                	srli	a4,a4,0x5
    23e6:	00b795b3          	sll	a1,a5,a1
    23ea:	00f71963          	bne	a4,a5,23fc <USART_ITConfig+0x1e>
    23ee:	00c50793          	addi	a5,a0,12
    23f2:	4398                	lw	a4,0(a5)
    23f4:	ce01                	beqz	a2,240c <USART_ITConfig+0x2e>
    23f6:	8dd9                	or	a1,a1,a4
    23f8:	c38c                	sw	a1,0(a5)
    23fa:	8082                	ret
    23fc:	4689                	li	a3,2
    23fe:	01450793          	addi	a5,a0,20
    2402:	fed718e3          	bne	a4,a3,23f2 <USART_ITConfig+0x14>
    2406:	01050793          	addi	a5,a0,16
    240a:	b7e5                	j	23f2 <USART_ITConfig+0x14>
    240c:	fff5c593          	not	a1,a1
    2410:	8df9                	and	a1,a1,a4
    2412:	b7dd                	j	23f8 <USART_ITConfig+0x1a>

00002414 <USART_SendData>:
    2414:	1ff5f593          	andi	a1,a1,511
    2418:	a14e                	sh	a1,4(a0)
    241a:	8082                	ret

0000241c <USART_ReceiveData>:
    241c:	214a                	lhu	a0,4(a0)
    241e:	1ff57513          	andi	a0,a0,511
    2422:	8082                	ret

00002424 <USART_GetFlagStatus>:
    2424:	210a                	lhu	a0,0(a0)
    2426:	8d6d                	and	a0,a0,a1
    2428:	00a03533          	snez	a0,a0
    242c:	8082                	ret

0000242e <USART_GetITStatus>:
    242e:	0ff5f713          	andi	a4,a1,255
    2432:	4685                	li	a3,1
    2434:	8315                	srli	a4,a4,0x5
    2436:	00b697b3          	sll	a5,a3,a1
    243a:	02d71163          	bne	a4,a3,245c <USART_GetITStatus+0x2e>
    243e:	255a                	lhu	a4,12(a0)
    2440:	8ff9                	and	a5,a5,a4
    2442:	211a                	lhu	a4,0(a0)
    2444:	4501                	li	a0,0
    2446:	0742                	slli	a4,a4,0x10
    2448:	8341                	srli	a4,a4,0x10
    244a:	cb81                	beqz	a5,245a <USART_GetITStatus+0x2c>
    244c:	4505                	li	a0,1
    244e:	81a1                	srli	a1,a1,0x8
    2450:	00b515b3          	sll	a1,a0,a1
    2454:	8f6d                	and	a4,a4,a1
    2456:	00e03533          	snez	a0,a4
    245a:	8082                	ret
    245c:	4689                	li	a3,2
    245e:	00d71463          	bne	a4,a3,2466 <USART_GetITStatus+0x38>
    2462:	291a                	lhu	a4,16(a0)
    2464:	bff1                	j	2440 <USART_GetITStatus+0x12>
    2466:	295a                	lhu	a4,20(a0)
    2468:	bfe1                	j	2440 <USART_GetITStatus+0x12>

0000246a <USART_ClearITPendingBit>:
    246a:	81a1                	srli	a1,a1,0x8
    246c:	4785                	li	a5,1
    246e:	00b797b3          	sll	a5,a5,a1
    2472:	fff7c793          	not	a5,a5
    2476:	07c2                	slli	a5,a5,0x10
    2478:	83c1                	srli	a5,a5,0x10
    247a:	a11e                	sh	a5,0(a0)
    247c:	8082                	ret

0000247e <Delay_Init>:
    247e:	8181a783          	lw	a5,-2024(gp) # 20000220 <SystemCoreClock>
    2482:	007a1737          	lui	a4,0x7a1
    2486:	20070713          	addi	a4,a4,512 # 7a1200 <_data_lma+0x79a5f8>
    248a:	02e7d7b3          	divu	a5,a5,a4
    248e:	0ff7f793          	andi	a5,a5,255
    2492:	8af18523          	sb	a5,-1878(gp) # 200002b2 <p_us>
    2496:	3e800713          	li	a4,1000
    249a:	02e787b3          	mul	a5,a5,a4
    249e:	8af19423          	sh	a5,-1880(gp) # 200002b0 <p_ms>
    24a2:	8082                	ret

000024a4 <Delay_Ms>:
    24a4:	e000f7b7          	lui	a5,0xe000f
    24a8:	43d8                	lw	a4,4(a5)
    24aa:	4681                	li	a3,0
    24ac:	9b79                	andi	a4,a4,-2
    24ae:	c3d8                	sw	a4,4(a5)
    24b0:	8a81d703          	lhu	a4,-1880(gp) # 200002b0 <p_ms>
    24b4:	02a70633          	mul	a2,a4,a0
    24b8:	cb90                	sw	a2,16(a5)
    24ba:	cbd4                	sw	a3,20(a5)
    24bc:	4398                	lw	a4,0(a5)
    24be:	01076713          	ori	a4,a4,16
    24c2:	c398                	sw	a4,0(a5)
    24c4:	4398                	lw	a4,0(a5)
    24c6:	02176713          	ori	a4,a4,33
    24ca:	c398                	sw	a4,0(a5)
    24cc:	43d8                	lw	a4,4(a5)
    24ce:	8b05                	andi	a4,a4,1
    24d0:	df75                	beqz	a4,24cc <Delay_Ms+0x28>
    24d2:	4398                	lw	a4,0(a5)
    24d4:	9b79                	andi	a4,a4,-2
    24d6:	c398                	sw	a4,0(a5)
    24d8:	8082                	ret

000024da <USART_Printf_Init>:
    24da:	d17fd2ef          	jal	t0,1f0 <__riscv_save_0>
    24de:	842a                	mv	s0,a0
    24e0:	6511                	lui	a0,0x4
    24e2:	1101                	addi	sp,sp,-32
    24e4:	4585                	li	a1,1
    24e6:	0511                	addi	a0,a0,4
    24e8:	b83ff0ef          	jal	ra,206a <RCC_APB2PeriphClockCmd>
    24ec:	20000793          	li	a5,512
    24f0:	827c                	sh	a5,4(sp)
    24f2:	40011537          	lui	a0,0x40011
    24f6:	478d                	li	a5,3
    24f8:	c43e                	sw	a5,8(sp)
    24fa:	004c                	addi	a1,sp,4
    24fc:	47e1                	li	a5,24
    24fe:	80050513          	addi	a0,a0,-2048 # 40010800 <_eusrstack+0x20008800>
    2502:	c63e                	sw	a5,12(sp)
    2504:	8c1ff0ef          	jal	ra,1dc4 <GPIO_Init>
    2508:	c822                	sw	s0,16(sp)
    250a:	40014437          	lui	s0,0x40014
    250e:	000807b7          	lui	a5,0x80
    2512:	080c                	addi	a1,sp,16
    2514:	80040513          	addi	a0,s0,-2048 # 40013800 <_eusrstack+0x2000b800>
    2518:	cc3e                	sw	a5,24(sp)
    251a:	ca02                	sw	zero,20(sp)
    251c:	00011e23          	sh	zero,28(sp)
    2520:	e19ff0ef          	jal	ra,2338 <USART_Init>
    2524:	4585                	li	a1,1
    2526:	80040513          	addi	a0,s0,-2048
    252a:	e9fff0ef          	jal	ra,23c8 <USART_Cmd>
    252e:	6105                	addi	sp,sp,32
    2530:	ce5fd06f          	j	214 <__riscv_restore_0>

00002534 <_write>:
    2534:	ca3fd2ef          	jal	t0,1d6 <__riscv_save_4>
    2538:	400144b7          	lui	s1,0x40014
    253c:	89ae                	mv	s3,a1
    253e:	8932                	mv	s2,a2
    2540:	4401                	li	s0,0
    2542:	80048493          	addi	s1,s1,-2048 # 40013800 <_eusrstack+0x2000b800>
    2546:	01244563          	blt	s0,s2,2550 <_write+0x1c>
    254a:	854a                	mv	a0,s2
    254c:	cbffd06f          	j	20a <__riscv_restore_4>
    2550:	04000593          	li	a1,64
    2554:	8526                	mv	a0,s1
    2556:	ecfff0ef          	jal	ra,2424 <USART_GetFlagStatus>
    255a:	d97d                	beqz	a0,2550 <_write+0x1c>
    255c:	008987b3          	add	a5,s3,s0
    2560:	00078583          	lb	a1,0(a5) # 80000 <_data_lma+0x793f8>
    2564:	8526                	mv	a0,s1
    2566:	0405                	addi	s0,s0,1
    2568:	05c2                	slli	a1,a1,0x10
    256a:	81c1                	srli	a1,a1,0x10
    256c:	ea9ff0ef          	jal	ra,2414 <USART_SendData>
    2570:	bfd9                	j	2546 <_write+0x12>

00002572 <_sbrk>:
    2572:	82018713          	addi	a4,gp,-2016 # 20000228 <curbrk.5273>
    2576:	431c                	lw	a5,0(a4)
    2578:	d1818693          	addi	a3,gp,-744 # 20000720 <_ebss>
    257c:	953e                	add	a0,a0,a5
    257e:	00d56b63          	bltu	a0,a3,2594 <_sbrk+0x22>
    2582:	200086b7          	lui	a3,0x20008
    2586:	80068693          	addi	a3,a3,-2048 # 20007800 <_heap_end>
    258a:	00a6e563          	bltu	a3,a0,2594 <_sbrk+0x22>
    258e:	c308                	sw	a0,0(a4)
    2590:	853e                	mv	a0,a5
    2592:	8082                	ret
    2594:	57fd                	li	a5,-1
    2596:	bfed                	j	2590 <_sbrk+0x1e>

00002598 <printchar>:
    2598:	1101                	addi	sp,sp,-32
    259a:	ce06                	sw	ra,28(sp)
    259c:	c62e                	sw	a1,12(sp)
    259e:	cd0d                	beqz	a0,25d8 <printchar+0x40>
    25a0:	4118                	lw	a4,0(a0)
    25a2:	87aa                	mv	a5,a0
    25a4:	c305                	beqz	a4,25c4 <printchar+0x2c>
    25a6:	4158                	lw	a4,4(a0)
    25a8:	557d                	li	a0,-1
    25aa:	cb11                	beqz	a4,25be <printchar+0x26>
    25ac:	4685                	li	a3,1
    25ae:	00d71b63          	bne	a4,a3,25c4 <printchar+0x2c>
    25b2:	4798                	lw	a4,8(a5)
    25b4:	00070023          	sb	zero,0(a4)
    25b8:	0007a223          	sw	zero,4(a5)
    25bc:	4505                	li	a0,1
    25be:	40f2                	lw	ra,28(sp)
    25c0:	6105                	addi	sp,sp,32
    25c2:	8082                	ret
    25c4:	4798                	lw	a4,8(a5)
    25c6:	46b2                	lw	a3,12(sp)
    25c8:	a314                	sb	a3,0(a4)
    25ca:	4798                	lw	a4,8(a5)
    25cc:	0705                	addi	a4,a4,1
    25ce:	c798                	sw	a4,8(a5)
    25d0:	43d8                	lw	a4,4(a5)
    25d2:	177d                	addi	a4,a4,-1
    25d4:	c3d8                	sw	a4,4(a5)
    25d6:	b7dd                	j	25bc <printchar+0x24>
    25d8:	4605                	li	a2,1
    25da:	006c                	addi	a1,sp,12
    25dc:	f59ff0ef          	jal	ra,2534 <_write>
    25e0:	bff1                	j	25bc <printchar+0x24>

000025e2 <prints>:
    25e2:	7179                	addi	sp,sp,-48
    25e4:	d422                	sw	s0,40(sp)
    25e6:	d226                	sw	s1,36(sp)
    25e8:	ce4e                	sw	s3,28(sp)
    25ea:	cc52                	sw	s4,24(sp)
    25ec:	ca56                	sw	s5,20(sp)
    25ee:	d606                	sw	ra,44(sp)
    25f0:	d04a                	sw	s2,32(sp)
    25f2:	c85a                	sw	s6,16(sp)
    25f4:	8a2a                	mv	s4,a0
    25f6:	8aae                	mv	s5,a1
    25f8:	8432                	mv	s0,a2
    25fa:	4481                	li	s1,0
    25fc:	02000993          	li	s3,32
    2600:	02064463          	bltz	a2,2628 <prints+0x46>
    2604:	009a87b3          	add	a5,s5,s1
    2608:	00078783          	lb	a5,0(a5)
    260c:	e39d                	bnez	a5,2632 <prints+0x50>
    260e:	0284d663          	bge	s1,s0,263a <prints+0x58>
    2612:	02e4d263          	bge	s1,a4,2636 <prints+0x54>
    2616:	8c19                	sub	s0,s0,a4
    2618:	0026f793          	andi	a5,a3,2
    261c:	02000993          	li	s3,32
    2620:	c781                	beqz	a5,2628 <prints+0x46>
    2622:	e319                	bnez	a4,2628 <prints+0x46>
    2624:	03000993          	li	s3,48
    2628:	8a85                	andi	a3,a3,1
    262a:	4901                	li	s2,0
    262c:	ea85                	bnez	a3,265c <prints+0x7a>
    262e:	8922                	mv	s2,s0
    2630:	a831                	j	264c <prints+0x6a>
    2632:	0485                	addi	s1,s1,1
    2634:	bfc1                	j	2604 <prints+0x22>
    2636:	8c05                	sub	s0,s0,s1
    2638:	b7c5                	j	2618 <prints+0x36>
    263a:	4401                	li	s0,0
    263c:	bff1                	j	2618 <prints+0x36>
    263e:	85ce                	mv	a1,s3
    2640:	8552                	mv	a0,s4
    2642:	c63a                	sw	a4,12(sp)
    2644:	f55ff0ef          	jal	ra,2598 <printchar>
    2648:	4732                	lw	a4,12(sp)
    264a:	197d                	addi	s2,s2,-1
    264c:	ff2049e3          	bgtz	s2,263e <prints+0x5c>
    2650:	8922                	mv	s2,s0
    2652:	00045363          	bgez	s0,2658 <prints+0x76>
    2656:	4901                	li	s2,0
    2658:	41240433          	sub	s0,s0,s2
    265c:	02e4cb63          	blt	s1,a4,2692 <prints+0xb0>
    2660:	84ca                	mv	s1,s2
    2662:	412487b3          	sub	a5,s1,s2
    2666:	97d6                	add	a5,a5,s5
    2668:	00078583          	lb	a1,0(a5)
    266c:	e1a1                	bnez	a1,26ac <prints+0xca>
    266e:	8922                	mv	s2,s0
    2670:	05204363          	bgtz	s2,26b6 <prints+0xd4>
    2674:	00045363          	bgez	s0,267a <prints+0x98>
    2678:	4401                	li	s0,0
    267a:	00940533          	add	a0,s0,s1
    267e:	50b2                	lw	ra,44(sp)
    2680:	5422                	lw	s0,40(sp)
    2682:	5492                	lw	s1,36(sp)
    2684:	5902                	lw	s2,32(sp)
    2686:	49f2                	lw	s3,28(sp)
    2688:	4a62                	lw	s4,24(sp)
    268a:	4ad2                	lw	s5,20(sp)
    268c:	4b42                	lw	s6,16(sp)
    268e:	6145                	addi	sp,sp,48
    2690:	8082                	ret
    2692:	409704b3          	sub	s1,a4,s1
    2696:	8b26                	mv	s6,s1
    2698:	03000593          	li	a1,48
    269c:	8552                	mv	a0,s4
    269e:	1b7d                	addi	s6,s6,-1
    26a0:	ef9ff0ef          	jal	ra,2598 <printchar>
    26a4:	fe0b1ae3          	bnez	s6,2698 <prints+0xb6>
    26a8:	9926                	add	s2,s2,s1
    26aa:	bf5d                	j	2660 <prints+0x7e>
    26ac:	8552                	mv	a0,s4
    26ae:	eebff0ef          	jal	ra,2598 <printchar>
    26b2:	0485                	addi	s1,s1,1
    26b4:	b77d                	j	2662 <prints+0x80>
    26b6:	85ce                	mv	a1,s3
    26b8:	8552                	mv	a0,s4
    26ba:	edfff0ef          	jal	ra,2598 <printchar>
    26be:	197d                	addi	s2,s2,-1
    26c0:	bf45                	j	2670 <prints+0x8e>

000026c2 <printInt>:
    26c2:	715d                	addi	sp,sp,-80
    26c4:	c2a6                	sw	s1,68(sp)
    26c6:	dc52                	sw	s4,56(sp)
    26c8:	c686                	sw	ra,76(sp)
    26ca:	c4a2                	sw	s0,72(sp)
    26cc:	c0ca                	sw	s2,64(sp)
    26ce:	de4e                	sw	s3,60(sp)
    26d0:	da56                	sw	s5,52(sp)
    26d2:	84ba                	mv	s1,a4
    26d4:	8a3e                	mv	s4,a5
    26d6:	e19d                	bnez	a1,26fc <printInt+0x3a>
    26d8:	03000793          	li	a5,48
    26dc:	4701                	li	a4,0
    26de:	86d2                	mv	a3,s4
    26e0:	8626                	mv	a2,s1
    26e2:	082c                	addi	a1,sp,24
    26e4:	84fc                	sh	a5,24(sp)
    26e6:	efdff0ef          	jal	ra,25e2 <prints>
    26ea:	40b6                	lw	ra,76(sp)
    26ec:	4426                	lw	s0,72(sp)
    26ee:	4496                	lw	s1,68(sp)
    26f0:	4906                	lw	s2,64(sp)
    26f2:	59f2                	lw	s3,60(sp)
    26f4:	5a62                	lw	s4,56(sp)
    26f6:	5ad2                	lw	s5,52(sp)
    26f8:	6161                	addi	sp,sp,80
    26fa:	8082                	ret
    26fc:	892a                	mv	s2,a0
    26fe:	8436                	mv	s0,a3
    2700:	8ac6                	mv	s5,a7
    2702:	ca91                	beqz	a3,2716 <printInt+0x54>
    2704:	47a9                	li	a5,10
    2706:	4401                	li	s0,0
    2708:	00f61763          	bne	a2,a5,2716 <printInt+0x54>
    270c:	0005d563          	bgez	a1,2716 <printInt+0x54>
    2710:	40b005b3          	neg	a1,a1
    2714:	4405                	li	s0,1
    2716:	020107a3          	sb	zero,47(sp)
    271a:	02f10793          	addi	a5,sp,47
    271e:	46a5                	li	a3,9
    2720:	fc680513          	addi	a0,a6,-58
    2724:	02c5f733          	remu	a4,a1,a2
    2728:	00e6d363          	bge	a3,a4,272e <printInt+0x6c>
    272c:	972a                	add	a4,a4,a0
    272e:	03070713          	addi	a4,a4,48
    2732:	fee78fa3          	sb	a4,-1(a5)
    2736:	fff78993          	addi	s3,a5,-1
    273a:	02c5d733          	divu	a4,a1,a2
    273e:	04c5fb63          	bgeu	a1,a2,2794 <printInt+0xd2>
    2742:	cc09                	beqz	s0,275c <printInt+0x9a>
    2744:	c8b9                	beqz	s1,279a <printInt+0xd8>
    2746:	002a7713          	andi	a4,s4,2
    274a:	cb21                	beqz	a4,279a <printInt+0xd8>
    274c:	02d00593          	li	a1,45
    2750:	854a                	mv	a0,s2
    2752:	c642                	sw	a6,12(sp)
    2754:	e45ff0ef          	jal	ra,2598 <printchar>
    2758:	4832                	lw	a6,12(sp)
    275a:	14fd                	addi	s1,s1,-1
    275c:	004a7793          	andi	a5,s4,4
    2760:	c38d                	beqz	a5,2782 <printInt+0xc0>
    2762:	06100793          	li	a5,97
    2766:	03000593          	li	a1,48
    276a:	854a                	mv	a0,s2
    276c:	02f81f63          	bne	a6,a5,27aa <printInt+0xe8>
    2770:	e29ff0ef          	jal	ra,2598 <printchar>
    2774:	07800593          	li	a1,120
    2778:	854a                	mv	a0,s2
    277a:	e1fff0ef          	jal	ra,2598 <printchar>
    277e:	0409                	addi	s0,s0,2
    2780:	14f9                	addi	s1,s1,-2
    2782:	8756                	mv	a4,s5
    2784:	86d2                	mv	a3,s4
    2786:	8626                	mv	a2,s1
    2788:	85ce                	mv	a1,s3
    278a:	854a                	mv	a0,s2
    278c:	e57ff0ef          	jal	ra,25e2 <prints>
    2790:	9522                	add	a0,a0,s0
    2792:	bfa1                	j	26ea <printInt+0x28>
    2794:	85ba                	mv	a1,a4
    2796:	87ce                	mv	a5,s3
    2798:	b771                	j	2724 <printInt+0x62>
    279a:	02d00713          	li	a4,45
    279e:	fee98fa3          	sb	a4,-1(s3)
    27a2:	4401                	li	s0,0
    27a4:	ffe78993          	addi	s3,a5,-2
    27a8:	bf55                	j	275c <printInt+0x9a>
    27aa:	defff0ef          	jal	ra,2598 <printchar>
    27ae:	05800593          	li	a1,88
    27b2:	b7d9                	j	2778 <printInt+0xb6>

000027b4 <printLongLongInt>:
    27b4:	711d                	addi	sp,sp,-96
    27b6:	c8ca                	sw	s2,80(sp)
    27b8:	c6ce                	sw	s3,76(sp)
    27ba:	c2d6                	sw	s5,68(sp)
    27bc:	c0da                	sw	s6,64(sp)
    27be:	893a                	mv	s2,a4
    27c0:	ce86                	sw	ra,92(sp)
    27c2:	cca2                	sw	s0,88(sp)
    27c4:	caa6                	sw	s1,84(sp)
    27c6:	c4d2                	sw	s4,72(sp)
    27c8:	de5e                	sw	s7,60(sp)
    27ca:	dc62                	sw	s8,56(sp)
    27cc:	da66                	sw	s9,52(sp)
    27ce:	d86a                	sw	s10,48(sp)
    27d0:	d66e                	sw	s11,44(sp)
    27d2:	00c5e733          	or	a4,a1,a2
    27d6:	89be                	mv	s3,a5
    27d8:	8aaa                	mv	s5,a0
    27da:	8b42                	mv	s6,a6
    27dc:	06014783          	lbu	a5,96(sp)
    27e0:	e331                	bnez	a4,2824 <printLongLongInt+0x70>
    27e2:	cf8d                	beqz	a5,281c <printLongLongInt+0x68>
    27e4:	678d                	lui	a5,0x3
    27e6:	02d78793          	addi	a5,a5,45 # 302d <__udivdi3+0x241>
    27ea:	847c                	sh	a5,8(sp)
    27ec:	00010523          	sb	zero,10(sp)
    27f0:	4701                	li	a4,0
    27f2:	86da                	mv	a3,s6
    27f4:	864e                	mv	a2,s3
    27f6:	002c                	addi	a1,sp,8
    27f8:	8556                	mv	a0,s5
    27fa:	de9ff0ef          	jal	ra,25e2 <prints>
    27fe:	40f6                	lw	ra,92(sp)
    2800:	4466                	lw	s0,88(sp)
    2802:	44d6                	lw	s1,84(sp)
    2804:	4946                	lw	s2,80(sp)
    2806:	49b6                	lw	s3,76(sp)
    2808:	4a26                	lw	s4,72(sp)
    280a:	4a96                	lw	s5,68(sp)
    280c:	4b06                	lw	s6,64(sp)
    280e:	5bf2                	lw	s7,60(sp)
    2810:	5c62                	lw	s8,56(sp)
    2812:	5cd2                	lw	s9,52(sp)
    2814:	5d42                	lw	s10,48(sp)
    2816:	5db2                	lw	s11,44(sp)
    2818:	6125                	addi	sp,sp,96
    281a:	8082                	ret
    281c:	03000793          	li	a5,48
    2820:	847c                	sh	a5,8(sp)
    2822:	b7f9                	j	27f0 <printLongLongInt+0x3c>
    2824:	8a36                	mv	s4,a3
    2826:	84ae                	mv	s1,a1
    2828:	8432                	mv	s0,a2
    282a:	02090063          	beqz	s2,284a <printLongLongInt+0x96>
    282e:	47a9                	li	a5,10
    2830:	4901                	li	s2,0
    2832:	00f69c63          	bne	a3,a5,284a <printLongLongInt+0x96>
    2836:	00065a63          	bgez	a2,284a <printLongLongInt+0x96>
    283a:	40b004b3          	neg	s1,a1
    283e:	009037b3          	snez	a5,s1
    2842:	40c00433          	neg	s0,a2
    2846:	8c1d                	sub	s0,s0,a5
    2848:	4905                	li	s2,1
    284a:	00010fa3          	sb	zero,31(sp)
    284e:	01f10d13          	addi	s10,sp,31
    2852:	41fa5d93          	srai	s11,s4,0x1f
    2856:	4ca5                	li	s9,9
    2858:	fc688c13          	addi	s8,a7,-58
    285c:	8652                	mv	a2,s4
    285e:	86ee                	mv	a3,s11
    2860:	8526                	mv	a0,s1
    2862:	85a2                	mv	a1,s0
    2864:	11b000ef          	jal	ra,317e <__umoddi3>
    2868:	00acd363          	bge	s9,a0,286e <printLongLongInt+0xba>
    286c:	9562                	add	a0,a0,s8
    286e:	03050513          	addi	a0,a0,48
    2872:	fead0fa3          	sb	a0,-1(s10)
    2876:	8652                	mv	a2,s4
    2878:	86ee                	mv	a3,s11
    287a:	8526                	mv	a0,s1
    287c:	85a2                	mv	a1,s0
    287e:	fffd0b93          	addi	s7,s10,-1
    2882:	23ad                	jal	2dec <__udivdi3>
    2884:	01b46663          	bltu	s0,s11,2890 <printLongLongInt+0xdc>
    2888:	028d9a63          	bne	s11,s0,28bc <printLongLongInt+0x108>
    288c:	0344f863          	bgeu	s1,s4,28bc <printLongLongInt+0x108>
    2890:	00090d63          	beqz	s2,28aa <printLongLongInt+0xf6>
    2894:	02098863          	beqz	s3,28c4 <printLongLongInt+0x110>
    2898:	002b7793          	andi	a5,s6,2
    289c:	c785                	beqz	a5,28c4 <printLongLongInt+0x110>
    289e:	02d00593          	li	a1,45
    28a2:	8556                	mv	a0,s5
    28a4:	cf5ff0ef          	jal	ra,2598 <printchar>
    28a8:	19fd                	addi	s3,s3,-1
    28aa:	4701                	li	a4,0
    28ac:	86da                	mv	a3,s6
    28ae:	864e                	mv	a2,s3
    28b0:	85de                	mv	a1,s7
    28b2:	8556                	mv	a0,s5
    28b4:	d2fff0ef          	jal	ra,25e2 <prints>
    28b8:	954a                	add	a0,a0,s2
    28ba:	b791                	j	27fe <printLongLongInt+0x4a>
    28bc:	84aa                	mv	s1,a0
    28be:	842e                	mv	s0,a1
    28c0:	8d5e                	mv	s10,s7
    28c2:	bf69                	j	285c <printLongLongInt+0xa8>
    28c4:	02d00793          	li	a5,45
    28c8:	fefb8fa3          	sb	a5,-1(s7)
    28cc:	4901                	li	s2,0
    28ce:	ffed0b93          	addi	s7,s10,-2
    28d2:	bfe1                	j	28aa <printLongLongInt+0xf6>

000028d4 <printDouble>:
    28d4:	715d                	addi	sp,sp,-80
    28d6:	c2a6                	sw	s1,68(sp)
    28d8:	c0ca                	sw	s2,64(sp)
    28da:	84aa                	mv	s1,a0
    28dc:	892e                	mv	s2,a1
    28de:	852e                	mv	a0,a1
    28e0:	85b2                	mv	a1,a2
    28e2:	c686                	sw	ra,76(sp)
    28e4:	ce3a                	sw	a4,28(sp)
    28e6:	cc42                	sw	a6,24(sp)
    28e8:	c4a2                	sw	s0,72(sp)
    28ea:	de4e                	sw	s3,60(sp)
    28ec:	dc52                	sw	s4,56(sp)
    28ee:	89b2                	mv	s3,a2
    28f0:	8a36                	mv	s4,a3
    28f2:	da56                	sw	s5,52(sp)
    28f4:	d85a                	sw	s6,48(sp)
    28f6:	8abe                	mv	s5,a5
    28f8:	d65e                	sw	s7,44(sp)
    28fa:	d462                	sw	s8,40(sp)
    28fc:	d266                	sw	s9,36(sp)
    28fe:	8c46                	mv	s8,a7
    2900:	d06a                	sw	s10,32(sp)
    2902:	0b3010ef          	jal	ra,41b4 <__fixdfdi>
    2906:	8b2a                	mv	s6,a0
    2908:	8bae                	mv	s7,a1
    290a:	4601                	li	a2,0
    290c:	4681                	li	a3,0
    290e:	85ce                	mv	a1,s3
    2910:	854a                	mv	a0,s2
    2912:	3f7000ef          	jal	ra,3508 <__ledf2>
    2916:	4772                	lw	a4,28(sp)
    2918:	4862                	lw	a6,24(sp)
    291a:	817d                	srli	a0,a0,0x1f
    291c:	87ba                	mv	a5,a4
    291e:	c02a                	sw	a0,0(sp)
    2920:	4705                	li	a4,1
    2922:	88e2                	mv	a7,s8
    2924:	86d2                	mv	a3,s4
    2926:	85da                	mv	a1,s6
    2928:	865e                	mv	a2,s7
    292a:	8526                	mv	a0,s1
    292c:	e89ff0ef          	jal	ra,27b4 <printLongLongInt>
    2930:	8d2a                	mv	s10,a0
    2932:	02e00593          	li	a1,46
    2936:	8526                	mv	a0,s1
    2938:	c61ff0ef          	jal	ra,2598 <printchar>
    293c:	0d05                	addi	s10,s10,1
    293e:	4781                	li	a5,0
    2940:	4c85                	li	s9,1
    2942:	4401                	li	s0,0
    2944:	4729                	li	a4,10
    2946:	0757ce63          	blt	a5,s5,29c2 <printDouble+0xee>
    294a:	855a                	mv	a0,s6
    294c:	85de                	mv	a1,s7
    294e:	123010ef          	jal	ra,4270 <__floatdidf>
    2952:	862a                	mv	a2,a0
    2954:	86ae                	mv	a3,a1
    2956:	854a                	mv	a0,s2
    2958:	85ce                	mv	a1,s3
    295a:	11c010ef          	jal	ra,3a76 <__subdf3>
    295e:	892a                	mv	s2,a0
    2960:	89ae                	mv	s3,a1
    2962:	8566                	mv	a0,s9
    2964:	85a2                	mv	a1,s0
    2966:	10b010ef          	jal	ra,4270 <__floatdidf>
    296a:	862a                	mv	a2,a0
    296c:	86ae                	mv	a3,a1
    296e:	854a                	mv	a0,s2
    2970:	85ce                	mv	a1,s3
    2972:	44d000ef          	jal	ra,35be <__muldf3>
    2976:	03f010ef          	jal	ra,41b4 <__fixdfdi>
    297a:	41f5d613          	srai	a2,a1,0x1f
    297e:	8d31                	xor	a0,a0,a2
    2980:	00b647b3          	xor	a5,a2,a1
    2984:	40c505b3          	sub	a1,a0,a2
    2988:	00b53533          	sltu	a0,a0,a1
    298c:	40c78633          	sub	a2,a5,a2
    2990:	c002                	sw	zero,0(sp)
    2992:	88e2                	mv	a7,s8
    2994:	87d6                	mv	a5,s5
    2996:	86d2                	mv	a3,s4
    2998:	8e09                	sub	a2,a2,a0
    299a:	4809                	li	a6,2
    299c:	8526                	mv	a0,s1
    299e:	4705                	li	a4,1
    29a0:	e15ff0ef          	jal	ra,27b4 <printLongLongInt>
    29a4:	40b6                	lw	ra,76(sp)
    29a6:	4426                	lw	s0,72(sp)
    29a8:	956a                	add	a0,a0,s10
    29aa:	4496                	lw	s1,68(sp)
    29ac:	4906                	lw	s2,64(sp)
    29ae:	59f2                	lw	s3,60(sp)
    29b0:	5a62                	lw	s4,56(sp)
    29b2:	5ad2                	lw	s5,52(sp)
    29b4:	5b42                	lw	s6,48(sp)
    29b6:	5bb2                	lw	s7,44(sp)
    29b8:	5c22                	lw	s8,40(sp)
    29ba:	5c92                	lw	s9,36(sp)
    29bc:	5d02                	lw	s10,32(sp)
    29be:	6161                	addi	sp,sp,80
    29c0:	8082                	ret
    29c2:	028706b3          	mul	a3,a4,s0
    29c6:	0785                	addi	a5,a5,1
    29c8:	03973433          	mulhu	s0,a4,s9
    29cc:	03970cb3          	mul	s9,a4,s9
    29d0:	9436                	add	s0,s0,a3
    29d2:	bf95                	j	2946 <printDouble+0x72>

000029d4 <print>:
    29d4:	715d                	addi	sp,sp,-80
    29d6:	d85a                	sw	s6,48(sp)
    29d8:	00007b37          	lui	s6,0x7
    29dc:	c4a2                	sw	s0,72(sp)
    29de:	c2a6                	sw	s1,68(sp)
    29e0:	c0ca                	sw	s2,64(sp)
    29e2:	de4e                	sw	s3,60(sp)
    29e4:	dc52                	sw	s4,56(sp)
    29e6:	da56                	sw	s5,52(sp)
    29e8:	d65e                	sw	s7,44(sp)
    29ea:	d462                	sw	s8,40(sp)
    29ec:	c686                	sw	ra,76(sp)
    29ee:	d266                	sw	s9,36(sp)
    29f0:	89aa                	mv	s3,a0
    29f2:	892e                	mv	s2,a1
    29f4:	8432                	mv	s0,a2
    29f6:	4a01                	li	s4,0
    29f8:	4481                	li	s1,0
    29fa:	02500b93          	li	s7,37
    29fe:	02b00a93          	li	s5,43
    2a02:	4c29                	li	s8,10
    2a04:	868b0b13          	addi	s6,s6,-1944 # 6868 <days_in_month.5675+0x4a0>
    2a08:	00090583          	lb	a1,0(s2)
    2a0c:	e58d                	bnez	a1,2a36 <print+0x62>
    2a0e:	00098663          	beqz	s3,2a1a <print+0x46>
    2a12:	4581                	li	a1,0
    2a14:	854e                	mv	a0,s3
    2a16:	b83ff0ef          	jal	ra,2598 <printchar>
    2a1a:	40b6                	lw	ra,76(sp)
    2a1c:	4426                	lw	s0,72(sp)
    2a1e:	8526                	mv	a0,s1
    2a20:	4906                	lw	s2,64(sp)
    2a22:	4496                	lw	s1,68(sp)
    2a24:	59f2                	lw	s3,60(sp)
    2a26:	5a62                	lw	s4,56(sp)
    2a28:	5ad2                	lw	s5,52(sp)
    2a2a:	5b42                	lw	s6,48(sp)
    2a2c:	5bb2                	lw	s7,44(sp)
    2a2e:	5c22                	lw	s8,40(sp)
    2a30:	5c92                	lw	s9,36(sp)
    2a32:	6161                	addi	sp,sp,80
    2a34:	8082                	ret
    2a36:	01758863          	beq	a1,s7,2a46 <print+0x72>
    2a3a:	854e                	mv	a0,s3
    2a3c:	b5dff0ef          	jal	ra,2598 <printchar>
    2a40:	0485                	addi	s1,s1,1
    2a42:	0905                	addi	s2,s2,1
    2a44:	b7d1                	j	2a08 <print+0x34>
    2a46:	00190783          	lb	a5,1(s2)
    2a4a:	00190c93          	addi	s9,s2,1
    2a4e:	01779a63          	bne	a5,s7,2a62 <print+0x8e>
    2a52:	02500593          	li	a1,37
    2a56:	854e                	mv	a0,s3
    2a58:	b41ff0ef          	jal	ra,2598 <printchar>
    2a5c:	0485                	addi	s1,s1,1
    2a5e:	8966                	mv	s2,s9
    2a60:	b7cd                	j	2a42 <print+0x6e>
    2a62:	d7d5                	beqz	a5,2a0e <print+0x3a>
    2a64:	05578763          	beq	a5,s5,2ab2 <print+0xde>
    2a68:	00fac863          	blt	s5,a5,2a78 <print+0xa4>
    2a6c:	02300713          	li	a4,35
    2a70:	04e78463          	beq	a5,a4,2ab8 <print+0xe4>
    2a74:	4781                	li	a5,0
    2a76:	a005                	j	2a96 <print+0xc2>
    2a78:	02d00713          	li	a4,45
    2a7c:	00e78a63          	beq	a5,a4,2a90 <print+0xbc>
    2a80:	03000713          	li	a4,48
    2a84:	fee798e3          	bne	a5,a4,2a74 <print+0xa0>
    2a88:	00290c93          	addi	s9,s2,2
    2a8c:	4789                	li	a5,2
    2a8e:	a021                	j	2a96 <print+0xc2>
    2a90:	00290c93          	addi	s9,s2,2
    2a94:	4785                	li	a5,1
    2a96:	000c8703          	lb	a4,0(s9)
    2a9a:	05570363          	beq	a4,s5,2ae0 <print+0x10c>
    2a9e:	02eac163          	blt	s5,a4,2ac0 <print+0xec>
    2aa2:	02300693          	li	a3,35
    2aa6:	02d70b63          	beq	a4,a3,2adc <print+0x108>
    2aaa:	8966                	mv	s2,s9
    2aac:	4501                	li	a0,0
    2aae:	45a5                	li	a1,9
    2ab0:	a835                	j	2aec <print+0x118>
    2ab2:	00290c93          	addi	s9,s2,2
    2ab6:	bf7d                	j	2a74 <print+0xa0>
    2ab8:	00290c93          	addi	s9,s2,2
    2abc:	4791                	li	a5,4
    2abe:	bfe1                	j	2a96 <print+0xc2>
    2ac0:	02d00693          	li	a3,45
    2ac4:	00d70963          	beq	a4,a3,2ad6 <print+0x102>
    2ac8:	03000693          	li	a3,48
    2acc:	fcd71fe3          	bne	a4,a3,2aaa <print+0xd6>
    2ad0:	0027e793          	ori	a5,a5,2
    2ad4:	a031                	j	2ae0 <print+0x10c>
    2ad6:	0c85                	addi	s9,s9,1
    2ad8:	4785                	li	a5,1
    2ada:	bfc1                	j	2aaa <print+0xd6>
    2adc:	0047e793          	ori	a5,a5,4
    2ae0:	0c85                	addi	s9,s9,1
    2ae2:	b7e1                	j	2aaa <print+0xd6>
    2ae4:	03850533          	mul	a0,a0,s8
    2ae8:	0905                	addi	s2,s2,1
    2aea:	9536                	add	a0,a0,a3
    2aec:	00090703          	lb	a4,0(s2)
    2af0:	fd070693          	addi	a3,a4,-48
    2af4:	0ff6f613          	andi	a2,a3,255
    2af8:	fec5f6e3          	bgeu	a1,a2,2ae4 <print+0x110>
    2afc:	02e00613          	li	a2,46
    2b00:	4699                	li	a3,6
    2b02:	00c71e63          	bne	a4,a2,2b1e <print+0x14a>
    2b06:	0905                	addi	s2,s2,1
    2b08:	4681                	li	a3,0
    2b0a:	4625                	li	a2,9
    2b0c:	00090703          	lb	a4,0(s2)
    2b10:	fd070713          	addi	a4,a4,-48
    2b14:	0ff77593          	andi	a1,a4,255
    2b18:	02b67563          	bgeu	a2,a1,2b42 <print+0x16e>
    2b1c:	8a36                	mv	s4,a3
    2b1e:	00090703          	lb	a4,0(s2)
    2b22:	06a00613          	li	a2,106
    2b26:	0ac70963          	beq	a4,a2,2bd8 <print+0x204>
    2b2a:	02e64163          	blt	a2,a4,2b4c <print+0x178>
    2b2e:	04c00613          	li	a2,76
    2b32:	0ac70363          	beq	a4,a2,2bd8 <print+0x204>
    2b36:	06800613          	li	a2,104
    2b3a:	08c70863          	beq	a4,a2,2bca <print+0x1f6>
    2b3e:	4601                	li	a2,0
    2b40:	a81d                	j	2b76 <print+0x1a2>
    2b42:	038686b3          	mul	a3,a3,s8
    2b46:	0905                	addi	s2,s2,1
    2b48:	96ba                	add	a3,a3,a4
    2b4a:	b7c9                	j	2b0c <print+0x138>
    2b4c:	07400613          	li	a2,116
    2b50:	08c70463          	beq	a4,a2,2bd8 <print+0x204>
    2b54:	07a00613          	li	a2,122
    2b58:	08c70063          	beq	a4,a2,2bd8 <print+0x204>
    2b5c:	06c00593          	li	a1,108
    2b60:	4601                	li	a2,0
    2b62:	00b71a63          	bne	a4,a1,2b76 <print+0x1a2>
    2b66:	00190583          	lb	a1,1(s2)
    2b6a:	460d                	li	a2,3
    2b6c:	00e59463          	bne	a1,a4,2b74 <print+0x1a0>
    2b70:	0905                	addi	s2,s2,1
    2b72:	4611                	li	a2,4
    2b74:	0905                	addi	s2,s2,1
    2b76:	00090703          	lb	a4,0(s2)
    2b7a:	06000593          	li	a1,96
    2b7e:	06100813          	li	a6,97
    2b82:	00e5c463          	blt	a1,a4,2b8a <print+0x1b6>
    2b86:	04100813          	li	a6,65
    2b8a:	06700593          	li	a1,103
    2b8e:	06e5c263          	blt	a1,a4,2bf2 <print+0x21e>
    2b92:	06500593          	li	a1,101
    2b96:	16b75963          	bge	a4,a1,2d08 <print+0x334>
    2b9a:	04700593          	li	a1,71
    2b9e:	02e5cf63          	blt	a1,a4,2bdc <print+0x208>
    2ba2:	04500613          	li	a2,69
    2ba6:	16c75163          	bge	a4,a2,2d08 <print+0x334>
    2baa:	04300693          	li	a3,67
    2bae:	e8d71ae3          	bne	a4,a3,2a42 <print+0x6e>
    2bb2:	4018                	lw	a4,0(s0)
    2bb4:	00440c93          	addi	s9,s0,4
    2bb8:	00010ea3          	sb	zero,29(sp)
    2bbc:	00e10e23          	sb	a4,28(sp)
    2bc0:	86be                	mv	a3,a5
    2bc2:	4701                	li	a4,0
    2bc4:	862a                	mv	a2,a0
    2bc6:	086c                	addi	a1,sp,28
    2bc8:	a071                	j	2c54 <print+0x280>
    2bca:	00190583          	lb	a1,1(s2)
    2bce:	4601                	li	a2,0
    2bd0:	fae593e3          	bne	a1,a4,2b76 <print+0x1a2>
    2bd4:	0909                	addi	s2,s2,2
    2bd6:	b745                	j	2b76 <print+0x1a2>
    2bd8:	0905                	addi	s2,s2,1
    2bda:	b795                	j	2b3e <print+0x16a>
    2bdc:	06300693          	li	a3,99
    2be0:	fcd709e3          	beq	a4,a3,2bb2 <print+0x1de>
    2be4:	06e6ce63          	blt	a3,a4,2c60 <print+0x28c>
    2be8:	05800693          	li	a3,88
    2bec:	02d70363          	beq	a4,a3,2c12 <print+0x23e>
    2bf0:	bd89                	j	2a42 <print+0x6e>
    2bf2:	07300693          	li	a3,115
    2bf6:	04d70663          	beq	a4,a3,2c42 <print+0x26e>
    2bfa:	02e6cd63          	blt	a3,a4,2c34 <print+0x260>
    2bfe:	06f00693          	li	a3,111
    2c02:	0cd70b63          	beq	a4,a3,2cd8 <print+0x304>
    2c06:	07000693          	li	a3,112
    2c0a:	0047e793          	ori	a5,a5,4
    2c0e:	e2d71ae3          	bne	a4,a3,2a42 <print+0x6e>
    2c12:	4711                	li	a4,4
    2c14:	0ae61b63          	bne	a2,a4,2cca <print+0x2f6>
    2c18:	041d                	addi	s0,s0,7
    2c1a:	ff847713          	andi	a4,s0,-8
    2c1e:	430c                	lw	a1,0(a4)
    2c20:	4350                	lw	a2,4(a4)
    2c22:	00870413          	addi	s0,a4,8
    2c26:	88c2                	mv	a7,a6
    2c28:	c002                	sw	zero,0(sp)
    2c2a:	883e                	mv	a6,a5
    2c2c:	4701                	li	a4,0
    2c2e:	87aa                	mv	a5,a0
    2c30:	46c1                	li	a3,16
    2c32:	a0b9                	j	2c80 <print+0x2ac>
    2c34:	07500693          	li	a3,117
    2c38:	06d70363          	beq	a4,a3,2c9e <print+0x2ca>
    2c3c:	07800693          	li	a3,120
    2c40:	b775                	j	2bec <print+0x218>
    2c42:	4018                	lw	a4,0(s0)
    2c44:	00440c93          	addi	s9,s0,4
    2c48:	85da                	mv	a1,s6
    2c4a:	c311                	beqz	a4,2c4e <print+0x27a>
    2c4c:	85ba                	mv	a1,a4
    2c4e:	8752                	mv	a4,s4
    2c50:	86be                	mv	a3,a5
    2c52:	862a                	mv	a2,a0
    2c54:	854e                	mv	a0,s3
    2c56:	98dff0ef          	jal	ra,25e2 <prints>
    2c5a:	94aa                	add	s1,s1,a0
    2c5c:	8466                	mv	s0,s9
    2c5e:	b3d5                	j	2a42 <print+0x6e>
    2c60:	4711                	li	a4,4
    2c62:	02e61463          	bne	a2,a4,2c8a <print+0x2b6>
    2c66:	041d                	addi	s0,s0,7
    2c68:	ff847713          	andi	a4,s0,-8
    2c6c:	430c                	lw	a1,0(a4)
    2c6e:	4350                	lw	a2,4(a4)
    2c70:	00870413          	addi	s0,a4,8
    2c74:	88c2                	mv	a7,a6
    2c76:	c002                	sw	zero,0(sp)
    2c78:	883e                	mv	a6,a5
    2c7a:	4705                	li	a4,1
    2c7c:	87aa                	mv	a5,a0
    2c7e:	46a9                	li	a3,10
    2c80:	854e                	mv	a0,s3
    2c82:	b33ff0ef          	jal	ra,27b4 <printLongLongInt>
    2c86:	94aa                	add	s1,s1,a0
    2c88:	bb6d                	j	2a42 <print+0x6e>
    2c8a:	400c                	lw	a1,0(s0)
    2c8c:	88d2                	mv	a7,s4
    2c8e:	0411                	addi	s0,s0,4
    2c90:	872a                	mv	a4,a0
    2c92:	4685                	li	a3,1
    2c94:	4629                	li	a2,10
    2c96:	854e                	mv	a0,s3
    2c98:	a2bff0ef          	jal	ra,26c2 <printInt>
    2c9c:	b7ed                	j	2c86 <print+0x2b2>
    2c9e:	4711                	li	a4,4
    2ca0:	00e61f63          	bne	a2,a4,2cbe <print+0x2ea>
    2ca4:	041d                	addi	s0,s0,7
    2ca6:	ff847713          	andi	a4,s0,-8
    2caa:	430c                	lw	a1,0(a4)
    2cac:	4350                	lw	a2,4(a4)
    2cae:	00870413          	addi	s0,a4,8
    2cb2:	88c2                	mv	a7,a6
    2cb4:	c002                	sw	zero,0(sp)
    2cb6:	883e                	mv	a6,a5
    2cb8:	4701                	li	a4,0
    2cba:	87aa                	mv	a5,a0
    2cbc:	b7c9                	j	2c7e <print+0x2aa>
    2cbe:	400c                	lw	a1,0(s0)
    2cc0:	88d2                	mv	a7,s4
    2cc2:	0411                	addi	s0,s0,4
    2cc4:	872a                	mv	a4,a0
    2cc6:	4681                	li	a3,0
    2cc8:	b7f1                	j	2c94 <print+0x2c0>
    2cca:	400c                	lw	a1,0(s0)
    2ccc:	88d2                	mv	a7,s4
    2cce:	0411                	addi	s0,s0,4
    2cd0:	872a                	mv	a4,a0
    2cd2:	4681                	li	a3,0
    2cd4:	4641                	li	a2,16
    2cd6:	b7c1                	j	2c96 <print+0x2c2>
    2cd8:	4711                	li	a4,4
    2cda:	02e61063          	bne	a2,a4,2cfa <print+0x326>
    2cde:	041d                	addi	s0,s0,7
    2ce0:	ff847713          	andi	a4,s0,-8
    2ce4:	430c                	lw	a1,0(a4)
    2ce6:	4350                	lw	a2,4(a4)
    2ce8:	00870413          	addi	s0,a4,8
    2cec:	88c2                	mv	a7,a6
    2cee:	c002                	sw	zero,0(sp)
    2cf0:	883e                	mv	a6,a5
    2cf2:	4701                	li	a4,0
    2cf4:	87aa                	mv	a5,a0
    2cf6:	46a1                	li	a3,8
    2cf8:	b761                	j	2c80 <print+0x2ac>
    2cfa:	400c                	lw	a1,0(s0)
    2cfc:	88d2                	mv	a7,s4
    2cfe:	0411                	addi	s0,s0,4
    2d00:	872a                	mv	a4,a0
    2d02:	4681                	li	a3,0
    2d04:	4621                	li	a2,8
    2d06:	bf41                	j	2c96 <print+0x2c2>
    2d08:	041d                	addi	s0,s0,7
    2d0a:	ff847613          	andi	a2,s0,-8
    2d0e:	00860413          	addi	s0,a2,8 # 40021008 <_eusrstack+0x20019008>
    2d12:	420c                	lw	a1,0(a2)
    2d14:	4250                	lw	a2,4(a2)
    2d16:	40d50733          	sub	a4,a0,a3
    2d1a:	88c2                	mv	a7,a6
    2d1c:	177d                	addi	a4,a4,-1
    2d1e:	883e                	mv	a6,a5
    2d20:	854e                	mv	a0,s3
    2d22:	87b6                	mv	a5,a3
    2d24:	46a9                	li	a3,10
    2d26:	bafff0ef          	jal	ra,28d4 <printDouble>
    2d2a:	bfb1                	j	2c86 <print+0x2b2>

00002d2c <printf>:
    2d2c:	7139                	addi	sp,sp,-64
    2d2e:	d22e                	sw	a1,36(sp)
    2d30:	d432                	sw	a2,40(sp)
    2d32:	85aa                	mv	a1,a0
    2d34:	1050                	addi	a2,sp,36
    2d36:	4501                	li	a0,0
    2d38:	ce06                	sw	ra,28(sp)
    2d3a:	d636                	sw	a3,44(sp)
    2d3c:	d83a                	sw	a4,48(sp)
    2d3e:	da3e                	sw	a5,52(sp)
    2d40:	dc42                	sw	a6,56(sp)
    2d42:	de46                	sw	a7,60(sp)
    2d44:	c632                	sw	a2,12(sp)
    2d46:	c8fff0ef          	jal	ra,29d4 <print>
    2d4a:	40f2                	lw	ra,28(sp)
    2d4c:	6121                	addi	sp,sp,64
    2d4e:	8082                	ret

00002d50 <sprintf>:
    2d50:	7139                	addi	sp,sp,-64
    2d52:	d432                	sw	a2,40(sp)
    2d54:	da3e                	sw	a5,52(sp)
    2d56:	c62a                	sw	a0,12(sp)
    2d58:	1030                	addi	a2,sp,40
    2d5a:	57fd                	li	a5,-1
    2d5c:	0048                	addi	a0,sp,4
    2d5e:	ce06                	sw	ra,28(sp)
    2d60:	d636                	sw	a3,44(sp)
    2d62:	d83a                	sw	a4,48(sp)
    2d64:	dc42                	sw	a6,56(sp)
    2d66:	de46                	sw	a7,60(sp)
    2d68:	c202                	sw	zero,4(sp)
    2d6a:	c43e                	sw	a5,8(sp)
    2d6c:	c032                	sw	a2,0(sp)
    2d6e:	c67ff0ef          	jal	ra,29d4 <print>
    2d72:	40f2                	lw	ra,28(sp)
    2d74:	6121                	addi	sp,sp,64
    2d76:	8082                	ret

00002d78 <snprintf>:
    2d78:	7139                	addi	sp,sp,-64
    2d7a:	8332                	mv	t1,a2
    2d7c:	da3e                	sw	a5,52(sp)
    2d7e:	c42e                	sw	a1,8(sp)
    2d80:	c62a                	sw	a0,12(sp)
    2d82:	1070                	addi	a2,sp,44
    2d84:	4785                	li	a5,1
    2d86:	0048                	addi	a0,sp,4
    2d88:	859a                	mv	a1,t1
    2d8a:	ce06                	sw	ra,28(sp)
    2d8c:	d636                	sw	a3,44(sp)
    2d8e:	d83a                	sw	a4,48(sp)
    2d90:	dc42                	sw	a6,56(sp)
    2d92:	de46                	sw	a7,60(sp)
    2d94:	c23e                	sw	a5,4(sp)
    2d96:	c032                	sw	a2,0(sp)
    2d98:	c3dff0ef          	jal	ra,29d4 <print>
    2d9c:	40f2                	lw	ra,28(sp)
    2d9e:	6121                	addi	sp,sp,64
    2da0:	8082                	ret

00002da2 <puts>:
    2da2:	1101                	addi	sp,sp,-32
    2da4:	cc22                	sw	s0,24(sp)
    2da6:	ca26                	sw	s1,20(sp)
    2da8:	ce06                	sw	ra,28(sp)
    2daa:	211c                	lbu	a5,0(a0)
    2dac:	84aa                	mv	s1,a0
    2dae:	4401                	li	s0,0
    2db0:	87dc                	sb	a5,15(sp)
    2db2:	00f10783          	lb	a5,15(sp)
    2db6:	0405                	addi	s0,s0,1
    2db8:	ef99                	bnez	a5,2dd6 <puts+0x34>
    2dba:	47a9                	li	a5,10
    2dbc:	00f10593          	addi	a1,sp,15
    2dc0:	4605                	li	a2,1
    2dc2:	4501                	li	a0,0
    2dc4:	87dc                	sb	a5,15(sp)
    2dc6:	f6eff0ef          	jal	ra,2534 <_write>
    2dca:	8522                	mv	a0,s0
    2dcc:	40f2                	lw	ra,28(sp)
    2dce:	4462                	lw	s0,24(sp)
    2dd0:	44d2                	lw	s1,20(sp)
    2dd2:	6105                	addi	sp,sp,32
    2dd4:	8082                	ret
    2dd6:	4605                	li	a2,1
    2dd8:	00f10593          	addi	a1,sp,15
    2ddc:	4501                	li	a0,0
    2dde:	f56ff0ef          	jal	ra,2534 <_write>
    2de2:	008487b3          	add	a5,s1,s0
    2de6:	239c                	lbu	a5,0(a5)
    2de8:	87dc                	sb	a5,15(sp)
    2dea:	b7e1                	j	2db2 <puts+0x10>

00002dec <__udivdi3>:
    2dec:	87b6                	mv	a5,a3
    2dee:	88b2                	mv	a7,a2
    2df0:	832a                	mv	t1,a0
    2df2:	882e                	mv	a6,a1
    2df4:	14069b63          	bnez	a3,2f4a <__udivdi3+0x15e>
    2df8:	0ac5f863          	bgeu	a1,a2,2ea8 <__udivdi3+0xbc>
    2dfc:	6741                	lui	a4,0x10
    2dfe:	1ae66b63          	bltu	a2,a4,2fb4 <__udivdi3+0x1c8>
    2e02:	010007b7          	lui	a5,0x1000
    2e06:	34f66063          	bltu	a2,a5,3146 <__udivdi3+0x35a>
    2e0a:	01865693          	srli	a3,a2,0x18
    2e0e:	47e1                	li	a5,24
    2e10:	00004717          	auipc	a4,0x4
    2e14:	b6070713          	addi	a4,a4,-1184 # 6970 <__clz_tab>
    2e18:	9736                	add	a4,a4,a3
    2e1a:	2318                	lbu	a4,0(a4)
    2e1c:	97ba                	add	a5,a5,a4
    2e1e:	02000713          	li	a4,32
    2e22:	8f1d                	sub	a4,a4,a5
    2e24:	cb19                	beqz	a4,2e3a <__udivdi3+0x4e>
    2e26:	00e59833          	sll	a6,a1,a4
    2e2a:	00f557b3          	srl	a5,a0,a5
    2e2e:	00e618b3          	sll	a7,a2,a4
    2e32:	0107e833          	or	a6,a5,a6
    2e36:	00e51333          	sll	t1,a0,a4
    2e3a:	0108d613          	srli	a2,a7,0x10
    2e3e:	02c85533          	divu	a0,a6,a2
    2e42:	01089693          	slli	a3,a7,0x10
    2e46:	82c1                	srli	a3,a3,0x10
    2e48:	01035793          	srli	a5,t1,0x10
    2e4c:	02c87733          	remu	a4,a6,a2
    2e50:	02a685b3          	mul	a1,a3,a0
    2e54:	0742                	slli	a4,a4,0x10
    2e56:	00f76833          	or	a6,a4,a5
    2e5a:	00b87a63          	bgeu	a6,a1,2e6e <__udivdi3+0x82>
    2e5e:	9846                	add	a6,a6,a7
    2e60:	fff50793          	addi	a5,a0,-1
    2e64:	01186463          	bltu	a6,a7,2e6c <__udivdi3+0x80>
    2e68:	30b86563          	bltu	a6,a1,3172 <__udivdi3+0x386>
    2e6c:	853e                	mv	a0,a5
    2e6e:	40b80833          	sub	a6,a6,a1
    2e72:	02c85733          	divu	a4,a6,a2
    2e76:	0342                	slli	t1,t1,0x10
    2e78:	01035313          	srli	t1,t1,0x10
    2e7c:	02c87833          	remu	a6,a6,a2
    2e80:	02e686b3          	mul	a3,a3,a4
    2e84:	0842                	slli	a6,a6,0x10
    2e86:	00686833          	or	a6,a6,t1
    2e8a:	00d87b63          	bgeu	a6,a3,2ea0 <__udivdi3+0xb4>
    2e8e:	9846                	add	a6,a6,a7
    2e90:	fff70793          	addi	a5,a4,-1
    2e94:	01186563          	bltu	a6,a7,2e9e <__udivdi3+0xb2>
    2e98:	1779                	addi	a4,a4,-2
    2e9a:	00d86363          	bltu	a6,a3,2ea0 <__udivdi3+0xb4>
    2e9e:	873e                	mv	a4,a5
    2ea0:	0542                	slli	a0,a0,0x10
    2ea2:	8d59                	or	a0,a0,a4
    2ea4:	4581                	li	a1,0
    2ea6:	8082                	ret
    2ea8:	e601                	bnez	a2,2eb0 <__udivdi3+0xc4>
    2eaa:	4705                	li	a4,1
    2eac:	02c758b3          	divu	a7,a4,a2
    2eb0:	6741                	lui	a4,0x10
    2eb2:	0ee8e863          	bltu	a7,a4,2fa2 <__udivdi3+0x1b6>
    2eb6:	010007b7          	lui	a5,0x1000
    2eba:	28f8ea63          	bltu	a7,a5,314e <__udivdi3+0x362>
    2ebe:	0188d693          	srli	a3,a7,0x18
    2ec2:	47e1                	li	a5,24
    2ec4:	00004717          	auipc	a4,0x4
    2ec8:	aac70713          	addi	a4,a4,-1364 # 6970 <__clz_tab>
    2ecc:	9736                	add	a4,a4,a3
    2ece:	2314                	lbu	a3,0(a4)
    2ed0:	96be                	add	a3,a3,a5
    2ed2:	02000793          	li	a5,32
    2ed6:	8f95                	sub	a5,a5,a3
    2ed8:	e7fd                	bnez	a5,2fc6 <__udivdi3+0x1da>
    2eda:	01089e93          	slli	t4,a7,0x10
    2ede:	41158733          	sub	a4,a1,a7
    2ee2:	0108df13          	srli	t5,a7,0x10
    2ee6:	010ede93          	srli	t4,t4,0x10
    2eea:	4585                	li	a1,1
    2eec:	01035793          	srli	a5,t1,0x10
    2ef0:	03e75533          	divu	a0,a4,t5
    2ef4:	03e77733          	remu	a4,a4,t5
    2ef8:	03d506b3          	mul	a3,a0,t4
    2efc:	0742                	slli	a4,a4,0x10
    2efe:	8fd9                	or	a5,a5,a4
    2f00:	00d7fa63          	bgeu	a5,a3,2f14 <__udivdi3+0x128>
    2f04:	97c6                	add	a5,a5,a7
    2f06:	fff50713          	addi	a4,a0,-1
    2f0a:	0117e463          	bltu	a5,a7,2f12 <__udivdi3+0x126>
    2f0e:	26d7e563          	bltu	a5,a3,3178 <__udivdi3+0x38c>
    2f12:	853a                	mv	a0,a4
    2f14:	8f95                	sub	a5,a5,a3
    2f16:	03e7d733          	divu	a4,a5,t5
    2f1a:	0342                	slli	t1,t1,0x10
    2f1c:	01035313          	srli	t1,t1,0x10
    2f20:	03e7f7b3          	remu	a5,a5,t5
    2f24:	03d70eb3          	mul	t4,a4,t4
    2f28:	07c2                	slli	a5,a5,0x10
    2f2a:	0067e7b3          	or	a5,a5,t1
    2f2e:	01d7fb63          	bgeu	a5,t4,2f44 <__udivdi3+0x158>
    2f32:	97c6                	add	a5,a5,a7
    2f34:	fff70693          	addi	a3,a4,-1
    2f38:	0117e563          	bltu	a5,a7,2f42 <__udivdi3+0x156>
    2f3c:	1779                	addi	a4,a4,-2
    2f3e:	01d7e363          	bltu	a5,t4,2f44 <__udivdi3+0x158>
    2f42:	8736                	mv	a4,a3
    2f44:	0542                	slli	a0,a0,0x10
    2f46:	8d59                	or	a0,a0,a4
    2f48:	8082                	ret
    2f4a:	04d5e163          	bltu	a1,a3,2f8c <__udivdi3+0x1a0>
    2f4e:	67c1                	lui	a5,0x10
    2f50:	04f6e163          	bltu	a3,a5,2f92 <__udivdi3+0x1a6>
    2f54:	010007b7          	lui	a5,0x1000
    2f58:	1ef6e363          	bltu	a3,a5,313e <__udivdi3+0x352>
    2f5c:	0186d713          	srli	a4,a3,0x18
    2f60:	4861                	li	a6,24
    2f62:	00004797          	auipc	a5,0x4
    2f66:	a0e78793          	addi	a5,a5,-1522 # 6970 <__clz_tab>
    2f6a:	97ba                	add	a5,a5,a4
    2f6c:	2398                	lbu	a4,0(a5)
    2f6e:	02000e13          	li	t3,32
    2f72:	9742                	add	a4,a4,a6
    2f74:	40ee0e33          	sub	t3,t3,a4
    2f78:	0c0e1a63          	bnez	t3,304c <__udivdi3+0x260>
    2f7c:	1cb6ed63          	bltu	a3,a1,3156 <__udivdi3+0x36a>
    2f80:	00c53533          	sltu	a0,a0,a2
    2f84:	00154513          	xori	a0,a0,1
    2f88:	4581                	li	a1,0
    2f8a:	8082                	ret
    2f8c:	4581                	li	a1,0
    2f8e:	4501                	li	a0,0
    2f90:	8082                	ret
    2f92:	0ff00793          	li	a5,255
    2f96:	1cd7f363          	bgeu	a5,a3,315c <__udivdi3+0x370>
    2f9a:	0086d713          	srli	a4,a3,0x8
    2f9e:	4821                	li	a6,8
    2fa0:	b7c9                	j	2f62 <__udivdi3+0x176>
    2fa2:	0ff00713          	li	a4,255
    2fa6:	86c6                	mv	a3,a7
    2fa8:	f1177ee3          	bgeu	a4,a7,2ec4 <__udivdi3+0xd8>
    2fac:	0088d693          	srli	a3,a7,0x8
    2fb0:	47a1                	li	a5,8
    2fb2:	bf09                	j	2ec4 <__udivdi3+0xd8>
    2fb4:	0ff00713          	li	a4,255
    2fb8:	86b2                	mv	a3,a2
    2fba:	e4c77be3          	bgeu	a4,a2,2e10 <__udivdi3+0x24>
    2fbe:	00865693          	srli	a3,a2,0x8
    2fc2:	47a1                	li	a5,8
    2fc4:	b5b1                	j	2e10 <__udivdi3+0x24>
    2fc6:	00f898b3          	sll	a7,a7,a5
    2fca:	00d5d633          	srl	a2,a1,a3
    2fce:	0108df13          	srli	t5,a7,0x10
    2fd2:	03e65e33          	divu	t3,a2,t5
    2fd6:	00f59733          	sll	a4,a1,a5
    2fda:	00d556b3          	srl	a3,a0,a3
    2fde:	8f55                	or	a4,a4,a3
    2fe0:	01089e93          	slli	t4,a7,0x10
    2fe4:	010ede93          	srli	t4,t4,0x10
    2fe8:	00f51333          	sll	t1,a0,a5
    2fec:	01075593          	srli	a1,a4,0x10
    2ff0:	03e676b3          	remu	a3,a2,t5
    2ff4:	03ce87b3          	mul	a5,t4,t3
    2ff8:	06c2                	slli	a3,a3,0x10
    2ffa:	8ecd                	or	a3,a3,a1
    2ffc:	00f6fb63          	bgeu	a3,a5,3012 <__udivdi3+0x226>
    3000:	96c6                	add	a3,a3,a7
    3002:	fffe0613          	addi	a2,t3,-1
    3006:	1716e463          	bltu	a3,a7,316e <__udivdi3+0x382>
    300a:	16f6f263          	bgeu	a3,a5,316e <__udivdi3+0x382>
    300e:	1e79                	addi	t3,t3,-2
    3010:	96c6                	add	a3,a3,a7
    3012:	8e9d                	sub	a3,a3,a5
    3014:	03e6d633          	divu	a2,a3,t5
    3018:	01071793          	slli	a5,a4,0x10
    301c:	83c1                	srli	a5,a5,0x10
    301e:	03e6f6b3          	remu	a3,a3,t5
    3022:	02ce8533          	mul	a0,t4,a2
    3026:	01069713          	slli	a4,a3,0x10
    302a:	8f5d                	or	a4,a4,a5
    302c:	00a77b63          	bgeu	a4,a0,3042 <__udivdi3+0x256>
    3030:	9746                	add	a4,a4,a7
    3032:	fff60793          	addi	a5,a2,-1
    3036:	13176863          	bltu	a4,a7,3166 <__udivdi3+0x37a>
    303a:	12a77663          	bgeu	a4,a0,3166 <__udivdi3+0x37a>
    303e:	1679                	addi	a2,a2,-2
    3040:	9746                	add	a4,a4,a7
    3042:	010e1593          	slli	a1,t3,0x10
    3046:	8f09                	sub	a4,a4,a0
    3048:	8dd1                	or	a1,a1,a2
    304a:	b54d                	j	2eec <__udivdi3+0x100>
    304c:	00e657b3          	srl	a5,a2,a4
    3050:	01c696b3          	sll	a3,a3,t3
    3054:	8edd                	or	a3,a3,a5
    3056:	00e5d333          	srl	t1,a1,a4
    305a:	0106df13          	srli	t5,a3,0x10
    305e:	03e357b3          	divu	a5,t1,t5
    3062:	01069e93          	slli	t4,a3,0x10
    3066:	010ede93          	srli	t4,t4,0x10
    306a:	01c59833          	sll	a6,a1,t3
    306e:	00e55733          	srl	a4,a0,a4
    3072:	01076833          	or	a6,a4,a6
    3076:	01085893          	srli	a7,a6,0x10
    307a:	01c61633          	sll	a2,a2,t3
    307e:	03e37333          	remu	t1,t1,t5
    3082:	02fe85b3          	mul	a1,t4,a5
    3086:	0342                	slli	t1,t1,0x10
    3088:	011368b3          	or	a7,t1,a7
    308c:	00b8fb63          	bgeu	a7,a1,30a2 <__udivdi3+0x2b6>
    3090:	98b6                	add	a7,a7,a3
    3092:	fff78713          	addi	a4,a5,-1
    3096:	0cd8ea63          	bltu	a7,a3,316a <__udivdi3+0x37e>
    309a:	0cb8f863          	bgeu	a7,a1,316a <__udivdi3+0x37e>
    309e:	17f9                	addi	a5,a5,-2
    30a0:	98b6                	add	a7,a7,a3
    30a2:	40b888b3          	sub	a7,a7,a1
    30a6:	03e8d733          	divu	a4,a7,t5
    30aa:	0842                	slli	a6,a6,0x10
    30ac:	01085813          	srli	a6,a6,0x10
    30b0:	03e8f8b3          	remu	a7,a7,t5
    30b4:	02ee8333          	mul	t1,t4,a4
    30b8:	08c2                	slli	a7,a7,0x10
    30ba:	0108e5b3          	or	a1,a7,a6
    30be:	0065fb63          	bgeu	a1,t1,30d4 <__udivdi3+0x2e8>
    30c2:	95b6                	add	a1,a1,a3
    30c4:	fff70813          	addi	a6,a4,-1
    30c8:	08d5ed63          	bltu	a1,a3,3162 <__udivdi3+0x376>
    30cc:	0865fb63          	bgeu	a1,t1,3162 <__udivdi3+0x376>
    30d0:	1779                	addi	a4,a4,-2
    30d2:	95b6                	add	a1,a1,a3
    30d4:	07c2                	slli	a5,a5,0x10
    30d6:	6f41                	lui	t5,0x10
    30d8:	8fd9                	or	a5,a5,a4
    30da:	ffff0713          	addi	a4,t5,-1 # ffff <_data_lma+0x93f7>
    30de:	00e7f6b3          	and	a3,a5,a4
    30e2:	0107d893          	srli	a7,a5,0x10
    30e6:	8f71                	and	a4,a4,a2
    30e8:	8241                	srli	a2,a2,0x10
    30ea:	02e68eb3          	mul	t4,a3,a4
    30ee:	406585b3          	sub	a1,a1,t1
    30f2:	02c686b3          	mul	a3,a3,a2
    30f6:	010ed813          	srli	a6,t4,0x10
    30fa:	02e88733          	mul	a4,a7,a4
    30fe:	96ba                	add	a3,a3,a4
    3100:	96c2                	add	a3,a3,a6
    3102:	02c88633          	mul	a2,a7,a2
    3106:	00e6f363          	bgeu	a3,a4,310c <__udivdi3+0x320>
    310a:	967a                	add	a2,a2,t5
    310c:	0106d893          	srli	a7,a3,0x10
    3110:	9646                	add	a2,a2,a7
    3112:	02c5e263          	bltu	a1,a2,3136 <__udivdi3+0x34a>
    3116:	00c58563          	beq	a1,a2,3120 <__udivdi3+0x334>
    311a:	853e                	mv	a0,a5
    311c:	4581                	li	a1,0
    311e:	8082                	ret
    3120:	6741                	lui	a4,0x10
    3122:	177d                	addi	a4,a4,-1
    3124:	8ef9                	and	a3,a3,a4
    3126:	06c2                	slli	a3,a3,0x10
    3128:	00eefeb3          	and	t4,t4,a4
    312c:	01c51533          	sll	a0,a0,t3
    3130:	96f6                	add	a3,a3,t4
    3132:	fed574e3          	bgeu	a0,a3,311a <__udivdi3+0x32e>
    3136:	fff78513          	addi	a0,a5,-1
    313a:	4581                	li	a1,0
    313c:	8082                	ret
    313e:	0106d713          	srli	a4,a3,0x10
    3142:	4841                	li	a6,16
    3144:	bd39                	j	2f62 <__udivdi3+0x176>
    3146:	01065693          	srli	a3,a2,0x10
    314a:	47c1                	li	a5,16
    314c:	b1d1                	j	2e10 <__udivdi3+0x24>
    314e:	0108d693          	srli	a3,a7,0x10
    3152:	47c1                	li	a5,16
    3154:	bb85                	j	2ec4 <__udivdi3+0xd8>
    3156:	4581                	li	a1,0
    3158:	4505                	li	a0,1
    315a:	8082                	ret
    315c:	8736                	mv	a4,a3
    315e:	4801                	li	a6,0
    3160:	b509                	j	2f62 <__udivdi3+0x176>
    3162:	8742                	mv	a4,a6
    3164:	bf85                	j	30d4 <__udivdi3+0x2e8>
    3166:	863e                	mv	a2,a5
    3168:	bde9                	j	3042 <__udivdi3+0x256>
    316a:	87ba                	mv	a5,a4
    316c:	bf1d                	j	30a2 <__udivdi3+0x2b6>
    316e:	8e32                	mv	t3,a2
    3170:	b54d                	j	3012 <__udivdi3+0x226>
    3172:	1579                	addi	a0,a0,-2
    3174:	9846                	add	a6,a6,a7
    3176:	b9e5                	j	2e6e <__udivdi3+0x82>
    3178:	1579                	addi	a0,a0,-2
    317a:	97c6                	add	a5,a5,a7
    317c:	bb61                	j	2f14 <__udivdi3+0x128>

0000317e <__umoddi3>:
    317e:	87b6                	mv	a5,a3
    3180:	8832                	mv	a6,a2
    3182:	832a                	mv	t1,a0
    3184:	872e                	mv	a4,a1
    3186:	8e2e                	mv	t3,a1
    3188:	14069163          	bnez	a3,32ca <__umoddi3+0x14c>
    318c:	0ac5f063          	bgeu	a1,a2,322c <__umoddi3+0xae>
    3190:	6741                	lui	a4,0x10
    3192:	1ae67663          	bgeu	a2,a4,333e <__umoddi3+0x1c0>
    3196:	0ff00713          	li	a4,255
    319a:	86b2                	mv	a3,a2
    319c:	00c77563          	bgeu	a4,a2,31a6 <__umoddi3+0x28>
    31a0:	00865693          	srli	a3,a2,0x8
    31a4:	47a1                	li	a5,8
    31a6:	00003717          	auipc	a4,0x3
    31aa:	7ca70713          	addi	a4,a4,1994 # 6970 <__clz_tab>
    31ae:	9736                	add	a4,a4,a3
    31b0:	2318                	lbu	a4,0(a4)
    31b2:	02000893          	li	a7,32
    31b6:	97ba                	add	a5,a5,a4
    31b8:	40f888b3          	sub	a7,a7,a5
    31bc:	00088c63          	beqz	a7,31d4 <__umoddi3+0x56>
    31c0:	011595b3          	sll	a1,a1,a7
    31c4:	00f557b3          	srl	a5,a0,a5
    31c8:	01161833          	sll	a6,a2,a7
    31cc:	00b7ee33          	or	t3,a5,a1
    31d0:	01151333          	sll	t1,a0,a7
    31d4:	01085613          	srli	a2,a6,0x10
    31d8:	02ce57b3          	divu	a5,t3,a2
    31dc:	01081513          	slli	a0,a6,0x10
    31e0:	8141                	srli	a0,a0,0x10
    31e2:	01035693          	srli	a3,t1,0x10
    31e6:	02ce7e33          	remu	t3,t3,a2
    31ea:	02f507b3          	mul	a5,a0,a5
    31ee:	0e42                	slli	t3,t3,0x10
    31f0:	00de6733          	or	a4,t3,a3
    31f4:	00f77863          	bgeu	a4,a5,3204 <__umoddi3+0x86>
    31f8:	9742                	add	a4,a4,a6
    31fa:	01076563          	bltu	a4,a6,3204 <__umoddi3+0x86>
    31fe:	00f77363          	bgeu	a4,a5,3204 <__umoddi3+0x86>
    3202:	9742                	add	a4,a4,a6
    3204:	8f1d                	sub	a4,a4,a5
    3206:	02c756b3          	divu	a3,a4,a2
    320a:	01031793          	slli	a5,t1,0x10
    320e:	83c1                	srli	a5,a5,0x10
    3210:	02c77733          	remu	a4,a4,a2
    3214:	02d50533          	mul	a0,a0,a3
    3218:	0742                	slli	a4,a4,0x10
    321a:	8fd9                	or	a5,a5,a4
    321c:	08a7eb63          	bltu	a5,a0,32b2 <__umoddi3+0x134>
    3220:	40a78533          	sub	a0,a5,a0
    3224:	01155533          	srl	a0,a0,a7
    3228:	4581                	li	a1,0
    322a:	8082                	ret
    322c:	e601                	bnez	a2,3234 <__umoddi3+0xb6>
    322e:	4705                	li	a4,1
    3230:	02c75833          	divu	a6,a4,a2
    3234:	6741                	lui	a4,0x10
    3236:	0ee86b63          	bltu	a6,a4,332c <__umoddi3+0x1ae>
    323a:	010007b7          	lui	a5,0x1000
    323e:	2af86463          	bltu	a6,a5,34e6 <__umoddi3+0x368>
    3242:	01885693          	srli	a3,a6,0x18
    3246:	47e1                	li	a5,24
    3248:	00003717          	auipc	a4,0x3
    324c:	72870713          	addi	a4,a4,1832 # 6970 <__clz_tab>
    3250:	9736                	add	a4,a4,a3
    3252:	2318                	lbu	a4,0(a4)
    3254:	02000893          	li	a7,32
    3258:	97ba                	add	a5,a5,a4
    325a:	40f888b3          	sub	a7,a7,a5
    325e:	1e089a63          	bnez	a7,3452 <__umoddi3+0x2d4>
    3262:	01081e13          	slli	t3,a6,0x10
    3266:	410585b3          	sub	a1,a1,a6
    326a:	01085613          	srli	a2,a6,0x10
    326e:	010e5e13          	srli	t3,t3,0x10
    3272:	01035713          	srli	a4,t1,0x10
    3276:	02c5d6b3          	divu	a3,a1,a2
    327a:	02c5f5b3          	remu	a1,a1,a2
    327e:	03c686b3          	mul	a3,a3,t3
    3282:	05c2                	slli	a1,a1,0x10
    3284:	8f4d                	or	a4,a4,a1
    3286:	00d77763          	bgeu	a4,a3,3294 <__umoddi3+0x116>
    328a:	9742                	add	a4,a4,a6
    328c:	01076463          	bltu	a4,a6,3294 <__umoddi3+0x116>
    3290:	26d76a63          	bltu	a4,a3,3504 <__umoddi3+0x386>
    3294:	8f15                	sub	a4,a4,a3
    3296:	02c75533          	divu	a0,a4,a2
    329a:	0342                	slli	t1,t1,0x10
    329c:	01035313          	srli	t1,t1,0x10
    32a0:	02c77733          	remu	a4,a4,a2
    32a4:	03c50533          	mul	a0,a0,t3
    32a8:	0742                	slli	a4,a4,0x10
    32aa:	006767b3          	or	a5,a4,t1
    32ae:	00a7f863          	bgeu	a5,a0,32be <__umoddi3+0x140>
    32b2:	97c2                	add	a5,a5,a6
    32b4:	0107e563          	bltu	a5,a6,32be <__umoddi3+0x140>
    32b8:	00a7f363          	bgeu	a5,a0,32be <__umoddi3+0x140>
    32bc:	97c2                	add	a5,a5,a6
    32be:	40a78533          	sub	a0,a5,a0
    32c2:	01155533          	srl	a0,a0,a7
    32c6:	4581                	li	a1,0
    32c8:	8082                	ret
    32ca:	882a                	mv	a6,a0
    32cc:	f4d5efe3          	bltu	a1,a3,322a <__umoddi3+0xac>
    32d0:	67c1                	lui	a5,0x10
    32d2:	04f6e563          	bltu	a3,a5,331c <__umoddi3+0x19e>
    32d6:	010007b7          	lui	a5,0x1000
    32da:	20f6e263          	bltu	a3,a5,34de <__umoddi3+0x360>
    32de:	0186d313          	srli	t1,a3,0x18
    32e2:	48e1                	li	a7,24
    32e4:	00003797          	auipc	a5,0x3
    32e8:	68c78793          	addi	a5,a5,1676 # 6970 <__clz_tab>
    32ec:	979a                	add	a5,a5,t1
    32ee:	0007ce03          	lbu	t3,0(a5)
    32f2:	02000313          	li	t1,32
    32f6:	9e46                	add	t3,t3,a7
    32f8:	41c30333          	sub	t1,t1,t3
    32fc:	04031963          	bnez	t1,334e <__umoddi3+0x1d0>
    3300:	00b6e463          	bltu	a3,a1,3308 <__umoddi3+0x18a>
    3304:	00c56963          	bltu	a0,a2,3316 <__umoddi3+0x198>
    3308:	40c50833          	sub	a6,a0,a2
    330c:	8d95                	sub	a1,a1,a3
    330e:	01053733          	sltu	a4,a0,a6
    3312:	40e58733          	sub	a4,a1,a4
    3316:	8542                	mv	a0,a6
    3318:	85ba                	mv	a1,a4
    331a:	8082                	ret
    331c:	0ff00793          	li	a5,255
    3320:	1cd7fb63          	bgeu	a5,a3,34f6 <__umoddi3+0x378>
    3324:	0086d313          	srli	t1,a3,0x8
    3328:	48a1                	li	a7,8
    332a:	bf6d                	j	32e4 <__umoddi3+0x166>
    332c:	0ff00713          	li	a4,255
    3330:	86c2                	mv	a3,a6
    3332:	f1077be3          	bgeu	a4,a6,3248 <__umoddi3+0xca>
    3336:	00885693          	srli	a3,a6,0x8
    333a:	47a1                	li	a5,8
    333c:	b731                	j	3248 <__umoddi3+0xca>
    333e:	010007b7          	lui	a5,0x1000
    3342:	1af66663          	bltu	a2,a5,34ee <__umoddi3+0x370>
    3346:	01865693          	srli	a3,a2,0x18
    334a:	47e1                	li	a5,24
    334c:	bda9                	j	31a6 <__umoddi3+0x28>
    334e:	01c657b3          	srl	a5,a2,t3
    3352:	006696b3          	sll	a3,a3,t1
    3356:	8edd                	or	a3,a3,a5
    3358:	01c5d8b3          	srl	a7,a1,t3
    335c:	0106d713          	srli	a4,a3,0x10
    3360:	02e8deb3          	divu	t4,a7,a4
    3364:	01069f13          	slli	t5,a3,0x10
    3368:	01c557b3          	srl	a5,a0,t3
    336c:	010f5f13          	srli	t5,t5,0x10
    3370:	006595b3          	sll	a1,a1,t1
    3374:	8ddd                	or	a1,a1,a5
    3376:	0105d813          	srli	a6,a1,0x10
    337a:	00661633          	sll	a2,a2,t1
    337e:	00651533          	sll	a0,a0,t1
    3382:	02e8f8b3          	remu	a7,a7,a4
    3386:	03df07b3          	mul	a5,t5,t4
    338a:	08c2                	slli	a7,a7,0x10
    338c:	0108e833          	or	a6,a7,a6
    3390:	00f87b63          	bgeu	a6,a5,33a6 <__umoddi3+0x228>
    3394:	9836                	add	a6,a6,a3
    3396:	fffe8893          	addi	a7,t4,-1
    339a:	16d86363          	bltu	a6,a3,3500 <__umoddi3+0x382>
    339e:	16f87163          	bgeu	a6,a5,3500 <__umoddi3+0x382>
    33a2:	1ef9                	addi	t4,t4,-2
    33a4:	9836                	add	a6,a6,a3
    33a6:	40f80833          	sub	a6,a6,a5
    33aa:	02e857b3          	divu	a5,a6,a4
    33ae:	05c2                	slli	a1,a1,0x10
    33b0:	81c1                	srli	a1,a1,0x10
    33b2:	02e87833          	remu	a6,a6,a4
    33b6:	02ff0f33          	mul	t5,t5,a5
    33ba:	01081713          	slli	a4,a6,0x10
    33be:	8f4d                	or	a4,a4,a1
    33c0:	01e77b63          	bgeu	a4,t5,33d6 <__umoddi3+0x258>
    33c4:	9736                	add	a4,a4,a3
    33c6:	fff78593          	addi	a1,a5,-1 # ffffff <_data_lma+0xff93f7>
    33ca:	12d76963          	bltu	a4,a3,34fc <__umoddi3+0x37e>
    33ce:	13e77763          	bgeu	a4,t5,34fc <__umoddi3+0x37e>
    33d2:	17f9                	addi	a5,a5,-2
    33d4:	9736                	add	a4,a4,a3
    33d6:	0ec2                	slli	t4,t4,0x10
    33d8:	62c1                	lui	t0,0x10
    33da:	00feeeb3          	or	t4,t4,a5
    33de:	fff28813          	addi	a6,t0,-1 # ffff <_data_lma+0x93f7>
    33e2:	010ef8b3          	and	a7,t4,a6
    33e6:	01065593          	srli	a1,a2,0x10
    33ea:	010ede93          	srli	t4,t4,0x10
    33ee:	01067833          	and	a6,a2,a6
    33f2:	03088fb3          	mul	t6,a7,a6
    33f6:	41e70733          	sub	a4,a4,t5
    33fa:	030e8833          	mul	a6,t4,a6
    33fe:	010fd793          	srli	a5,t6,0x10
    3402:	02b888b3          	mul	a7,a7,a1
    3406:	98c2                	add	a7,a7,a6
    3408:	97c6                	add	a5,a5,a7
    340a:	02be8eb3          	mul	t4,t4,a1
    340e:	0107f363          	bgeu	a5,a6,3414 <__umoddi3+0x296>
    3412:	9e96                	add	t4,t4,t0
    3414:	6841                	lui	a6,0x10
    3416:	187d                	addi	a6,a6,-1
    3418:	0107d593          	srli	a1,a5,0x10
    341c:	0107f7b3          	and	a5,a5,a6
    3420:	07c2                	slli	a5,a5,0x10
    3422:	010fffb3          	and	t6,t6,a6
    3426:	95f6                	add	a1,a1,t4
    3428:	97fe                	add	a5,a5,t6
    342a:	0ab76263          	bltu	a4,a1,34ce <__umoddi3+0x350>
    342e:	08b70e63          	beq	a4,a1,34ca <__umoddi3+0x34c>
    3432:	40f507b3          	sub	a5,a0,a5
    3436:	00f53533          	sltu	a0,a0,a5
    343a:	40b705b3          	sub	a1,a4,a1
    343e:	8d89                	sub	a1,a1,a0
    3440:	01c59e33          	sll	t3,a1,t3
    3444:	0067d533          	srl	a0,a5,t1
    3448:	00ae6533          	or	a0,t3,a0
    344c:	0065d5b3          	srl	a1,a1,t1
    3450:	8082                	ret
    3452:	01181833          	sll	a6,a6,a7
    3456:	00f5d733          	srl	a4,a1,a5
    345a:	01085613          	srli	a2,a6,0x10
    345e:	02c756b3          	divu	a3,a4,a2
    3462:	01081e13          	slli	t3,a6,0x10
    3466:	00f557b3          	srl	a5,a0,a5
    346a:	010e5e13          	srli	t3,t3,0x10
    346e:	011595b3          	sll	a1,a1,a7
    3472:	8ddd                	or	a1,a1,a5
    3474:	0105de93          	srli	t4,a1,0x10
    3478:	01151333          	sll	t1,a0,a7
    347c:	02c77733          	remu	a4,a4,a2
    3480:	02de07b3          	mul	a5,t3,a3
    3484:	01071693          	slli	a3,a4,0x10
    3488:	01d6e6b3          	or	a3,a3,t4
    348c:	00f6f863          	bgeu	a3,a5,349c <__umoddi3+0x31e>
    3490:	96c2                	add	a3,a3,a6
    3492:	0106e563          	bltu	a3,a6,349c <__umoddi3+0x31e>
    3496:	00f6f363          	bgeu	a3,a5,349c <__umoddi3+0x31e>
    349a:	96c2                	add	a3,a3,a6
    349c:	8e9d                	sub	a3,a3,a5
    349e:	02c6d733          	divu	a4,a3,a2
    34a2:	01059793          	slli	a5,a1,0x10
    34a6:	83c1                	srli	a5,a5,0x10
    34a8:	02c6f6b3          	remu	a3,a3,a2
    34ac:	02ee0733          	mul	a4,t3,a4
    34b0:	01069593          	slli	a1,a3,0x10
    34b4:	8ddd                	or	a1,a1,a5
    34b6:	00e5f863          	bgeu	a1,a4,34c6 <__umoddi3+0x348>
    34ba:	95c2                	add	a1,a1,a6
    34bc:	0105e563          	bltu	a1,a6,34c6 <__umoddi3+0x348>
    34c0:	00e5f363          	bgeu	a1,a4,34c6 <__umoddi3+0x348>
    34c4:	95c2                	add	a1,a1,a6
    34c6:	8d99                	sub	a1,a1,a4
    34c8:	b36d                	j	3272 <__umoddi3+0xf4>
    34ca:	f6f574e3          	bgeu	a0,a5,3432 <__umoddi3+0x2b4>
    34ce:	40c78633          	sub	a2,a5,a2
    34d2:	00c7b7b3          	sltu	a5,a5,a2
    34d6:	97b6                	add	a5,a5,a3
    34d8:	8d9d                	sub	a1,a1,a5
    34da:	87b2                	mv	a5,a2
    34dc:	bf99                	j	3432 <__umoddi3+0x2b4>
    34de:	0106d313          	srli	t1,a3,0x10
    34e2:	48c1                	li	a7,16
    34e4:	b501                	j	32e4 <__umoddi3+0x166>
    34e6:	01085693          	srli	a3,a6,0x10
    34ea:	47c1                	li	a5,16
    34ec:	bbb1                	j	3248 <__umoddi3+0xca>
    34ee:	01065693          	srli	a3,a2,0x10
    34f2:	47c1                	li	a5,16
    34f4:	b94d                	j	31a6 <__umoddi3+0x28>
    34f6:	8336                	mv	t1,a3
    34f8:	4881                	li	a7,0
    34fa:	b3ed                	j	32e4 <__umoddi3+0x166>
    34fc:	87ae                	mv	a5,a1
    34fe:	bde1                	j	33d6 <__umoddi3+0x258>
    3500:	8ec6                	mv	t4,a7
    3502:	b555                	j	33a6 <__umoddi3+0x228>
    3504:	9742                	add	a4,a4,a6
    3506:	b379                	j	3294 <__umoddi3+0x116>

00003508 <__ledf2>:
    3508:	0145d713          	srli	a4,a1,0x14
    350c:	001007b7          	lui	a5,0x100
    3510:	17fd                	addi	a5,a5,-1
    3512:	0146d813          	srli	a6,a3,0x14
    3516:	7ff77713          	andi	a4,a4,2047
    351a:	7ff00893          	li	a7,2047
    351e:	00b7fe33          	and	t3,a5,a1
    3522:	8eaa                	mv	t4,a0
    3524:	8ff5                	and	a5,a5,a3
    3526:	81fd                	srli	a1,a1,0x1f
    3528:	8f32                	mv	t5,a2
    352a:	7ff87813          	andi	a6,a6,2047
    352e:	82fd                	srli	a3,a3,0x1f
    3530:	03170e63          	beq	a4,a7,356c <__ledf2+0x64>
    3534:	01180d63          	beq	a6,a7,354e <__ledf2+0x46>
    3538:	e329                	bnez	a4,357a <__ledf2+0x72>
    353a:	00ae68b3          	or	a7,t3,a0
    353e:	00081f63          	bnez	a6,355c <__ledf2+0x54>
    3542:	8e5d                	or	a2,a2,a5
    3544:	ee01                	bnez	a2,355c <__ledf2+0x54>
    3546:	4301                	li	t1,0
    3548:	04088c63          	beqz	a7,35a0 <__ledf2+0x98>
    354c:	a821                	j	3564 <__ledf2+0x5c>
    354e:	00c7e8b3          	or	a7,a5,a2
    3552:	4309                	li	t1,2
    3554:	04089663          	bnez	a7,35a0 <__ledf2+0x98>
    3558:	d36d                	beqz	a4,353a <__ledf2+0x32>
    355a:	a005                	j	357a <__ledf2+0x72>
    355c:	04088463          	beqz	a7,35a4 <__ledf2+0x9c>
    3560:	02d58563          	beq	a1,a3,358a <__ledf2+0x82>
    3564:	4305                	li	t1,1
    3566:	cd8d                	beqz	a1,35a0 <__ledf2+0x98>
    3568:	537d                	li	t1,-1
    356a:	a81d                	j	35a0 <__ledf2+0x98>
    356c:	00ae68b3          	or	a7,t3,a0
    3570:	4309                	li	t1,2
    3572:	02089763          	bnez	a7,35a0 <__ledf2+0x98>
    3576:	02e80a63          	beq	a6,a4,35aa <__ledf2+0xa2>
    357a:	00081463          	bnez	a6,3582 <__ledf2+0x7a>
    357e:	8e5d                	or	a2,a2,a5
    3580:	d275                	beqz	a2,3564 <__ledf2+0x5c>
    3582:	fed591e3          	bne	a1,a3,3564 <__ledf2+0x5c>
    3586:	fce84fe3          	blt	a6,a4,3564 <__ledf2+0x5c>
    358a:	01074963          	blt	a4,a6,359c <__ledf2+0x94>
    358e:	fdc7ebe3          	bltu	a5,t3,3564 <__ledf2+0x5c>
    3592:	00fe0f63          	beq	t3,a5,35b0 <__ledf2+0xa8>
    3596:	4301                	li	t1,0
    3598:	00fe7463          	bgeu	t3,a5,35a0 <__ledf2+0x98>
    359c:	d5f1                	beqz	a1,3568 <__ledf2+0x60>
    359e:	4305                	li	t1,1
    35a0:	851a                	mv	a0,t1
    35a2:	8082                	ret
    35a4:	feed                	bnez	a3,359e <__ledf2+0x96>
    35a6:	537d                	li	t1,-1
    35a8:	bfe5                	j	35a0 <__ledf2+0x98>
    35aa:	8e5d                	or	a2,a2,a5
    35ac:	da79                	beqz	a2,3582 <__ledf2+0x7a>
    35ae:	bfcd                	j	35a0 <__ledf2+0x98>
    35b0:	fbdf6ae3          	bltu	t5,t4,3564 <__ledf2+0x5c>
    35b4:	4301                	li	t1,0
    35b6:	ffeef5e3          	bgeu	t4,t5,35a0 <__ledf2+0x98>
    35ba:	f1f5                	bnez	a1,359e <__ledf2+0x96>
    35bc:	b775                	j	3568 <__ledf2+0x60>

000035be <__muldf3>:
    35be:	7139                	addi	sp,sp,-64
    35c0:	d84a                	sw	s2,48(sp)
    35c2:	0145d913          	srli	s2,a1,0x14
    35c6:	d64e                	sw	s3,44(sp)
    35c8:	d452                	sw	s4,40(sp)
    35ca:	d256                	sw	s5,36(sp)
    35cc:	00c59993          	slli	s3,a1,0xc
    35d0:	de06                	sw	ra,60(sp)
    35d2:	dc22                	sw	s0,56(sp)
    35d4:	da26                	sw	s1,52(sp)
    35d6:	d05a                	sw	s6,32(sp)
    35d8:	ce5e                	sw	s7,28(sp)
    35da:	7ff97913          	andi	s2,s2,2047
    35de:	8a2a                	mv	s4,a0
    35e0:	00c9d993          	srli	s3,s3,0xc
    35e4:	01f5da93          	srli	s5,a1,0x1f
    35e8:	0e090d63          	beqz	s2,36e2 <__muldf3+0x124>
    35ec:	7ff00793          	li	a5,2047
    35f0:	18f90663          	beq	s2,a5,377c <__muldf3+0x1be>
    35f4:	01d55413          	srli	s0,a0,0x1d
    35f8:	098e                	slli	s3,s3,0x3
    35fa:	013469b3          	or	s3,s0,s3
    35fe:	00800437          	lui	s0,0x800
    3602:	0089e433          	or	s0,s3,s0
    3606:	00351493          	slli	s1,a0,0x3
    360a:	c0190913          	addi	s2,s2,-1023
    360e:	4981                	li	s3,0
    3610:	4b81                	li	s7,0
    3612:	0146d713          	srli	a4,a3,0x14
    3616:	00c69a13          	slli	s4,a3,0xc
    361a:	7ff77713          	andi	a4,a4,2047
    361e:	85b2                	mv	a1,a2
    3620:	00ca5a13          	srli	s4,s4,0xc
    3624:	01f6db13          	srli	s6,a3,0x1f
    3628:	10070b63          	beqz	a4,373e <__muldf3+0x180>
    362c:	7ff00793          	li	a5,2047
    3630:	04f70363          	beq	a4,a5,3676 <__muldf3+0xb8>
    3634:	01d65793          	srli	a5,a2,0x1d
    3638:	0a0e                	slli	s4,s4,0x3
    363a:	0147ea33          	or	s4,a5,s4
    363e:	c0170713          	addi	a4,a4,-1023
    3642:	008007b7          	lui	a5,0x800
    3646:	00fa67b3          	or	a5,s4,a5
    364a:	00361593          	slli	a1,a2,0x3
    364e:	993a                	add	s2,s2,a4
    3650:	4881                	li	a7,0
    3652:	016ac733          	xor	a4,s5,s6
    3656:	46bd                	li	a3,15
    3658:	853a                	mv	a0,a4
    365a:	00190813          	addi	a6,s2,1
    365e:	1736e863          	bltu	a3,s3,37ce <__muldf3+0x210>
    3662:	00003617          	auipc	a2,0x3
    3666:	20e60613          	addi	a2,a2,526 # 6870 <days_in_month.5675+0x4a8>
    366a:	098a                	slli	s3,s3,0x2
    366c:	99b2                	add	s3,s3,a2
    366e:	0009a683          	lw	a3,0(s3)
    3672:	96b2                	add	a3,a3,a2
    3674:	8682                	jr	a3
    3676:	00ca67b3          	or	a5,s4,a2
    367a:	7ff90913          	addi	s2,s2,2047
    367e:	12079963          	bnez	a5,37b0 <__muldf3+0x1f2>
    3682:	0029e993          	ori	s3,s3,2
    3686:	4581                	li	a1,0
    3688:	4889                	li	a7,2
    368a:	b7e1                	j	3652 <__muldf3+0x94>
    368c:	4701                	li	a4,0
    368e:	7ff00793          	li	a5,2047
    3692:	00080437          	lui	s0,0x80
    3696:	4481                	li	s1,0
    3698:	0432                	slli	s0,s0,0xc
    369a:	07d2                	slli	a5,a5,0x14
    369c:	8031                	srli	s0,s0,0xc
    369e:	077e                	slli	a4,a4,0x1f
    36a0:	8c5d                	or	s0,s0,a5
    36a2:	8c59                	or	s0,s0,a4
    36a4:	85a2                	mv	a1,s0
    36a6:	50f2                	lw	ra,60(sp)
    36a8:	5462                	lw	s0,56(sp)
    36aa:	8526                	mv	a0,s1
    36ac:	5942                	lw	s2,48(sp)
    36ae:	54d2                	lw	s1,52(sp)
    36b0:	59b2                	lw	s3,44(sp)
    36b2:	5a22                	lw	s4,40(sp)
    36b4:	5a92                	lw	s5,36(sp)
    36b6:	5b02                	lw	s6,32(sp)
    36b8:	4bf2                	lw	s7,28(sp)
    36ba:	6121                	addi	sp,sp,64
    36bc:	8082                	ret
    36be:	855a                	mv	a0,s6
    36c0:	843e                	mv	s0,a5
    36c2:	84ae                	mv	s1,a1
    36c4:	8bc6                	mv	s7,a7
    36c6:	4789                	li	a5,2
    36c8:	0efb8d63          	beq	s7,a5,37c2 <__muldf3+0x204>
    36cc:	478d                	li	a5,3
    36ce:	fafb8fe3          	beq	s7,a5,368c <__muldf3+0xce>
    36d2:	4785                	li	a5,1
    36d4:	872a                	mv	a4,a0
    36d6:	38fb9e63          	bne	s7,a5,3a72 <__muldf3+0x4b4>
    36da:	4781                	li	a5,0
    36dc:	4401                	li	s0,0
    36de:	4481                	li	s1,0
    36e0:	bf65                	j	3698 <__muldf3+0xda>
    36e2:	00a9e433          	or	s0,s3,a0
    36e6:	c061                	beqz	s0,37a6 <__muldf3+0x1e8>
    36e8:	c636                	sw	a3,12(sp)
    36ea:	c432                	sw	a2,8(sp)
    36ec:	2a098c63          	beqz	s3,39a4 <__muldf3+0x3e6>
    36f0:	854e                	mv	a0,s3
    36f2:	51d010ef          	jal	ra,540e <__clzsi2>
    36f6:	4622                	lw	a2,8(sp)
    36f8:	46b2                	lw	a3,12(sp)
    36fa:	87aa                	mv	a5,a0
    36fc:	ff550713          	addi	a4,a0,-11
    3700:	4475                	li	s0,29
    3702:	ff878493          	addi	s1,a5,-8 # 7ffff8 <_data_lma+0x7f93f0>
    3706:	8c19                	sub	s0,s0,a4
    3708:	009999b3          	sll	s3,s3,s1
    370c:	008a5433          	srl	s0,s4,s0
    3710:	01346433          	or	s0,s0,s3
    3714:	009a14b3          	sll	s1,s4,s1
    3718:	0146d713          	srli	a4,a3,0x14
    371c:	c0d00913          	li	s2,-1011
    3720:	00c69a13          	slli	s4,a3,0xc
    3724:	7ff77713          	andi	a4,a4,2047
    3728:	40f90933          	sub	s2,s2,a5
    372c:	4981                	li	s3,0
    372e:	4b81                	li	s7,0
    3730:	85b2                	mv	a1,a2
    3732:	00ca5a13          	srli	s4,s4,0xc
    3736:	01f6db13          	srli	s6,a3,0x1f
    373a:	ee0719e3          	bnez	a4,362c <__muldf3+0x6e>
    373e:	00ca67b3          	or	a5,s4,a2
    3742:	c7b1                	beqz	a5,378e <__muldf3+0x1d0>
    3744:	220a0f63          	beqz	s4,3982 <__muldf3+0x3c4>
    3748:	8552                	mv	a0,s4
    374a:	c432                	sw	a2,8(sp)
    374c:	4c3010ef          	jal	ra,540e <__clzsi2>
    3750:	4622                	lw	a2,8(sp)
    3752:	872a                	mv	a4,a0
    3754:	ff550693          	addi	a3,a0,-11
    3758:	47f5                	li	a5,29
    375a:	ff870593          	addi	a1,a4,-8
    375e:	8f95                	sub	a5,a5,a3
    3760:	00ba1a33          	sll	s4,s4,a1
    3764:	00f657b3          	srl	a5,a2,a5
    3768:	0147e7b3          	or	a5,a5,s4
    376c:	00b615b3          	sll	a1,a2,a1
    3770:	40e90933          	sub	s2,s2,a4
    3774:	c0d90913          	addi	s2,s2,-1011
    3778:	4881                	li	a7,0
    377a:	bde1                	j	3652 <__muldf3+0x94>
    377c:	00a9e433          	or	s0,s3,a0
    3780:	ec01                	bnez	s0,3798 <__muldf3+0x1da>
    3782:	49a1                	li	s3,8
    3784:	4481                	li	s1,0
    3786:	7ff00913          	li	s2,2047
    378a:	4b89                	li	s7,2
    378c:	b559                	j	3612 <__muldf3+0x54>
    378e:	0019e993          	ori	s3,s3,1
    3792:	4581                	li	a1,0
    3794:	4885                	li	a7,1
    3796:	bd75                	j	3652 <__muldf3+0x94>
    3798:	844e                	mv	s0,s3
    379a:	84aa                	mv	s1,a0
    379c:	49b1                	li	s3,12
    379e:	7ff00913          	li	s2,2047
    37a2:	4b8d                	li	s7,3
    37a4:	b5bd                	j	3612 <__muldf3+0x54>
    37a6:	4991                	li	s3,4
    37a8:	4481                	li	s1,0
    37aa:	4901                	li	s2,0
    37ac:	4b85                	li	s7,1
    37ae:	b595                	j	3612 <__muldf3+0x54>
    37b0:	0039e993          	ori	s3,s3,3
    37b4:	87d2                	mv	a5,s4
    37b6:	488d                	li	a7,3
    37b8:	bd69                	j	3652 <__muldf3+0x94>
    37ba:	4789                	li	a5,2
    37bc:	8556                	mv	a0,s5
    37be:	f0fb97e3          	bne	s7,a5,36cc <__muldf3+0x10e>
    37c2:	872a                	mv	a4,a0
    37c4:	7ff00793          	li	a5,2047
    37c8:	4401                	li	s0,0
    37ca:	4481                	li	s1,0
    37cc:	b5f1                	j	3698 <__muldf3+0xda>
    37ce:	6ec1                	lui	t4,0x10
    37d0:	fffe8613          	addi	a2,t4,-1 # ffff <_data_lma+0x93f7>
    37d4:	0104d693          	srli	a3,s1,0x10
    37d8:	0105de13          	srli	t3,a1,0x10
    37dc:	8cf1                	and	s1,s1,a2
    37de:	8df1                	and	a1,a1,a2
    37e0:	02958633          	mul	a2,a1,s1
    37e4:	02b68333          	mul	t1,a3,a1
    37e8:	01065893          	srli	a7,a2,0x10
    37ec:	029e0533          	mul	a0,t3,s1
    37f0:	951a                	add	a0,a0,t1
    37f2:	98aa                	add	a7,a7,a0
    37f4:	03c682b3          	mul	t0,a3,t3
    37f8:	0068f363          	bgeu	a7,t1,37fe <__muldf3+0x240>
    37fc:	92f6                	add	t0,t0,t4
    37fe:	6fc1                	lui	t6,0x10
    3800:	ffff8313          	addi	t1,t6,-1 # ffff <_data_lma+0x93f7>
    3804:	0067f533          	and	a0,a5,t1
    3808:	0107d393          	srli	t2,a5,0x10
    380c:	0068f7b3          	and	a5,a7,t1
    3810:	07c2                	slli	a5,a5,0x10
    3812:	00667333          	and	t1,a2,t1
    3816:	933e                	add	t1,t1,a5
    3818:	02950633          	mul	a2,a0,s1
    381c:	0108d893          	srli	a7,a7,0x10
    3820:	02a687b3          	mul	a5,a3,a0
    3824:	01065f13          	srli	t5,a2,0x10
    3828:	029384b3          	mul	s1,t2,s1
    382c:	94be                	add	s1,s1,a5
    382e:	94fa                	add	s1,s1,t5
    3830:	02768eb3          	mul	t4,a3,t2
    3834:	00f4f363          	bgeu	s1,a5,383a <__muldf3+0x27c>
    3838:	9efe                	add	t4,t4,t6
    383a:	6a41                	lui	s4,0x10
    383c:	fffa0793          	addi	a5,s4,-1 # ffff <_data_lma+0x93f7>
    3840:	01045f93          	srli	t6,s0,0x10
    3844:	00f476b3          	and	a3,s0,a5
    3848:	00f4f9b3          	and	s3,s1,a5
    384c:	8e7d                	and	a2,a2,a5
    384e:	80c1                	srli	s1,s1,0x10
    3850:	02d58433          	mul	s0,a1,a3
    3854:	09c2                	slli	s3,s3,0x10
    3856:	01d48f33          	add	t5,s1,t4
    385a:	99b2                	add	s3,s3,a2
    385c:	98ce                	add	a7,a7,s3
    385e:	02de07b3          	mul	a5,t3,a3
    3862:	01045e93          	srli	t4,s0,0x10
    3866:	02bf85b3          	mul	a1,t6,a1
    386a:	97ae                	add	a5,a5,a1
    386c:	9ebe                	add	t4,t4,a5
    386e:	03fe0e33          	mul	t3,t3,t6
    3872:	00bef363          	bgeu	t4,a1,3878 <__muldf3+0x2ba>
    3876:	9e52                	add	t3,t3,s4
    3878:	67c1                	lui	a5,0x10
    387a:	fff78593          	addi	a1,a5,-1 # ffff <_data_lma+0x93f7>
    387e:	00bef633          	and	a2,t4,a1
    3882:	8c6d                	and	s0,s0,a1
    3884:	0642                	slli	a2,a2,0x10
    3886:	9622                	add	a2,a2,s0
    3888:	010ede93          	srli	t4,t4,0x10
    388c:	02d505b3          	mul	a1,a0,a3
    3890:	9e76                	add	t3,t3,t4
    3892:	02af8533          	mul	a0,t6,a0
    3896:	0105d413          	srli	s0,a1,0x10
    389a:	02d386b3          	mul	a3,t2,a3
    389e:	96aa                	add	a3,a3,a0
    38a0:	96a2                	add	a3,a3,s0
    38a2:	03f38fb3          	mul	t6,t2,t6
    38a6:	00a6f363          	bgeu	a3,a0,38ac <__muldf3+0x2ee>
    38aa:	9fbe                	add	t6,t6,a5
    38ac:	6541                	lui	a0,0x10
    38ae:	157d                	addi	a0,a0,-1
    38b0:	00a6f7b3          	and	a5,a3,a0
    38b4:	07c2                	slli	a5,a5,0x10
    38b6:	8d6d                	and	a0,a0,a1
    38b8:	97aa                	add	a5,a5,a0
    38ba:	005885b3          	add	a1,a7,t0
    38be:	0135b9b3          	sltu	s3,a1,s3
    38c2:	97fa                	add	a5,a5,t5
    38c4:	95b2                	add	a1,a1,a2
    38c6:	01378433          	add	s0,a5,s3
    38ca:	00c5b633          	sltu	a2,a1,a2
    38ce:	01c40eb3          	add	t4,s0,t3
    38d2:	00ce8533          	add	a0,t4,a2
    38d6:	01343433          	sltu	s0,s0,s3
    38da:	01e7b7b3          	sltu	a5,a5,t5
    38de:	8fc1                	or	a5,a5,s0
    38e0:	01cebe33          	sltu	t3,t4,t3
    38e4:	0106d413          	srli	s0,a3,0x10
    38e8:	00c53633          	sltu	a2,a0,a2
    38ec:	943e                	add	s0,s0,a5
    38ee:	00ce6633          	or	a2,t3,a2
    38f2:	00959493          	slli	s1,a1,0x9
    38f6:	9432                	add	s0,s0,a2
    38f8:	947e                	add	s0,s0,t6
    38fa:	0064e4b3          	or	s1,s1,t1
    38fe:	0426                	slli	s0,s0,0x9
    3900:	01755693          	srli	a3,a0,0x17
    3904:	009034b3          	snez	s1,s1
    3908:	81dd                	srli	a1,a1,0x17
    390a:	00951793          	slli	a5,a0,0x9
    390e:	8ccd                	or	s1,s1,a1
    3910:	8c55                	or	s0,s0,a3
    3912:	8cdd                	or	s1,s1,a5
    3914:	00741793          	slli	a5,s0,0x7
    3918:	0007db63          	bgez	a5,392e <__muldf3+0x370>
    391c:	0014d793          	srli	a5,s1,0x1
    3920:	8885                	andi	s1,s1,1
    3922:	01f41693          	slli	a3,s0,0x1f
    3926:	8cdd                	or	s1,s1,a5
    3928:	8cd5                	or	s1,s1,a3
    392a:	8005                	srli	s0,s0,0x1
    392c:	8942                	mv	s2,a6
    392e:	3ff90793          	addi	a5,s2,1023
    3932:	08f05963          	blez	a5,39c4 <__muldf3+0x406>
    3936:	0074f693          	andi	a3,s1,7
    393a:	ce81                	beqz	a3,3952 <__muldf3+0x394>
    393c:	00f4f693          	andi	a3,s1,15
    3940:	4611                	li	a2,4
    3942:	00c68863          	beq	a3,a2,3952 <__muldf3+0x394>
    3946:	00448693          	addi	a3,s1,4
    394a:	0096b4b3          	sltu	s1,a3,s1
    394e:	9426                	add	s0,s0,s1
    3950:	84b6                	mv	s1,a3
    3952:	00741693          	slli	a3,s0,0x7
    3956:	0006d863          	bgez	a3,3966 <__muldf3+0x3a8>
    395a:	ff0007b7          	lui	a5,0xff000
    395e:	17fd                	addi	a5,a5,-1
    3960:	8c7d                	and	s0,s0,a5
    3962:	40090793          	addi	a5,s2,1024
    3966:	7fe00693          	li	a3,2046
    396a:	0ef6cf63          	blt	a3,a5,3a68 <__muldf3+0x4aa>
    396e:	0034d693          	srli	a3,s1,0x3
    3972:	01d41493          	slli	s1,s0,0x1d
    3976:	0426                	slli	s0,s0,0x9
    3978:	8cd5                	or	s1,s1,a3
    397a:	8031                	srli	s0,s0,0xc
    397c:	7ff7f793          	andi	a5,a5,2047
    3980:	bb21                	j	3698 <__muldf3+0xda>
    3982:	8532                	mv	a0,a2
    3984:	c432                	sw	a2,8(sp)
    3986:	289010ef          	jal	ra,540e <__clzsi2>
    398a:	01550693          	addi	a3,a0,21 # 10015 <_data_lma+0x940d>
    398e:	47f1                	li	a5,28
    3990:	02050713          	addi	a4,a0,32
    3994:	4622                	lw	a2,8(sp)
    3996:	dcd7d1e3          	bge	a5,a3,3758 <__muldf3+0x19a>
    399a:	1561                	addi	a0,a0,-8
    399c:	00a617b3          	sll	a5,a2,a0
    39a0:	4581                	li	a1,0
    39a2:	b3f9                	j	3770 <__muldf3+0x1b2>
    39a4:	26b010ef          	jal	ra,540e <__clzsi2>
    39a8:	01550713          	addi	a4,a0,21
    39ac:	45f1                	li	a1,28
    39ae:	02050793          	addi	a5,a0,32
    39b2:	4622                	lw	a2,8(sp)
    39b4:	46b2                	lw	a3,12(sp)
    39b6:	d4e5d5e3          	bge	a1,a4,3700 <__muldf3+0x142>
    39ba:	1561                	addi	a0,a0,-8
    39bc:	00aa1433          	sll	s0,s4,a0
    39c0:	4481                	li	s1,0
    39c2:	bb99                	j	3718 <__muldf3+0x15a>
    39c4:	4685                	li	a3,1
    39c6:	8e9d                	sub	a3,a3,a5
    39c8:	e7b1                	bnez	a5,3a14 <__muldf3+0x456>
    39ca:	41e90913          	addi	s2,s2,1054
    39ce:	012497b3          	sll	a5,s1,s2
    39d2:	00d4d4b3          	srl	s1,s1,a3
    39d6:	01241933          	sll	s2,s0,s2
    39da:	00f037b3          	snez	a5,a5
    39de:	009964b3          	or	s1,s2,s1
    39e2:	8cdd                	or	s1,s1,a5
    39e4:	0074f793          	andi	a5,s1,7
    39e8:	00d456b3          	srl	a3,s0,a3
    39ec:	cf81                	beqz	a5,3a04 <__muldf3+0x446>
    39ee:	00f4f793          	andi	a5,s1,15
    39f2:	4611                	li	a2,4
    39f4:	00c78863          	beq	a5,a2,3a04 <__muldf3+0x446>
    39f8:	00448793          	addi	a5,s1,4
    39fc:	0097b4b3          	sltu	s1,a5,s1
    3a00:	96a6                	add	a3,a3,s1
    3a02:	84be                	mv	s1,a5
    3a04:	00869793          	slli	a5,a3,0x8
    3a08:	0407d863          	bgez	a5,3a58 <__muldf3+0x49a>
    3a0c:	4785                	li	a5,1
    3a0e:	4401                	li	s0,0
    3a10:	4481                	li	s1,0
    3a12:	b159                	j	3698 <__muldf3+0xda>
    3a14:	03800613          	li	a2,56
    3a18:	ccd641e3          	blt	a2,a3,36da <__muldf3+0x11c>
    3a1c:	467d                	li	a2,31
    3a1e:	fad656e3          	bge	a2,a3,39ca <__muldf3+0x40c>
    3a22:	5605                	li	a2,-31
    3a24:	40f607b3          	sub	a5,a2,a5
    3a28:	02000593          	li	a1,32
    3a2c:	00f45633          	srl	a2,s0,a5
    3a30:	00b68763          	beq	a3,a1,3a3e <__muldf3+0x480>
    3a34:	43e90913          	addi	s2,s2,1086
    3a38:	012417b3          	sll	a5,s0,s2
    3a3c:	8cdd                	or	s1,s1,a5
    3a3e:	009034b3          	snez	s1,s1
    3a42:	8cd1                	or	s1,s1,a2
    3a44:	0074f693          	andi	a3,s1,7
    3a48:	4401                	li	s0,0
    3a4a:	ca99                	beqz	a3,3a60 <__muldf3+0x4a2>
    3a4c:	00f4f793          	andi	a5,s1,15
    3a50:	4611                	li	a2,4
    3a52:	4681                	li	a3,0
    3a54:	fac792e3          	bne	a5,a2,39f8 <__muldf3+0x43a>
    3a58:	00969413          	slli	s0,a3,0x9
    3a5c:	8031                	srli	s0,s0,0xc
    3a5e:	06f6                	slli	a3,a3,0x1d
    3a60:	808d                	srli	s1,s1,0x3
    3a62:	8cd5                	or	s1,s1,a3
    3a64:	4781                	li	a5,0
    3a66:	b90d                	j	3698 <__muldf3+0xda>
    3a68:	7ff00793          	li	a5,2047
    3a6c:	4401                	li	s0,0
    3a6e:	4481                	li	s1,0
    3a70:	b125                	j	3698 <__muldf3+0xda>
    3a72:	8942                	mv	s2,a6
    3a74:	bd6d                	j	392e <__muldf3+0x370>

00003a76 <__subdf3>:
    3a76:	00100737          	lui	a4,0x100
    3a7a:	177d                	addi	a4,a4,-1
    3a7c:	1101                	addi	sp,sp,-32
    3a7e:	00b77333          	and	t1,a4,a1
    3a82:	0146d893          	srli	a7,a3,0x14
    3a86:	8f75                	and	a4,a4,a3
    3a88:	01d65e93          	srli	t4,a2,0x1d
    3a8c:	cc22                	sw	s0,24(sp)
    3a8e:	ca26                	sw	s1,20(sp)
    3a90:	030e                	slli	t1,t1,0x3
    3a92:	0145d493          	srli	s1,a1,0x14
    3a96:	01d55793          	srli	a5,a0,0x1d
    3a9a:	070e                	slli	a4,a4,0x3
    3a9c:	ce06                	sw	ra,28(sp)
    3a9e:	c84a                	sw	s2,16(sp)
    3aa0:	c64e                	sw	s3,12(sp)
    3aa2:	7ff8f893          	andi	a7,a7,2047
    3aa6:	7ff00e13          	li	t3,2047
    3aaa:	00eee733          	or	a4,t4,a4
    3aae:	7ff4f493          	andi	s1,s1,2047
    3ab2:	01f5d413          	srli	s0,a1,0x1f
    3ab6:	0067e333          	or	t1,a5,t1
    3aba:	00351f13          	slli	t5,a0,0x3
    3abe:	82fd                	srli	a3,a3,0x1f
    3ac0:	00361e93          	slli	t4,a2,0x3
    3ac4:	19c88063          	beq	a7,t3,3c44 <__subdf3+0x1ce>
    3ac8:	0016c693          	xori	a3,a3,1
    3acc:	411485b3          	sub	a1,s1,a7
    3ad0:	12d40563          	beq	s0,a3,3bfa <__subdf3+0x184>
    3ad4:	18b05163          	blez	a1,3c56 <__subdf3+0x1e0>
    3ad8:	1a088b63          	beqz	a7,3c8e <__subdf3+0x218>
    3adc:	008007b7          	lui	a5,0x800
    3ae0:	8f5d                	or	a4,a4,a5
    3ae2:	59c48163          	beq	s1,t3,4064 <__subdf3+0x5ee>
    3ae6:	03800793          	li	a5,56
    3aea:	34b7c463          	blt	a5,a1,3e32 <__subdf3+0x3bc>
    3aee:	47fd                	li	a5,31
    3af0:	48b7c563          	blt	a5,a1,3f7a <__subdf3+0x504>
    3af4:	02000793          	li	a5,32
    3af8:	8f8d                	sub	a5,a5,a1
    3afa:	00bed9b3          	srl	s3,t4,a1
    3afe:	00f71833          	sll	a6,a4,a5
    3b02:	00fe9eb3          	sll	t4,t4,a5
    3b06:	01386833          	or	a6,a6,s3
    3b0a:	00b75733          	srl	a4,a4,a1
    3b0e:	01d039b3          	snez	s3,t4
    3b12:	01386833          	or	a6,a6,s3
    3b16:	40e30333          	sub	t1,t1,a4
    3b1a:	410f09b3          	sub	s3,t5,a6
    3b1e:	013f37b3          	sltu	a5,t5,s3
    3b22:	40f30633          	sub	a2,t1,a5
    3b26:	00861793          	slli	a5,a2,0x8
    3b2a:	2407d363          	bgez	a5,3d70 <__subdf3+0x2fa>
    3b2e:	00800937          	lui	s2,0x800
    3b32:	197d                	addi	s2,s2,-1
    3b34:	01267933          	and	s2,a2,s2
    3b38:	2c090f63          	beqz	s2,3e16 <__subdf3+0x3a0>
    3b3c:	854a                	mv	a0,s2
    3b3e:	0d1010ef          	jal	ra,540e <__clzsi2>
    3b42:	ff850713          	addi	a4,a0,-8
    3b46:	02000793          	li	a5,32
    3b4a:	8f99                	sub	a5,a5,a4
    3b4c:	00f9d7b3          	srl	a5,s3,a5
    3b50:	00e91633          	sll	a2,s2,a4
    3b54:	8fd1                	or	a5,a5,a2
    3b56:	00e999b3          	sll	s3,s3,a4
    3b5a:	2a974463          	blt	a4,s1,3e02 <__subdf3+0x38c>
    3b5e:	8f05                	sub	a4,a4,s1
    3b60:	00170613          	addi	a2,a4,1 # 100001 <_data_lma+0xf93f9>
    3b64:	46fd                	li	a3,31
    3b66:	3ac6c563          	blt	a3,a2,3f10 <__subdf3+0x49a>
    3b6a:	02000713          	li	a4,32
    3b6e:	8f11                	sub	a4,a4,a2
    3b70:	00c9d6b3          	srl	a3,s3,a2
    3b74:	00e99833          	sll	a6,s3,a4
    3b78:	00e79733          	sll	a4,a5,a4
    3b7c:	8f55                	or	a4,a4,a3
    3b7e:	01003833          	snez	a6,a6
    3b82:	010769b3          	or	s3,a4,a6
    3b86:	00c7d633          	srl	a2,a5,a2
    3b8a:	4481                	li	s1,0
    3b8c:	0079f793          	andi	a5,s3,7
    3b90:	cf81                	beqz	a5,3ba8 <__subdf3+0x132>
    3b92:	00f9f693          	andi	a3,s3,15
    3b96:	4791                	li	a5,4
    3b98:	00f68863          	beq	a3,a5,3ba8 <__subdf3+0x132>
    3b9c:	00498693          	addi	a3,s3,4
    3ba0:	0136b833          	sltu	a6,a3,s3
    3ba4:	9642                	add	a2,a2,a6
    3ba6:	89b6                	mv	s3,a3
    3ba8:	00861793          	slli	a5,a2,0x8
    3bac:	1c07d663          	bgez	a5,3d78 <__subdf3+0x302>
    3bb0:	00148713          	addi	a4,s1,1
    3bb4:	7ff00793          	li	a5,2047
    3bb8:	8805                	andi	s0,s0,1
    3bba:	20f70663          	beq	a4,a5,3dc6 <__subdf3+0x350>
    3bbe:	ff8007b7          	lui	a5,0xff800
    3bc2:	17fd                	addi	a5,a5,-1
    3bc4:	8ff1                	and	a5,a5,a2
    3bc6:	01d79813          	slli	a6,a5,0x1d
    3bca:	0039d993          	srli	s3,s3,0x3
    3bce:	07a6                	slli	a5,a5,0x9
    3bd0:	01386833          	or	a6,a6,s3
    3bd4:	83b1                	srli	a5,a5,0xc
    3bd6:	7ff77713          	andi	a4,a4,2047
    3bda:	00c79693          	slli	a3,a5,0xc
    3bde:	0752                	slli	a4,a4,0x14
    3be0:	82b1                	srli	a3,a3,0xc
    3be2:	047e                	slli	s0,s0,0x1f
    3be4:	8ed9                	or	a3,a3,a4
    3be6:	8ec1                	or	a3,a3,s0
    3be8:	40f2                	lw	ra,28(sp)
    3bea:	4462                	lw	s0,24(sp)
    3bec:	44d2                	lw	s1,20(sp)
    3bee:	4942                	lw	s2,16(sp)
    3bf0:	49b2                	lw	s3,12(sp)
    3bf2:	8542                	mv	a0,a6
    3bf4:	85b6                	mv	a1,a3
    3bf6:	6105                	addi	sp,sp,32
    3bf8:	8082                	ret
    3bfa:	0ab05663          	blez	a1,3ca6 <__subdf3+0x230>
    3bfe:	12088a63          	beqz	a7,3d32 <__subdf3+0x2bc>
    3c02:	008007b7          	lui	a5,0x800
    3c06:	8f5d                	or	a4,a4,a5
    3c08:	2dc48763          	beq	s1,t3,3ed6 <__subdf3+0x460>
    3c0c:	03800793          	li	a5,56
    3c10:	18b7c763          	blt	a5,a1,3d9e <__subdf3+0x328>
    3c14:	47fd                	li	a5,31
    3c16:	3cb7d263          	bge	a5,a1,3fda <__subdf3+0x564>
    3c1a:	fe058813          	addi	a6,a1,-32 # 40020fe0 <_eusrstack+0x20018fe0>
    3c1e:	02000793          	li	a5,32
    3c22:	010759b3          	srl	s3,a4,a6
    3c26:	00f58a63          	beq	a1,a5,3c3a <__subdf3+0x1c4>
    3c2a:	04000793          	li	a5,64
    3c2e:	40b785b3          	sub	a1,a5,a1
    3c32:	00b71733          	sll	a4,a4,a1
    3c36:	00eeeeb3          	or	t4,t4,a4
    3c3a:	01d03833          	snez	a6,t4
    3c3e:	01386833          	or	a6,a6,s3
    3c42:	a295                	j	3da6 <__subdf3+0x330>
    3c44:	01d767b3          	or	a5,a4,t4
    3c48:	80148593          	addi	a1,s1,-2047
    3c4c:	e399                	bnez	a5,3c52 <__subdf3+0x1dc>
    3c4e:	0016c693          	xori	a3,a3,1
    3c52:	04d40a63          	beq	s0,a3,3ca6 <__subdf3+0x230>
    3c56:	e1d1                	bnez	a1,3cda <__subdf3+0x264>
    3c58:	00148793          	addi	a5,s1,1
    3c5c:	7fe7f793          	andi	a5,a5,2046
    3c60:	1e079963          	bnez	a5,3e52 <__subdf3+0x3dc>
    3c64:	01e367b3          	or	a5,t1,t5
    3c68:	01d76833          	or	a6,a4,t4
    3c6c:	16049263          	bnez	s1,3dd0 <__subdf3+0x35a>
    3c70:	3c078263          	beqz	a5,4034 <__subdf3+0x5be>
    3c74:	42081663          	bnez	a6,40a0 <__subdf3+0x62a>
    3c78:	00351813          	slli	a6,a0,0x3
    3c7c:	01d31693          	slli	a3,t1,0x1d
    3c80:	00385813          	srli	a6,a6,0x3
    3c84:	0106e833          	or	a6,a3,a6
    3c88:	00335793          	srli	a5,t1,0x3
    3c8c:	a219                	j	3d92 <__subdf3+0x31c>
    3c8e:	01d767b3          	or	a5,a4,t4
    3c92:	1a078563          	beqz	a5,3e3c <__subdf3+0x3c6>
    3c96:	fff58793          	addi	a5,a1,-1
    3c9a:	3a078b63          	beqz	a5,4050 <__subdf3+0x5da>
    3c9e:	23c58c63          	beq	a1,t3,3ed6 <__subdf3+0x460>
    3ca2:	85be                	mv	a1,a5
    3ca4:	b589                	j	3ae6 <__subdf3+0x70>
    3ca6:	1c059963          	bnez	a1,3e78 <__subdf3+0x402>
    3caa:	00148693          	addi	a3,s1,1
    3cae:	7fe6f793          	andi	a5,a3,2046
    3cb2:	efc1                	bnez	a5,3d4a <__subdf3+0x2d4>
    3cb4:	01e367b3          	or	a5,t1,t5
    3cb8:	36049063          	bnez	s1,4018 <__subdf3+0x5a2>
    3cbc:	44078d63          	beqz	a5,4116 <__subdf3+0x6a0>
    3cc0:	01d767b3          	or	a5,a4,t4
    3cc4:	46079463          	bnez	a5,412c <__subdf3+0x6b6>
    3cc8:	050e                	slli	a0,a0,0x3
    3cca:	01d31813          	slli	a6,t1,0x1d
    3cce:	810d                	srli	a0,a0,0x3
    3cd0:	00a86833          	or	a6,a6,a0
    3cd4:	00335793          	srli	a5,t1,0x3
    3cd8:	a86d                	j	3d92 <__subdf3+0x31c>
    3cda:	409885b3          	sub	a1,a7,s1
    3cde:	20049763          	bnez	s1,3eec <__subdf3+0x476>
    3ce2:	01e367b3          	or	a5,t1,t5
    3ce6:	30078d63          	beqz	a5,4000 <__subdf3+0x58a>
    3cea:	fff58793          	addi	a5,a1,-1
    3cee:	40078963          	beqz	a5,4100 <__subdf3+0x68a>
    3cf2:	7ff00513          	li	a0,2047
    3cf6:	20a58363          	beq	a1,a0,3efc <__subdf3+0x486>
    3cfa:	85be                	mv	a1,a5
    3cfc:	03800793          	li	a5,56
    3d00:	2ab7c263          	blt	a5,a1,3fa4 <__subdf3+0x52e>
    3d04:	47fd                	li	a5,31
    3d06:	3cb7c863          	blt	a5,a1,40d6 <__subdf3+0x660>
    3d0a:	02000793          	li	a5,32
    3d0e:	8f8d                	sub	a5,a5,a1
    3d10:	00f31833          	sll	a6,t1,a5
    3d14:	00bf5633          	srl	a2,t5,a1
    3d18:	00ff17b3          	sll	a5,t5,a5
    3d1c:	00c86833          	or	a6,a6,a2
    3d20:	00f039b3          	snez	s3,a5
    3d24:	00b35333          	srl	t1,t1,a1
    3d28:	01386833          	or	a6,a6,s3
    3d2c:	40670733          	sub	a4,a4,t1
    3d30:	acb5                	j	3fac <__subdf3+0x536>
    3d32:	01d767b3          	or	a5,a4,t4
    3d36:	10078363          	beqz	a5,3e3c <__subdf3+0x3c6>
    3d3a:	fff58793          	addi	a5,a1,-1
    3d3e:	1e078f63          	beqz	a5,3f3c <__subdf3+0x4c6>
    3d42:	2fc58063          	beq	a1,t3,4022 <__subdf3+0x5ac>
    3d46:	85be                	mv	a1,a5
    3d48:	b5d1                	j	3c0c <__subdf3+0x196>
    3d4a:	7ff00793          	li	a5,2047
    3d4e:	06f68b63          	beq	a3,a5,3dc4 <__subdf3+0x34e>
    3d52:	9efa                	add	t4,t4,t5
    3d54:	01eeb633          	sltu	a2,t4,t5
    3d58:	00e307b3          	add	a5,t1,a4
    3d5c:	97b2                	add	a5,a5,a2
    3d5e:	01f79813          	slli	a6,a5,0x1f
    3d62:	001ede93          	srli	t4,t4,0x1
    3d66:	01d869b3          	or	s3,a6,t4
    3d6a:	0017d613          	srli	a2,a5,0x1
    3d6e:	84b6                	mv	s1,a3
    3d70:	0079f793          	andi	a5,s3,7
    3d74:	e0079fe3          	bnez	a5,3b92 <__subdf3+0x11c>
    3d78:	01d61793          	slli	a5,a2,0x1d
    3d7c:	0039d813          	srli	a6,s3,0x3
    3d80:	00f86833          	or	a6,a6,a5
    3d84:	85a6                	mv	a1,s1
    3d86:	00365793          	srli	a5,a2,0x3
    3d8a:	7ff00713          	li	a4,2047
    3d8e:	06e58063          	beq	a1,a4,3dee <__subdf3+0x378>
    3d92:	07b2                	slli	a5,a5,0xc
    3d94:	83b1                	srli	a5,a5,0xc
    3d96:	7ff5f713          	andi	a4,a1,2047
    3d9a:	8805                	andi	s0,s0,1
    3d9c:	bd3d                	j	3bda <__subdf3+0x164>
    3d9e:	01d76733          	or	a4,a4,t4
    3da2:	00e03833          	snez	a6,a4
    3da6:	01e809b3          	add	s3,a6,t5
    3daa:	01e9b7b3          	sltu	a5,s3,t5
    3dae:	00678633          	add	a2,a5,t1
    3db2:	00861793          	slli	a5,a2,0x8
    3db6:	fa07dde3          	bgez	a5,3d70 <__subdf3+0x2fa>
    3dba:	0485                	addi	s1,s1,1
    3dbc:	7ff00793          	li	a5,2047
    3dc0:	18f49c63          	bne	s1,a5,3f58 <__subdf3+0x4e2>
    3dc4:	8805                	andi	s0,s0,1
    3dc6:	7ff00713          	li	a4,2047
    3dca:	4781                	li	a5,0
    3dcc:	4801                	li	a6,0
    3dce:	b531                	j	3bda <__subdf3+0x164>
    3dd0:	10079163          	bnez	a5,3ed2 <__subdf3+0x45c>
    3dd4:	3c080163          	beqz	a6,4196 <__subdf3+0x720>
    3dd8:	00361813          	slli	a6,a2,0x3
    3ddc:	01d71793          	slli	a5,a4,0x1d
    3de0:	00385813          	srli	a6,a6,0x3
    3de4:	00f86833          	or	a6,a6,a5
    3de8:	8436                	mv	s0,a3
    3dea:	00375793          	srli	a5,a4,0x3
    3dee:	00f867b3          	or	a5,a6,a5
    3df2:	dbe9                	beqz	a5,3dc4 <__subdf3+0x34e>
    3df4:	4401                	li	s0,0
    3df6:	7ff00713          	li	a4,2047
    3dfa:	000807b7          	lui	a5,0x80
    3dfe:	4801                	li	a6,0
    3e00:	bbe9                	j	3bda <__subdf3+0x164>
    3e02:	ff800637          	lui	a2,0xff800
    3e06:	167d                	addi	a2,a2,-1
    3e08:	8e7d                	and	a2,a2,a5
    3e0a:	0079f793          	andi	a5,s3,7
    3e0e:	8c99                	sub	s1,s1,a4
    3e10:	d80791e3          	bnez	a5,3b92 <__subdf3+0x11c>
    3e14:	b795                	j	3d78 <__subdf3+0x302>
    3e16:	854e                	mv	a0,s3
    3e18:	5f6010ef          	jal	ra,540e <__clzsi2>
    3e1c:	01850713          	addi	a4,a0,24
    3e20:	47fd                	li	a5,31
    3e22:	d2e7d2e3          	bge	a5,a4,3b46 <__subdf3+0xd0>
    3e26:	ff850613          	addi	a2,a0,-8
    3e2a:	00c997b3          	sll	a5,s3,a2
    3e2e:	4981                	li	s3,0
    3e30:	b32d                	j	3b5a <__subdf3+0xe4>
    3e32:	01d76833          	or	a6,a4,t4
    3e36:	01003833          	snez	a6,a6
    3e3a:	b1c5                	j	3b1a <__subdf3+0xa4>
    3e3c:	00351813          	slli	a6,a0,0x3
    3e40:	01d31793          	slli	a5,t1,0x1d
    3e44:	00385813          	srli	a6,a6,0x3
    3e48:	00f86833          	or	a6,a6,a5
    3e4c:	00335793          	srli	a5,t1,0x3
    3e50:	bf2d                	j	3d8a <__subdf3+0x314>
    3e52:	41df09b3          	sub	s3,t5,t4
    3e56:	40e30933          	sub	s2,t1,a4
    3e5a:	013f3633          	sltu	a2,t5,s3
    3e5e:	40c90933          	sub	s2,s2,a2
    3e62:	00891793          	slli	a5,s2,0x8
    3e66:	2007ca63          	bltz	a5,407a <__subdf3+0x604>
    3e6a:	0129e833          	or	a6,s3,s2
    3e6e:	cc0815e3          	bnez	a6,3b38 <__subdf3+0xc2>
    3e72:	4781                	li	a5,0
    3e74:	4401                	li	s0,0
    3e76:	bf31                	j	3d92 <__subdf3+0x31c>
    3e78:	409885b3          	sub	a1,a7,s1
    3e7c:	14048163          	beqz	s1,3fbe <__subdf3+0x548>
    3e80:	008006b7          	lui	a3,0x800
    3e84:	7ff00793          	li	a5,2047
    3e88:	00d36333          	or	t1,t1,a3
    3e8c:	20f88163          	beq	a7,a5,408e <__subdf3+0x618>
    3e90:	03800793          	li	a5,56
    3e94:	22b7cc63          	blt	a5,a1,40cc <__subdf3+0x656>
    3e98:	47fd                	li	a5,31
    3e9a:	2cb7c963          	blt	a5,a1,416c <__subdf3+0x6f6>
    3e9e:	02000793          	li	a5,32
    3ea2:	8f8d                	sub	a5,a5,a1
    3ea4:	00f31833          	sll	a6,t1,a5
    3ea8:	00bf56b3          	srl	a3,t5,a1
    3eac:	00ff17b3          	sll	a5,t5,a5
    3eb0:	00d86833          	or	a6,a6,a3
    3eb4:	00f039b3          	snez	s3,a5
    3eb8:	00b35333          	srl	t1,t1,a1
    3ebc:	01386833          	or	a6,a6,s3
    3ec0:	971a                	add	a4,a4,t1
    3ec2:	01d809b3          	add	s3,a6,t4
    3ec6:	01d9b7b3          	sltu	a5,s3,t4
    3eca:	00e78633          	add	a2,a5,a4
    3ece:	84c6                	mv	s1,a7
    3ed0:	b5cd                	j	3db2 <__subdf3+0x33c>
    3ed2:	f20811e3          	bnez	a6,3df4 <__subdf3+0x37e>
    3ed6:	00351813          	slli	a6,a0,0x3
    3eda:	01d31793          	slli	a5,t1,0x1d
    3ede:	00385813          	srli	a6,a6,0x3
    3ee2:	00f86833          	or	a6,a6,a5
    3ee6:	00335793          	srli	a5,t1,0x3
    3eea:	b711                	j	3dee <__subdf3+0x378>
    3eec:	00800537          	lui	a0,0x800
    3ef0:	7ff00793          	li	a5,2047
    3ef4:	00a36333          	or	t1,t1,a0
    3ef8:	e0f892e3          	bne	a7,a5,3cfc <__subdf3+0x286>
    3efc:	060e                	slli	a2,a2,0x3
    3efe:	01d71813          	slli	a6,a4,0x1d
    3f02:	820d                	srli	a2,a2,0x3
    3f04:	00c86833          	or	a6,a6,a2
    3f08:	00375793          	srli	a5,a4,0x3
    3f0c:	8436                	mv	s0,a3
    3f0e:	b5c5                	j	3dee <__subdf3+0x378>
    3f10:	1705                	addi	a4,a4,-31
    3f12:	02000693          	li	a3,32
    3f16:	00e7d733          	srl	a4,a5,a4
    3f1a:	00d60a63          	beq	a2,a3,3f2e <__subdf3+0x4b8>
    3f1e:	04000693          	li	a3,64
    3f22:	40c68633          	sub	a2,a3,a2
    3f26:	00c79633          	sll	a2,a5,a2
    3f2a:	00c9e9b3          	or	s3,s3,a2
    3f2e:	01303833          	snez	a6,s3
    3f32:	00e869b3          	or	s3,a6,a4
    3f36:	4601                	li	a2,0
    3f38:	4481                	li	s1,0
    3f3a:	bd1d                	j	3d70 <__subdf3+0x2fa>
    3f3c:	01df09b3          	add	s3,t5,t4
    3f40:	00e307b3          	add	a5,t1,a4
    3f44:	01e9bf33          	sltu	t5,s3,t5
    3f48:	01e78633          	add	a2,a5,t5
    3f4c:	00861793          	slli	a5,a2,0x8
    3f50:	4485                	li	s1,1
    3f52:	e007dfe3          	bgez	a5,3d70 <__subdf3+0x2fa>
    3f56:	4489                	li	s1,2
    3f58:	ff8007b7          	lui	a5,0xff800
    3f5c:	17fd                	addi	a5,a5,-1
    3f5e:	8ff1                	and	a5,a5,a2
    3f60:	0019d713          	srli	a4,s3,0x1
    3f64:	0019f813          	andi	a6,s3,1
    3f68:	01076833          	or	a6,a4,a6
    3f6c:	01f79993          	slli	s3,a5,0x1f
    3f70:	0109e9b3          	or	s3,s3,a6
    3f74:	0017d613          	srli	a2,a5,0x1
    3f78:	b911                	j	3b8c <__subdf3+0x116>
    3f7a:	fe058813          	addi	a6,a1,-32
    3f7e:	02000793          	li	a5,32
    3f82:	010759b3          	srl	s3,a4,a6
    3f86:	00f58a63          	beq	a1,a5,3f9a <__subdf3+0x524>
    3f8a:	04000793          	li	a5,64
    3f8e:	40b785b3          	sub	a1,a5,a1
    3f92:	00b71733          	sll	a4,a4,a1
    3f96:	00eeeeb3          	or	t4,t4,a4
    3f9a:	01d03833          	snez	a6,t4
    3f9e:	01386833          	or	a6,a6,s3
    3fa2:	bea5                	j	3b1a <__subdf3+0xa4>
    3fa4:	01e36333          	or	t1,t1,t5
    3fa8:	00603833          	snez	a6,t1
    3fac:	410e89b3          	sub	s3,t4,a6
    3fb0:	013eb7b3          	sltu	a5,t4,s3
    3fb4:	40f70633          	sub	a2,a4,a5
    3fb8:	84c6                	mv	s1,a7
    3fba:	8436                	mv	s0,a3
    3fbc:	b6ad                	j	3b26 <__subdf3+0xb0>
    3fbe:	01e367b3          	or	a5,t1,t5
    3fc2:	18078763          	beqz	a5,4150 <__subdf3+0x6da>
    3fc6:	fff58793          	addi	a5,a1,-1
    3fca:	1c078c63          	beqz	a5,41a2 <__subdf3+0x72c>
    3fce:	7ff00693          	li	a3,2047
    3fd2:	0ad58e63          	beq	a1,a3,408e <__subdf3+0x618>
    3fd6:	85be                	mv	a1,a5
    3fd8:	bd65                	j	3e90 <__subdf3+0x41a>
    3fda:	02000793          	li	a5,32
    3fde:	8f8d                	sub	a5,a5,a1
    3fe0:	00bed9b3          	srl	s3,t4,a1
    3fe4:	00f71833          	sll	a6,a4,a5
    3fe8:	00fe9eb3          	sll	t4,t4,a5
    3fec:	01386833          	or	a6,a6,s3
    3ff0:	00b75733          	srl	a4,a4,a1
    3ff4:	01d039b3          	snez	s3,t4
    3ff8:	01386833          	or	a6,a6,s3
    3ffc:	933a                	add	t1,t1,a4
    3ffe:	b365                	j	3da6 <__subdf3+0x330>
    4000:	00361813          	slli	a6,a2,0x3
    4004:	01d71793          	slli	a5,a4,0x1d
    4008:	00385813          	srli	a6,a6,0x3
    400c:	0107e833          	or	a6,a5,a6
    4010:	8436                	mv	s0,a3
    4012:	00375793          	srli	a5,a4,0x3
    4016:	bb95                	j	3d8a <__subdf3+0x314>
    4018:	cbbd                	beqz	a5,408e <__subdf3+0x618>
    401a:	01d76733          	or	a4,a4,t4
    401e:	dc071be3          	bnez	a4,3df4 <__subdf3+0x37e>
    4022:	050e                	slli	a0,a0,0x3
    4024:	01d31813          	slli	a6,t1,0x1d
    4028:	810d                	srli	a0,a0,0x3
    402a:	00a86833          	or	a6,a6,a0
    402e:	00335793          	srli	a5,t1,0x3
    4032:	bb75                	j	3dee <__subdf3+0x378>
    4034:	e2080fe3          	beqz	a6,3e72 <__subdf3+0x3fc>
    4038:	00361813          	slli	a6,a2,0x3
    403c:	01d71793          	slli	a5,a4,0x1d
    4040:	00385813          	srli	a6,a6,0x3
    4044:	00f86833          	or	a6,a6,a5
    4048:	8436                	mv	s0,a3
    404a:	00375793          	srli	a5,a4,0x3
    404e:	b391                	j	3d92 <__subdf3+0x31c>
    4050:	41df09b3          	sub	s3,t5,t4
    4054:	40e307b3          	sub	a5,t1,a4
    4058:	013f3f33          	sltu	t5,t5,s3
    405c:	41e78633          	sub	a2,a5,t5
    4060:	4485                	li	s1,1
    4062:	b4d1                	j	3b26 <__subdf3+0xb0>
    4064:	00351813          	slli	a6,a0,0x3
    4068:	01d31693          	slli	a3,t1,0x1d
    406c:	00385813          	srli	a6,a6,0x3
    4070:	0106e833          	or	a6,a3,a6
    4074:	00335793          	srli	a5,t1,0x3
    4078:	bb9d                	j	3dee <__subdf3+0x378>
    407a:	41ee89b3          	sub	s3,t4,t5
    407e:	40670633          	sub	a2,a4,t1
    4082:	013eb933          	sltu	s2,t4,s3
    4086:	41260933          	sub	s2,a2,s2
    408a:	8436                	mv	s0,a3
    408c:	b475                	j	3b38 <__subdf3+0xc2>
    408e:	060e                	slli	a2,a2,0x3
    4090:	01d71813          	slli	a6,a4,0x1d
    4094:	820d                	srli	a2,a2,0x3
    4096:	00c86833          	or	a6,a6,a2
    409a:	00375793          	srli	a5,a4,0x3
    409e:	bb81                	j	3dee <__subdf3+0x378>
    40a0:	41df09b3          	sub	s3,t5,t4
    40a4:	40e307b3          	sub	a5,t1,a4
    40a8:	013f3633          	sltu	a2,t5,s3
    40ac:	40c78633          	sub	a2,a5,a2
    40b0:	00861793          	slli	a5,a2,0x8
    40b4:	0a07d763          	bgez	a5,4162 <__subdf3+0x6ec>
    40b8:	41ee89b3          	sub	s3,t4,t5
    40bc:	406707b3          	sub	a5,a4,t1
    40c0:	013ebeb3          	sltu	t4,t4,s3
    40c4:	41d78633          	sub	a2,a5,t4
    40c8:	8436                	mv	s0,a3
    40ca:	b4c9                	j	3b8c <__subdf3+0x116>
    40cc:	01e36333          	or	t1,t1,t5
    40d0:	00603833          	snez	a6,t1
    40d4:	b3fd                	j	3ec2 <__subdf3+0x44c>
    40d6:	fe058813          	addi	a6,a1,-32
    40da:	02000793          	li	a5,32
    40de:	010359b3          	srl	s3,t1,a6
    40e2:	00f58a63          	beq	a1,a5,40f6 <__subdf3+0x680>
    40e6:	04000793          	li	a5,64
    40ea:	40b785b3          	sub	a1,a5,a1
    40ee:	00b31333          	sll	t1,t1,a1
    40f2:	006f6f33          	or	t5,t5,t1
    40f6:	01e03833          	snez	a6,t5
    40fa:	01386833          	or	a6,a6,s3
    40fe:	b57d                	j	3fac <__subdf3+0x536>
    4100:	41ee89b3          	sub	s3,t4,t5
    4104:	406707b3          	sub	a5,a4,t1
    4108:	013ebeb3          	sltu	t4,t4,s3
    410c:	41d78633          	sub	a2,a5,t4
    4110:	8436                	mv	s0,a3
    4112:	4485                	li	s1,1
    4114:	bc09                	j	3b26 <__subdf3+0xb0>
    4116:	00361813          	slli	a6,a2,0x3
    411a:	01d71793          	slli	a5,a4,0x1d
    411e:	00385813          	srli	a6,a6,0x3
    4122:	00f86833          	or	a6,a6,a5
    4126:	00375793          	srli	a5,a4,0x3
    412a:	b1a5                	j	3d92 <__subdf3+0x31c>
    412c:	01df09b3          	add	s3,t5,t4
    4130:	00e307b3          	add	a5,t1,a4
    4134:	01e9bf33          	sltu	t5,s3,t5
    4138:	01e78633          	add	a2,a5,t5
    413c:	00861793          	slli	a5,a2,0x8
    4140:	c207d8e3          	bgez	a5,3d70 <__subdf3+0x2fa>
    4144:	ff8007b7          	lui	a5,0xff800
    4148:	17fd                	addi	a5,a5,-1
    414a:	8e7d                	and	a2,a2,a5
    414c:	4485                	li	s1,1
    414e:	b10d                	j	3d70 <__subdf3+0x2fa>
    4150:	060e                	slli	a2,a2,0x3
    4152:	01d71813          	slli	a6,a4,0x1d
    4156:	820d                	srli	a2,a2,0x3
    4158:	00c86833          	or	a6,a6,a2
    415c:	00375793          	srli	a5,a4,0x3
    4160:	b12d                	j	3d8a <__subdf3+0x314>
    4162:	00c9e833          	or	a6,s3,a2
    4166:	d00806e3          	beqz	a6,3e72 <__subdf3+0x3fc>
    416a:	b119                	j	3d70 <__subdf3+0x2fa>
    416c:	fe058813          	addi	a6,a1,-32
    4170:	02000793          	li	a5,32
    4174:	010359b3          	srl	s3,t1,a6
    4178:	00f58a63          	beq	a1,a5,418c <__subdf3+0x716>
    417c:	04000793          	li	a5,64
    4180:	40b785b3          	sub	a1,a5,a1
    4184:	00b31333          	sll	t1,t1,a1
    4188:	006f6f33          	or	t5,t5,t1
    418c:	01e03833          	snez	a6,t5
    4190:	01386833          	or	a6,a6,s3
    4194:	b33d                	j	3ec2 <__subdf3+0x44c>
    4196:	4401                	li	s0,0
    4198:	7ff00713          	li	a4,2047
    419c:	000807b7          	lui	a5,0x80
    41a0:	bc2d                	j	3bda <__subdf3+0x164>
    41a2:	01df09b3          	add	s3,t5,t4
    41a6:	00e307b3          	add	a5,t1,a4
    41aa:	01d9beb3          	sltu	t4,s3,t4
    41ae:	01d78633          	add	a2,a5,t4
    41b2:	bb69                	j	3f4c <__subdf3+0x4d6>

000041b4 <__fixdfdi>:
    41b4:	00100737          	lui	a4,0x100
    41b8:	0145d793          	srli	a5,a1,0x14
    41bc:	fff70693          	addi	a3,a4,-1 # fffff <_data_lma+0xf93f7>
    41c0:	7ff7f793          	andi	a5,a5,2047
    41c4:	3fe00813          	li	a6,1022
    41c8:	8eed                	and	a3,a3,a1
    41ca:	01f5d613          	srli	a2,a1,0x1f
    41ce:	02f85363          	bge	a6,a5,41f4 <__fixdfdi+0x40>
    41d2:	43d00593          	li	a1,1085
    41d6:	02f5d263          	bge	a1,a5,41fa <__fixdfdi+0x46>
    41da:	4585                	li	a1,1
    41dc:	8d91                	sub	a1,a1,a2
    41de:	40b00533          	neg	a0,a1
    41e2:	41f5d613          	srai	a2,a1,0x1f
    41e6:	800005b7          	lui	a1,0x80000
    41ea:	00a037b3          	snez	a5,a0
    41ee:	8d91                	sub	a1,a1,a2
    41f0:	8d9d                	sub	a1,a1,a5
    41f2:	8082                	ret
    41f4:	4501                	li	a0,0
    41f6:	4581                	li	a1,0
    41f8:	8082                	ret
    41fa:	43200813          	li	a6,1074
    41fe:	00e6e5b3          	or	a1,a3,a4
    4202:	02f85463          	bge	a6,a5,422a <__fixdfdi+0x76>
    4206:	bad78713          	addi	a4,a5,-1107 # 7fbad <_data_lma+0x78fa5>
    420a:	bcd78793          	addi	a5,a5,-1075
    420e:	04074563          	bltz	a4,4258 <__fixdfdi+0xa4>
    4212:	00e515b3          	sll	a1,a0,a4
    4216:	4501                	li	a0,0
    4218:	d265                	beqz	a2,41f8 <__fixdfdi+0x44>
    421a:	40a00533          	neg	a0,a0
    421e:	00a037b3          	snez	a5,a0
    4222:	40b005b3          	neg	a1,a1
    4226:	8d9d                	sub	a1,a1,a5
    4228:	8082                	ret
    422a:	43300693          	li	a3,1075
    422e:	8e9d                	sub	a3,a3,a5
    4230:	477d                	li	a4,31
    4232:	00d74c63          	blt	a4,a3,424a <__fixdfdi+0x96>
    4236:	bed78713          	addi	a4,a5,-1043
    423a:	00e59733          	sll	a4,a1,a4
    423e:	00d55533          	srl	a0,a0,a3
    4242:	8d59                	or	a0,a0,a4
    4244:	00d5d5b3          	srl	a1,a1,a3
    4248:	bfc1                	j	4218 <__fixdfdi+0x64>
    424a:	41300513          	li	a0,1043
    424e:	8d1d                	sub	a0,a0,a5
    4250:	00a5d533          	srl	a0,a1,a0
    4254:	4581                	li	a1,0
    4256:	b7c9                	j	4218 <__fixdfdi+0x64>
    4258:	46fd                	li	a3,31
    425a:	00155713          	srli	a4,a0,0x1
    425e:	8e9d                	sub	a3,a3,a5
    4260:	00d75733          	srl	a4,a4,a3
    4264:	00f595b3          	sll	a1,a1,a5
    4268:	8dd9                	or	a1,a1,a4
    426a:	00f51533          	sll	a0,a0,a5
    426e:	b76d                	j	4218 <__fixdfdi+0x64>

00004270 <__floatdidf>:
    4270:	1101                	addi	sp,sp,-32
    4272:	ce06                	sw	ra,28(sp)
    4274:	cc22                	sw	s0,24(sp)
    4276:	ca26                	sw	s1,20(sp)
    4278:	c84a                	sw	s2,16(sp)
    427a:	c64e                	sw	s3,12(sp)
    427c:	00b567b3          	or	a5,a0,a1
    4280:	cf9d                	beqz	a5,42be <__floatdidf+0x4e>
    4282:	84ae                	mv	s1,a1
    4284:	89aa                	mv	s3,a0
    4286:	01f5d913          	srli	s2,a1,0x1f
    428a:	0405ce63          	bltz	a1,42e6 <__floatdidf+0x76>
    428e:	8426                	mv	s0,s1
    4290:	c4ad                	beqz	s1,42fa <__floatdidf+0x8a>
    4292:	8526                	mv	a0,s1
    4294:	17a010ef          	jal	ra,540e <__clzsi2>
    4298:	43e00693          	li	a3,1086
    429c:	8e89                	sub	a3,a3,a0
    429e:	43300793          	li	a5,1075
    42a2:	08d7ca63          	blt	a5,a3,4336 <__floatdidf+0xc6>
    42a6:	00c49793          	slli	a5,s1,0xc
    42aa:	462d                	li	a2,11
    42ac:	874e                	mv	a4,s3
    42ae:	7ff6f693          	andi	a3,a3,2047
    42b2:	83b1                	srli	a5,a5,0xc
    42b4:	00a65963          	bge	a2,a0,42c6 <__floatdidf+0x56>
    42b8:	ff550613          	addi	a2,a0,-11 # 7ffff5 <_data_lma+0x7f93ed>
    42bc:	a8b9                	j	431a <__floatdidf+0xaa>
    42be:	4901                	li	s2,0
    42c0:	4681                	li	a3,0
    42c2:	4781                	li	a5,0
    42c4:	4701                	li	a4,0
    42c6:	07b2                	slli	a5,a5,0xc
    42c8:	40f2                	lw	ra,28(sp)
    42ca:	4462                	lw	s0,24(sp)
    42cc:	06d2                	slli	a3,a3,0x14
    42ce:	83b1                	srli	a5,a5,0xc
    42d0:	097e                	slli	s2,s2,0x1f
    42d2:	8fd5                	or	a5,a5,a3
    42d4:	0127e7b3          	or	a5,a5,s2
    42d8:	44d2                	lw	s1,20(sp)
    42da:	4942                	lw	s2,16(sp)
    42dc:	49b2                	lw	s3,12(sp)
    42de:	853a                	mv	a0,a4
    42e0:	85be                	mv	a1,a5
    42e2:	6105                	addi	sp,sp,32
    42e4:	8082                	ret
    42e6:	40a00533          	neg	a0,a0
    42ea:	00a036b3          	snez	a3,a0
    42ee:	40b004b3          	neg	s1,a1
    42f2:	8c95                	sub	s1,s1,a3
    42f4:	89aa                	mv	s3,a0
    42f6:	8426                	mv	s0,s1
    42f8:	fcc9                	bnez	s1,4292 <__floatdidf+0x22>
    42fa:	854e                	mv	a0,s3
    42fc:	112010ef          	jal	ra,540e <__clzsi2>
    4300:	862a                	mv	a2,a0
    4302:	43e00693          	li	a3,1086
    4306:	02050513          	addi	a0,a0,32
    430a:	8e89                	sub	a3,a3,a0
    430c:	02a00793          	li	a5,42
    4310:	7ff6f693          	andi	a3,a3,2047
    4314:	0ca7c763          	blt	a5,a0,43e2 <__floatdidf+0x172>
    4318:	0655                	addi	a2,a2,21
    431a:	02b00713          	li	a4,43
    431e:	8f09                	sub	a4,a4,a0
    4320:	00c497b3          	sll	a5,s1,a2
    4324:	00e9d733          	srl	a4,s3,a4
    4328:	8f5d                	or	a4,a4,a5
    432a:	00c71793          	slli	a5,a4,0xc
    432e:	83b1                	srli	a5,a5,0xc
    4330:	00c99733          	sll	a4,s3,a2
    4334:	bf49                	j	42c6 <__floatdidf+0x56>
    4336:	43600793          	li	a5,1078
    433a:	02d7db63          	bge	a5,a3,4370 <__floatdidf+0x100>
    433e:	4721                	li	a4,8
    4340:	8f09                	sub	a4,a4,a0
    4342:	fe070593          	addi	a1,a4,-32
    4346:	0c05c263          	bltz	a1,440a <__floatdidf+0x19a>
    434a:	00b4d5b3          	srl	a1,s1,a1
    434e:	4701                	li	a4,0
    4350:	01850613          	addi	a2,a0,24
    4354:	03850793          	addi	a5,a0,56
    4358:	08064c63          	bltz	a2,43f0 <__floatdidf+0x180>
    435c:	00c99633          	sll	a2,s3,a2
    4360:	4981                	li	s3,0
    4362:	00c9e9b3          	or	s3,s3,a2
    4366:	01303633          	snez	a2,s3
    436a:	00c5e9b3          	or	s3,a1,a2
    436e:	843a                	mv	s0,a4
    4370:	47a1                	li	a5,8
    4372:	864e                	mv	a2,s3
    4374:	04a7c963          	blt	a5,a0,43c6 <__floatdidf+0x156>
    4378:	ff8007b7          	lui	a5,0xff800
    437c:	17fd                	addi	a5,a5,-1
    437e:	00767593          	andi	a1,a2,7
    4382:	00f47733          	and	a4,s0,a5
    4386:	c585                	beqz	a1,43ae <__floatdidf+0x13e>
    4388:	00f67593          	andi	a1,a2,15
    438c:	4811                	li	a6,4
    438e:	03058063          	beq	a1,a6,43ae <__floatdidf+0x13e>
    4392:	00460593          	addi	a1,a2,4 # ff800004 <_eusrstack+0xdf7f8004>
    4396:	00c5b633          	sltu	a2,a1,a2
    439a:	9732                	add	a4,a4,a2
    439c:	00871613          	slli	a2,a4,0x8
    43a0:	08065163          	bgez	a2,4422 <__floatdidf+0x1b2>
    43a4:	43f00693          	li	a3,1087
    43a8:	8f7d                	and	a4,a4,a5
    43aa:	8e89                	sub	a3,a3,a0
    43ac:	862e                	mv	a2,a1
    43ae:	00365513          	srli	a0,a2,0x3
    43b2:	00971793          	slli	a5,a4,0x9
    43b6:	01d71613          	slli	a2,a4,0x1d
    43ba:	00a66733          	or	a4,a2,a0
    43be:	83b1                	srli	a5,a5,0xc
    43c0:	7ff6f693          	andi	a3,a3,2047
    43c4:	b709                	j	42c6 <__floatdidf+0x56>
    43c6:	02800793          	li	a5,40
    43ca:	ff850593          	addi	a1,a0,-8
    43ce:	8f89                	sub	a5,a5,a0
    43d0:	00f9d7b3          	srl	a5,s3,a5
    43d4:	00b41733          	sll	a4,s0,a1
    43d8:	00e7e433          	or	s0,a5,a4
    43dc:	00b99633          	sll	a2,s3,a1
    43e0:	bf61                	j	4378 <__floatdidf+0x108>
    43e2:	1655                	addi	a2,a2,-11
    43e4:	00c997b3          	sll	a5,s3,a2
    43e8:	07b2                	slli	a5,a5,0xc
    43ea:	83b1                	srli	a5,a5,0xc
    43ec:	4701                	li	a4,0
    43ee:	bde1                	j	42c6 <__floatdidf+0x56>
    43f0:	467d                	li	a2,31
    43f2:	0019d813          	srli	a6,s3,0x1
    43f6:	8e1d                	sub	a2,a2,a5
    43f8:	00c85833          	srl	a6,a6,a2
    43fc:	00f49633          	sll	a2,s1,a5
    4400:	00c86633          	or	a2,a6,a2
    4404:	00f999b3          	sll	s3,s3,a5
    4408:	bfa9                	j	4362 <__floatdidf+0xf2>
    440a:	467d                	li	a2,31
    440c:	8e19                	sub	a2,a2,a4
    440e:	00149793          	slli	a5,s1,0x1
    4412:	00e9d5b3          	srl	a1,s3,a4
    4416:	00c797b3          	sll	a5,a5,a2
    441a:	8ddd                	or	a1,a1,a5
    441c:	00e4d733          	srl	a4,s1,a4
    4420:	bf05                	j	4350 <__floatdidf+0xe0>
    4422:	862e                	mv	a2,a1
    4424:	b769                	j	43ae <__floatdidf+0x13e>

00004426 <__addsf3>:
    4426:	1141                	addi	sp,sp,-16
    4428:	00800737          	lui	a4,0x800
    442c:	177d                	addi	a4,a4,-1
    442e:	0175d813          	srli	a6,a1,0x17
    4432:	c226                	sw	s1,4(sp)
    4434:	01755493          	srli	s1,a0,0x17
    4438:	00a77333          	and	t1,a4,a0
    443c:	0ff4f493          	andi	s1,s1,255
    4440:	00b776b3          	and	a3,a4,a1
    4444:	c04a                	sw	s2,0(sp)
    4446:	0ff87813          	andi	a6,a6,255
    444a:	01f55913          	srli	s2,a0,0x1f
    444e:	c606                	sw	ra,12(sp)
    4450:	c422                	sw	s0,8(sp)
    4452:	81fd                	srli	a1,a1,0x1f
    4454:	879a                	mv	a5,t1
    4456:	8526                	mv	a0,s1
    4458:	864a                	mv	a2,s2
    445a:	00331e13          	slli	t3,t1,0x3
    445e:	00369e93          	slli	t4,a3,0x3
    4462:	410488b3          	sub	a7,s1,a6
    4466:	0eb90a63          	beq	s2,a1,455a <__addsf3+0x134>
    446a:	0d105063          	blez	a7,452a <__addsf3+0x104>
    446e:	14080463          	beqz	a6,45b6 <__addsf3+0x190>
    4472:	0ff00793          	li	a5,255
    4476:	14f48b63          	beq	s1,a5,45cc <__addsf3+0x1a6>
    447a:	040007b7          	lui	a5,0x4000
    447e:	00feeeb3          	or	t4,t4,a5
    4482:	47ed                	li	a5,27
    4484:	2917c163          	blt	a5,a7,4706 <__addsf3+0x2e0>
    4488:	02000793          	li	a5,32
    448c:	411787b3          	sub	a5,a5,a7
    4490:	00fe97b3          	sll	a5,t4,a5
    4494:	011ed8b3          	srl	a7,t4,a7
    4498:	00f037b3          	snez	a5,a5
    449c:	00f8e7b3          	or	a5,a7,a5
    44a0:	40fe07b3          	sub	a5,t3,a5
    44a4:	00579713          	slli	a4,a5,0x5
    44a8:	18075e63          	bgez	a4,4644 <__addsf3+0x21e>
    44ac:	04000437          	lui	s0,0x4000
    44b0:	147d                	addi	s0,s0,-1
    44b2:	8c7d                	and	s0,s0,a5
    44b4:	8522                	mv	a0,s0
    44b6:	759000ef          	jal	ra,540e <__clzsi2>
    44ba:	156d                	addi	a0,a0,-5
    44bc:	00a417b3          	sll	a5,s0,a0
    44c0:	1a954863          	blt	a0,s1,4670 <__addsf3+0x24a>
    44c4:	8d05                	sub	a0,a0,s1
    44c6:	00150413          	addi	s0,a0,1
    44ca:	02000713          	li	a4,32
    44ce:	8f01                	sub	a4,a4,s0
    44d0:	00e79733          	sll	a4,a5,a4
    44d4:	00e03733          	snez	a4,a4
    44d8:	0087d7b3          	srl	a5,a5,s0
    44dc:	8fd9                	or	a5,a5,a4
    44de:	4481                	li	s1,0
    44e0:	0077f713          	andi	a4,a5,7
    44e4:	c719                	beqz	a4,44f2 <__addsf3+0xcc>
    44e6:	00f7f713          	andi	a4,a5,15
    44ea:	4691                	li	a3,4
    44ec:	00d70363          	beq	a4,a3,44f2 <__addsf3+0xcc>
    44f0:	0791                	addi	a5,a5,4
    44f2:	00579713          	slli	a4,a5,0x5
    44f6:	14075b63          	bgez	a4,464c <__addsf3+0x226>
    44fa:	0485                	addi	s1,s1,1
    44fc:	0ff00713          	li	a4,255
    4500:	864a                	mv	a2,s2
    4502:	16e48363          	beq	s1,a4,4668 <__addsf3+0x242>
    4506:	079a                	slli	a5,a5,0x6
    4508:	83a5                	srli	a5,a5,0x9
    450a:	0ff4f513          	andi	a0,s1,255
    450e:	40b2                	lw	ra,12(sp)
    4510:	4422                	lw	s0,8(sp)
    4512:	07a6                	slli	a5,a5,0x9
    4514:	01751493          	slli	s1,a0,0x17
    4518:	0097d513          	srli	a0,a5,0x9
    451c:	8d45                	or	a0,a0,s1
    451e:	067e                	slli	a2,a2,0x1f
    4520:	4492                	lw	s1,4(sp)
    4522:	4902                	lw	s2,0(sp)
    4524:	8d51                	or	a0,a0,a2
    4526:	0141                	addi	sp,sp,16
    4528:	8082                	ret
    452a:	0a089963          	bnez	a7,45dc <__addsf3+0x1b6>
    452e:	00148713          	addi	a4,s1,1
    4532:	0fe77713          	andi	a4,a4,254
    4536:	14071763          	bnez	a4,4684 <__addsf3+0x25e>
    453a:	22049063          	bnez	s1,475a <__addsf3+0x334>
    453e:	1e0e0d63          	beqz	t3,4738 <__addsf3+0x312>
    4542:	fc0e86e3          	beqz	t4,450e <__addsf3+0xe8>
    4546:	41de07b3          	sub	a5,t3,t4
    454a:	00579713          	slli	a4,a5,0x5
    454e:	22075063          	bgez	a4,476e <__addsf3+0x348>
    4552:	41ce87b3          	sub	a5,t4,t3
    4556:	892e                	mv	s2,a1
    4558:	b761                	j	44e0 <__addsf3+0xba>
    455a:	0b105c63          	blez	a7,4612 <__addsf3+0x1ec>
    455e:	08080e63          	beqz	a6,45fa <__addsf3+0x1d4>
    4562:	0ff00793          	li	a5,255
    4566:	06f48363          	beq	s1,a5,45cc <__addsf3+0x1a6>
    456a:	040007b7          	lui	a5,0x4000
    456e:	00feeeb3          	or	t4,t4,a5
    4572:	47ed                	li	a5,27
    4574:	1f17c963          	blt	a5,a7,4766 <__addsf3+0x340>
    4578:	02000793          	li	a5,32
    457c:	411787b3          	sub	a5,a5,a7
    4580:	00fe97b3          	sll	a5,t4,a5
    4584:	011ed8b3          	srl	a7,t4,a7
    4588:	00f037b3          	snez	a5,a5
    458c:	00f8e7b3          	or	a5,a7,a5
    4590:	97f2                	add	a5,a5,t3
    4592:	00579713          	slli	a4,a5,0x5
    4596:	0a075763          	bgez	a4,4644 <__addsf3+0x21e>
    459a:	0485                	addi	s1,s1,1
    459c:	0ff00713          	li	a4,255
    45a0:	0ce48463          	beq	s1,a4,4668 <__addsf3+0x242>
    45a4:	7e0006b7          	lui	a3,0x7e000
    45a8:	0017d713          	srli	a4,a5,0x1
    45ac:	16fd                	addi	a3,a3,-1
    45ae:	8b85                	andi	a5,a5,1
    45b0:	8f75                	and	a4,a4,a3
    45b2:	8fd9                	or	a5,a5,a4
    45b4:	b735                	j	44e0 <__addsf3+0xba>
    45b6:	080e8d63          	beqz	t4,4650 <__addsf3+0x22a>
    45ba:	18fd                	addi	a7,a7,-1
    45bc:	41de07b3          	sub	a5,t3,t4
    45c0:	ee0882e3          	beqz	a7,44a4 <__addsf3+0x7e>
    45c4:	0ff00793          	li	a5,255
    45c8:	eaf49de3          	bne	s1,a5,4482 <__addsf3+0x5c>
    45cc:	08030d63          	beqz	t1,4666 <__addsf3+0x240>
    45d0:	4601                	li	a2,0
    45d2:	0ff00513          	li	a0,255
    45d6:	004007b7          	lui	a5,0x400
    45da:	bf15                	j	450e <__addsf3+0xe8>
    45dc:	40980733          	sub	a4,a6,s1
    45e0:	e8ed                	bnez	s1,46d2 <__addsf3+0x2ac>
    45e2:	140e0263          	beqz	t3,4726 <__addsf3+0x300>
    45e6:	177d                	addi	a4,a4,-1
    45e8:	18070863          	beqz	a4,4778 <__addsf3+0x352>
    45ec:	0ff00793          	li	a5,255
    45f0:	0ef81963          	bne	a6,a5,46e2 <__addsf3+0x2bc>
    45f4:	892e                	mv	s2,a1
    45f6:	8336                	mv	t1,a3
    45f8:	bfd1                	j	45cc <__addsf3+0x1a6>
    45fa:	040e8b63          	beqz	t4,4650 <__addsf3+0x22a>
    45fe:	18fd                	addi	a7,a7,-1
    4600:	01de07b3          	add	a5,t3,t4
    4604:	f80887e3          	beqz	a7,4592 <__addsf3+0x16c>
    4608:	0ff00793          	li	a5,255
    460c:	f6f493e3          	bne	s1,a5,4572 <__addsf3+0x14c>
    4610:	bf75                	j	45cc <__addsf3+0x1a6>
    4612:	08089563          	bnez	a7,469c <__addsf3+0x276>
    4616:	0485                	addi	s1,s1,1
    4618:	0fe4f713          	andi	a4,s1,254
    461c:	12071363          	bnez	a4,4742 <__addsf3+0x31c>
    4620:	10051763          	bnez	a0,472e <__addsf3+0x308>
    4624:	140e0f63          	beqz	t3,4782 <__addsf3+0x35c>
    4628:	ee0e83e3          	beqz	t4,450e <__addsf3+0xe8>
    462c:	01de07b3          	add	a5,t3,t4
    4630:	00579713          	slli	a4,a5,0x5
    4634:	4481                	li	s1,0
    4636:	00075763          	bgez	a4,4644 <__addsf3+0x21e>
    463a:	fc000737          	lui	a4,0xfc000
    463e:	177d                	addi	a4,a4,-1
    4640:	8ff9                	and	a5,a5,a4
    4642:	4485                	li	s1,1
    4644:	0077f713          	andi	a4,a5,7
    4648:	e8071fe3          	bnez	a4,44e6 <__addsf3+0xc0>
    464c:	0037d313          	srli	t1,a5,0x3
    4650:	0ff00793          	li	a5,255
    4654:	f6f48ce3          	beq	s1,a5,45cc <__addsf3+0x1a6>
    4658:	00931793          	slli	a5,t1,0x9
    465c:	83a5                	srli	a5,a5,0x9
    465e:	0ff4f513          	andi	a0,s1,255
    4662:	864a                	mv	a2,s2
    4664:	b56d                	j	450e <__addsf3+0xe8>
    4666:	864a                	mv	a2,s2
    4668:	0ff00513          	li	a0,255
    466c:	4781                	li	a5,0
    466e:	b545                	j	450e <__addsf3+0xe8>
    4670:	fc000737          	lui	a4,0xfc000
    4674:	177d                	addi	a4,a4,-1
    4676:	8ff9                	and	a5,a5,a4
    4678:	0077f713          	andi	a4,a5,7
    467c:	8c89                	sub	s1,s1,a0
    467e:	e60714e3          	bnez	a4,44e6 <__addsf3+0xc0>
    4682:	b7e9                	j	464c <__addsf3+0x226>
    4684:	41de0433          	sub	s0,t3,t4
    4688:	00541793          	slli	a5,s0,0x5
    468c:	0c07c363          	bltz	a5,4752 <__addsf3+0x32c>
    4690:	e20412e3          	bnez	s0,44b4 <__addsf3+0x8e>
    4694:	4601                	li	a2,0
    4696:	4501                	li	a0,0
    4698:	4781                	li	a5,0
    469a:	bd95                	j	450e <__addsf3+0xe8>
    469c:	40980733          	sub	a4,a6,s1
    46a0:	c4ad                	beqz	s1,470a <__addsf3+0x2e4>
    46a2:	0ff00793          	li	a5,255
    46a6:	f4f808e3          	beq	a6,a5,45f6 <__addsf3+0x1d0>
    46aa:	040007b7          	lui	a5,0x4000
    46ae:	00fe6e33          	or	t3,t3,a5
    46b2:	47ed                	li	a5,27
    46b4:	0ce7cc63          	blt	a5,a4,478c <__addsf3+0x366>
    46b8:	02000793          	li	a5,32
    46bc:	8f99                	sub	a5,a5,a4
    46be:	00fe17b3          	sll	a5,t3,a5
    46c2:	00ee5733          	srl	a4,t3,a4
    46c6:	00f037b3          	snez	a5,a5
    46ca:	8fd9                	or	a5,a5,a4
    46cc:	97f6                	add	a5,a5,t4
    46ce:	84c2                	mv	s1,a6
    46d0:	b5c9                	j	4592 <__addsf3+0x16c>
    46d2:	0ff00793          	li	a5,255
    46d6:	f0f80fe3          	beq	a6,a5,45f4 <__addsf3+0x1ce>
    46da:	040007b7          	lui	a5,0x4000
    46de:	00fe6e33          	or	t3,t3,a5
    46e2:	47ed                	li	a5,27
    46e4:	08e7c363          	blt	a5,a4,476a <__addsf3+0x344>
    46e8:	02000693          	li	a3,32
    46ec:	8e99                	sub	a3,a3,a4
    46ee:	00de16b3          	sll	a3,t3,a3
    46f2:	00ee57b3          	srl	a5,t3,a4
    46f6:	00d03733          	snez	a4,a3
    46fa:	8fd9                	or	a5,a5,a4
    46fc:	40fe87b3          	sub	a5,t4,a5
    4700:	84c2                	mv	s1,a6
    4702:	892e                	mv	s2,a1
    4704:	b345                	j	44a4 <__addsf3+0x7e>
    4706:	4785                	li	a5,1
    4708:	bb61                	j	44a0 <__addsf3+0x7a>
    470a:	060e0e63          	beqz	t3,4786 <__addsf3+0x360>
    470e:	177d                	addi	a4,a4,-1
    4710:	01de07b3          	add	a5,t3,t4
    4714:	84c2                	mv	s1,a6
    4716:	e6070ee3          	beqz	a4,4592 <__addsf3+0x16c>
    471a:	0ff00793          	li	a5,255
    471e:	f8f81ae3          	bne	a6,a5,46b2 <__addsf3+0x28c>
    4722:	8336                	mv	t1,a3
    4724:	b565                	j	45cc <__addsf3+0x1a6>
    4726:	8336                	mv	t1,a3
    4728:	84c2                	mv	s1,a6
    472a:	892e                	mv	s2,a1
    472c:	b715                	j	4650 <__addsf3+0x22a>
    472e:	ec0e04e3          	beqz	t3,45f6 <__addsf3+0x1d0>
    4732:	e80e8de3          	beqz	t4,45cc <__addsf3+0x1a6>
    4736:	bd69                	j	45d0 <__addsf3+0x1aa>
    4738:	020e8d63          	beqz	t4,4772 <__addsf3+0x34c>
    473c:	862e                	mv	a2,a1
    473e:	87b6                	mv	a5,a3
    4740:	b3f9                	j	450e <__addsf3+0xe8>
    4742:	0ff00793          	li	a5,255
    4746:	f2f481e3          	beq	s1,a5,4668 <__addsf3+0x242>
    474a:	01de07b3          	add	a5,t3,t4
    474e:	8385                	srli	a5,a5,0x1
    4750:	bdd5                	j	4644 <__addsf3+0x21e>
    4752:	41ce8433          	sub	s0,t4,t3
    4756:	892e                	mv	s2,a1
    4758:	bbb1                	j	44b4 <__addsf3+0x8e>
    475a:	fc0e1ce3          	bnez	t3,4732 <__addsf3+0x30c>
    475e:	e60e89e3          	beqz	t4,45d0 <__addsf3+0x1aa>
    4762:	892e                	mv	s2,a1
    4764:	bd49                	j	45f6 <__addsf3+0x1d0>
    4766:	4785                	li	a5,1
    4768:	b525                	j	4590 <__addsf3+0x16a>
    476a:	4785                	li	a5,1
    476c:	bf41                	j	46fc <__addsf3+0x2d6>
    476e:	ec079be3          	bnez	a5,4644 <__addsf3+0x21e>
    4772:	4601                	li	a2,0
    4774:	4781                	li	a5,0
    4776:	bb61                	j	450e <__addsf3+0xe8>
    4778:	41ce87b3          	sub	a5,t4,t3
    477c:	84c2                	mv	s1,a6
    477e:	892e                	mv	s2,a1
    4780:	b315                	j	44a4 <__addsf3+0x7e>
    4782:	87b6                	mv	a5,a3
    4784:	b369                	j	450e <__addsf3+0xe8>
    4786:	8336                	mv	t1,a3
    4788:	84c2                	mv	s1,a6
    478a:	b5d9                	j	4650 <__addsf3+0x22a>
    478c:	4785                	li	a5,1
    478e:	bf3d                	j	46cc <__addsf3+0x2a6>

00004790 <__divsf3>:
    4790:	7139                	addi	sp,sp,-64
    4792:	01755793          	srli	a5,a0,0x17
    4796:	d84a                	sw	s2,48(sp)
    4798:	d256                	sw	s5,36(sp)
    479a:	ce5e                	sw	s7,28(sp)
    479c:	00951a93          	slli	s5,a0,0x9
    47a0:	01f55913          	srli	s2,a0,0x1f
    47a4:	de06                	sw	ra,60(sp)
    47a6:	dc22                	sw	s0,56(sp)
    47a8:	da26                	sw	s1,52(sp)
    47aa:	d64e                	sw	s3,44(sp)
    47ac:	d452                	sw	s4,40(sp)
    47ae:	d05a                	sw	s6,32(sp)
    47b0:	0ff7f793          	andi	a5,a5,255
    47b4:	009ada93          	srli	s5,s5,0x9
    47b8:	8bca                	mv	s7,s2
    47ba:	12078263          	beqz	a5,48de <__divsf3+0x14e>
    47be:	0ff00713          	li	a4,255
    47c2:	12e78463          	beq	a5,a4,48ea <__divsf3+0x15a>
    47c6:	0a8e                	slli	s5,s5,0x3
    47c8:	04000737          	lui	a4,0x4000
    47cc:	00eaeab3          	or	s5,s5,a4
    47d0:	f8178a13          	addi	s4,a5,-127 # 3ffff81 <_data_lma+0x3ff9379>
    47d4:	4401                	li	s0,0
    47d6:	4b01                	li	s6,0
    47d8:	0175d793          	srli	a5,a1,0x17
    47dc:	00959493          	slli	s1,a1,0x9
    47e0:	0ff7f793          	andi	a5,a5,255
    47e4:	80a5                	srli	s1,s1,0x9
    47e6:	01f5d993          	srli	s3,a1,0x1f
    47ea:	c7fd                	beqz	a5,48d8 <__divsf3+0x148>
    47ec:	0ff00713          	li	a4,255
    47f0:	02e78763          	beq	a5,a4,481e <__divsf3+0x8e>
    47f4:	048e                	slli	s1,s1,0x3
    47f6:	f8178793          	addi	a5,a5,-127
    47fa:	04000737          	lui	a4,0x4000
    47fe:	8cd9                	or	s1,s1,a4
    4800:	40fa0a33          	sub	s4,s4,a5
    4804:	4681                	li	a3,0
    4806:	8c55                	or	s0,s0,a3
    4808:	00002717          	auipc	a4,0x2
    480c:	0a870713          	addi	a4,a4,168 # 68b0 <days_in_month.5675+0x4e8>
    4810:	040a                	slli	s0,s0,0x2
    4812:	943a                	add	s0,s0,a4
    4814:	401c                	lw	a5,0(s0)
    4816:	01394933          	xor	s2,s2,s3
    481a:	97ba                	add	a5,a5,a4
    481c:	8782                	jr	a5
    481e:	f01a0a13          	addi	s4,s4,-255
    4822:	e8f9                	bnez	s1,48f8 <__divsf3+0x168>
    4824:	4689                	li	a3,2
    4826:	8c55                	or	s0,s0,a3
    4828:	00002717          	auipc	a4,0x2
    482c:	0c870713          	addi	a4,a4,200 # 68f0 <days_in_month.5675+0x528>
    4830:	040a                	slli	s0,s0,0x2
    4832:	943a                	add	s0,s0,a4
    4834:	401c                	lw	a5,0(s0)
    4836:	01394933          	xor	s2,s2,s3
    483a:	97ba                	add	a5,a5,a4
    483c:	8782                	jr	a5
    483e:	4901                	li	s2,0
    4840:	0ff00713          	li	a4,255
    4844:	004007b7          	lui	a5,0x400
    4848:	00979513          	slli	a0,a5,0x9
    484c:	50f2                	lw	ra,60(sp)
    484e:	5462                	lw	s0,56(sp)
    4850:	01771793          	slli	a5,a4,0x17
    4854:	8125                	srli	a0,a0,0x9
    4856:	097e                	slli	s2,s2,0x1f
    4858:	8d5d                	or	a0,a0,a5
    485a:	01256533          	or	a0,a0,s2
    485e:	54d2                	lw	s1,52(sp)
    4860:	5942                	lw	s2,48(sp)
    4862:	59b2                	lw	s3,44(sp)
    4864:	5a22                	lw	s4,40(sp)
    4866:	5a92                	lw	s5,36(sp)
    4868:	5b02                	lw	s6,32(sp)
    486a:	4bf2                	lw	s7,28(sp)
    486c:	6121                	addi	sp,sp,64
    486e:	8082                	ret
    4870:	0ff00713          	li	a4,255
    4874:	4781                	li	a5,0
    4876:	bfc9                	j	4848 <__divsf3+0xb8>
    4878:	8aa6                	mv	s5,s1
    487a:	8bce                	mv	s7,s3
    487c:	8b36                	mv	s6,a3
    487e:	4789                	li	a5,2
    4880:	1afb0b63          	beq	s6,a5,4a36 <__divsf3+0x2a6>
    4884:	478d                	li	a5,3
    4886:	fafb0ce3          	beq	s6,a5,483e <__divsf3+0xae>
    488a:	4785                	li	a5,1
    488c:	0afb0a63          	beq	s6,a5,4940 <__divsf3+0x1b0>
    4890:	07fa0713          	addi	a4,s4,127
    4894:	001bf913          	andi	s2,s7,1
    4898:	12e05763          	blez	a4,49c6 <__divsf3+0x236>
    489c:	007af793          	andi	a5,s5,7
    48a0:	c799                	beqz	a5,48ae <__divsf3+0x11e>
    48a2:	00faf793          	andi	a5,s5,15
    48a6:	4691                	li	a3,4
    48a8:	00d78363          	beq	a5,a3,48ae <__divsf3+0x11e>
    48ac:	0a91                	addi	s5,s5,4
    48ae:	004a9793          	slli	a5,s5,0x4
    48b2:	0007d963          	bgez	a5,48c4 <__divsf3+0x134>
    48b6:	f80007b7          	lui	a5,0xf8000
    48ba:	17fd                	addi	a5,a5,-1
    48bc:	00fafab3          	and	s5,s5,a5
    48c0:	080a0713          	addi	a4,s4,128
    48c4:	0fe00793          	li	a5,254
    48c8:	fae7c4e3          	blt	a5,a4,4870 <__divsf3+0xe0>
    48cc:	006a9793          	slli	a5,s5,0x6
    48d0:	83a5                	srli	a5,a5,0x9
    48d2:	0ff77713          	andi	a4,a4,255
    48d6:	bf8d                	j	4848 <__divsf3+0xb8>
    48d8:	e4b9                	bnez	s1,4926 <__divsf3+0x196>
    48da:	4685                	li	a3,1
    48dc:	b7a9                	j	4826 <__divsf3+0x96>
    48de:	020a9463          	bnez	s5,4906 <__divsf3+0x176>
    48e2:	4411                	li	s0,4
    48e4:	4a01                	li	s4,0
    48e6:	4b05                	li	s6,1
    48e8:	bdc5                	j	47d8 <__divsf3+0x48>
    48ea:	000a9963          	bnez	s5,48fc <__divsf3+0x16c>
    48ee:	4421                	li	s0,8
    48f0:	0ff00a13          	li	s4,255
    48f4:	4b09                	li	s6,2
    48f6:	b5cd                	j	47d8 <__divsf3+0x48>
    48f8:	468d                	li	a3,3
    48fa:	b731                	j	4806 <__divsf3+0x76>
    48fc:	4431                	li	s0,12
    48fe:	0ff00a13          	li	s4,255
    4902:	4b0d                	li	s6,3
    4904:	bdd1                	j	47d8 <__divsf3+0x48>
    4906:	8556                	mv	a0,s5
    4908:	c62e                	sw	a1,12(sp)
    490a:	305000ef          	jal	ra,540e <__clzsi2>
    490e:	ffb50793          	addi	a5,a0,-5
    4912:	00fa9ab3          	sll	s5,s5,a5
    4916:	f8a00793          	li	a5,-118
    491a:	40a78a33          	sub	s4,a5,a0
    491e:	4401                	li	s0,0
    4920:	4b01                	li	s6,0
    4922:	45b2                	lw	a1,12(sp)
    4924:	bd55                	j	47d8 <__divsf3+0x48>
    4926:	8526                	mv	a0,s1
    4928:	2e7000ef          	jal	ra,540e <__clzsi2>
    492c:	ffb50713          	addi	a4,a0,-5
    4930:	00aa07b3          	add	a5,s4,a0
    4934:	00e494b3          	sll	s1,s1,a4
    4938:	07678a13          	addi	s4,a5,118 # f8000076 <_eusrstack+0xd7ff8076>
    493c:	4681                	li	a3,0
    493e:	b5e1                	j	4806 <__divsf3+0x76>
    4940:	001bf913          	andi	s2,s7,1
    4944:	4701                	li	a4,0
    4946:	4781                	li	a5,0
    4948:	b701                	j	4848 <__divsf3+0xb8>
    494a:	6641                	lui	a2,0x10
    494c:	00549513          	slli	a0,s1,0x5
    4950:	167d                	addi	a2,a2,-1
    4952:	01055793          	srli	a5,a0,0x10
    4956:	8e69                	and	a2,a2,a0
    4958:	0a9afa63          	bgeu	s5,s1,4a0c <__divsf3+0x27c>
    495c:	02fad5b3          	divu	a1,s5,a5
    4960:	1a7d                	addi	s4,s4,-1
    4962:	86d6                	mv	a3,s5
    4964:	4701                	li	a4,0
    4966:	02c58833          	mul	a6,a1,a2
    496a:	02f6f6b3          	remu	a3,a3,a5
    496e:	06c2                	slli	a3,a3,0x10
    4970:	8f55                	or	a4,a4,a3
    4972:	01077b63          	bgeu	a4,a6,4988 <__divsf3+0x1f8>
    4976:	972a                	add	a4,a4,a0
    4978:	fff58693          	addi	a3,a1,-1 # 7fffffff <_eusrstack+0x5fff7fff>
    497c:	0aa76863          	bltu	a4,a0,4a2c <__divsf3+0x29c>
    4980:	0b077663          	bgeu	a4,a6,4a2c <__divsf3+0x29c>
    4984:	15f9                	addi	a1,a1,-2
    4986:	972a                	add	a4,a4,a0
    4988:	41070733          	sub	a4,a4,a6
    498c:	02f756b3          	divu	a3,a4,a5
    4990:	02f77733          	remu	a4,a4,a5
    4994:	02c68ab3          	mul	s5,a3,a2
    4998:	01071793          	slli	a5,a4,0x10
    499c:	0157fb63          	bgeu	a5,s5,49b2 <__divsf3+0x222>
    49a0:	97aa                	add	a5,a5,a0
    49a2:	fff68713          	addi	a4,a3,-1 # 7dffffff <_eusrstack+0x5dff7fff>
    49a6:	08a7e163          	bltu	a5,a0,4a28 <__divsf3+0x298>
    49aa:	0757ff63          	bgeu	a5,s5,4a28 <__divsf3+0x298>
    49ae:	16f9                	addi	a3,a3,-2
    49b0:	97aa                	add	a5,a5,a0
    49b2:	05c2                	slli	a1,a1,0x10
    49b4:	41578ab3          	sub	s5,a5,s5
    49b8:	8dd5                	or	a1,a1,a3
    49ba:	01503ab3          	snez	s5,s5
    49be:	0155eab3          	or	s5,a1,s5
    49c2:	8bca                	mv	s7,s2
    49c4:	b5f1                	j	4890 <__divsf3+0x100>
    49c6:	4685                	li	a3,1
    49c8:	8e99                	sub	a3,a3,a4
    49ca:	c711                	beqz	a4,49d6 <__divsf3+0x246>
    49cc:	466d                	li	a2,27
    49ce:	4701                	li	a4,0
    49d0:	4781                	li	a5,0
    49d2:	e6d64be3          	blt	a2,a3,4848 <__divsf3+0xb8>
    49d6:	09ea0a13          	addi	s4,s4,158
    49da:	014a9a33          	sll	s4,s5,s4
    49de:	00dad7b3          	srl	a5,s5,a3
    49e2:	01403ab3          	snez	s5,s4
    49e6:	0157e7b3          	or	a5,a5,s5
    49ea:	0077f713          	andi	a4,a5,7
    49ee:	c719                	beqz	a4,49fc <__divsf3+0x26c>
    49f0:	00f7f713          	andi	a4,a5,15
    49f4:	4691                	li	a3,4
    49f6:	00d70363          	beq	a4,a3,49fc <__divsf3+0x26c>
    49fa:	0791                	addi	a5,a5,4
    49fc:	00579713          	slli	a4,a5,0x5
    4a00:	02074863          	bltz	a4,4a30 <__divsf3+0x2a0>
    4a04:	079a                	slli	a5,a5,0x6
    4a06:	83a5                	srli	a5,a5,0x9
    4a08:	4701                	li	a4,0
    4a0a:	bd3d                	j	4848 <__divsf3+0xb8>
    4a0c:	001ad693          	srli	a3,s5,0x1
    4a10:	02f6d5b3          	divu	a1,a3,a5
    4a14:	01fa9713          	slli	a4,s5,0x1f
    4a18:	8341                	srli	a4,a4,0x10
    4a1a:	02c58833          	mul	a6,a1,a2
    4a1e:	b7b1                	j	496a <__divsf3+0x1da>
    4a20:	8bce                	mv	s7,s3
    4a22:	8b36                	mv	s6,a3
    4a24:	4a81                	li	s5,0
    4a26:	bda1                	j	487e <__divsf3+0xee>
    4a28:	86ba                	mv	a3,a4
    4a2a:	b761                	j	49b2 <__divsf3+0x222>
    4a2c:	85b6                	mv	a1,a3
    4a2e:	bfa9                	j	4988 <__divsf3+0x1f8>
    4a30:	4705                	li	a4,1
    4a32:	4781                	li	a5,0
    4a34:	bd11                	j	4848 <__divsf3+0xb8>
    4a36:	001bf913          	andi	s2,s7,1
    4a3a:	0ff00713          	li	a4,255
    4a3e:	4781                	li	a5,0
    4a40:	b521                	j	4848 <__divsf3+0xb8>

00004a42 <__gesf2>:
    4a42:	01755693          	srli	a3,a0,0x17
    4a46:	008007b7          	lui	a5,0x800
    4a4a:	17fd                	addi	a5,a5,-1
    4a4c:	0175d613          	srli	a2,a1,0x17
    4a50:	0ff6f693          	andi	a3,a3,255
    4a54:	0ff00813          	li	a6,255
    4a58:	00a7f8b3          	and	a7,a5,a0
    4a5c:	01f55713          	srli	a4,a0,0x1f
    4a60:	8fed                	and	a5,a5,a1
    4a62:	0ff67613          	andi	a2,a2,255
    4a66:	81fd                	srli	a1,a1,0x1f
    4a68:	03068163          	beq	a3,a6,4a8a <__gesf2+0x48>
    4a6c:	01060c63          	beq	a2,a6,4a84 <__gesf2+0x42>
    4a70:	e28d                	bnez	a3,4a92 <__gesf2+0x50>
    4a72:	e211                	bnez	a2,4a76 <__gesf2+0x34>
    4a74:	c3b1                	beqz	a5,4ab8 <__gesf2+0x76>
    4a76:	02088e63          	beqz	a7,4ab2 <__gesf2+0x70>
    4a7a:	04b70563          	beq	a4,a1,4ac4 <__gesf2+0x82>
    4a7e:	4505                	li	a0,1
    4a80:	e71d                	bnez	a4,4aae <__gesf2+0x6c>
    4a82:	8082                	ret
    4a84:	d7f5                	beqz	a5,4a70 <__gesf2+0x2e>
    4a86:	5579                	li	a0,-2
    4a88:	8082                	ret
    4a8a:	fe089ee3          	bnez	a7,4a86 <__gesf2+0x44>
    4a8e:	02d60963          	beq	a2,a3,4ac0 <__gesf2+0x7e>
    4a92:	e211                	bnez	a2,4a96 <__gesf2+0x54>
    4a94:	d7ed                	beqz	a5,4a7e <__gesf2+0x3c>
    4a96:	feb714e3          	bne	a4,a1,4a7e <__gesf2+0x3c>
    4a9a:	fed642e3          	blt	a2,a3,4a7e <__gesf2+0x3c>
    4a9e:	00c6c763          	blt	a3,a2,4aac <__gesf2+0x6a>
    4aa2:	fd17eee3          	bltu	a5,a7,4a7e <__gesf2+0x3c>
    4aa6:	4501                	li	a0,0
    4aa8:	fcf8fde3          	bgeu	a7,a5,4a82 <__gesf2+0x40>
    4aac:	e701                	bnez	a4,4ab4 <__gesf2+0x72>
    4aae:	557d                	li	a0,-1
    4ab0:	8082                	ret
    4ab2:	ddf5                	beqz	a1,4aae <__gesf2+0x6c>
    4ab4:	4505                	li	a0,1
    4ab6:	8082                	ret
    4ab8:	4501                	li	a0,0
    4aba:	fc0892e3          	bnez	a7,4a7e <__gesf2+0x3c>
    4abe:	8082                	ret
    4ac0:	dbf9                	beqz	a5,4a96 <__gesf2+0x54>
    4ac2:	b7d1                	j	4a86 <__gesf2+0x44>
    4ac4:	4681                	li	a3,0
    4ac6:	bfe1                	j	4a9e <__gesf2+0x5c>

00004ac8 <__lesf2>:
    4ac8:	01755693          	srli	a3,a0,0x17
    4acc:	008007b7          	lui	a5,0x800
    4ad0:	17fd                	addi	a5,a5,-1
    4ad2:	0175d613          	srli	a2,a1,0x17
    4ad6:	0ff6f693          	andi	a3,a3,255
    4ada:	0ff00813          	li	a6,255
    4ade:	00a7f8b3          	and	a7,a5,a0
    4ae2:	01f55713          	srli	a4,a0,0x1f
    4ae6:	8fed                	and	a5,a5,a1
    4ae8:	0ff67613          	andi	a2,a2,255
    4aec:	81fd                	srli	a1,a1,0x1f
    4aee:	03068763          	beq	a3,a6,4b1c <__lesf2+0x54>
    4af2:	01060963          	beq	a2,a6,4b04 <__lesf2+0x3c>
    4af6:	ea85                	bnez	a3,4b26 <__lesf2+0x5e>
    4af8:	ea11                	bnez	a2,4b0c <__lesf2+0x44>
    4afa:	eb89                	bnez	a5,4b0c <__lesf2+0x44>
    4afc:	4501                	li	a0,0
    4afe:	00089b63          	bnez	a7,4b14 <__lesf2+0x4c>
    4b02:	8082                	ret
    4b04:	4509                	li	a0,2
    4b06:	fff5                	bnez	a5,4b02 <__lesf2+0x3a>
    4b08:	dae5                	beqz	a3,4af8 <__lesf2+0x30>
    4b0a:	a831                	j	4b26 <__lesf2+0x5e>
    4b0c:	02088c63          	beqz	a7,4b44 <__lesf2+0x7c>
    4b10:	04b70063          	beq	a4,a1,4b50 <__lesf2+0x88>
    4b14:	4505                	li	a0,1
    4b16:	d775                	beqz	a4,4b02 <__lesf2+0x3a>
    4b18:	557d                	li	a0,-1
    4b1a:	8082                	ret
    4b1c:	4509                	li	a0,2
    4b1e:	02089863          	bnez	a7,4b4e <__lesf2+0x86>
    4b22:	02d60463          	beq	a2,a3,4b4a <__lesf2+0x82>
    4b26:	e211                	bnez	a2,4b2a <__lesf2+0x62>
    4b28:	d7f5                	beqz	a5,4b14 <__lesf2+0x4c>
    4b2a:	feb715e3          	bne	a4,a1,4b14 <__lesf2+0x4c>
    4b2e:	fed643e3          	blt	a2,a3,4b14 <__lesf2+0x4c>
    4b32:	00c6c763          	blt	a3,a2,4b40 <__lesf2+0x78>
    4b36:	fd17efe3          	bltu	a5,a7,4b14 <__lesf2+0x4c>
    4b3a:	4501                	li	a0,0
    4b3c:	fcf8f3e3          	bgeu	a7,a5,4b02 <__lesf2+0x3a>
    4b40:	e319                	bnez	a4,4b46 <__lesf2+0x7e>
    4b42:	bfd9                	j	4b18 <__lesf2+0x50>
    4b44:	d9f1                	beqz	a1,4b18 <__lesf2+0x50>
    4b46:	4505                	li	a0,1
    4b48:	8082                	ret
    4b4a:	d3e5                	beqz	a5,4b2a <__lesf2+0x62>
    4b4c:	8082                	ret
    4b4e:	8082                	ret
    4b50:	4681                	li	a3,0
    4b52:	b7c5                	j	4b32 <__lesf2+0x6a>

00004b54 <__mulsf3>:
    4b54:	7179                	addi	sp,sp,-48
    4b56:	d422                	sw	s0,40(sp)
    4b58:	01755413          	srli	s0,a0,0x17
    4b5c:	ce4e                	sw	s3,28(sp)
    4b5e:	cc52                	sw	s4,24(sp)
    4b60:	00951993          	slli	s3,a0,0x9
    4b64:	d606                	sw	ra,44(sp)
    4b66:	d226                	sw	s1,36(sp)
    4b68:	d04a                	sw	s2,32(sp)
    4b6a:	ca56                	sw	s5,20(sp)
    4b6c:	c85a                	sw	s6,16(sp)
    4b6e:	0ff47413          	andi	s0,s0,255
    4b72:	0099d993          	srli	s3,s3,0x9
    4b76:	01f55a13          	srli	s4,a0,0x1f
    4b7a:	c469                	beqz	s0,4c44 <__mulsf3+0xf0>
    4b7c:	0ff00793          	li	a5,255
    4b80:	0ef40863          	beq	s0,a5,4c70 <__mulsf3+0x11c>
    4b84:	00399793          	slli	a5,s3,0x3
    4b88:	04000737          	lui	a4,0x4000
    4b8c:	00e7e9b3          	or	s3,a5,a4
    4b90:	f8140413          	addi	s0,s0,-127 # 3ffff81 <_data_lma+0x3ff9379>
    4b94:	4481                	li	s1,0
    4b96:	4b01                	li	s6,0
    4b98:	0175d713          	srli	a4,a1,0x17
    4b9c:	00959a93          	slli	s5,a1,0x9
    4ba0:	0ff77713          	andi	a4,a4,255
    4ba4:	009ada93          	srli	s5,s5,0x9
    4ba8:	01f5d913          	srli	s2,a1,0x1f
    4bac:	cf45                	beqz	a4,4c64 <__mulsf3+0x110>
    4bae:	0ff00793          	li	a5,255
    4bb2:	02f70c63          	beq	a4,a5,4bea <__mulsf3+0x96>
    4bb6:	0a8e                	slli	s5,s5,0x3
    4bb8:	f8170713          	addi	a4,a4,-127 # 3ffff81 <_data_lma+0x3ff9379>
    4bbc:	040007b7          	lui	a5,0x4000
    4bc0:	00faeab3          	or	s5,s5,a5
    4bc4:	943a                	add	s0,s0,a4
    4bc6:	4601                	li	a2,0
    4bc8:	012a4533          	xor	a0,s4,s2
    4bcc:	47bd                	li	a5,15
    4bce:	86aa                	mv	a3,a0
    4bd0:	00140593          	addi	a1,s0,1
    4bd4:	1097e063          	bltu	a5,s1,4cd4 <__mulsf3+0x180>
    4bd8:	00002717          	auipc	a4,0x2
    4bdc:	d5870713          	addi	a4,a4,-680 # 6930 <days_in_month.5675+0x568>
    4be0:	048a                	slli	s1,s1,0x2
    4be2:	94ba                	add	s1,s1,a4
    4be4:	409c                	lw	a5,0(s1)
    4be6:	97ba                	add	a5,a5,a4
    4be8:	8782                	jr	a5
    4bea:	0ff40413          	addi	s0,s0,255
    4bee:	0c0a9663          	bnez	s5,4cba <__mulsf3+0x166>
    4bf2:	0024e493          	ori	s1,s1,2
    4bf6:	4609                	li	a2,2
    4bf8:	bfc1                	j	4bc8 <__mulsf3+0x74>
    4bfa:	4501                	li	a0,0
    4bfc:	0ff00713          	li	a4,255
    4c00:	004007b7          	lui	a5,0x400
    4c04:	50b2                	lw	ra,44(sp)
    4c06:	5422                	lw	s0,40(sp)
    4c08:	07a6                	slli	a5,a5,0x9
    4c0a:	075e                	slli	a4,a4,0x17
    4c0c:	83a5                	srli	a5,a5,0x9
    4c0e:	057e                	slli	a0,a0,0x1f
    4c10:	8fd9                	or	a5,a5,a4
    4c12:	5492                	lw	s1,36(sp)
    4c14:	5902                	lw	s2,32(sp)
    4c16:	49f2                	lw	s3,28(sp)
    4c18:	4a62                	lw	s4,24(sp)
    4c1a:	4ad2                	lw	s5,20(sp)
    4c1c:	4b42                	lw	s6,16(sp)
    4c1e:	8d5d                	or	a0,a0,a5
    4c20:	6145                	addi	sp,sp,48
    4c22:	8082                	ret
    4c24:	86ca                	mv	a3,s2
    4c26:	89d6                	mv	s3,s5
    4c28:	8b32                	mv	s6,a2
    4c2a:	4789                	li	a5,2
    4c2c:	08fb0f63          	beq	s6,a5,4cca <__mulsf3+0x176>
    4c30:	478d                	li	a5,3
    4c32:	fcfb04e3          	beq	s6,a5,4bfa <__mulsf3+0xa6>
    4c36:	4785                	li	a5,1
    4c38:	8536                	mv	a0,a3
    4c3a:	1afb1063          	bne	s6,a5,4dda <__mulsf3+0x286>
    4c3e:	4701                	li	a4,0
    4c40:	4781                	li	a5,0
    4c42:	b7c9                	j	4c04 <__mulsf3+0xb0>
    4c44:	04099d63          	bnez	s3,4c9e <__mulsf3+0x14a>
    4c48:	0175d713          	srli	a4,a1,0x17
    4c4c:	00959a93          	slli	s5,a1,0x9
    4c50:	0ff77713          	andi	a4,a4,255
    4c54:	4491                	li	s1,4
    4c56:	4401                	li	s0,0
    4c58:	4b05                	li	s6,1
    4c5a:	009ada93          	srli	s5,s5,0x9
    4c5e:	01f5d913          	srli	s2,a1,0x1f
    4c62:	f731                	bnez	a4,4bae <__mulsf3+0x5a>
    4c64:	000a9d63          	bnez	s5,4c7e <__mulsf3+0x12a>
    4c68:	0014e493          	ori	s1,s1,1
    4c6c:	4605                	li	a2,1
    4c6e:	bfa9                	j	4bc8 <__mulsf3+0x74>
    4c70:	02099263          	bnez	s3,4c94 <__mulsf3+0x140>
    4c74:	44a1                	li	s1,8
    4c76:	0ff00413          	li	s0,255
    4c7a:	4b09                	li	s6,2
    4c7c:	bf31                	j	4b98 <__mulsf3+0x44>
    4c7e:	8556                	mv	a0,s5
    4c80:	2779                	jal	540e <__clzsi2>
    4c82:	ffb50793          	addi	a5,a0,-5
    4c86:	8c09                	sub	s0,s0,a0
    4c88:	00fa9ab3          	sll	s5,s5,a5
    4c8c:	f8a40413          	addi	s0,s0,-118
    4c90:	4601                	li	a2,0
    4c92:	bf1d                	j	4bc8 <__mulsf3+0x74>
    4c94:	44b1                	li	s1,12
    4c96:	0ff00413          	li	s0,255
    4c9a:	4b0d                	li	s6,3
    4c9c:	bdf5                	j	4b98 <__mulsf3+0x44>
    4c9e:	854e                	mv	a0,s3
    4ca0:	c62e                	sw	a1,12(sp)
    4ca2:	27b5                	jal	540e <__clzsi2>
    4ca4:	ffb50793          	addi	a5,a0,-5
    4ca8:	f8a00413          	li	s0,-118
    4cac:	00f999b3          	sll	s3,s3,a5
    4cb0:	8c09                	sub	s0,s0,a0
    4cb2:	4481                	li	s1,0
    4cb4:	4b01                	li	s6,0
    4cb6:	45b2                	lw	a1,12(sp)
    4cb8:	b5c5                	j	4b98 <__mulsf3+0x44>
    4cba:	0034e493          	ori	s1,s1,3
    4cbe:	460d                	li	a2,3
    4cc0:	b721                	j	4bc8 <__mulsf3+0x74>
    4cc2:	4789                	li	a5,2
    4cc4:	86d2                	mv	a3,s4
    4cc6:	f6fb15e3          	bne	s6,a5,4c30 <__mulsf3+0xdc>
    4cca:	8536                	mv	a0,a3
    4ccc:	0ff00713          	li	a4,255
    4cd0:	4781                	li	a5,0
    4cd2:	bf0d                	j	4c04 <__mulsf3+0xb0>
    4cd4:	6341                	lui	t1,0x10
    4cd6:	fff30693          	addi	a3,t1,-1 # ffff <_data_lma+0x93f7>
    4cda:	0109d613          	srli	a2,s3,0x10
    4cde:	010ad893          	srli	a7,s5,0x10
    4ce2:	00d9f7b3          	and	a5,s3,a3
    4ce6:	00dafab3          	and	s5,s5,a3
    4cea:	03578833          	mul	a6,a5,s5
    4cee:	02f889b3          	mul	s3,a7,a5
    4cf2:	01085713          	srli	a4,a6,0x10
    4cf6:	03560ab3          	mul	s5,a2,s5
    4cfa:	99d6                	add	s3,s3,s5
    4cfc:	974e                	add	a4,a4,s3
    4cfe:	03160633          	mul	a2,a2,a7
    4d02:	01577363          	bgeu	a4,s5,4d08 <__mulsf3+0x1b4>
    4d06:	961a                	add	a2,a2,t1
    4d08:	67c1                	lui	a5,0x10
    4d0a:	17fd                	addi	a5,a5,-1
    4d0c:	00f776b3          	and	a3,a4,a5
    4d10:	00f87833          	and	a6,a6,a5
    4d14:	06c2                	slli	a3,a3,0x10
    4d16:	96c2                	add	a3,a3,a6
    4d18:	00669993          	slli	s3,a3,0x6
    4d1c:	01075793          	srli	a5,a4,0x10
    4d20:	013039b3          	snez	s3,s3
    4d24:	82e9                	srli	a3,a3,0x1a
    4d26:	97b2                	add	a5,a5,a2
    4d28:	079a                	slli	a5,a5,0x6
    4d2a:	00d9e6b3          	or	a3,s3,a3
    4d2e:	00d7e9b3          	or	s3,a5,a3
    4d32:	00499793          	slli	a5,s3,0x4
    4d36:	0007d963          	bgez	a5,4d48 <__mulsf3+0x1f4>
    4d3a:	0019d713          	srli	a4,s3,0x1
    4d3e:	0019f793          	andi	a5,s3,1
    4d42:	00f769b3          	or	s3,a4,a5
    4d46:	842e                	mv	s0,a1
    4d48:	07f40713          	addi	a4,s0,127
    4d4c:	04e05063          	blez	a4,4d8c <__mulsf3+0x238>
    4d50:	0079f793          	andi	a5,s3,7
    4d54:	c799                	beqz	a5,4d62 <__mulsf3+0x20e>
    4d56:	00f9f793          	andi	a5,s3,15
    4d5a:	4691                	li	a3,4
    4d5c:	00d78363          	beq	a5,a3,4d62 <__mulsf3+0x20e>
    4d60:	0991                	addi	s3,s3,4
    4d62:	00499793          	slli	a5,s3,0x4
    4d66:	0007d963          	bgez	a5,4d78 <__mulsf3+0x224>
    4d6a:	f80007b7          	lui	a5,0xf8000
    4d6e:	17fd                	addi	a5,a5,-1
    4d70:	00f9f9b3          	and	s3,s3,a5
    4d74:	08040713          	addi	a4,s0,128
    4d78:	0fe00793          	li	a5,254
    4d7c:	04e7cb63          	blt	a5,a4,4dd2 <__mulsf3+0x27e>
    4d80:	00699793          	slli	a5,s3,0x6
    4d84:	83a5                	srli	a5,a5,0x9
    4d86:	0ff77713          	andi	a4,a4,255
    4d8a:	bdad                	j	4c04 <__mulsf3+0xb0>
    4d8c:	4785                	li	a5,1
    4d8e:	40e786b3          	sub	a3,a5,a4
    4d92:	c711                	beqz	a4,4d9e <__mulsf3+0x24a>
    4d94:	466d                	li	a2,27
    4d96:	4701                	li	a4,0
    4d98:	4781                	li	a5,0
    4d9a:	e6d645e3          	blt	a2,a3,4c04 <__mulsf3+0xb0>
    4d9e:	09e40713          	addi	a4,s0,158
    4da2:	00e99733          	sll	a4,s3,a4
    4da6:	00e03733          	snez	a4,a4
    4daa:	00d9d7b3          	srl	a5,s3,a3
    4dae:	8fd9                	or	a5,a5,a4
    4db0:	0077f713          	andi	a4,a5,7
    4db4:	c719                	beqz	a4,4dc2 <__mulsf3+0x26e>
    4db6:	00f7f713          	andi	a4,a5,15
    4dba:	4691                	li	a3,4
    4dbc:	00d70363          	beq	a4,a3,4dc2 <__mulsf3+0x26e>
    4dc0:	0791                	addi	a5,a5,4
    4dc2:	00579713          	slli	a4,a5,0x5
    4dc6:	00074c63          	bltz	a4,4dde <__mulsf3+0x28a>
    4dca:	079a                	slli	a5,a5,0x6
    4dcc:	83a5                	srli	a5,a5,0x9
    4dce:	4701                	li	a4,0
    4dd0:	bd15                	j	4c04 <__mulsf3+0xb0>
    4dd2:	0ff00713          	li	a4,255
    4dd6:	4781                	li	a5,0
    4dd8:	b535                	j	4c04 <__mulsf3+0xb0>
    4dda:	842e                	mv	s0,a1
    4ddc:	b7b5                	j	4d48 <__mulsf3+0x1f4>
    4dde:	4705                	li	a4,1
    4de0:	4781                	li	a5,0
    4de2:	b50d                	j	4c04 <__mulsf3+0xb0>

00004de4 <__subsf3>:
    4de4:	00800737          	lui	a4,0x800
    4de8:	1141                	addi	sp,sp,-16
    4dea:	177d                	addi	a4,a4,-1
    4dec:	01755693          	srli	a3,a0,0x17
    4df0:	0175d813          	srli	a6,a1,0x17
    4df4:	00a777b3          	and	a5,a4,a0
    4df8:	0ff6f693          	andi	a3,a3,255
    4dfc:	01f55e93          	srli	t4,a0,0x1f
    4e00:	00b77633          	and	a2,a4,a1
    4e04:	c226                	sw	s1,4(sp)
    4e06:	c04a                	sw	s2,0(sp)
    4e08:	0ff87813          	andi	a6,a6,255
    4e0c:	c606                	sw	ra,12(sp)
    4e0e:	c422                	sw	s0,8(sp)
    4e10:	0ff00313          	li	t1,255
    4e14:	8e3e                	mv	t3,a5
    4e16:	8936                	mv	s2,a3
    4e18:	84f6                	mv	s1,t4
    4e1a:	00379f13          	slli	t5,a5,0x3
    4e1e:	81fd                	srli	a1,a1,0x1f
    4e20:	00361513          	slli	a0,a2,0x3
    4e24:	410688b3          	sub	a7,a3,a6
    4e28:	10680263          	beq	a6,t1,4f2c <__subsf3+0x148>
    4e2c:	0015c593          	xori	a1,a1,1
    4e30:	10be8c63          	beq	t4,a1,4f48 <__subsf3+0x164>
    4e34:	0d105463          	blez	a7,4efc <__subsf3+0x118>
    4e38:	10081063          	bnez	a6,4f38 <__subsf3+0x154>
    4e3c:	1e050463          	beqz	a0,5024 <__subsf3+0x240>
    4e40:	18fd                	addi	a7,a7,-1
    4e42:	40af07b3          	sub	a5,t5,a0
    4e46:	02088663          	beqz	a7,4e72 <__subsf3+0x8e>
    4e4a:	0ff00793          	li	a5,255
    4e4e:	16f68863          	beq	a3,a5,4fbe <__subsf3+0x1da>
    4e52:	47ed                	li	a5,27
    4e54:	2917c763          	blt	a5,a7,50e2 <__subsf3+0x2fe>
    4e58:	02000713          	li	a4,32
    4e5c:	41170733          	sub	a4,a4,a7
    4e60:	00e51733          	sll	a4,a0,a4
    4e64:	011557b3          	srl	a5,a0,a7
    4e68:	00e03733          	snez	a4,a4
    4e6c:	8fd9                	or	a5,a5,a4
    4e6e:	40ff07b3          	sub	a5,t5,a5
    4e72:	00579713          	slli	a4,a5,0x5
    4e76:	1a075163          	bgez	a4,5018 <__subsf3+0x234>
    4e7a:	04000437          	lui	s0,0x4000
    4e7e:	147d                	addi	s0,s0,-1
    4e80:	8c7d                	and	s0,s0,a5
    4e82:	8522                	mv	a0,s0
    4e84:	2369                	jal	540e <__clzsi2>
    4e86:	156d                	addi	a0,a0,-5
    4e88:	00a417b3          	sll	a5,s0,a0
    4e8c:	1b254e63          	blt	a0,s2,5048 <__subsf3+0x264>
    4e90:	41250533          	sub	a0,a0,s2
    4e94:	00150413          	addi	s0,a0,1
    4e98:	02000713          	li	a4,32
    4e9c:	8f01                	sub	a4,a4,s0
    4e9e:	00e79733          	sll	a4,a5,a4
    4ea2:	00e03733          	snez	a4,a4
    4ea6:	0087d7b3          	srl	a5,a5,s0
    4eaa:	8fd9                	or	a5,a5,a4
    4eac:	4901                	li	s2,0
    4eae:	0077f713          	andi	a4,a5,7
    4eb2:	c719                	beqz	a4,4ec0 <__subsf3+0xdc>
    4eb4:	00f7f713          	andi	a4,a5,15
    4eb8:	4691                	li	a3,4
    4eba:	00d70363          	beq	a4,a3,4ec0 <__subsf3+0xdc>
    4ebe:	0791                	addi	a5,a5,4
    4ec0:	00579713          	slli	a4,a5,0x5
    4ec4:	14075e63          	bgez	a4,5020 <__subsf3+0x23c>
    4ec8:	00190693          	addi	a3,s2,1 # 800001 <_data_lma+0x7f93f9>
    4ecc:	0ff00713          	li	a4,255
    4ed0:	0014fe93          	andi	t4,s1,1
    4ed4:	16e68663          	beq	a3,a4,5040 <__subsf3+0x25c>
    4ed8:	079a                	slli	a5,a5,0x6
    4eda:	83a5                	srli	a5,a5,0x9
    4edc:	0ff6f693          	andi	a3,a3,255
    4ee0:	07a6                	slli	a5,a5,0x9
    4ee2:	40b2                	lw	ra,12(sp)
    4ee4:	4422                	lw	s0,8(sp)
    4ee6:	0097d513          	srli	a0,a5,0x9
    4eea:	06de                	slli	a3,a3,0x17
    4eec:	01fe9793          	slli	a5,t4,0x1f
    4ef0:	8d55                	or	a0,a0,a3
    4ef2:	4492                	lw	s1,4(sp)
    4ef4:	4902                	lw	s2,0(sp)
    4ef6:	8d5d                	or	a0,a0,a5
    4ef8:	0141                	addi	sp,sp,16
    4efa:	8082                	ret
    4efc:	0a089263          	bnez	a7,4fa0 <__subsf3+0x1bc>
    4f00:	00168713          	addi	a4,a3,1
    4f04:	0fe77713          	andi	a4,a4,254
    4f08:	14071b63          	bnez	a4,505e <__subsf3+0x27a>
    4f0c:	22069463          	bnez	a3,5134 <__subsf3+0x350>
    4f10:	200f0263          	beqz	t5,5114 <__subsf3+0x330>
    4f14:	d571                	beqz	a0,4ee0 <__subsf3+0xfc>
    4f16:	40af07b3          	sub	a5,t5,a0
    4f1a:	00579713          	slli	a4,a5,0x5
    4f1e:	22075563          	bgez	a4,5148 <__subsf3+0x364>
    4f22:	41e507b3          	sub	a5,a0,t5
    4f26:	4901                	li	s2,0
    4f28:	84ae                	mv	s1,a1
    4f2a:	b751                	j	4eae <__subsf3+0xca>
    4f2c:	f00500e3          	beqz	a0,4e2c <__subsf3+0x48>
    4f30:	0abe8a63          	beq	t4,a1,4fe4 <__subsf3+0x200>
    4f34:	fd1054e3          	blez	a7,4efc <__subsf3+0x118>
    4f38:	0ff00793          	li	a5,255
    4f3c:	08f68163          	beq	a3,a5,4fbe <__subsf3+0x1da>
    4f40:	040007b7          	lui	a5,0x4000
    4f44:	8d5d                	or	a0,a0,a5
    4f46:	b731                	j	4e52 <__subsf3+0x6e>
    4f48:	09105e63          	blez	a7,4fe4 <__subsf3+0x200>
    4f4c:	08080163          	beqz	a6,4fce <__subsf3+0x1ea>
    4f50:	0ff00793          	li	a5,255
    4f54:	06f68563          	beq	a3,a5,4fbe <__subsf3+0x1da>
    4f58:	040007b7          	lui	a5,0x4000
    4f5c:	8d5d                	or	a0,a0,a5
    4f5e:	47ed                	li	a5,27
    4f60:	1f17c063          	blt	a5,a7,5140 <__subsf3+0x35c>
    4f64:	02000713          	li	a4,32
    4f68:	41170733          	sub	a4,a4,a7
    4f6c:	00e51733          	sll	a4,a0,a4
    4f70:	011557b3          	srl	a5,a0,a7
    4f74:	00e03733          	snez	a4,a4
    4f78:	8fd9                	or	a5,a5,a4
    4f7a:	97fa                	add	a5,a5,t5
    4f7c:	00579713          	slli	a4,a5,0x5
    4f80:	08075c63          	bgez	a4,5018 <__subsf3+0x234>
    4f84:	0905                	addi	s2,s2,1
    4f86:	0ff00713          	li	a4,255
    4f8a:	0ae90b63          	beq	s2,a4,5040 <__subsf3+0x25c>
    4f8e:	7e0006b7          	lui	a3,0x7e000
    4f92:	0017d713          	srli	a4,a5,0x1
    4f96:	16fd                	addi	a3,a3,-1
    4f98:	8b85                	andi	a5,a5,1
    4f9a:	8f75                	and	a4,a4,a3
    4f9c:	8fd9                	or	a5,a5,a4
    4f9e:	bf01                	j	4eae <__subsf3+0xca>
    4fa0:	40d80733          	sub	a4,a6,a3
    4fa4:	10069563          	bnez	a3,50ae <__subsf3+0x2ca>
    4fa8:	140f0d63          	beqz	t5,5102 <__subsf3+0x31e>
    4fac:	177d                	addi	a4,a4,-1
    4fae:	1a070363          	beqz	a4,5154 <__subsf3+0x370>
    4fb2:	0ff00793          	li	a5,255
    4fb6:	10f81463          	bne	a6,a5,50be <__subsf3+0x2da>
    4fba:	84ae                	mv	s1,a1
    4fbc:	8e32                	mv	t3,a2
    4fbe:	060e0f63          	beqz	t3,503c <__subsf3+0x258>
    4fc2:	4e81                	li	t4,0
    4fc4:	0ff00693          	li	a3,255
    4fc8:	004007b7          	lui	a5,0x400
    4fcc:	bf11                	j	4ee0 <__subsf3+0xfc>
    4fce:	c939                	beqz	a0,5024 <__subsf3+0x240>
    4fd0:	18fd                	addi	a7,a7,-1
    4fd2:	00af07b3          	add	a5,t5,a0
    4fd6:	fa0883e3          	beqz	a7,4f7c <__subsf3+0x198>
    4fda:	0ff00793          	li	a5,255
    4fde:	f8f690e3          	bne	a3,a5,4f5e <__subsf3+0x17a>
    4fe2:	bff1                	j	4fbe <__subsf3+0x1da>
    4fe4:	08089963          	bnez	a7,5076 <__subsf3+0x292>
    4fe8:	00168913          	addi	s2,a3,1 # 7e000001 <_eusrstack+0x5dff8001>
    4fec:	0fe97713          	andi	a4,s2,254
    4ff0:	12071663          	bnez	a4,511c <__subsf3+0x338>
    4ff4:	10069b63          	bnez	a3,510a <__subsf3+0x326>
    4ff8:	160f0363          	beqz	t5,515e <__subsf3+0x37a>
    4ffc:	ee0502e3          	beqz	a0,4ee0 <__subsf3+0xfc>
    5000:	00af07b3          	add	a5,t5,a0
    5004:	00579713          	slli	a4,a5,0x5
    5008:	4901                	li	s2,0
    500a:	00075763          	bgez	a4,5018 <__subsf3+0x234>
    500e:	fc000737          	lui	a4,0xfc000
    5012:	177d                	addi	a4,a4,-1
    5014:	8ff9                	and	a5,a5,a4
    5016:	4905                	li	s2,1
    5018:	0077f713          	andi	a4,a5,7
    501c:	e8071ce3          	bnez	a4,4eb4 <__subsf3+0xd0>
    5020:	0037de13          	srli	t3,a5,0x3
    5024:	0ff00793          	li	a5,255
    5028:	f8f90be3          	beq	s2,a5,4fbe <__subsf3+0x1da>
    502c:	009e1793          	slli	a5,t3,0x9
    5030:	83a5                	srli	a5,a5,0x9
    5032:	0ff97693          	andi	a3,s2,255
    5036:	0014fe93          	andi	t4,s1,1
    503a:	b55d                	j	4ee0 <__subsf3+0xfc>
    503c:	0014fe93          	andi	t4,s1,1
    5040:	0ff00693          	li	a3,255
    5044:	4781                	li	a5,0
    5046:	bd69                	j	4ee0 <__subsf3+0xfc>
    5048:	fc000737          	lui	a4,0xfc000
    504c:	177d                	addi	a4,a4,-1
    504e:	8ff9                	and	a5,a5,a4
    5050:	0077f713          	andi	a4,a5,7
    5054:	40a90933          	sub	s2,s2,a0
    5058:	e4071ee3          	bnez	a4,4eb4 <__subsf3+0xd0>
    505c:	b7d1                	j	5020 <__subsf3+0x23c>
    505e:	40af0433          	sub	s0,t5,a0
    5062:	00541793          	slli	a5,s0,0x5
    5066:	0c07c363          	bltz	a5,512c <__subsf3+0x348>
    506a:	e0041ce3          	bnez	s0,4e82 <__subsf3+0x9e>
    506e:	4e81                	li	t4,0
    5070:	4681                	li	a3,0
    5072:	4781                	li	a5,0
    5074:	b5b5                	j	4ee0 <__subsf3+0xfc>
    5076:	40d80733          	sub	a4,a6,a3
    507a:	c6b5                	beqz	a3,50e6 <__subsf3+0x302>
    507c:	0ff00793          	li	a5,255
    5080:	f2f80ee3          	beq	a6,a5,4fbc <__subsf3+0x1d8>
    5084:	040007b7          	lui	a5,0x4000
    5088:	00ff6f33          	or	t5,t5,a5
    508c:	47ed                	li	a5,27
    508e:	0ce7cd63          	blt	a5,a4,5168 <__subsf3+0x384>
    5092:	02000793          	li	a5,32
    5096:	8f99                	sub	a5,a5,a4
    5098:	00ff17b3          	sll	a5,t5,a5
    509c:	00ef5733          	srl	a4,t5,a4
    50a0:	00f037b3          	snez	a5,a5
    50a4:	8f5d                	or	a4,a4,a5
    50a6:	00a707b3          	add	a5,a4,a0
    50aa:	8942                	mv	s2,a6
    50ac:	bdc1                	j	4f7c <__subsf3+0x198>
    50ae:	0ff00793          	li	a5,255
    50b2:	f0f804e3          	beq	a6,a5,4fba <__subsf3+0x1d6>
    50b6:	040007b7          	lui	a5,0x4000
    50ba:	00ff6f33          	or	t5,t5,a5
    50be:	47ed                	li	a5,27
    50c0:	08e7c263          	blt	a5,a4,5144 <__subsf3+0x360>
    50c4:	02000793          	li	a5,32
    50c8:	8f99                	sub	a5,a5,a4
    50ca:	00ff17b3          	sll	a5,t5,a5
    50ce:	00ef5733          	srl	a4,t5,a4
    50d2:	00f037b3          	snez	a5,a5
    50d6:	8fd9                	or	a5,a5,a4
    50d8:	40f507b3          	sub	a5,a0,a5
    50dc:	8942                	mv	s2,a6
    50de:	84ae                	mv	s1,a1
    50e0:	bb49                	j	4e72 <__subsf3+0x8e>
    50e2:	4785                	li	a5,1
    50e4:	b369                	j	4e6e <__subsf3+0x8a>
    50e6:	060f0e63          	beqz	t5,5162 <__subsf3+0x37e>
    50ea:	177d                	addi	a4,a4,-1
    50ec:	00af07b3          	add	a5,t5,a0
    50f0:	8942                	mv	s2,a6
    50f2:	e80705e3          	beqz	a4,4f7c <__subsf3+0x198>
    50f6:	0ff00793          	li	a5,255
    50fa:	f8f819e3          	bne	a6,a5,508c <__subsf3+0x2a8>
    50fe:	8e32                	mv	t3,a2
    5100:	bd7d                	j	4fbe <__subsf3+0x1da>
    5102:	8e32                	mv	t3,a2
    5104:	8942                	mv	s2,a6
    5106:	84ae                	mv	s1,a1
    5108:	bf31                	j	5024 <__subsf3+0x240>
    510a:	ea0f09e3          	beqz	t5,4fbc <__subsf3+0x1d8>
    510e:	ea0508e3          	beqz	a0,4fbe <__subsf3+0x1da>
    5112:	bd45                	j	4fc2 <__subsf3+0x1de>
    5114:	cd0d                	beqz	a0,514e <__subsf3+0x36a>
    5116:	8eae                	mv	t4,a1
    5118:	87b2                	mv	a5,a2
    511a:	b3d9                	j	4ee0 <__subsf3+0xfc>
    511c:	0ff00793          	li	a5,255
    5120:	f2f900e3          	beq	s2,a5,5040 <__subsf3+0x25c>
    5124:	00af07b3          	add	a5,t5,a0
    5128:	8385                	srli	a5,a5,0x1
    512a:	b5fd                	j	5018 <__subsf3+0x234>
    512c:	41e50433          	sub	s0,a0,t5
    5130:	84ae                	mv	s1,a1
    5132:	bb81                	j	4e82 <__subsf3+0x9e>
    5134:	fc0f1de3          	bnez	t5,510e <__subsf3+0x32a>
    5138:	e80505e3          	beqz	a0,4fc2 <__subsf3+0x1de>
    513c:	84ae                	mv	s1,a1
    513e:	bdbd                	j	4fbc <__subsf3+0x1d8>
    5140:	4785                	li	a5,1
    5142:	bd25                	j	4f7a <__subsf3+0x196>
    5144:	4785                	li	a5,1
    5146:	bf49                	j	50d8 <__subsf3+0x2f4>
    5148:	4901                	li	s2,0
    514a:	ec0797e3          	bnez	a5,5018 <__subsf3+0x234>
    514e:	4e81                	li	t4,0
    5150:	4781                	li	a5,0
    5152:	b379                	j	4ee0 <__subsf3+0xfc>
    5154:	41e507b3          	sub	a5,a0,t5
    5158:	8942                	mv	s2,a6
    515a:	84ae                	mv	s1,a1
    515c:	bb19                	j	4e72 <__subsf3+0x8e>
    515e:	87b2                	mv	a5,a2
    5160:	b341                	j	4ee0 <__subsf3+0xfc>
    5162:	8e32                	mv	t3,a2
    5164:	8942                	mv	s2,a6
    5166:	bd7d                	j	5024 <__subsf3+0x240>
    5168:	4705                	li	a4,1
    516a:	bf35                	j	50a6 <__subsf3+0x2c2>

0000516c <__fixsfsi>:
    516c:	00800637          	lui	a2,0x800
    5170:	01755713          	srli	a4,a0,0x17
    5174:	fff60793          	addi	a5,a2,-1 # 7fffff <_data_lma+0x7f93f7>
    5178:	0ff77713          	andi	a4,a4,255
    517c:	07e00593          	li	a1,126
    5180:	00a7f6b3          	and	a3,a5,a0
    5184:	01f55793          	srli	a5,a0,0x1f
    5188:	00e5fc63          	bgeu	a1,a4,51a0 <__fixsfsi+0x34>
    518c:	09d00593          	li	a1,157
    5190:	00e5fa63          	bgeu	a1,a4,51a4 <__fixsfsi+0x38>
    5194:	80000537          	lui	a0,0x80000
    5198:	fff54513          	not	a0,a0
    519c:	953e                	add	a0,a0,a5
    519e:	8082                	ret
    51a0:	4501                	li	a0,0
    51a2:	8082                	ret
    51a4:	09500593          	li	a1,149
    51a8:	8ed1                	or	a3,a3,a2
    51aa:	00e5cd63          	blt	a1,a4,51c4 <__fixsfsi+0x58>
    51ae:	09600613          	li	a2,150
    51b2:	40e60733          	sub	a4,a2,a4
    51b6:	00e6d733          	srl	a4,a3,a4
    51ba:	40e00533          	neg	a0,a4
    51be:	f3f5                	bnez	a5,51a2 <__fixsfsi+0x36>
    51c0:	853a                	mv	a0,a4
    51c2:	8082                	ret
    51c4:	f6a70713          	addi	a4,a4,-150 # fbffff6a <_eusrstack+0xdbff7f6a>
    51c8:	00e69733          	sll	a4,a3,a4
    51cc:	b7fd                	j	51ba <__fixsfsi+0x4e>

000051ce <__floatsisf>:
    51ce:	1141                	addi	sp,sp,-16
    51d0:	c606                	sw	ra,12(sp)
    51d2:	c422                	sw	s0,8(sp)
    51d4:	c226                	sw	s1,4(sp)
    51d6:	cd0d                	beqz	a0,5210 <__floatsisf+0x42>
    51d8:	41f55793          	srai	a5,a0,0x1f
    51dc:	00a7c433          	xor	s0,a5,a0
    51e0:	8c1d                	sub	s0,s0,a5
    51e2:	84aa                	mv	s1,a0
    51e4:	8522                	mv	a0,s0
    51e6:	2425                	jal	540e <__clzsi2>
    51e8:	09e00793          	li	a5,158
    51ec:	40a78733          	sub	a4,a5,a0
    51f0:	09600793          	li	a5,150
    51f4:	80fd                	srli	s1,s1,0x1f
    51f6:	02e7cc63          	blt	a5,a4,522e <__floatsisf+0x60>
    51fa:	46a1                	li	a3,8
    51fc:	0ff77793          	andi	a5,a4,255
    5200:	00a6d563          	bge	a3,a0,520a <__floatsisf+0x3c>
    5204:	1561                	addi	a0,a0,-8
    5206:	00a41433          	sll	s0,s0,a0
    520a:	0426                	slli	s0,s0,0x9
    520c:	8025                	srli	s0,s0,0x9
    520e:	a021                	j	5216 <__floatsisf+0x48>
    5210:	4481                	li	s1,0
    5212:	4781                	li	a5,0
    5214:	4401                	li	s0,0
    5216:	0426                	slli	s0,s0,0x9
    5218:	00945513          	srli	a0,s0,0x9
    521c:	40b2                	lw	ra,12(sp)
    521e:	4422                	lw	s0,8(sp)
    5220:	07de                	slli	a5,a5,0x17
    5222:	04fe                	slli	s1,s1,0x1f
    5224:	8d5d                	or	a0,a0,a5
    5226:	8d45                	or	a0,a0,s1
    5228:	4492                	lw	s1,4(sp)
    522a:	0141                	addi	sp,sp,16
    522c:	8082                	ret
    522e:	09900793          	li	a5,153
    5232:	00e7dd63          	bge	a5,a4,524c <__floatsisf+0x7e>
    5236:	01b50793          	addi	a5,a0,27 # 8000001b <_eusrstack+0x5fff801b>
    523a:	4695                	li	a3,5
    523c:	00f417b3          	sll	a5,s0,a5
    5240:	8e89                	sub	a3,a3,a0
    5242:	00d45433          	srl	s0,s0,a3
    5246:	00f037b3          	snez	a5,a5
    524a:	8c5d                	or	s0,s0,a5
    524c:	4795                	li	a5,5
    524e:	00a7d663          	bge	a5,a0,525a <__floatsisf+0x8c>
    5252:	ffb50793          	addi	a5,a0,-5
    5256:	00f41433          	sll	s0,s0,a5
    525a:	fc0006b7          	lui	a3,0xfc000
    525e:	16fd                	addi	a3,a3,-1
    5260:	00747793          	andi	a5,s0,7
    5264:	00d47633          	and	a2,s0,a3
    5268:	c385                	beqz	a5,5288 <__floatsisf+0xba>
    526a:	00f47793          	andi	a5,s0,15
    526e:	4591                	li	a1,4
    5270:	00b78c63          	beq	a5,a1,5288 <__floatsisf+0xba>
    5274:	0611                	addi	a2,a2,4
    5276:	00561793          	slli	a5,a2,0x5
    527a:	0007d763          	bgez	a5,5288 <__floatsisf+0xba>
    527e:	09f00793          	li	a5,159
    5282:	8e75                	and	a2,a2,a3
    5284:	40a78733          	sub	a4,a5,a0
    5288:	00661413          	slli	s0,a2,0x6
    528c:	8025                	srli	s0,s0,0x9
    528e:	0ff77793          	andi	a5,a4,255
    5292:	b751                	j	5216 <__floatsisf+0x48>

00005294 <__floatunsisf>:
    5294:	1141                	addi	sp,sp,-16
    5296:	c606                	sw	ra,12(sp)
    5298:	c422                	sw	s0,8(sp)
    529a:	cd15                	beqz	a0,52d6 <__floatunsisf+0x42>
    529c:	842a                	mv	s0,a0
    529e:	2a85                	jal	540e <__clzsi2>
    52a0:	09e00793          	li	a5,158
    52a4:	40a78733          	sub	a4,a5,a0
    52a8:	09600793          	li	a5,150
    52ac:	04e7c063          	blt	a5,a4,52ec <__floatunsisf+0x58>
    52b0:	46a1                	li	a3,8
    52b2:	0ff77793          	andi	a5,a4,255
    52b6:	00a6d563          	bge	a3,a0,52c0 <__floatunsisf+0x2c>
    52ba:	1561                	addi	a0,a0,-8
    52bc:	00a41433          	sll	s0,s0,a0
    52c0:	0426                	slli	s0,s0,0x9
    52c2:	8025                	srli	s0,s0,0x9
    52c4:	0426                	slli	s0,s0,0x9
    52c6:	00945513          	srli	a0,s0,0x9
    52ca:	40b2                	lw	ra,12(sp)
    52cc:	4422                	lw	s0,8(sp)
    52ce:	07de                	slli	a5,a5,0x17
    52d0:	8d5d                	or	a0,a0,a5
    52d2:	0141                	addi	sp,sp,16
    52d4:	8082                	ret
    52d6:	4401                	li	s0,0
    52d8:	0426                	slli	s0,s0,0x9
    52da:	00945513          	srli	a0,s0,0x9
    52de:	40b2                	lw	ra,12(sp)
    52e0:	4422                	lw	s0,8(sp)
    52e2:	4781                	li	a5,0
    52e4:	07de                	slli	a5,a5,0x17
    52e6:	8d5d                	or	a0,a0,a5
    52e8:	0141                	addi	sp,sp,16
    52ea:	8082                	ret
    52ec:	09900793          	li	a5,153
    52f0:	00e7dd63          	bge	a5,a4,530a <__floatunsisf+0x76>
    52f4:	01b50793          	addi	a5,a0,27
    52f8:	4695                	li	a3,5
    52fa:	00f417b3          	sll	a5,s0,a5
    52fe:	8e89                	sub	a3,a3,a0
    5300:	00f037b3          	snez	a5,a5
    5304:	00d45433          	srl	s0,s0,a3
    5308:	8c5d                	or	s0,s0,a5
    530a:	4795                	li	a5,5
    530c:	00a7d663          	bge	a5,a0,5318 <__floatunsisf+0x84>
    5310:	ffb50793          	addi	a5,a0,-5
    5314:	00f41433          	sll	s0,s0,a5
    5318:	fc0006b7          	lui	a3,0xfc000
    531c:	16fd                	addi	a3,a3,-1
    531e:	00747793          	andi	a5,s0,7
    5322:	00d47633          	and	a2,s0,a3
    5326:	c385                	beqz	a5,5346 <__floatunsisf+0xb2>
    5328:	00f47793          	andi	a5,s0,15
    532c:	4591                	li	a1,4
    532e:	00b78c63          	beq	a5,a1,5346 <__floatunsisf+0xb2>
    5332:	0611                	addi	a2,a2,4
    5334:	00561793          	slli	a5,a2,0x5
    5338:	0007d763          	bgez	a5,5346 <__floatunsisf+0xb2>
    533c:	09f00793          	li	a5,159
    5340:	8e75                	and	a2,a2,a3
    5342:	40a78733          	sub	a4,a5,a0
    5346:	00661413          	slli	s0,a2,0x6
    534a:	8025                	srli	s0,s0,0x9
    534c:	0426                	slli	s0,s0,0x9
    534e:	00945513          	srli	a0,s0,0x9
    5352:	40b2                	lw	ra,12(sp)
    5354:	4422                	lw	s0,8(sp)
    5356:	0ff77793          	andi	a5,a4,255
    535a:	07de                	slli	a5,a5,0x17
    535c:	8d5d                	or	a0,a0,a5
    535e:	0141                	addi	sp,sp,16
    5360:	8082                	ret

00005362 <__extendsfdf2>:
    5362:	01755713          	srli	a4,a0,0x17
    5366:	0ff77713          	andi	a4,a4,255
    536a:	1141                	addi	sp,sp,-16
    536c:	00170793          	addi	a5,a4,1
    5370:	c422                	sw	s0,8(sp)
    5372:	c226                	sw	s1,4(sp)
    5374:	00951413          	slli	s0,a0,0x9
    5378:	c606                	sw	ra,12(sp)
    537a:	0fe7f793          	andi	a5,a5,254
    537e:	8025                	srli	s0,s0,0x9
    5380:	01f55493          	srli	s1,a0,0x1f
    5384:	c785                	beqz	a5,53ac <__extendsfdf2+0x4a>
    5386:	00345793          	srli	a5,s0,0x3
    538a:	38070713          	addi	a4,a4,896
    538e:	0476                	slli	s0,s0,0x1d
    5390:	07b2                	slli	a5,a5,0xc
    5392:	0752                	slli	a4,a4,0x14
    5394:	83b1                	srli	a5,a5,0xc
    5396:	01f49513          	slli	a0,s1,0x1f
    539a:	8fd9                	or	a5,a5,a4
    539c:	8fc9                	or	a5,a5,a0
    539e:	40b2                	lw	ra,12(sp)
    53a0:	8522                	mv	a0,s0
    53a2:	4422                	lw	s0,8(sp)
    53a4:	4492                	lw	s1,4(sp)
    53a6:	85be                	mv	a1,a5
    53a8:	0141                	addi	sp,sp,16
    53aa:	8082                	ret
    53ac:	eb05                	bnez	a4,53dc <__extendsfdf2+0x7a>
    53ae:	c439                	beqz	s0,53fc <__extendsfdf2+0x9a>
    53b0:	8522                	mv	a0,s0
    53b2:	28b1                	jal	540e <__clzsi2>
    53b4:	47a9                	li	a5,10
    53b6:	04a7c663          	blt	a5,a0,5402 <__extendsfdf2+0xa0>
    53ba:	472d                	li	a4,11
    53bc:	8f09                	sub	a4,a4,a0
    53be:	01550793          	addi	a5,a0,21
    53c2:	00e45733          	srl	a4,s0,a4
    53c6:	00f41433          	sll	s0,s0,a5
    53ca:	00c71793          	slli	a5,a4,0xc
    53ce:	38900713          	li	a4,905
    53d2:	8f09                	sub	a4,a4,a0
    53d4:	83b1                	srli	a5,a5,0xc
    53d6:	7ff77713          	andi	a4,a4,2047
    53da:	bf5d                	j	5390 <__extendsfdf2+0x2e>
    53dc:	cc01                	beqz	s0,53f4 <__extendsfdf2+0x92>
    53de:	00345713          	srli	a4,s0,0x3
    53e2:	000807b7          	lui	a5,0x80
    53e6:	8fd9                	or	a5,a5,a4
    53e8:	07b2                	slli	a5,a5,0xc
    53ea:	0476                	slli	s0,s0,0x1d
    53ec:	83b1                	srli	a5,a5,0xc
    53ee:	7ff00713          	li	a4,2047
    53f2:	bf79                	j	5390 <__extendsfdf2+0x2e>
    53f4:	7ff00713          	li	a4,2047
    53f8:	4781                	li	a5,0
    53fa:	bf59                	j	5390 <__extendsfdf2+0x2e>
    53fc:	4701                	li	a4,0
    53fe:	4781                	li	a5,0
    5400:	bf41                	j	5390 <__extendsfdf2+0x2e>
    5402:	ff550713          	addi	a4,a0,-11
    5406:	00e41733          	sll	a4,s0,a4
    540a:	4401                	li	s0,0
    540c:	bf7d                	j	53ca <__extendsfdf2+0x68>

0000540e <__clzsi2>:
    540e:	67c1                	lui	a5,0x10
    5410:	02f57c63          	bgeu	a0,a5,5448 <__clzsi2+0x3a>
    5414:	0ff00793          	li	a5,255
    5418:	02000713          	li	a4,32
    541c:	00a7eb63          	bltu	a5,a0,5432 <__clzsi2+0x24>
    5420:	00001797          	auipc	a5,0x1
    5424:	55078793          	addi	a5,a5,1360 # 6970 <__clz_tab>
    5428:	97aa                	add	a5,a5,a0
    542a:	2388                	lbu	a0,0(a5)
    542c:	40a70533          	sub	a0,a4,a0
    5430:	8082                	ret
    5432:	8121                	srli	a0,a0,0x8
    5434:	00001797          	auipc	a5,0x1
    5438:	53c78793          	addi	a5,a5,1340 # 6970 <__clz_tab>
    543c:	97aa                	add	a5,a5,a0
    543e:	2388                	lbu	a0,0(a5)
    5440:	4761                	li	a4,24
    5442:	40a70533          	sub	a0,a4,a0
    5446:	8082                	ret
    5448:	010007b7          	lui	a5,0x1000
    544c:	00f56d63          	bltu	a0,a5,5466 <__clzsi2+0x58>
    5450:	8161                	srli	a0,a0,0x18
    5452:	00001797          	auipc	a5,0x1
    5456:	51e78793          	addi	a5,a5,1310 # 6970 <__clz_tab>
    545a:	97aa                	add	a5,a5,a0
    545c:	2388                	lbu	a0,0(a5)
    545e:	4721                	li	a4,8
    5460:	40a70533          	sub	a0,a4,a0
    5464:	8082                	ret
    5466:	8141                	srli	a0,a0,0x10
    5468:	00001797          	auipc	a5,0x1
    546c:	50878793          	addi	a5,a5,1288 # 6970 <__clz_tab>
    5470:	97aa                	add	a5,a5,a0
    5472:	2388                	lbu	a0,0(a5)
    5474:	4741                	li	a4,16
    5476:	40a70533          	sub	a0,a4,a0
    547a:	8082                	ret

0000547c <siscanf>:
    547c:	7171                	addi	sp,sp,-176
    547e:	d33e                	sw	a5,164(sp)
    5480:	20400793          	li	a5,516
    5484:	c706                	sw	ra,140(sp)
    5486:	c62e                	sw	a1,12(sp)
    5488:	cd32                	sw	a2,152(sp)
    548a:	cf36                	sw	a3,156(sp)
    548c:	d13a                	sw	a4,160(sp)
    548e:	d542                	sw	a6,168(sp)
    5490:	d746                	sw	a7,172(sp)
    5492:	02f11223          	sh	a5,36(sp)
    5496:	cc2a                	sw	a0,24(sp)
    5498:	d42a                	sw	a0,40(sp)
    549a:	2099                	jal	54e0 <strlen>
    549c:	00000797          	auipc	a5,0x0
    54a0:	03078793          	addi	a5,a5,48 # 54cc <__seofread>
    54a4:	de3e                	sw	a5,60(sp)
    54a6:	57fd                	li	a5,-1
    54a8:	45b2                	lw	a1,12(sp)
    54aa:	02f11323          	sh	a5,38(sp)
    54ae:	82418793          	addi	a5,gp,-2012 # 2000022c <_impure_ptr>
    54b2:	ce2a                	sw	a0,28(sp)
    54b4:	d62a                	sw	a0,44(sp)
    54b6:	4388                	lw	a0,0(a5)
    54b8:	0934                	addi	a3,sp,152
    54ba:	862e                	mv	a2,a1
    54bc:	082c                	addi	a1,sp,24
    54be:	c682                	sw	zero,76(sp)
    54c0:	d082                	sw	zero,96(sp)
    54c2:	ca36                	sw	a3,20(sp)
    54c4:	2a91                	jal	5618 <__ssvfiscanf_r>
    54c6:	40ba                	lw	ra,140(sp)
    54c8:	614d                	addi	sp,sp,176
    54ca:	8082                	ret

000054cc <__seofread>:
    54cc:	4501                	li	a0,0
    54ce:	8082                	ret

000054d0 <strcpy>:
    54d0:	87aa                	mv	a5,a0
    54d2:	2198                	lbu	a4,0(a1)
    54d4:	0785                	addi	a5,a5,1
    54d6:	0585                	addi	a1,a1,1
    54d8:	fee78fa3          	sb	a4,-1(a5)
    54dc:	fb7d                	bnez	a4,54d2 <strcpy+0x2>
    54de:	8082                	ret

000054e0 <strlen>:
    54e0:	87aa                	mv	a5,a0
    54e2:	0785                	addi	a5,a5,1
    54e4:	fff7c703          	lbu	a4,-1(a5)
    54e8:	ff6d                	bnez	a4,54e2 <strlen+0x2>
    54ea:	40a78533          	sub	a0,a5,a0
    54ee:	157d                	addi	a0,a0,-1
    54f0:	8082                	ret

000054f2 <strncmp>:
    54f2:	c215                	beqz	a2,5516 <strncmp+0x24>
    54f4:	167d                	addi	a2,a2,-1
    54f6:	4701                	li	a4,0
    54f8:	00e507b3          	add	a5,a0,a4
    54fc:	00e586b3          	add	a3,a1,a4
    5500:	239c                	lbu	a5,0(a5)
    5502:	2294                	lbu	a3,0(a3)
    5504:	00d79663          	bne	a5,a3,5510 <strncmp+0x1e>
    5508:	00c70463          	beq	a4,a2,5510 <strncmp+0x1e>
    550c:	0705                	addi	a4,a4,1
    550e:	f7ed                	bnez	a5,54f8 <strncmp+0x6>
    5510:	40d78533          	sub	a0,a5,a3
    5514:	8082                	ret
    5516:	4501                	li	a0,0
    5518:	8082                	ret

0000551a <strncpy>:
    551a:	87aa                	mv	a5,a0
    551c:	ca09                	beqz	a2,552e <strncpy+0x14>
    551e:	0585                	addi	a1,a1,1
    5520:	fff5c703          	lbu	a4,-1(a1)
    5524:	0785                	addi	a5,a5,1
    5526:	167d                	addi	a2,a2,-1
    5528:	fee78fa3          	sb	a4,-1(a5)
    552c:	fb65                	bnez	a4,551c <strncpy+0x2>
    552e:	963e                	add	a2,a2,a5
    5530:	00c79363          	bne	a5,a2,5536 <strncpy+0x1c>
    5534:	8082                	ret
    5536:	0785                	addi	a5,a5,1
    5538:	fe078fa3          	sb	zero,-1(a5)
    553c:	bfd5                	j	5530 <strncpy+0x16>

0000553e <_sungetc_r>:
    553e:	1141                	addi	sp,sp,-16
    5540:	c606                	sw	ra,12(sp)
    5542:	c422                	sw	s0,8(sp)
    5544:	c226                	sw	s1,4(sp)
    5546:	c04a                	sw	s2,0(sp)
    5548:	57fd                	li	a5,-1
    554a:	00f59a63          	bne	a1,a5,555e <_sungetc_r+0x20>
    554e:	54fd                	li	s1,-1
    5550:	40b2                	lw	ra,12(sp)
    5552:	4422                	lw	s0,8(sp)
    5554:	8526                	mv	a0,s1
    5556:	4902                	lw	s2,0(sp)
    5558:	4492                	lw	s1,4(sp)
    555a:	0141                	addi	sp,sp,16
    555c:	8082                	ret
    555e:	265e                	lhu	a5,12(a2)
    5560:	0ff5f913          	andi	s2,a1,255
    5564:	0ff5f493          	andi	s1,a1,255
    5568:	fdf7f793          	andi	a5,a5,-33
    556c:	a65e                	sh	a5,12(a2)
    556e:	5a5c                	lw	a5,52(a2)
    5570:	4258                	lw	a4,4(a2)
    5572:	c785                	beqz	a5,559a <_sungetc_r+0x5c>
    5574:	5e1c                	lw	a5,56(a2)
    5576:	8432                	mv	s0,a2
    5578:	00f75c63          	bge	a4,a5,5590 <_sungetc_r+0x52>
    557c:	401c                	lw	a5,0(s0)
    557e:	fff78713          	addi	a4,a5,-1
    5582:	c018                	sw	a4,0(s0)
    5584:	ff278fa3          	sb	s2,-1(a5)
    5588:	405c                	lw	a5,4(s0)
    558a:	0785                	addi	a5,a5,1
    558c:	c05c                	sw	a5,4(s0)
    558e:	b7c9                	j	5550 <_sungetc_r+0x12>
    5590:	85b2                	mv	a1,a2
    5592:	273000ef          	jal	ra,6004 <__submore>
    5596:	d17d                	beqz	a0,557c <_sungetc_r+0x3e>
    5598:	bf5d                	j	554e <_sungetc_r+0x10>
    559a:	4a14                	lw	a3,16(a2)
    559c:	421c                	lw	a5,0(a2)
    559e:	ce81                	beqz	a3,55b6 <_sungetc_r+0x78>
    55a0:	00f6fb63          	bgeu	a3,a5,55b6 <_sungetc_r+0x78>
    55a4:	fff7c683          	lbu	a3,-1(a5)
    55a8:	00969763          	bne	a3,s1,55b6 <_sungetc_r+0x78>
    55ac:	17fd                	addi	a5,a5,-1
    55ae:	0705                	addi	a4,a4,1
    55b0:	c21c                	sw	a5,0(a2)
    55b2:	c258                	sw	a4,4(a2)
    55b4:	bf71                	j	5550 <_sungetc_r+0x12>
    55b6:	de5c                	sw	a5,60(a2)
    55b8:	04460793          	addi	a5,a2,68
    55bc:	da5c                	sw	a5,52(a2)
    55be:	478d                	li	a5,3
    55c0:	de1c                	sw	a5,56(a2)
    55c2:	04660793          	addi	a5,a2,70
    55c6:	c21c                	sw	a5,0(a2)
    55c8:	4785                	li	a5,1
    55ca:	c238                	sw	a4,64(a2)
    55cc:	05260323          	sb	s2,70(a2)
    55d0:	c25c                	sw	a5,4(a2)
    55d2:	bfbd                	j	5550 <_sungetc_r+0x12>

000055d4 <__ssrefill_r>:
    55d4:	1141                	addi	sp,sp,-16
    55d6:	c422                	sw	s0,8(sp)
    55d8:	842e                	mv	s0,a1
    55da:	59cc                	lw	a1,52(a1)
    55dc:	c606                	sw	ra,12(sp)
    55de:	c19d                	beqz	a1,5604 <__ssrefill_r+0x30>
    55e0:	04440793          	addi	a5,s0,68 # 4000044 <_data_lma+0x3ff943c>
    55e4:	00f58463          	beq	a1,a5,55ec <__ssrefill_r+0x18>
    55e8:	3b7000ef          	jal	ra,619e <_free_r>
    55ec:	403c                	lw	a5,64(s0)
    55ee:	02042a23          	sw	zero,52(s0)
    55f2:	c05c                	sw	a5,4(s0)
    55f4:	cb81                	beqz	a5,5604 <__ssrefill_r+0x30>
    55f6:	5c5c                	lw	a5,60(s0)
    55f8:	4501                	li	a0,0
    55fa:	c01c                	sw	a5,0(s0)
    55fc:	40b2                	lw	ra,12(sp)
    55fe:	4422                	lw	s0,8(sp)
    5600:	0141                	addi	sp,sp,16
    5602:	8082                	ret
    5604:	481c                	lw	a5,16(s0)
    5606:	00042223          	sw	zero,4(s0)
    560a:	557d                	li	a0,-1
    560c:	c01c                	sw	a5,0(s0)
    560e:	245e                	lhu	a5,12(s0)
    5610:	0207e793          	ori	a5,a5,32
    5614:	a45e                	sh	a5,12(s0)
    5616:	b7dd                	j	55fc <__ssrefill_r+0x28>

00005618 <__ssvfiscanf_r>:
    5618:	d2010113          	addi	sp,sp,-736
    561c:	00000797          	auipc	a5,0x0
    5620:	f2278793          	addi	a5,a5,-222 # 553e <_sungetc_r>
    5624:	2d312623          	sw	s3,716(sp)
    5628:	28f12c23          	sw	a5,664(sp)
    562c:	01c10993          	addi	s3,sp,28
    5630:	00000797          	auipc	a5,0x0
    5634:	fa478793          	addi	a5,a5,-92 # 55d4 <__ssrefill_r>
    5638:	2c812c23          	sw	s0,728(sp)
    563c:	2c912a23          	sw	s1,724(sp)
    5640:	2d212823          	sw	s2,720(sp)
    5644:	2d412423          	sw	s4,712(sp)
    5648:	2d512223          	sw	s5,708(sp)
    564c:	2d612023          	sw	s6,704(sp)
    5650:	2b712e23          	sw	s7,700(sp)
    5654:	2b812c23          	sw	s8,696(sp)
    5658:	2c112e23          	sw	ra,732(sp)
    565c:	2b912a23          	sw	s9,692(sp)
    5660:	2ba12823          	sw	s10,688(sp)
    5664:	2bb12623          	sw	s11,684(sp)
    5668:	84aa                	mv	s1,a0
    566a:	842e                	mv	s0,a1
    566c:	12012423          	sw	zero,296(sp)
    5670:	12012623          	sw	zero,300(sp)
    5674:	13312823          	sw	s3,304(sp)
    5678:	28f12e23          	sw	a5,668(sp)
    567c:	cc36                	sw	a3,24(sp)
    567e:	02500a13          	li	s4,37
    5682:	02a00b13          	li	s6,42
    5686:	4ba5                	li	s7,9
    5688:	4929                	li	s2,10
    568a:	00001a97          	auipc	s5,0x1
    568e:	3e6a8a93          	addi	s5,s5,998 # 6a70 <__clz_tab+0x100>
    5692:	ffffbc17          	auipc	s8,0xffffb
    5696:	96ec0c13          	addi	s8,s8,-1682 # 0 <_sinit>
    569a:	221c                	lbu	a5,0(a2)
    569c:	c632                	sw	a2,12(sp)
    569e:	30078b63          	beqz	a5,59b4 <__ssvfiscanf_r+0x39c>
    56a2:	1e9000ef          	jal	ra,608a <__locale_ctype_ptr>
    56a6:	4632                	lw	a2,12(sp)
    56a8:	00064d83          	lbu	s11,0(a2)
    56ac:	00160c93          	addi	s9,a2,1
    56b0:	956e                	add	a0,a0,s11
    56b2:	311c                	lbu	a5,1(a0)
    56b4:	8ba1                	andi	a5,a5,8
    56b6:	c3a1                	beqz	a5,56f6 <__ssvfiscanf_r+0xde>
    56b8:	405c                	lw	a5,4(s0)
    56ba:	02f05763          	blez	a5,56e8 <__ssvfiscanf_r+0xd0>
    56be:	1cd000ef          	jal	ra,608a <__locale_ctype_ptr>
    56c2:	401c                	lw	a5,0(s0)
    56c4:	2398                	lbu	a4,0(a5)
    56c6:	953a                	add	a0,a0,a4
    56c8:	3118                	lbu	a4,1(a0)
    56ca:	8b21                	andi	a4,a4,8
    56cc:	e319                	bnez	a4,56d2 <__ssvfiscanf_r+0xba>
    56ce:	8666                	mv	a2,s9
    56d0:	b7e9                	j	569a <__ssvfiscanf_r+0x82>
    56d2:	12c12703          	lw	a4,300(sp)
    56d6:	0785                	addi	a5,a5,1
    56d8:	c01c                	sw	a5,0(s0)
    56da:	0705                	addi	a4,a4,1
    56dc:	12e12623          	sw	a4,300(sp)
    56e0:	4058                	lw	a4,4(s0)
    56e2:	177d                	addi	a4,a4,-1
    56e4:	c058                	sw	a4,4(s0)
    56e6:	bfc9                	j	56b8 <__ssvfiscanf_r+0xa0>
    56e8:	29c12783          	lw	a5,668(sp)
    56ec:	85a2                	mv	a1,s0
    56ee:	8526                	mv	a0,s1
    56f0:	9782                	jalr	a5
    56f2:	d571                	beqz	a0,56be <__ssvfiscanf_r+0xa6>
    56f4:	bfe9                	j	56ce <__ssvfiscanf_r+0xb6>
    56f6:	174d9763          	bne	s11,s4,5864 <__ssvfiscanf_r+0x24c>
    56fa:	12012223          	sw	zero,292(sp)
    56fe:	10012e23          	sw	zero,284(sp)
    5702:	321c                	lbu	a5,1(a2)
    5704:	01679763          	bne	a5,s6,5712 <__ssvfiscanf_r+0xfa>
    5708:	47c1                	li	a5,16
    570a:	10f12e23          	sw	a5,284(sp)
    570e:	00260c93          	addi	s9,a2,2
    5712:	000cc583          	lbu	a1,0(s9)
    5716:	8d66                	mv	s10,s9
    5718:	0c85                	addi	s9,s9,1
    571a:	fd058793          	addi	a5,a1,-48
    571e:	06fbf063          	bgeu	s7,a5,577e <__ssvfiscanf_r+0x166>
    5722:	460d                	li	a2,3
    5724:	8556                	mv	a0,s5
    5726:	1af000ef          	jal	ra,60d4 <memchr>
    572a:	cd01                	beqz	a0,5742 <__ssvfiscanf_r+0x12a>
    572c:	41550533          	sub	a0,a0,s5
    5730:	4785                	li	a5,1
    5732:	00a797b3          	sll	a5,a5,a0
    5736:	11c12503          	lw	a0,284(sp)
    573a:	8d66                	mv	s10,s9
    573c:	8d5d                	or	a0,a0,a5
    573e:	10a12e23          	sw	a0,284(sp)
    5742:	000d4783          	lbu	a5,0(s10)
    5746:	06700713          	li	a4,103
    574a:	001d0c93          	addi	s9,s10,1
    574e:	08f76663          	bltu	a4,a5,57da <__ssvfiscanf_r+0x1c2>
    5752:	06500713          	li	a4,101
    5756:	1ae7fb63          	bgeu	a5,a4,590c <__ssvfiscanf_r+0x2f4>
    575a:	04700713          	li	a4,71
    575e:	02f76a63          	bltu	a4,a5,5792 <__ssvfiscanf_r+0x17a>
    5762:	04500713          	li	a4,69
    5766:	1ae7f363          	bgeu	a5,a4,590c <__ssvfiscanf_r+0x2f4>
    576a:	12078863          	beqz	a5,589a <__ssvfiscanf_r+0x282>
    576e:	0f478b63          	beq	a5,s4,5864 <__ssvfiscanf_r+0x24c>
    5772:	478d                	li	a5,3
    5774:	12f12a23          	sw	a5,308(sp)
    5778:	13212023          	sw	s2,288(sp)
    577c:	a061                	j	5804 <__ssvfiscanf_r+0x1ec>
    577e:	12412783          	lw	a5,292(sp)
    5782:	02f907b3          	mul	a5,s2,a5
    5786:	fd078793          	addi	a5,a5,-48
    578a:	97ae                	add	a5,a5,a1
    578c:	12f12223          	sw	a5,292(sp)
    5790:	b749                	j	5712 <__ssvfiscanf_r+0xfa>
    5792:	05b00713          	li	a4,91
    5796:	12e78063          	beq	a5,a4,58b6 <__ssvfiscanf_r+0x29e>
    579a:	02f76563          	bltu	a4,a5,57c4 <__ssvfiscanf_r+0x1ac>
    579e:	05800713          	li	a4,88
    57a2:	fce798e3          	bne	a5,a4,5772 <__ssvfiscanf_r+0x15a>
    57a6:	11c12703          	lw	a4,284(sp)
    57aa:	20076713          	ori	a4,a4,512
    57ae:	10e12e23          	sw	a4,284(sp)
    57b2:	4741                	li	a4,16
    57b4:	12e12023          	sw	a4,288(sp)
    57b8:	06e00713          	li	a4,110
    57bc:	00f737b3          	sltu	a5,a4,a5
    57c0:	078d                	addi	a5,a5,3
    57c2:	a83d                	j	5800 <__ssvfiscanf_r+0x1e8>
    57c4:	06300713          	li	a4,99
    57c8:	10e78363          	beq	a5,a4,58ce <__ssvfiscanf_r+0x2b6>
    57cc:	06400713          	li	a4,100
    57d0:	fae791e3          	bne	a5,a4,5772 <__ssvfiscanf_r+0x15a>
    57d4:	13212023          	sw	s2,288(sp)
    57d8:	b7c5                	j	57b8 <__ssvfiscanf_r+0x1a0>
    57da:	07000713          	li	a4,112
    57de:	0ce78063          	beq	a5,a4,589e <__ssvfiscanf_r+0x286>
    57e2:	06f76363          	bltu	a4,a5,5848 <__ssvfiscanf_r+0x230>
    57e6:	06e00713          	li	a4,110
    57ea:	0ee78b63          	beq	a5,a4,58e0 <__ssvfiscanf_r+0x2c8>
    57ee:	0af76f63          	bltu	a4,a5,58ac <__ssvfiscanf_r+0x294>
    57f2:	06900713          	li	a4,105
    57f6:	f6e79ee3          	bne	a5,a4,5772 <__ssvfiscanf_r+0x15a>
    57fa:	12012023          	sw	zero,288(sp)
    57fe:	478d                	li	a5,3
    5800:	12f12a23          	sw	a5,308(sp)
    5804:	405c                	lw	a5,4(s0)
    5806:	10f05563          	blez	a5,5910 <__ssvfiscanf_r+0x2f8>
    580a:	11c12783          	lw	a5,284(sp)
    580e:	0407f793          	andi	a5,a5,64
    5812:	eb91                	bnez	a5,5826 <__ssvfiscanf_r+0x20e>
    5814:	077000ef          	jal	ra,608a <__locale_ctype_ptr>
    5818:	401c                	lw	a5,0(s0)
    581a:	2398                	lbu	a4,0(a5)
    581c:	953a                	add	a0,a0,a4
    581e:	3118                	lbu	a4,1(a0)
    5820:	8b21                	andi	a4,a4,8
    5822:	0e071f63          	bnez	a4,5920 <__ssvfiscanf_r+0x308>
    5826:	13412783          	lw	a5,308(sp)
    582a:	4709                	li	a4,2
    582c:	10f74f63          	blt	a4,a5,594a <__ssvfiscanf_r+0x332>
    5830:	0834                	addi	a3,sp,24
    5832:	8622                	mv	a2,s0
    5834:	0a6c                	addi	a1,sp,284
    5836:	8526                	mv	a0,s1
    5838:	2249                	jal	59ba <_scanf_chars>
    583a:	4785                	li	a5,1
    583c:	16f50c63          	beq	a0,a5,59b4 <__ssvfiscanf_r+0x39c>
    5840:	4789                	li	a5,2
    5842:	e8f516e3          	bne	a0,a5,56ce <__ssvfiscanf_r+0xb6>
    5846:	a0b9                	j	5894 <__ssvfiscanf_r+0x27c>
    5848:	07500713          	li	a4,117
    584c:	f8e784e3          	beq	a5,a4,57d4 <__ssvfiscanf_r+0x1bc>
    5850:	07800713          	li	a4,120
    5854:	f4e789e3          	beq	a5,a4,57a6 <__ssvfiscanf_r+0x18e>
    5858:	07300713          	li	a4,115
    585c:	f0e79be3          	bne	a5,a4,5772 <__ssvfiscanf_r+0x15a>
    5860:	4789                	li	a5,2
    5862:	bf79                	j	5800 <__ssvfiscanf_r+0x1e8>
    5864:	405c                	lw	a5,4(s0)
    5866:	02f05163          	blez	a5,5888 <__ssvfiscanf_r+0x270>
    586a:	401c                	lw	a5,0(s0)
    586c:	2398                	lbu	a4,0(a5)
    586e:	15b71363          	bne	a4,s11,59b4 <__ssvfiscanf_r+0x39c>
    5872:	0785                	addi	a5,a5,1
    5874:	4058                	lw	a4,4(s0)
    5876:	c01c                	sw	a5,0(s0)
    5878:	12c12783          	lw	a5,300(sp)
    587c:	177d                	addi	a4,a4,-1
    587e:	c058                	sw	a4,4(s0)
    5880:	0785                	addi	a5,a5,1
    5882:	12f12623          	sw	a5,300(sp)
    5886:	b5a1                	j	56ce <__ssvfiscanf_r+0xb6>
    5888:	29c12783          	lw	a5,668(sp)
    588c:	85a2                	mv	a1,s0
    588e:	8526                	mv	a0,s1
    5890:	9782                	jalr	a5
    5892:	dd61                	beqz	a0,586a <__ssvfiscanf_r+0x252>
    5894:	12812503          	lw	a0,296(sp)
    5898:	ed69                	bnez	a0,5972 <__ssvfiscanf_r+0x35a>
    589a:	557d                	li	a0,-1
    589c:	a8f9                	j	597a <__ssvfiscanf_r+0x362>
    589e:	11c12703          	lw	a4,284(sp)
    58a2:	02076713          	ori	a4,a4,32
    58a6:	10e12e23          	sw	a4,284(sp)
    58aa:	bdf5                	j	57a6 <__ssvfiscanf_r+0x18e>
    58ac:	47a1                	li	a5,8
    58ae:	12f12023          	sw	a5,288(sp)
    58b2:	4791                	li	a5,4
    58b4:	b7b1                	j	5800 <__ssvfiscanf_r+0x1e8>
    58b6:	85e6                	mv	a1,s9
    58b8:	854e                	mv	a0,s3
    58ba:	291d                	jal	5cf0 <__sccl>
    58bc:	11c12783          	lw	a5,284(sp)
    58c0:	8caa                	mv	s9,a0
    58c2:	0407e793          	ori	a5,a5,64
    58c6:	10f12e23          	sw	a5,284(sp)
    58ca:	4785                	li	a5,1
    58cc:	bf15                	j	5800 <__ssvfiscanf_r+0x1e8>
    58ce:	11c12783          	lw	a5,284(sp)
    58d2:	12012a23          	sw	zero,308(sp)
    58d6:	0407e793          	ori	a5,a5,64
    58da:	10f12e23          	sw	a5,284(sp)
    58de:	b71d                	j	5804 <__ssvfiscanf_r+0x1ec>
    58e0:	11c12783          	lw	a5,284(sp)
    58e4:	0107f713          	andi	a4,a5,16
    58e8:	de0713e3          	bnez	a4,56ce <__ssvfiscanf_r+0xb6>
    58ec:	4762                	lw	a4,24(sp)
    58ee:	0017f593          	andi	a1,a5,1
    58f2:	12c12683          	lw	a3,300(sp)
    58f6:	00470613          	addi	a2,a4,4
    58fa:	c589                	beqz	a1,5904 <__ssvfiscanf_r+0x2ec>
    58fc:	cc32                	sw	a2,24(sp)
    58fe:	431c                	lw	a5,0(a4)
    5900:	a396                	sh	a3,0(a5)
    5902:	b3f1                	j	56ce <__ssvfiscanf_r+0xb6>
    5904:	cc32                	sw	a2,24(sp)
    5906:	431c                	lw	a5,0(a4)
    5908:	c394                	sw	a3,0(a5)
    590a:	b3d1                	j	56ce <__ssvfiscanf_r+0xb6>
    590c:	4795                	li	a5,5
    590e:	bdcd                	j	5800 <__ssvfiscanf_r+0x1e8>
    5910:	29c12783          	lw	a5,668(sp)
    5914:	85a2                	mv	a1,s0
    5916:	8526                	mv	a0,s1
    5918:	9782                	jalr	a5
    591a:	ee0508e3          	beqz	a0,580a <__ssvfiscanf_r+0x1f2>
    591e:	bf9d                	j	5894 <__ssvfiscanf_r+0x27c>
    5920:	12c12703          	lw	a4,300(sp)
    5924:	0705                	addi	a4,a4,1
    5926:	12e12623          	sw	a4,300(sp)
    592a:	4058                	lw	a4,4(s0)
    592c:	177d                	addi	a4,a4,-1
    592e:	c058                	sw	a4,4(s0)
    5930:	00e05563          	blez	a4,593a <__ssvfiscanf_r+0x322>
    5934:	0785                	addi	a5,a5,1
    5936:	c01c                	sw	a5,0(s0)
    5938:	bdf1                	j	5814 <__ssvfiscanf_r+0x1fc>
    593a:	29c12783          	lw	a5,668(sp)
    593e:	85a2                	mv	a1,s0
    5940:	8526                	mv	a0,s1
    5942:	9782                	jalr	a5
    5944:	ec0508e3          	beqz	a0,5814 <__ssvfiscanf_r+0x1fc>
    5948:	b7b1                	j	5894 <__ssvfiscanf_r+0x27c>
    594a:	4711                	li	a4,4
    594c:	00f74863          	blt	a4,a5,595c <__ssvfiscanf_r+0x344>
    5950:	0834                	addi	a3,sp,24
    5952:	8622                	mv	a2,s0
    5954:	0a6c                	addi	a1,sp,284
    5956:	8526                	mv	a0,s1
    5958:	2289                	jal	5a9a <_scanf_i>
    595a:	b5c5                	j	583a <__ssvfiscanf_r+0x222>
    595c:	d60c09e3          	beqz	s8,56ce <__ssvfiscanf_r+0xb6>
    5960:	0834                	addi	a3,sp,24
    5962:	8622                	mv	a2,s0
    5964:	0a6c                	addi	a1,sp,284
    5966:	8526                	mv	a0,s1
    5968:	00000097          	auipc	ra,0x0
    596c:	000000e7          	jalr	zero # 0 <_sinit>
    5970:	b5e9                	j	583a <__ssvfiscanf_r+0x222>
    5972:	245e                	lhu	a5,12(s0)
    5974:	0407f793          	andi	a5,a5,64
    5978:	f38d                	bnez	a5,589a <__ssvfiscanf_r+0x282>
    597a:	2dc12083          	lw	ra,732(sp)
    597e:	2d812403          	lw	s0,728(sp)
    5982:	2d412483          	lw	s1,724(sp)
    5986:	2d012903          	lw	s2,720(sp)
    598a:	2cc12983          	lw	s3,716(sp)
    598e:	2c812a03          	lw	s4,712(sp)
    5992:	2c412a83          	lw	s5,708(sp)
    5996:	2c012b03          	lw	s6,704(sp)
    599a:	2bc12b83          	lw	s7,700(sp)
    599e:	2b812c03          	lw	s8,696(sp)
    59a2:	2b412c83          	lw	s9,692(sp)
    59a6:	2b012d03          	lw	s10,688(sp)
    59aa:	2ac12d83          	lw	s11,684(sp)
    59ae:	2e010113          	addi	sp,sp,736
    59b2:	8082                	ret
    59b4:	12812503          	lw	a0,296(sp)
    59b8:	b7c9                	j	597a <__ssvfiscanf_r+0x362>

000059ba <_scanf_chars>:
    59ba:	459c                	lw	a5,8(a1)
    59bc:	1101                	addi	sp,sp,-32
    59be:	cc22                	sw	s0,24(sp)
    59c0:	ca26                	sw	s1,20(sp)
    59c2:	c452                	sw	s4,8(sp)
    59c4:	ce06                	sw	ra,28(sp)
    59c6:	c84a                	sw	s2,16(sp)
    59c8:	c64e                	sw	s3,12(sp)
    59ca:	c256                	sw	s5,4(sp)
    59cc:	c05a                	sw	s6,0(sp)
    59ce:	8a2a                	mv	s4,a0
    59d0:	842e                	mv	s0,a1
    59d2:	84b2                	mv	s1,a2
    59d4:	e791                	bnez	a5,59e0 <_scanf_chars+0x26>
    59d6:	4d98                	lw	a4,24(a1)
    59d8:	4785                	li	a5,1
    59da:	c311                	beqz	a4,59de <_scanf_chars+0x24>
    59dc:	57fd                	li	a5,-1
    59de:	c41c                	sw	a5,8(s0)
    59e0:	401c                	lw	a5,0(s0)
    59e2:	8bc1                	andi	a5,a5,16
    59e4:	e799                	bnez	a5,59f2 <_scanf_chars+0x38>
    59e6:	429c                	lw	a5,0(a3)
    59e8:	00478713          	addi	a4,a5,4
    59ec:	c298                	sw	a4,0(a3)
    59ee:	0007a983          	lw	s3,0(a5)
    59f2:	4901                	li	s2,0
    59f4:	4a85                	li	s5,1
    59f6:	4b09                	li	s6,2
    59f8:	4c08                	lw	a0,24(s0)
    59fa:	c50d                	beqz	a0,5a24 <_scanf_chars+0x6a>
    59fc:	07551f63          	bne	a0,s5,5a7a <_scanf_chars+0xc0>
    5a00:	409c                	lw	a5,0(s1)
    5a02:	2398                	lbu	a4,0(a5)
    5a04:	485c                	lw	a5,20(s0)
    5a06:	97ba                	add	a5,a5,a4
    5a08:	239c                	lbu	a5,0(a5)
    5a0a:	ef89                	bnez	a5,5a24 <_scanf_chars+0x6a>
    5a0c:	04091763          	bnez	s2,5a5a <_scanf_chars+0xa0>
    5a10:	40f2                	lw	ra,28(sp)
    5a12:	4462                	lw	s0,24(sp)
    5a14:	44d2                	lw	s1,20(sp)
    5a16:	4942                	lw	s2,16(sp)
    5a18:	49b2                	lw	s3,12(sp)
    5a1a:	4a22                	lw	s4,8(sp)
    5a1c:	4a92                	lw	s5,4(sp)
    5a1e:	4b02                	lw	s6,0(sp)
    5a20:	6105                	addi	sp,sp,32
    5a22:	8082                	ret
    5a24:	401c                	lw	a5,0(s0)
    5a26:	0905                	addi	s2,s2,1
    5a28:	8bc1                	andi	a5,a5,16
    5a2a:	e791                	bnez	a5,5a36 <_scanf_chars+0x7c>
    5a2c:	409c                	lw	a5,0(s1)
    5a2e:	0985                	addi	s3,s3,1
    5a30:	239c                	lbu	a5,0(a5)
    5a32:	fef98fa3          	sb	a5,-1(s3)
    5a36:	4098                	lw	a4,0(s1)
    5a38:	40dc                	lw	a5,4(s1)
    5a3a:	0705                	addi	a4,a4,1
    5a3c:	c098                	sw	a4,0(s1)
    5a3e:	4418                	lw	a4,8(s0)
    5a40:	17fd                	addi	a5,a5,-1
    5a42:	c0dc                	sw	a5,4(s1)
    5a44:	177d                	addi	a4,a4,-1
    5a46:	c418                	sw	a4,8(s0)
    5a48:	cb09                	beqz	a4,5a5a <_scanf_chars+0xa0>
    5a4a:	faf047e3          	bgtz	a5,59f8 <_scanf_chars+0x3e>
    5a4e:	18042783          	lw	a5,384(s0)
    5a52:	85a6                	mv	a1,s1
    5a54:	8552                	mv	a0,s4
    5a56:	9782                	jalr	a5
    5a58:	d145                	beqz	a0,59f8 <_scanf_chars+0x3e>
    5a5a:	401c                	lw	a5,0(s0)
    5a5c:	8bc1                	andi	a5,a5,16
    5a5e:	eb81                	bnez	a5,5a6e <_scanf_chars+0xb4>
    5a60:	445c                	lw	a5,12(s0)
    5a62:	0785                	addi	a5,a5,1
    5a64:	c45c                	sw	a5,12(s0)
    5a66:	4c1c                	lw	a5,24(s0)
    5a68:	c399                	beqz	a5,5a6e <_scanf_chars+0xb4>
    5a6a:	00098023          	sb	zero,0(s3)
    5a6e:	481c                	lw	a5,16(s0)
    5a70:	4501                	li	a0,0
    5a72:	993e                	add	s2,s2,a5
    5a74:	01242823          	sw	s2,16(s0)
    5a78:	bf61                	j	5a10 <_scanf_chars+0x56>
    5a7a:	01651963          	bne	a0,s6,5a8c <_scanf_chars+0xd2>
    5a7e:	2531                	jal	608a <__locale_ctype_ptr>
    5a80:	409c                	lw	a5,0(s1)
    5a82:	239c                	lbu	a5,0(a5)
    5a84:	953e                	add	a0,a0,a5
    5a86:	311c                	lbu	a5,1(a0)
    5a88:	8ba1                	andi	a5,a5,8
    5a8a:	dfc9                	beqz	a5,5a24 <_scanf_chars+0x6a>
    5a8c:	fc0917e3          	bnez	s2,5a5a <_scanf_chars+0xa0>
    5a90:	4c08                	lw	a0,24(s0)
    5a92:	4785                	li	a5,1
    5a94:	fcf513e3          	bne	a0,a5,5a5a <_scanf_chars+0xa0>
    5a98:	bfa5                	j	5a10 <_scanf_chars+0x56>

00005a9a <_scanf_i>:
    5a9a:	715d                	addi	sp,sp,-80
    5a9c:	00001797          	auipc	a5,0x1
    5aa0:	fec78793          	addi	a5,a5,-20 # 6a88 <__clz_tab+0x118>
    5aa4:	c0ca                	sw	s2,64(sp)
    5aa6:	c23e                	sw	a5,4(sp)
    5aa8:	8936                	mv	s2,a3
    5aaa:	00001797          	auipc	a5,0x1
    5aae:	fe278793          	addi	a5,a5,-30 # 6a8c <__clz_tab+0x11c>
    5ab2:	4d94                	lw	a3,24(a1)
    5ab4:	c43e                	sw	a5,8(sp)
    5ab6:	00001797          	auipc	a5,0x1
    5aba:	fda78793          	addi	a5,a5,-38 # 6a90 <__clz_tab+0x120>
    5abe:	c4a2                	sw	s0,72(sp)
    5ac0:	de4e                	sw	s3,60(sp)
    5ac2:	d85a                	sw	s6,48(sp)
    5ac4:	ce6e                	sw	s11,28(sp)
    5ac6:	c63e                	sw	a5,12(sp)
    5ac8:	c686                	sw	ra,76(sp)
    5aca:	c2a6                	sw	s1,68(sp)
    5acc:	dc52                	sw	s4,56(sp)
    5ace:	da56                	sw	s5,52(sp)
    5ad0:	d65e                	sw	s7,44(sp)
    5ad2:	d462                	sw	s8,40(sp)
    5ad4:	d266                	sw	s9,36(sp)
    5ad6:	d06a                	sw	s10,32(sp)
    5ad8:	478d                	li	a5,3
    5ada:	89aa                	mv	s3,a0
    5adc:	842e                	mv	s0,a1
    5ade:	8db2                	mv	s11,a2
    5ae0:	00000b17          	auipc	s6,0x0
    5ae4:	50eb0b13          	addi	s6,s6,1294 # 5fee <_strtoul_r>
    5ae8:	00f69663          	bne	a3,a5,5af4 <_scanf_i+0x5a>
    5aec:	00000b17          	auipc	s6,0x0
    5af0:	3beb0b13          	addi	s6,s6,958 # 5eaa <_strtol_r>
    5af4:	441c                	lw	a5,8(s0)
    5af6:	15c00693          	li	a3,348
    5afa:	4a01                	li	s4,0
    5afc:	fff78613          	addi	a2,a5,-1
    5b00:	00c6f763          	bgeu	a3,a2,5b0e <_scanf_i+0x74>
    5b04:	ea378a13          	addi	s4,a5,-349
    5b08:	15d00793          	li	a5,349
    5b0c:	c41c                	sw	a5,8(s0)
    5b0e:	401c                	lw	a5,0(s0)
    5b10:	6685                	lui	a3,0x1
    5b12:	d0068693          	addi	a3,a3,-768 # d00 <HMI_task+0x2ac>
    5b16:	01c40493          	addi	s1,s0,28
    5b1a:	8fd5                	or	a5,a5,a3
    5b1c:	c01c                	sw	a5,0(s0)
    5b1e:	00410c13          	addi	s8,sp,4
    5b22:	8aa6                	mv	s5,s1
    5b24:	4b81                	li	s7,0
    5b26:	20000c93          	li	s9,512
    5b2a:	000da783          	lw	a5,0(s11)
    5b2e:	000c2503          	lw	a0,0(s8)
    5b32:	4609                	li	a2,2
    5b34:	238c                	lbu	a1,0(a5)
    5b36:	2b79                	jal	60d4 <memchr>
    5b38:	cd39                	beqz	a0,5b96 <_scanf_i+0xfc>
    5b3a:	4785                	li	a5,1
    5b3c:	0cfb9e63          	bne	s7,a5,5c18 <_scanf_i+0x17e>
    5b40:	405c                	lw	a5,4(s0)
    5b42:	e799                	bnez	a5,5b50 <_scanf_i+0xb6>
    5b44:	401c                	lw	a5,0(s0)
    5b46:	4721                	li	a4,8
    5b48:	c058                	sw	a4,4(s0)
    5b4a:	2007e793          	ori	a5,a5,512
    5b4e:	c01c                	sw	a5,0(s0)
    5b50:	401c                	lw	a5,0(s0)
    5b52:	aff7f793          	andi	a5,a5,-1281
    5b56:	c01c                	sw	a5,0(s0)
    5b58:	441c                	lw	a5,8(s0)
    5b5a:	fff78613          	addi	a2,a5,-1
    5b5e:	c410                	sw	a2,8(s0)
    5b60:	cb9d                	beqz	a5,5b96 <_scanf_i+0xfc>
    5b62:	000da603          	lw	a2,0(s11)
    5b66:	001a8d13          	addi	s10,s5,1
    5b6a:	00160793          	addi	a5,a2,1
    5b6e:	00fda023          	sw	a5,0(s11)
    5b72:	2210                	lbu	a2,0(a2)
    5b74:	00ca8023          	sb	a2,0(s5)
    5b78:	004da603          	lw	a2,4(s11)
    5b7c:	8aea                	mv	s5,s10
    5b7e:	167d                	addi	a2,a2,-1
    5b80:	00cda223          	sw	a2,4(s11)
    5b84:	00c04963          	bgtz	a2,5b96 <_scanf_i+0xfc>
    5b88:	18042603          	lw	a2,384(s0)
    5b8c:	85ee                	mv	a1,s11
    5b8e:	854e                	mv	a0,s3
    5b90:	9602                	jalr	a2
    5b92:	10051863          	bnez	a0,5ca2 <_scanf_i+0x208>
    5b96:	0b85                	addi	s7,s7,1
    5b98:	478d                	li	a5,3
    5b9a:	0c11                	addi	s8,s8,4
    5b9c:	f8fb97e3          	bne	s7,a5,5b2a <_scanf_i+0x90>
    5ba0:	405c                	lw	a5,4(s0)
    5ba2:	e399                	bnez	a5,5ba8 <_scanf_i+0x10e>
    5ba4:	47a9                	li	a5,10
    5ba6:	c05c                	sw	a5,4(s0)
    5ba8:	405c                	lw	a5,4(s0)
    5baa:	4848                	lw	a0,20(s0)
    5bac:	00001597          	auipc	a1,0x1
    5bb0:	ed858593          	addi	a1,a1,-296 # 6a84 <__clz_tab+0x114>
    5bb4:	8d9d                	sub	a1,a1,a5
    5bb6:	7bfd                	lui	s7,0xfffff
    5bb8:	6c05                	lui	s8,0x1
    5bba:	8d56                	mv	s10,s5
    5bbc:	2a15                	jal	5cf0 <__sccl>
    5bbe:	4a81                	li	s5,0
    5bc0:	03000c93          	li	s9,48
    5bc4:	6ffb8b93          	addi	s7,s7,1791 # fffff6ff <_eusrstack+0xdfff76ff>
    5bc8:	800c0c13          	addi	s8,s8,-2048 # 800 <__stack_size>
    5bcc:	4414                	lw	a3,8(s0)
    5bce:	4010                	lw	a2,0(s0)
    5bd0:	cebd                	beqz	a3,5c4e <_scanf_i+0x1b4>
    5bd2:	000da503          	lw	a0,0(s11)
    5bd6:	484c                	lw	a1,20(s0)
    5bd8:	00054803          	lbu	a6,0(a0)
    5bdc:	95c2                	add	a1,a1,a6
    5bde:	218c                	lbu	a1,0(a1)
    5be0:	c5bd                	beqz	a1,5c4e <_scanf_i+0x1b4>
    5be2:	05981863          	bne	a6,s9,5c32 <_scanf_i+0x198>
    5be6:	018675b3          	and	a1,a2,s8
    5bea:	c5a1                	beqz	a1,5c32 <_scanf_i+0x198>
    5bec:	0a85                	addi	s5,s5,1
    5bee:	000a0563          	beqz	s4,5bf8 <_scanf_i+0x15e>
    5bf2:	0685                	addi	a3,a3,1
    5bf4:	1a7d                	addi	s4,s4,-1
    5bf6:	c414                	sw	a3,8(s0)
    5bf8:	004da683          	lw	a3,4(s11)
    5bfc:	16fd                	addi	a3,a3,-1
    5bfe:	00dda223          	sw	a3,4(s11)
    5c02:	04d05063          	blez	a3,5c42 <_scanf_i+0x1a8>
    5c06:	000da683          	lw	a3,0(s11)
    5c0a:	0685                	addi	a3,a3,1
    5c0c:	00dda023          	sw	a3,0(s11)
    5c10:	4414                	lw	a3,8(s0)
    5c12:	16fd                	addi	a3,a3,-1
    5c14:	c414                	sw	a3,8(s0)
    5c16:	bf5d                	j	5bcc <_scanf_i+0x132>
    5c18:	4789                	li	a5,2
    5c1a:	f2fb9fe3          	bne	s7,a5,5b58 <_scanf_i+0xbe>
    5c1e:	401c                	lw	a5,0(s0)
    5c20:	6007f613          	andi	a2,a5,1536
    5c24:	f79619e3          	bne	a2,s9,5b96 <_scanf_i+0xfc>
    5c28:	4741                	li	a4,16
    5c2a:	c058                	sw	a4,4(s0)
    5c2c:	1007e793          	ori	a5,a5,256
    5c30:	b71d                	j	5b56 <_scanf_i+0xbc>
    5c32:	01767633          	and	a2,a2,s7
    5c36:	c010                	sw	a2,0(s0)
    5c38:	2114                	lbu	a3,0(a0)
    5c3a:	0d05                	addi	s10,s10,1
    5c3c:	fedd0fa3          	sb	a3,-1(s10)
    5c40:	bf65                	j	5bf8 <_scanf_i+0x15e>
    5c42:	18042683          	lw	a3,384(s0)
    5c46:	85ee                	mv	a1,s11
    5c48:	854e                	mv	a0,s3
    5c4a:	9682                	jalr	a3
    5c4c:	d171                	beqz	a0,5c10 <_scanf_i+0x176>
    5c4e:	4014                	lw	a3,0(s0)
    5c50:	1006f693          	andi	a3,a3,256
    5c54:	c285                	beqz	a3,5c74 <_scanf_i+0x1da>
    5c56:	01a4fc63          	bgeu	s1,s10,5c6e <_scanf_i+0x1d4>
    5c5a:	fffd4583          	lbu	a1,-1(s10)
    5c5e:	17c42683          	lw	a3,380(s0)
    5c62:	fffd0a13          	addi	s4,s10,-1
    5c66:	866e                	mv	a2,s11
    5c68:	854e                	mv	a0,s3
    5c6a:	9682                	jalr	a3
    5c6c:	8d52                	mv	s10,s4
    5c6e:	4505                	li	a0,1
    5c70:	049d0e63          	beq	s10,s1,5ccc <_scanf_i+0x232>
    5c74:	4018                	lw	a4,0(s0)
    5c76:	8b41                	andi	a4,a4,16
    5c78:	e339                	bnez	a4,5cbe <_scanf_i+0x224>
    5c7a:	000d0023          	sb	zero,0(s10)
    5c7e:	4054                	lw	a3,4(s0)
    5c80:	4601                	li	a2,0
    5c82:	85a6                	mv	a1,s1
    5c84:	854e                	mv	a0,s3
    5c86:	9b02                	jalr	s6
    5c88:	4014                	lw	a3,0(s0)
    5c8a:	00092703          	lw	a4,0(s2)
    5c8e:	0206f613          	andi	a2,a3,32
    5c92:	ca11                	beqz	a2,5ca6 <_scanf_i+0x20c>
    5c94:	00470693          	addi	a3,a4,4
    5c98:	00d92023          	sw	a3,0(s2)
    5c9c:	4318                	lw	a4,0(a4)
    5c9e:	c308                	sw	a0,0(a4)
    5ca0:	a821                	j	5cb8 <_scanf_i+0x21e>
    5ca2:	4a81                	li	s5,0
    5ca4:	b76d                	j	5c4e <_scanf_i+0x1b4>
    5ca6:	0016f593          	andi	a1,a3,1
    5caa:	00470613          	addi	a2,a4,4
    5cae:	cd95                	beqz	a1,5cea <_scanf_i+0x250>
    5cb0:	00c92023          	sw	a2,0(s2)
    5cb4:	4318                	lw	a4,0(a4)
    5cb6:	a30a                	sh	a0,0(a4)
    5cb8:	4458                	lw	a4,12(s0)
    5cba:	0705                	addi	a4,a4,1
    5cbc:	c458                	sw	a4,12(s0)
    5cbe:	481c                	lw	a5,16(s0)
    5cc0:	409d04b3          	sub	s1,s10,s1
    5cc4:	94d6                	add	s1,s1,s5
    5cc6:	94be                	add	s1,s1,a5
    5cc8:	c804                	sw	s1,16(s0)
    5cca:	4501                	li	a0,0
    5ccc:	40b6                	lw	ra,76(sp)
    5cce:	4426                	lw	s0,72(sp)
    5cd0:	4496                	lw	s1,68(sp)
    5cd2:	4906                	lw	s2,64(sp)
    5cd4:	59f2                	lw	s3,60(sp)
    5cd6:	5a62                	lw	s4,56(sp)
    5cd8:	5ad2                	lw	s5,52(sp)
    5cda:	5b42                	lw	s6,48(sp)
    5cdc:	5bb2                	lw	s7,44(sp)
    5cde:	5c22                	lw	s8,40(sp)
    5ce0:	5c92                	lw	s9,36(sp)
    5ce2:	5d02                	lw	s10,32(sp)
    5ce4:	4df2                	lw	s11,28(sp)
    5ce6:	6161                	addi	sp,sp,80
    5ce8:	8082                	ret
    5cea:	00c92023          	sw	a2,0(s2)
    5cee:	b77d                	j	5c9c <_scanf_i+0x202>

00005cf0 <__sccl>:
    5cf0:	219c                	lbu	a5,0(a1)
    5cf2:	05e00713          	li	a4,94
    5cf6:	04e78663          	beq	a5,a4,5d42 <__sccl+0x52>
    5cfa:	00158713          	addi	a4,a1,1
    5cfe:	4681                	li	a3,0
    5d00:	4601                	li	a2,0
    5d02:	10000593          	li	a1,256
    5d06:	00c50833          	add	a6,a0,a2
    5d0a:	00d80023          	sb	a3,0(a6) # 10000 <_data_lma+0x93f8>
    5d0e:	0605                	addi	a2,a2,1
    5d10:	feb61be3          	bne	a2,a1,5d06 <__sccl+0x16>
    5d14:	fff70613          	addi	a2,a4,-1
    5d18:	c39d                	beqz	a5,5d3e <__sccl+0x4e>
    5d1a:	0016c693          	xori	a3,a3,1
    5d1e:	02d00893          	li	a7,45
    5d22:	05d00813          	li	a6,93
    5d26:	00f50633          	add	a2,a0,a5
    5d2a:	a214                	sb	a3,0(a2)
    5d2c:	230c                	lbu	a1,0(a4)
    5d2e:	00170613          	addi	a2,a4,1
    5d32:	03158363          	beq	a1,a7,5d58 <__sccl+0x68>
    5d36:	01058463          	beq	a1,a6,5d3e <__sccl+0x4e>
    5d3a:	e989                	bnez	a1,5d4c <__sccl+0x5c>
    5d3c:	863a                	mv	a2,a4
    5d3e:	8532                	mv	a0,a2
    5d40:	8082                	ret
    5d42:	00258713          	addi	a4,a1,2
    5d46:	319c                	lbu	a5,1(a1)
    5d48:	4685                	li	a3,1
    5d4a:	bf5d                	j	5d00 <__sccl+0x10>
    5d4c:	87ae                	mv	a5,a1
    5d4e:	8732                	mv	a4,a2
    5d50:	bfd9                	j	5d26 <__sccl+0x36>
    5d52:	02d00793          	li	a5,45
    5d56:	bfe5                	j	5d4e <__sccl+0x5e>
    5d58:	330c                	lbu	a1,1(a4)
    5d5a:	ff058ce3          	beq	a1,a6,5d52 <__sccl+0x62>
    5d5e:	fef5cae3          	blt	a1,a5,5d52 <__sccl+0x62>
    5d62:	0709                	addi	a4,a4,2
    5d64:	0785                	addi	a5,a5,1
    5d66:	00f50633          	add	a2,a0,a5
    5d6a:	a214                	sb	a3,0(a2)
    5d6c:	feb7cce3          	blt	a5,a1,5d64 <__sccl+0x74>
    5d70:	bf75                	j	5d2c <__sccl+0x3c>

00005d72 <_strtol_l.isra.0>:
    5d72:	7179                	addi	sp,sp,-48
    5d74:	d04a                	sw	s2,32(sp)
    5d76:	ce4e                	sw	s3,28(sp)
    5d78:	d606                	sw	ra,44(sp)
    5d7a:	d422                	sw	s0,40(sp)
    5d7c:	d226                	sw	s1,36(sp)
    5d7e:	89aa                	mv	s3,a0
    5d80:	892e                	mv	s2,a1
    5d82:	00190493          	addi	s1,s2,1
    5d86:	fff4c403          	lbu	s0,-1(s1)
    5d8a:	853a                	mv	a0,a4
    5d8c:	c636                	sw	a3,12(sp)
    5d8e:	c432                	sw	a2,8(sp)
    5d90:	c22e                	sw	a1,4(sp)
    5d92:	c03a                	sw	a4,0(sp)
    5d94:	2cc5                	jal	6084 <__locale_ctype_ptr_l>
    5d96:	9522                	add	a0,a0,s0
    5d98:	311c                	lbu	a5,1(a0)
    5d9a:	4702                	lw	a4,0(sp)
    5d9c:	4592                	lw	a1,4(sp)
    5d9e:	8ba1                	andi	a5,a5,8
    5da0:	4622                	lw	a2,8(sp)
    5da2:	46b2                	lw	a3,12(sp)
    5da4:	e3d1                	bnez	a5,5e28 <_strtol_l.isra.0+0xb6>
    5da6:	02d00793          	li	a5,45
    5daa:	08f41163          	bne	s0,a5,5e2c <_strtol_l.isra.0+0xba>
    5dae:	209c                	lbu	a5,0(s1)
    5db0:	4305                	li	t1,1
    5db2:	00290493          	addi	s1,s2,2
    5db6:	c6e5                	beqz	a3,5e9e <_strtol_l.isra.0+0x12c>
    5db8:	4741                	li	a4,16
    5dba:	02e69063          	bne	a3,a4,5dda <_strtol_l.isra.0+0x68>
    5dbe:	03000713          	li	a4,48
    5dc2:	00e79c63          	bne	a5,a4,5dda <_strtol_l.isra.0+0x68>
    5dc6:	209c                	lbu	a5,0(s1)
    5dc8:	05800713          	li	a4,88
    5dcc:	0df7f793          	andi	a5,a5,223
    5dd0:	0ce79263          	bne	a5,a4,5e94 <_strtol_l.isra.0+0x122>
    5dd4:	309c                	lbu	a5,1(s1)
    5dd6:	46c1                	li	a3,16
    5dd8:	0489                	addi	s1,s1,2
    5dda:	800008b7          	lui	a7,0x80000
    5dde:	00031463          	bnez	t1,5de6 <_strtol_l.isra.0+0x74>
    5de2:	fff8c893          	not	a7,a7
    5de6:	02d8ff33          	remu	t5,a7,a3
    5dea:	4801                	li	a6,0
    5dec:	4501                	li	a0,0
    5dee:	4fa5                	li	t6,9
    5df0:	4ee5                	li	t4,25
    5df2:	52fd                	li	t0,-1
    5df4:	02d8de33          	divu	t3,a7,a3
    5df8:	fd078713          	addi	a4,a5,-48
    5dfc:	04efe363          	bltu	t6,a4,5e42 <_strtol_l.isra.0+0xd0>
    5e00:	87ba                	mv	a5,a4
    5e02:	04d7de63          	bge	a5,a3,5e5e <_strtol_l.isra.0+0xec>
    5e06:	00580d63          	beq	a6,t0,5e20 <_strtol_l.isra.0+0xae>
    5e0a:	587d                	li	a6,-1
    5e0c:	00ae6a63          	bltu	t3,a0,5e20 <_strtol_l.isra.0+0xae>
    5e10:	00ae1463          	bne	t3,a0,5e18 <_strtol_l.isra.0+0xa6>
    5e14:	00ff4663          	blt	t5,a5,5e20 <_strtol_l.isra.0+0xae>
    5e18:	4805                	li	a6,1
    5e1a:	02a68533          	mul	a0,a3,a0
    5e1e:	953e                	add	a0,a0,a5
    5e20:	0485                	addi	s1,s1,1
    5e22:	fff4c783          	lbu	a5,-1(s1)
    5e26:	bfc9                	j	5df8 <_strtol_l.isra.0+0x86>
    5e28:	8926                	mv	s2,s1
    5e2a:	bfa1                	j	5d82 <_strtol_l.isra.0+0x10>
    5e2c:	02b00793          	li	a5,43
    5e30:	00f40563          	beq	s0,a5,5e3a <_strtol_l.isra.0+0xc8>
    5e34:	87a2                	mv	a5,s0
    5e36:	4301                	li	t1,0
    5e38:	bfbd                	j	5db6 <_strtol_l.isra.0+0x44>
    5e3a:	209c                	lbu	a5,0(s1)
    5e3c:	00290493          	addi	s1,s2,2
    5e40:	bfdd                	j	5e36 <_strtol_l.isra.0+0xc4>
    5e42:	fbf78713          	addi	a4,a5,-65
    5e46:	00eee563          	bltu	t4,a4,5e50 <_strtol_l.isra.0+0xde>
    5e4a:	fc978793          	addi	a5,a5,-55
    5e4e:	bf55                	j	5e02 <_strtol_l.isra.0+0x90>
    5e50:	f9f78713          	addi	a4,a5,-97
    5e54:	00eee563          	bltu	t4,a4,5e5e <_strtol_l.isra.0+0xec>
    5e58:	fa978793          	addi	a5,a5,-87
    5e5c:	b75d                	j	5e02 <_strtol_l.isra.0+0x90>
    5e5e:	57fd                	li	a5,-1
    5e60:	00f81f63          	bne	a6,a5,5e7e <_strtol_l.isra.0+0x10c>
    5e64:	02200793          	li	a5,34
    5e68:	00f9a023          	sw	a5,0(s3)
    5e6c:	8546                	mv	a0,a7
    5e6e:	ee19                	bnez	a2,5e8c <_strtol_l.isra.0+0x11a>
    5e70:	50b2                	lw	ra,44(sp)
    5e72:	5422                	lw	s0,40(sp)
    5e74:	5492                	lw	s1,36(sp)
    5e76:	5902                	lw	s2,32(sp)
    5e78:	49f2                	lw	s3,28(sp)
    5e7a:	6145                	addi	sp,sp,48
    5e7c:	8082                	ret
    5e7e:	00030463          	beqz	t1,5e86 <_strtol_l.isra.0+0x114>
    5e82:	40a00533          	neg	a0,a0
    5e86:	d66d                	beqz	a2,5e70 <_strtol_l.isra.0+0xfe>
    5e88:	00080463          	beqz	a6,5e90 <_strtol_l.isra.0+0x11e>
    5e8c:	fff48593          	addi	a1,s1,-1
    5e90:	c20c                	sw	a1,0(a2)
    5e92:	bff9                	j	5e70 <_strtol_l.isra.0+0xfe>
    5e94:	03000793          	li	a5,48
    5e98:	f2a9                	bnez	a3,5dda <_strtol_l.isra.0+0x68>
    5e9a:	46a1                	li	a3,8
    5e9c:	bf3d                	j	5dda <_strtol_l.isra.0+0x68>
    5e9e:	03000713          	li	a4,48
    5ea2:	f2e782e3          	beq	a5,a4,5dc6 <_strtol_l.isra.0+0x54>
    5ea6:	46a9                	li	a3,10
    5ea8:	bf0d                	j	5dda <_strtol_l.isra.0+0x68>

00005eaa <_strtol_r>:
    5eaa:	82418793          	addi	a5,gp,-2012 # 2000022c <_impure_ptr>
    5eae:	439c                	lw	a5,0(a5)
    5eb0:	5398                	lw	a4,32(a5)
    5eb2:	e709                	bnez	a4,5ebc <_strtol_r+0x12>
    5eb4:	1fffa717          	auipc	a4,0x1fffa
    5eb8:	1e470713          	addi	a4,a4,484 # 20000098 <__global_locale>
    5ebc:	eb7ff06f          	j	5d72 <_strtol_l.isra.0>

00005ec0 <_strtoul_l.isra.0>:
    5ec0:	7179                	addi	sp,sp,-48
    5ec2:	d04a                	sw	s2,32(sp)
    5ec4:	ce4e                	sw	s3,28(sp)
    5ec6:	d606                	sw	ra,44(sp)
    5ec8:	d422                	sw	s0,40(sp)
    5eca:	d226                	sw	s1,36(sp)
    5ecc:	89aa                	mv	s3,a0
    5ece:	892e                	mv	s2,a1
    5ed0:	00190493          	addi	s1,s2,1
    5ed4:	fff4c403          	lbu	s0,-1(s1)
    5ed8:	853a                	mv	a0,a4
    5eda:	c636                	sw	a3,12(sp)
    5edc:	c432                	sw	a2,8(sp)
    5ede:	c22e                	sw	a1,4(sp)
    5ee0:	c03a                	sw	a4,0(sp)
    5ee2:	224d                	jal	6084 <__locale_ctype_ptr_l>
    5ee4:	9522                	add	a0,a0,s0
    5ee6:	311c                	lbu	a5,1(a0)
    5ee8:	4702                	lw	a4,0(sp)
    5eea:	4592                	lw	a1,4(sp)
    5eec:	8ba1                	andi	a5,a5,8
    5eee:	4622                	lw	a2,8(sp)
    5ef0:	46b2                	lw	a3,12(sp)
    5ef2:	efa5                	bnez	a5,5f6a <_strtoul_l.isra.0+0xaa>
    5ef4:	02d00793          	li	a5,45
    5ef8:	06f41b63          	bne	s0,a5,5f6e <_strtoul_l.isra.0+0xae>
    5efc:	209c                	lbu	a5,0(s1)
    5efe:	4305                	li	t1,1
    5f00:	00290493          	addi	s1,s2,2
    5f04:	cef9                	beqz	a3,5fe2 <_strtoul_l.isra.0+0x122>
    5f06:	4741                	li	a4,16
    5f08:	02e69063          	bne	a3,a4,5f28 <_strtoul_l.isra.0+0x68>
    5f0c:	03000713          	li	a4,48
    5f10:	00e79c63          	bne	a5,a4,5f28 <_strtoul_l.isra.0+0x68>
    5f14:	209c                	lbu	a5,0(s1)
    5f16:	05800713          	li	a4,88
    5f1a:	0df7f793          	andi	a5,a5,223
    5f1e:	0ae79d63          	bne	a5,a4,5fd8 <_strtoul_l.isra.0+0x118>
    5f22:	309c                	lbu	a5,1(s1)
    5f24:	46c1                	li	a3,16
    5f26:	0489                	addi	s1,s1,2
    5f28:	577d                	li	a4,-1
    5f2a:	02d75e33          	divu	t3,a4,a3
    5f2e:	4801                	li	a6,0
    5f30:	4501                	li	a0,0
    5f32:	4f25                	li	t5,9
    5f34:	4ee5                	li	t4,25
    5f36:	02d778b3          	remu	a7,a4,a3
    5f3a:	fd078713          	addi	a4,a5,-48
    5f3e:	04ef6363          	bltu	t5,a4,5f84 <_strtoul_l.isra.0+0xc4>
    5f42:	87ba                	mv	a5,a4
    5f44:	06d7d063          	bge	a5,a3,5fa4 <_strtoul_l.isra.0+0xe4>
    5f48:	04084c63          	bltz	a6,5fa0 <_strtoul_l.isra.0+0xe0>
    5f4c:	587d                	li	a6,-1
    5f4e:	00ae6a63          	bltu	t3,a0,5f62 <_strtoul_l.isra.0+0xa2>
    5f52:	00ae1463          	bne	t3,a0,5f5a <_strtoul_l.isra.0+0x9a>
    5f56:	00f8c663          	blt	a7,a5,5f62 <_strtoul_l.isra.0+0xa2>
    5f5a:	4805                	li	a6,1
    5f5c:	02a68533          	mul	a0,a3,a0
    5f60:	953e                	add	a0,a0,a5
    5f62:	0485                	addi	s1,s1,1
    5f64:	fff4c783          	lbu	a5,-1(s1)
    5f68:	bfc9                	j	5f3a <_strtoul_l.isra.0+0x7a>
    5f6a:	8926                	mv	s2,s1
    5f6c:	b795                	j	5ed0 <_strtoul_l.isra.0+0x10>
    5f6e:	02b00793          	li	a5,43
    5f72:	00f40563          	beq	s0,a5,5f7c <_strtoul_l.isra.0+0xbc>
    5f76:	87a2                	mv	a5,s0
    5f78:	4301                	li	t1,0
    5f7a:	b769                	j	5f04 <_strtoul_l.isra.0+0x44>
    5f7c:	209c                	lbu	a5,0(s1)
    5f7e:	00290493          	addi	s1,s2,2
    5f82:	bfdd                	j	5f78 <_strtoul_l.isra.0+0xb8>
    5f84:	fbf78713          	addi	a4,a5,-65
    5f88:	00eee563          	bltu	t4,a4,5f92 <_strtoul_l.isra.0+0xd2>
    5f8c:	fc978793          	addi	a5,a5,-55
    5f90:	bf55                	j	5f44 <_strtoul_l.isra.0+0x84>
    5f92:	f9f78713          	addi	a4,a5,-97
    5f96:	00eee763          	bltu	t4,a4,5fa4 <_strtoul_l.isra.0+0xe4>
    5f9a:	fa978793          	addi	a5,a5,-87
    5f9e:	b75d                	j	5f44 <_strtoul_l.isra.0+0x84>
    5fa0:	587d                	li	a6,-1
    5fa2:	b7c1                	j	5f62 <_strtoul_l.isra.0+0xa2>
    5fa4:	00085f63          	bgez	a6,5fc2 <_strtoul_l.isra.0+0x102>
    5fa8:	02200793          	li	a5,34
    5fac:	00f9a023          	sw	a5,0(s3)
    5fb0:	557d                	li	a0,-1
    5fb2:	ee19                	bnez	a2,5fd0 <_strtoul_l.isra.0+0x110>
    5fb4:	50b2                	lw	ra,44(sp)
    5fb6:	5422                	lw	s0,40(sp)
    5fb8:	5492                	lw	s1,36(sp)
    5fba:	5902                	lw	s2,32(sp)
    5fbc:	49f2                	lw	s3,28(sp)
    5fbe:	6145                	addi	sp,sp,48
    5fc0:	8082                	ret
    5fc2:	00030463          	beqz	t1,5fca <_strtoul_l.isra.0+0x10a>
    5fc6:	40a00533          	neg	a0,a0
    5fca:	d66d                	beqz	a2,5fb4 <_strtoul_l.isra.0+0xf4>
    5fcc:	00080463          	beqz	a6,5fd4 <_strtoul_l.isra.0+0x114>
    5fd0:	fff48593          	addi	a1,s1,-1
    5fd4:	c20c                	sw	a1,0(a2)
    5fd6:	bff9                	j	5fb4 <_strtoul_l.isra.0+0xf4>
    5fd8:	03000793          	li	a5,48
    5fdc:	f6b1                	bnez	a3,5f28 <_strtoul_l.isra.0+0x68>
    5fde:	46a1                	li	a3,8
    5fe0:	b7a1                	j	5f28 <_strtoul_l.isra.0+0x68>
    5fe2:	03000713          	li	a4,48
    5fe6:	f2e787e3          	beq	a5,a4,5f14 <_strtoul_l.isra.0+0x54>
    5fea:	46a9                	li	a3,10
    5fec:	bf35                	j	5f28 <_strtoul_l.isra.0+0x68>

00005fee <_strtoul_r>:
    5fee:	82418793          	addi	a5,gp,-2012 # 2000022c <_impure_ptr>
    5ff2:	439c                	lw	a5,0(a5)
    5ff4:	5398                	lw	a4,32(a5)
    5ff6:	e709                	bnez	a4,6000 <_strtoul_r+0x12>
    5ff8:	1fffa717          	auipc	a4,0x1fffa
    5ffc:	0a070713          	addi	a4,a4,160 # 20000098 <__global_locale>
    6000:	ec1ff06f          	j	5ec0 <_strtoul_l.isra.0>

00006004 <__submore>:
    6004:	1101                	addi	sp,sp,-32
    6006:	cc22                	sw	s0,24(sp)
    6008:	842e                	mv	s0,a1
    600a:	59cc                	lw	a1,52(a1)
    600c:	ce06                	sw	ra,28(sp)
    600e:	ca26                	sw	s1,20(sp)
    6010:	c84a                	sw	s2,16(sp)
    6012:	c64e                	sw	s3,12(sp)
    6014:	c452                	sw	s4,8(sp)
    6016:	04440793          	addi	a5,s0,68
    601a:	04f59163          	bne	a1,a5,605c <__submore+0x58>
    601e:	40000593          	li	a1,1024
    6022:	2405                	jal	6242 <_malloc_r>
    6024:	e911                	bnez	a0,6038 <__submore+0x34>
    6026:	557d                	li	a0,-1
    6028:	40f2                	lw	ra,28(sp)
    602a:	4462                	lw	s0,24(sp)
    602c:	44d2                	lw	s1,20(sp)
    602e:	4942                	lw	s2,16(sp)
    6030:	49b2                	lw	s3,12(sp)
    6032:	4a22                	lw	s4,8(sp)
    6034:	6105                	addi	sp,sp,32
    6036:	8082                	ret
    6038:	40000793          	li	a5,1024
    603c:	dc1c                	sw	a5,56(s0)
    603e:	04644783          	lbu	a5,70(s0)
    6042:	d848                	sw	a0,52(s0)
    6044:	3fd50513          	addi	a0,a0,1021
    6048:	a13c                	sb	a5,2(a0)
    604a:	04544783          	lbu	a5,69(s0)
    604e:	b11c                	sb	a5,1(a0)
    6050:	04444783          	lbu	a5,68(s0)
    6054:	a11c                	sb	a5,0(a0)
    6056:	c008                	sw	a0,0(s0)
    6058:	4501                	li	a0,0
    605a:	b7f9                	j	6028 <__submore+0x24>
    605c:	03842903          	lw	s2,56(s0)
    6060:	00191993          	slli	s3,s2,0x1
    6064:	864e                	mv	a2,s3
    6066:	246d                	jal	6310 <_realloc_r>
    6068:	84aa                	mv	s1,a0
    606a:	dd55                	beqz	a0,6026 <__submore+0x22>
    606c:	01250a33          	add	s4,a0,s2
    6070:	85aa                	mv	a1,a0
    6072:	864a                	mv	a2,s2
    6074:	8552                	mv	a0,s4
    6076:	289d                	jal	60ec <memcpy>
    6078:	01442023          	sw	s4,0(s0)
    607c:	d844                	sw	s1,52(s0)
    607e:	03342c23          	sw	s3,56(s0)
    6082:	bfd9                	j	6058 <__submore+0x54>

00006084 <__locale_ctype_ptr_l>:
    6084:	0ec52503          	lw	a0,236(a0)
    6088:	8082                	ret

0000608a <__locale_ctype_ptr>:
    608a:	82418793          	addi	a5,gp,-2012 # 2000022c <_impure_ptr>
    608e:	439c                	lw	a5,0(a5)
    6090:	539c                	lw	a5,32(a5)
    6092:	e789                	bnez	a5,609c <__locale_ctype_ptr+0x12>
    6094:	1fffa797          	auipc	a5,0x1fffa
    6098:	00478793          	addi	a5,a5,4 # 20000098 <__global_locale>
    609c:	0ec7a503          	lw	a0,236(a5)
    60a0:	8082                	ret

000060a2 <__ascii_mbtowc>:
    60a2:	ed91                	bnez	a1,60be <__ascii_mbtowc+0x1c>
    60a4:	1141                	addi	sp,sp,-16
    60a6:	006c                	addi	a1,sp,12
    60a8:	4501                	li	a0,0
    60aa:	ca01                	beqz	a2,60ba <__ascii_mbtowc+0x18>
    60ac:	5579                	li	a0,-2
    60ae:	c691                	beqz	a3,60ba <__ascii_mbtowc+0x18>
    60b0:	221c                	lbu	a5,0(a2)
    60b2:	c19c                	sw	a5,0(a1)
    60b4:	2208                	lbu	a0,0(a2)
    60b6:	00a03533          	snez	a0,a0
    60ba:	0141                	addi	sp,sp,16
    60bc:	8082                	ret
    60be:	4501                	li	a0,0
    60c0:	ca09                	beqz	a2,60d2 <__ascii_mbtowc+0x30>
    60c2:	5579                	li	a0,-2
    60c4:	c699                	beqz	a3,60d2 <__ascii_mbtowc+0x30>
    60c6:	221c                	lbu	a5,0(a2)
    60c8:	c19c                	sw	a5,0(a1)
    60ca:	2208                	lbu	a0,0(a2)
    60cc:	00a03533          	snez	a0,a0
    60d0:	8082                	ret
    60d2:	8082                	ret

000060d4 <memchr>:
    60d4:	0ff5f593          	andi	a1,a1,255
    60d8:	962a                	add	a2,a2,a0
    60da:	00c51463          	bne	a0,a2,60e2 <memchr+0xe>
    60de:	4501                	li	a0,0
    60e0:	8082                	ret
    60e2:	211c                	lbu	a5,0(a0)
    60e4:	feb78ee3          	beq	a5,a1,60e0 <memchr+0xc>
    60e8:	0505                	addi	a0,a0,1
    60ea:	bfc5                	j	60da <memchr+0x6>

000060ec <memcpy>:
    60ec:	00a5c7b3          	xor	a5,a1,a0
    60f0:	8b8d                	andi	a5,a5,3
    60f2:	00c50733          	add	a4,a0,a2
    60f6:	e781                	bnez	a5,60fe <memcpy+0x12>
    60f8:	478d                	li	a5,3
    60fa:	00c7ed63          	bltu	a5,a2,6114 <memcpy+0x28>
    60fe:	87aa                	mv	a5,a0
    6100:	08e57e63          	bgeu	a0,a4,619c <memcpy+0xb0>
    6104:	2194                	lbu	a3,0(a1)
    6106:	0785                	addi	a5,a5,1
    6108:	0585                	addi	a1,a1,1
    610a:	fed78fa3          	sb	a3,-1(a5)
    610e:	fee7ebe3          	bltu	a5,a4,6104 <memcpy+0x18>
    6112:	8082                	ret
    6114:	00357693          	andi	a3,a0,3
    6118:	87aa                	mv	a5,a0
    611a:	ca89                	beqz	a3,612c <memcpy+0x40>
    611c:	2194                	lbu	a3,0(a1)
    611e:	0785                	addi	a5,a5,1
    6120:	0585                	addi	a1,a1,1
    6122:	fed78fa3          	sb	a3,-1(a5)
    6126:	0037f693          	andi	a3,a5,3
    612a:	bfc5                	j	611a <memcpy+0x2e>
    612c:	ffc77693          	andi	a3,a4,-4
    6130:	fe068613          	addi	a2,a3,-32
    6134:	06c7f063          	bgeu	a5,a2,6194 <memcpy+0xa8>
    6138:	0005a383          	lw	t2,0(a1)
    613c:	0045a283          	lw	t0,4(a1)
    6140:	0085af83          	lw	t6,8(a1)
    6144:	00c5af03          	lw	t5,12(a1)
    6148:	0105ae83          	lw	t4,16(a1)
    614c:	0145ae03          	lw	t3,20(a1)
    6150:	0185a303          	lw	t1,24(a1)
    6154:	01c5a883          	lw	a7,28(a1)
    6158:	02458593          	addi	a1,a1,36
    615c:	0077a023          	sw	t2,0(a5)
    6160:	ffc5a803          	lw	a6,-4(a1)
    6164:	0057a223          	sw	t0,4(a5)
    6168:	01f7a423          	sw	t6,8(a5)
    616c:	01e7a623          	sw	t5,12(a5)
    6170:	01d7a823          	sw	t4,16(a5)
    6174:	01c7aa23          	sw	t3,20(a5)
    6178:	0067ac23          	sw	t1,24(a5)
    617c:	0117ae23          	sw	a7,28(a5)
    6180:	02478793          	addi	a5,a5,36
    6184:	ff07ae23          	sw	a6,-4(a5)
    6188:	b775                	j	6134 <memcpy+0x48>
    618a:	4190                	lw	a2,0(a1)
    618c:	0791                	addi	a5,a5,4
    618e:	0591                	addi	a1,a1,4
    6190:	fec7ae23          	sw	a2,-4(a5)
    6194:	fed7ebe3          	bltu	a5,a3,618a <memcpy+0x9e>
    6198:	f6e7e6e3          	bltu	a5,a4,6104 <memcpy+0x18>
    619c:	8082                	ret

0000619e <_free_r>:
    619e:	c1cd                	beqz	a1,6240 <_free_r+0xa2>
    61a0:	ffc5a783          	lw	a5,-4(a1)
    61a4:	1141                	addi	sp,sp,-16
    61a6:	c422                	sw	s0,8(sp)
    61a8:	c606                	sw	ra,12(sp)
    61aa:	c226                	sw	s1,4(sp)
    61ac:	ffc58413          	addi	s0,a1,-4
    61b0:	0007d363          	bgez	a5,61b6 <_free_r+0x18>
    61b4:	943e                	add	s0,s0,a5
    61b6:	84aa                	mv	s1,a0
    61b8:	2ae5                	jal	63b0 <__malloc_lock>
    61ba:	8ac18793          	addi	a5,gp,-1876 # 200002b4 <__malloc_free_list>
    61be:	439c                	lw	a5,0(a5)
    61c0:	eb99                	bnez	a5,61d6 <_free_r+0x38>
    61c2:	00042223          	sw	zero,4(s0)
    61c6:	8a81a623          	sw	s0,-1876(gp) # 200002b4 <__malloc_free_list>
    61ca:	4422                	lw	s0,8(sp)
    61cc:	40b2                	lw	ra,12(sp)
    61ce:	8526                	mv	a0,s1
    61d0:	4492                	lw	s1,4(sp)
    61d2:	0141                	addi	sp,sp,16
    61d4:	aaf9                	j	63b2 <__malloc_unlock>
    61d6:	00f47e63          	bgeu	s0,a5,61f2 <_free_r+0x54>
    61da:	4014                	lw	a3,0(s0)
    61dc:	00d40733          	add	a4,s0,a3
    61e0:	00e79663          	bne	a5,a4,61ec <_free_r+0x4e>
    61e4:	4398                	lw	a4,0(a5)
    61e6:	43dc                	lw	a5,4(a5)
    61e8:	9736                	add	a4,a4,a3
    61ea:	c018                	sw	a4,0(s0)
    61ec:	c05c                	sw	a5,4(s0)
    61ee:	bfe1                	j	61c6 <_free_r+0x28>
    61f0:	87ba                	mv	a5,a4
    61f2:	43d8                	lw	a4,4(a5)
    61f4:	c319                	beqz	a4,61fa <_free_r+0x5c>
    61f6:	fee47de3          	bgeu	s0,a4,61f0 <_free_r+0x52>
    61fa:	4394                	lw	a3,0(a5)
    61fc:	00d78633          	add	a2,a5,a3
    6200:	00861f63          	bne	a2,s0,621e <_free_r+0x80>
    6204:	4010                	lw	a2,0(s0)
    6206:	96b2                	add	a3,a3,a2
    6208:	c394                	sw	a3,0(a5)
    620a:	00d78633          	add	a2,a5,a3
    620e:	fac71ee3          	bne	a4,a2,61ca <_free_r+0x2c>
    6212:	4310                	lw	a2,0(a4)
    6214:	4358                	lw	a4,4(a4)
    6216:	96b2                	add	a3,a3,a2
    6218:	c394                	sw	a3,0(a5)
    621a:	c3d8                	sw	a4,4(a5)
    621c:	b77d                	j	61ca <_free_r+0x2c>
    621e:	00c47563          	bgeu	s0,a2,6228 <_free_r+0x8a>
    6222:	47b1                	li	a5,12
    6224:	c09c                	sw	a5,0(s1)
    6226:	b755                	j	61ca <_free_r+0x2c>
    6228:	4010                	lw	a2,0(s0)
    622a:	00c406b3          	add	a3,s0,a2
    622e:	00d71663          	bne	a4,a3,623a <_free_r+0x9c>
    6232:	4314                	lw	a3,0(a4)
    6234:	4358                	lw	a4,4(a4)
    6236:	96b2                	add	a3,a3,a2
    6238:	c014                	sw	a3,0(s0)
    623a:	c058                	sw	a4,4(s0)
    623c:	c3c0                	sw	s0,4(a5)
    623e:	b771                	j	61ca <_free_r+0x2c>
    6240:	8082                	ret

00006242 <_malloc_r>:
    6242:	1101                	addi	sp,sp,-32
    6244:	ca26                	sw	s1,20(sp)
    6246:	00358493          	addi	s1,a1,3
    624a:	98f1                	andi	s1,s1,-4
    624c:	ce06                	sw	ra,28(sp)
    624e:	cc22                	sw	s0,24(sp)
    6250:	c84a                	sw	s2,16(sp)
    6252:	c64e                	sw	s3,12(sp)
    6254:	04a1                	addi	s1,s1,8
    6256:	47b1                	li	a5,12
    6258:	04f4f163          	bgeu	s1,a5,629a <_malloc_r+0x58>
    625c:	44b1                	li	s1,12
    625e:	04b4e063          	bltu	s1,a1,629e <_malloc_r+0x5c>
    6262:	892a                	mv	s2,a0
    6264:	22b1                	jal	63b0 <__malloc_lock>
    6266:	8ac18793          	addi	a5,gp,-1876 # 200002b4 <__malloc_free_list>
    626a:	4398                	lw	a4,0(a5)
    626c:	843a                	mv	s0,a4
    626e:	e031                	bnez	s0,62b2 <_malloc_r+0x70>
    6270:	8b018793          	addi	a5,gp,-1872 # 200002b8 <__malloc_sbrk_start>
    6274:	439c                	lw	a5,0(a5)
    6276:	e791                	bnez	a5,6282 <_malloc_r+0x40>
    6278:	4581                	li	a1,0
    627a:	854a                	mv	a0,s2
    627c:	20f5                	jal	6368 <_sbrk_r>
    627e:	8aa1a823          	sw	a0,-1872(gp) # 200002b8 <__malloc_sbrk_start>
    6282:	85a6                	mv	a1,s1
    6284:	854a                	mv	a0,s2
    6286:	20cd                	jal	6368 <_sbrk_r>
    6288:	59fd                	li	s3,-1
    628a:	07351763          	bne	a0,s3,62f8 <_malloc_r+0xb6>
    628e:	47b1                	li	a5,12
    6290:	00f92023          	sw	a5,0(s2)
    6294:	854a                	mv	a0,s2
    6296:	2a31                	jal	63b2 <__malloc_unlock>
    6298:	a029                	j	62a2 <_malloc_r+0x60>
    629a:	fc04d2e3          	bgez	s1,625e <_malloc_r+0x1c>
    629e:	47b1                	li	a5,12
    62a0:	c11c                	sw	a5,0(a0)
    62a2:	4501                	li	a0,0
    62a4:	40f2                	lw	ra,28(sp)
    62a6:	4462                	lw	s0,24(sp)
    62a8:	44d2                	lw	s1,20(sp)
    62aa:	4942                	lw	s2,16(sp)
    62ac:	49b2                	lw	s3,12(sp)
    62ae:	6105                	addi	sp,sp,32
    62b0:	8082                	ret
    62b2:	401c                	lw	a5,0(s0)
    62b4:	8f85                	sub	a5,a5,s1
    62b6:	0207ce63          	bltz	a5,62f2 <_malloc_r+0xb0>
    62ba:	46ad                	li	a3,11
    62bc:	00f6f663          	bgeu	a3,a5,62c8 <_malloc_r+0x86>
    62c0:	c01c                	sw	a5,0(s0)
    62c2:	943e                	add	s0,s0,a5
    62c4:	c004                	sw	s1,0(s0)
    62c6:	a031                	j	62d2 <_malloc_r+0x90>
    62c8:	405c                	lw	a5,4(s0)
    62ca:	02871263          	bne	a4,s0,62ee <_malloc_r+0xac>
    62ce:	8af1a623          	sw	a5,-1876(gp) # 200002b4 <__malloc_free_list>
    62d2:	854a                	mv	a0,s2
    62d4:	28f9                	jal	63b2 <__malloc_unlock>
    62d6:	00b40513          	addi	a0,s0,11
    62da:	00440793          	addi	a5,s0,4
    62de:	9961                	andi	a0,a0,-8
    62e0:	40f50733          	sub	a4,a0,a5
    62e4:	d361                	beqz	a4,62a4 <_malloc_r+0x62>
    62e6:	943a                	add	s0,s0,a4
    62e8:	8f89                	sub	a5,a5,a0
    62ea:	c01c                	sw	a5,0(s0)
    62ec:	bf65                	j	62a4 <_malloc_r+0x62>
    62ee:	c35c                	sw	a5,4(a4)
    62f0:	b7cd                	j	62d2 <_malloc_r+0x90>
    62f2:	8722                	mv	a4,s0
    62f4:	4040                	lw	s0,4(s0)
    62f6:	bfa5                	j	626e <_malloc_r+0x2c>
    62f8:	00350413          	addi	s0,a0,3
    62fc:	9871                	andi	s0,s0,-4
    62fe:	fc8503e3          	beq	a0,s0,62c4 <_malloc_r+0x82>
    6302:	40a405b3          	sub	a1,s0,a0
    6306:	854a                	mv	a0,s2
    6308:	2085                	jal	6368 <_sbrk_r>
    630a:	fb351de3          	bne	a0,s3,62c4 <_malloc_r+0x82>
    630e:	b741                	j	628e <_malloc_r+0x4c>

00006310 <_realloc_r>:
    6310:	e581                	bnez	a1,6318 <_realloc_r+0x8>
    6312:	85b2                	mv	a1,a2
    6314:	f2fff06f          	j	6242 <_malloc_r>
    6318:	1101                	addi	sp,sp,-32
    631a:	cc22                	sw	s0,24(sp)
    631c:	ce06                	sw	ra,28(sp)
    631e:	ca26                	sw	s1,20(sp)
    6320:	c84a                	sw	s2,16(sp)
    6322:	c64e                	sw	s3,12(sp)
    6324:	8432                	mv	s0,a2
    6326:	ee01                	bnez	a2,633e <_realloc_r+0x2e>
    6328:	e77ff0ef          	jal	ra,619e <_free_r>
    632c:	4901                	li	s2,0
    632e:	40f2                	lw	ra,28(sp)
    6330:	4462                	lw	s0,24(sp)
    6332:	854a                	mv	a0,s2
    6334:	44d2                	lw	s1,20(sp)
    6336:	4942                	lw	s2,16(sp)
    6338:	49b2                	lw	s3,12(sp)
    633a:	6105                	addi	sp,sp,32
    633c:	8082                	ret
    633e:	84ae                	mv	s1,a1
    6340:	89aa                	mv	s3,a0
    6342:	288d                	jal	63b4 <_malloc_usable_size_r>
    6344:	8926                	mv	s2,s1
    6346:	fe8574e3          	bgeu	a0,s0,632e <_realloc_r+0x1e>
    634a:	85a2                	mv	a1,s0
    634c:	854e                	mv	a0,s3
    634e:	ef5ff0ef          	jal	ra,6242 <_malloc_r>
    6352:	892a                	mv	s2,a0
    6354:	dd69                	beqz	a0,632e <_realloc_r+0x1e>
    6356:	85a6                	mv	a1,s1
    6358:	8622                	mv	a2,s0
    635a:	d93ff0ef          	jal	ra,60ec <memcpy>
    635e:	85a6                	mv	a1,s1
    6360:	854e                	mv	a0,s3
    6362:	e3dff0ef          	jal	ra,619e <_free_r>
    6366:	b7e1                	j	632e <_realloc_r+0x1e>

00006368 <_sbrk_r>:
    6368:	1141                	addi	sp,sp,-16
    636a:	c422                	sw	s0,8(sp)
    636c:	842a                	mv	s0,a0
    636e:	852e                	mv	a0,a1
    6370:	d001aa23          	sw	zero,-748(gp) # 2000071c <errno>
    6374:	c606                	sw	ra,12(sp)
    6376:	9fcfc0ef          	jal	ra,2572 <_sbrk>
    637a:	57fd                	li	a5,-1
    637c:	00f51763          	bne	a0,a5,638a <_sbrk_r+0x22>
    6380:	d1418793          	addi	a5,gp,-748 # 2000071c <errno>
    6384:	439c                	lw	a5,0(a5)
    6386:	c391                	beqz	a5,638a <_sbrk_r+0x22>
    6388:	c01c                	sw	a5,0(s0)
    638a:	40b2                	lw	ra,12(sp)
    638c:	4422                	lw	s0,8(sp)
    638e:	0141                	addi	sp,sp,16
    6390:	8082                	ret

00006392 <__ascii_wctomb>:
    6392:	cd89                	beqz	a1,63ac <__ascii_wctomb+0x1a>
    6394:	0ff00793          	li	a5,255
    6398:	00c7f763          	bgeu	a5,a2,63a6 <__ascii_wctomb+0x14>
    639c:	08a00793          	li	a5,138
    63a0:	c11c                	sw	a5,0(a0)
    63a2:	557d                	li	a0,-1
    63a4:	8082                	ret
    63a6:	a190                	sb	a2,0(a1)
    63a8:	4505                	li	a0,1
    63aa:	8082                	ret
    63ac:	4501                	li	a0,0
    63ae:	8082                	ret

000063b0 <__malloc_lock>:
    63b0:	8082                	ret

000063b2 <__malloc_unlock>:
    63b2:	8082                	ret

000063b4 <_malloc_usable_size_r>:
    63b4:	ffc5a783          	lw	a5,-4(a1)
    63b8:	ffc78513          	addi	a0,a5,-4
    63bc:	0007d563          	bgez	a5,63c6 <_malloc_usable_size_r+0x12>
    63c0:	95aa                	add	a1,a1,a0
    63c2:	419c                	lw	a5,0(a1)
    63c4:	953e                	add	a0,a0,a5
    63c6:	8082                	ret

000063c8 <days_in_month.5675>:
    63c8:	001f 0000 001c 0000 001f 0000 001e 0000     ................
    63d8:	001f 0000 001e 0000 001f 0000 001f 0000     ................
    63e8:	001e 0000 001f 0000 001e 0000 001f 0000     ................
    63f8:	3974 742e 7478 223d 3025 6434 252d 3230     t9.txt="%04d-%02
    6408:	2d64 3025 6432 2020 3025 6432 253a 3230     d-%02d  %02d:%02
    6418:	3a64 3025 6432 0022 4c40 4145 3a4b 6425     d:%02d".@LEAK:%d
    6428:	0a0d 0000 5340 5245 4556 253a 0d73 000a     ....@SERVE:%s...
    6438:	6553 646e 7420 206f 5345 3350 3a32 2520     Send to ESP32: %
    6448:	0073 0000 0000 42c8 4000 461c 0000 4120     s......B.@.F.. A
    6458:	5740 3a51 6425 252c 2c64 2e25 6632 252c     @WQ:%d,%d,%.2f,%
    6468:	342e 2c66 2e25 6631 252c 2c64 2e25 6632     .4f,%.1f,%d,%.2f
    6478:	252c 322e 2c66 2e25 6632 0a0d 0000 0000     ,%.2f,%.2f......
    6488:	5740 4649 3a49 7325 252c 0d73 000a 0000     @WIFI:%s,%s.....
    6498:	bfef efbd bdbf bfef cdbd efb5 bdbf 5345     ..............ES
    64a8:	3350 3a32 2520 0073 5640 4c41 4556 003a     P32: %s.@VALVE:.
    64b8:	3140 0a0d 0000 0000 6977 6966 bfef efbd     @1......wifi....
    64c8:	bdbf bfef efbd bdbf a7ca bfef efbd bdbf     ................
    64d8:	0000 0000 6176 2e30 6176 3d6c 0032 0000     ....va0.val=2...
    64e8:	3240 0a0d 0000 0000 6176 2e30 6176 3d6c     @2......va0.val=
    64f8:	0031 0000 6977 6966 bfef efbd bdbf bfef     1...wifi........
    6508:	d3bd c9b3 efb9 bdbf 0000 0000 6425 252d     ............%d-%
    6518:	2d64 6425 2526 3a64 6425 253a 0064 0000     d-%d&%d:%d:%d...
    6528:	b1ca bfef efbd bdbf bfef d6bd efb7 bdbf     ................
    6538:	bfef efbd bdbf bfef efbd bdbf bdca bfef     ................
    6548:	efbd bdbf bfef efbd bdbf a7ca bfef efbd     ................
    6558:	bdbf 0000 3174 2e30 7874 3d74 3022 2f4c     ....t10.txt="0L/
    6568:	696d 226e 0000 0000 cccd 3d4c d70a 3c23     min"......L=..#<
    6578:	bfef efbd bdbf bcca bfef efbd bdbf bfef     ................
    6588:	efbd bdbf 5353 4449 000d 0000 5353 4449     ....SSID....SSID
    6598:	bfef efbd bdbf bfef efbd bdbf bfef efbd     ................
    65a8:	bdbf bfef 3abd 2520 0d73 000a bfef efbd     .....: %s.......
    65b8:	bdbf bcca bfef efbd bdbf bfef efbd bdbf     ................
    65c8:	bfef efbd bdbf bfef efbd bdbf 000d 0000     ................
    65d8:	6957 6946 5320 4953 3a44 2520 0d73 000a     WiFi SSID: %s...
    65e8:	6957 6946 5020 4457 203a 7325 0a0d 0000     WiFi PWD: %s....
    65f8:	bfef efbd bdbf bcca bfef efbd bdbf bfef     ................
    6608:	d5bd efb7 bdbf bfef efbd bdbf bfef 0dbd     ................
    6618:	0000 0000 6573 7672 3a65 2520 0d73 000a     ....serve: %s...
    6628:	3674 742e 7478 223d 2e25 6632 0022 0000     t6.txt="%.2f"...
    6638:	3774 742e 7478 223d 6425 252d 2264 0000     t7.txt="%d-%d"..
    6648:	3774 742e 7478 223d 2d30 3432 0022 0000     t7.txt="0-24"...
    6658:	3874 742e 7478 223d 2e25 6632 2f4c 696d     t8.txt="%.2fL/mi
    6668:	226e 0000 3474 742e 7478 223d b5e6 e88b     n"..t4.txt="....
    6678:	95af bce6 e68f b4b0 2221 0000 3474 742e     ........!"..t4.t
    6688:	7478 223d aee5 e589 a885 0022 bfef efbd     xt="......".....
    6698:	bdbf bfef efbd bdbf 5353 4449 bfef efbd     ........SSID....
    66a8:	bdbf bfef efbd bdbf 203a 7325 2820 bfef     ........: %s (..
    66b8:	efbd bdbf bfef efbd bdbf 253a 2964 0a0d     ..........:%d)..
    66c8:	0000 0000 bfef efbd bdbf bfef efbd bdbf     ................
    66d8:	bfef efbd bdbf bfef efbd bdbf bfef efbd     ................
    66e8:	bdbf bfef efbd bdbf 203a 7325 2820 bfef     ........: %s (..
    66f8:	efbd bdbf bfef efbd bdbf 253a 2964 0a0d     ..........:%d)..
    6708:	0000 0000 bfef efbd bdbf bfef d5bd efb7     ................
    6718:	bdbf bfef efbd bdbf bfef efbd bdbf bfef     ................
    6728:	efbd bdbf bfef 3abd 2520 2073 ef28 bdbf     .......: %s (...
    6738:	bfef efbd bdbf bfef 3abd 6425 0d29 000a     .........:%d)...
    6748:	3274 2e30 7874 3d74 2522 7064 6d70 0022     t20.txt="%dppm".
    6758:	3274 2e31 7874 3d74 2522 7564 2f73 6d63     t21.txt="%dus/cm
    6768:	0022 0000 3274 2e32 7874 3d74 2522 2e64     "...t22.txt="%d.
    6778:	3025 6432 2520 2225 0000 0000 3274 2e33     %02d %%"....t23.
    6788:	7874 3d74 2522 2e64 3025 6434 0022 0000     txt="%d.%04d"...
    6798:	3174 2e33 7874 3d74 2522 2e64 6425 0022     t13.txt="%d.%d".
    67a8:	3274 2e34 7874 3d74 2522 7064 6d70 0022     t24.txt="%dppm".
    67b8:	3174 2e32 7874 3d74 2522 322e 2266 0000     t12.txt="%.2f"..
    67c8:	126f 3a83 c28f 3cf5 cccd 3e4c 3474 742e     o..:...<..L>t4.t
    67d8:	7478 223d ade8 e5a6 8a91 bce6 e68f b4b0     xt="............
    67e8:	2221 0000 3574 742e 7478 223d 2e25 6632     !"..t5.txt="%.2f
    67f8:	224c 0000 3474 742e 7478 223d bee5 e6ae     L"..t4.txt="....
    6808:	8fbc ade8 e5a6 8a91 2221 0000 c000 45b7     ........!".....E
    6818:	0000 447a 544a 3932 0000 4270 3174 2e30     ..zDJT29..pBt10.
    6828:	7874 3d74 2522 322e 4c66 6d2f 6e69 0022     txt="%.2fL/min".
    6838:	3174 2e31 7874 3d74 2522 322e 4c66 0022     t11.txt="%.2fL".
    6848:	0000 41c8 4c40 5645 4c45 003a 3174 2e38     ...A@LEVEL:.t18.
    6858:	7874 3d74 2522 2e64 6425 6d63 0022 0000     txt="%d.%dcm"...
    6868:	6e28 6c75 296c 0000 cf5e ffff ce50 ffff     (null)..^...P...
    6878:	ce50 ffff ce4e ffff ce56 ffff ce56 ffff     P...N...V...V...
    6888:	ce1c ffff ce4e ffff ce56 ffff ce1c ffff     ....N...V.......
    6898:	ce56 ffff ce4e ffff cf4a ffff cf4a ffff     V...N...J...J...
    68a8:	cf4a ffff ce1c ffff e09a ffff dfc0 ffff     J...............
    68b8:	e094 ffff dfc8 ffff e094 ffff df8e ffff     ................
    68c8:	e094 ffff dfc8 ffff dfc0 ffff dfc0 ffff     ................
    68d8:	df8e ffff dfc8 ffff dfce ffff dfce ffff     ................
    68e8:	dfce ffff df8e ffff df80 ffff df80 ffff     ................
    68f8:	e054 ffff e130 ffff e054 ffff df4e ffff     T...0...T...N...
    6908:	e054 ffff e130 ffff df80 ffff df80 ffff     T...0...........
    6918:	df4e ffff e130 ffff df8e ffff df8e ffff     N...0...........
    6928:	df8e ffff df4e ffff e3a4 ffff e2f6 ffff     ....N...........
    6938:	e2f6 ffff e2f4 ffff e2fa ffff e2fa ffff     ................
    6948:	e2ca ffff e2f4 ffff e2fa ffff e2ca ffff     ................
    6958:	e2fa ffff e2f4 ffff e392 ffff e392 ffff     ................
    6968:	e392 ffff e2ca ffff                         ........

00006970 <__clz_tab>:
    6970:	0100 0202 0303 0303 0404 0404 0404 0404     ................
    6980:	0505 0505 0505 0505 0505 0505 0505 0505     ................
    6990:	0606 0606 0606 0606 0606 0606 0606 0606     ................
    69a0:	0606 0606 0606 0606 0606 0606 0606 0606     ................
    69b0:	0707 0707 0707 0707 0707 0707 0707 0707     ................
    69c0:	0707 0707 0707 0707 0707 0707 0707 0707     ................
    69d0:	0707 0707 0707 0707 0707 0707 0707 0707     ................
    69e0:	0707 0707 0707 0707 0707 0707 0707 0707     ................
    69f0:	0808 0808 0808 0808 0808 0808 0808 0808     ................
    6a00:	0808 0808 0808 0808 0808 0808 0808 0808     ................
    6a10:	0808 0808 0808 0808 0808 0808 0808 0808     ................
    6a20:	0808 0808 0808 0808 0808 0808 0808 0808     ................
    6a30:	0808 0808 0808 0808 0808 0808 0808 0808     ................
    6a40:	0808 0808 0808 0808 0808 0808 0808 0808     ................
    6a50:	0808 0808 0808 0808 0808 0808 0808 0808     ................
    6a60:	0808 0808 0808 0808 0808 0808 0808 0808     ................
    6a70:	6c68 004c 2d41 6146 662d 3938 3130 3332     hlL.A-Fa-f890123
    6a80:	3534 3736 005d 0000 2d2b 0000 3030 0000     4567]...+-..00..
    6a90:	5878 0000                                   xX..

00006a94 <__sf_fake_stderr>:
	...

00006ab4 <__sf_fake_stdin>:
	...

00006ad4 <__sf_fake_stdout>:
	...
    6af4:	0043 0000 4f50 4953 0058 0000 002e 0000     C...POSIX.......

00006b04 <_ctype_>:
    6b04:	2000 2020 2020 2020 2020 2828 2828 2028     .         ((((( 
    6b14:	2020 2020 2020 2020 2020 2020 2020 2020                     
    6b24:	8820 1010 1010 1010 1010 1010 1010 1010      ...............
    6b34:	0410 0404 0404 0404 0404 1004 1010 1010     ................
    6b44:	1010 4141 4141 4141 0101 0101 0101 0101     ..AAAAAA........
    6b54:	0101 0101 0101 0101 0101 0101 1010 1010     ................
    6b64:	1010 4242 4242 4242 0202 0202 0202 0202     ..BBBBBB........
    6b74:	0202 0202 0202 0202 0202 0202 1010 1010     ................
    6b84:	0020 0000 0000 0000 0000 0000 0000 0000      ...............
	...
