
CH32V307VCT.elf:     file format elf32-littleriscv
CH32V307VCT.elf
architecture: riscv:rv32, flags 0x00000112:
EXEC_P, HAS_SYMS, D_PAGED
start address 0x00000000

Program Header:
    LOAD off    0x00001000 vaddr 0x00000000 paddr 0x00000000 align 2**12
         filesz 0x00005aec memsz 0x00005aec flags r-x
    LOAD off    0x00007000 vaddr 0x20000000 paddr 0x00005aec align 2**12
         filesz 0x00000200 memsz 0x000002e8 flags rw-
    LOAD off    0x00007800 vaddr 0x20007800 paddr 0x20007800 align 2**12
         filesz 0x00000000 memsz 0x00000800 flags rw-

Sections:
Idx Name          Size      VMA       LMA       File off  Algn
  0 .init         00000004  00000000  00000000  00001000  2**1
                  CONTENTS, ALLOC, LOAD, READONLY, CODE
  1 .vector       000001bc  00000004  00000004  00001004  2**1
                  CONTENTS, ALLOC, LOAD, READONLY, CODE
  2 .text         0000592c  000001c0  000001c0  000011c0  2**2
                  CONTENTS, ALLOC, LOAD, READONLY, CODE
  3 .fini         00000000  00005aec  00005aec  00007200  2**0
                  CONTENTS, ALLOC, LOAD, CODE
  4 .dalign       00000000  20000000  20000000  00007200  2**0
                  CONTENTS
  5 .dlalign      00000000  00005aec  00005aec  00007200  2**0
                  CONTENTS
  6 .data         00000200  20000000  00005aec  00007000  2**2
                  CONTENTS, ALLOC, LOAD, DATA
  7 .bss          000000e8  20000200  00005cec  00007200  2**2
                  ALLOC
  8 .stack        00000800  20007800  20007800  00007800  2**0
                  ALLOC
  9 .debug_info   00016935  00000000  00000000  00007200  2**0
                  CONTENTS, READONLY, DEBUGGING
 10 .debug_abbrev 00003bd3  00000000  00000000  0001db35  2**0
                  CONTENTS, READONLY, DEBUGGING
 11 .debug_loc    000048df  00000000  00000000  00021708  2**0
                  CONTENTS, READONLY, DEBUGGING
 12 .debug_aranges 00000a18  00000000  00000000  00025fe8  2**3
                  CONTENTS, READONLY, DEBUGGING
 13 .debug_ranges 00000be8  00000000  00000000  00026a00  2**3
                  CONTENTS, READONLY, DEBUGGING
 14 .debug_line   0000e75a  00000000  00000000  000275e8  2**0
                  CONTENTS, READONLY, DEBUGGING
 15 .debug_str    00003058  00000000  00000000  00035d42  2**0
                  CONTENTS, READONLY, DEBUGGING
 16 .comment      00000033  00000000  00000000  00038d9a  2**0
                  CONTENTS, READONLY
 17 .debug_frame  00001b08  00000000  00000000  00038dd0  2**2
                  CONTENTS, READONLY, DEBUGGING
SYMBOL TABLE:
00000000 l    d  .init	00000000 .init
00000004 l    d  .vector	00000000 .vector
000001c0 l    d  .text	00000000 .text
00005aec l    d  .fini	00000000 .fini
20000000 l    d  .dalign	00000000 .dalign
00005aec l    d  .dlalign	00000000 .dlalign
20000000 l    d  .data	00000000 .data
20000200 l    d  .bss	00000000 .bss
20007800 l    d  .stack	00000000 .stack
00000000 l    d  .debug_info	00000000 .debug_info
00000000 l    d  .debug_abbrev	00000000 .debug_abbrev
00000000 l    d  .debug_loc	00000000 .debug_loc
00000000 l    d  .debug_aranges	00000000 .debug_aranges
00000000 l    d  .debug_ranges	00000000 .debug_ranges
00000000 l    d  .debug_line	00000000 .debug_line
00000000 l    d  .debug_str	00000000 .debug_str
00000000 l    d  .comment	00000000 .comment
00000000 l    d  .debug_frame	00000000 .debug_frame
00000000 l    df *ABS*	00000000 ./Startup/startup_ch32v30x_D8C.o
00000004 l       .vector	00000000 _vector_base
00000000 l    df *ABS*	00000000 JLNU_OLED.c
00000220 l     F .text	0000005a I2C_SendByte
0000027a l     F .text	0000004a I2C_WaitAck
000002c4 l     F .text	0000008e I2C_WriteByte
00000000 l    df *ABS*	00000000 MYI2C.c
0000058c l     F .text	00000024 SDA_SetOutput
000005b0 l     F .text	00000026 SDA_SetInput
000005d6 l     F .text	0000004a MYI2C_IIC_Start
00000620 l     F .text	0000005a MYI2C_Write_IIC_Byte
0000067a l     F .text	00000044 MYI2C_IIC_Stop
000006be l     F .text	0000005e MYI2C_IIC_Wait_Ack.constprop.4
00000000 l    df *ABS*	00000000 aht20.c
20000228 l     O .bss	00000040 aht20_dev
00000000 l    df *ABS*	00000000 encoder.c
20000200 l     O .bss	00000004 last_t.5972
200001f0 l     O .data	00000004 g_enc_count
00000000 l    df *ABS*	00000000 hc_sr04.c
20000204 l     O .bss	00000002 msHcCount
00000000 l    df *ABS*	00000000 humidity.c
00000000 l    df *ABS*	00000000 pump_ctrl.c
20000206 l     O .bss	00000001 g_pump_speed
00000000 l    df *ABS*	00000000 temperature.c
00000000 l    df *ABS*	00000000 timer.c
00000000 l    df *ABS*	00000000 zigbee.c
2000020d l     O .bss	00000001 rx_idx
00000000 l    df *ABS*	00000000 ch32v30x_it.c
00000000 l    df *ABS*	00000000 main.c
20000214 l     O .bss	00000004 last_oled.5960
20000218 l     O .bss	00000004 last_sr.5957
2000021c l     O .bss	00000004 last_zig.5965
00000000 l    df *ABS*	00000000 system_ch32v30x.c
00000000 l    df *ABS*	00000000 ch32v30x_exti.c
00000000 l    df *ABS*	00000000 ch32v30x_gpio.c
00000000 l    df *ABS*	00000000 ch32v30x_misc.c
00000000 l    df *ABS*	00000000 ch32v30x_rcc.c
20000010 l     O .data	00000010 APBAHBPrescTable
200001f8 l     O .data	00000004 ADCPrescTable
00000000 l    df *ABS*	00000000 ch32v30x_tim.c
00000000 l    df *ABS*	00000000 ch32v30x_usart.c
00000000 l    df *ABS*	00000000 debug.c
20000224 l     O .bss	00000002 p_ms
20000226 l     O .bss	00000001 p_us
00000000 l    df *ABS*	00000000 printfloat.c
00000000 l    df *ABS*	00000000 libgcc2.c
00000000 l    df *ABS*	00000000 libgcc2.c
00000000 l    df *ABS*	00000000 ledf2.c
00000000 l    df *ABS*	00000000 muldf3.c
00000000 l    df *ABS*	00000000 subdf3.c
00000000 l    df *ABS*	00000000 fixdfdi.c
00000000 l    df *ABS*	00000000 floatdidf.c
00000000 l    df *ABS*	00000000 addsf3.c
00000000 l    df *ABS*	00000000 divsf3.c
00000000 l    df *ABS*	00000000 gesf2.c
00000000 l    df *ABS*	00000000 lesf2.c
00000000 l    df *ABS*	00000000 mulsf3.c
00000000 l    df *ABS*	00000000 subsf3.c
00000000 l    df *ABS*	00000000 floatsisf.c
00000000 l    df *ABS*	00000000 floatunsisf.c
00000000 l    df *ABS*	00000000 extendsfdf2.c
00000000 l    df *ABS*	00000000 libgcc2.c
00000000 l    df *ABS*	00000000 atoi.c
00000000 l    df *ABS*	00000000 strncmp.c
00000000 l    df *ABS*	00000000 strtol.c
00004d4a l     F .text	00000138 _strtol_l.isra.0
00000000 l    df *ABS*	00000000 locale.c
00000000 l    df *ABS*	00000000 mbtowc_r.c
00000000 l    df *ABS*	00000000 wctomb_r.c
00000000 l    df *ABS*	00000000 libgcc2.c
00000000 l    df *ABS*	00000000 ctype_.c
00000000 l    df *ABS*	00000000 impure.c
20000020 l     O .data	00000060 impure_data
00002222  w    F .text	00000100 printDouble
0000160c  w      .text	00000000 EXTI2_IRQHandler
0000160c  w      .text	00000000 TIM8_TRG_COM_IRQHandler
0000160c  w      .text	00000000 TIM8_CC_IRQHandler
0000160c  w      .text	00000000 UART8_IRQHandler
00002322  w    F .text	00000358 print
00003b72 g     F .text	000001b6 .hidden __floatdidf
200009f0 g       .data	00000000 __global_pointer$
000001c8 g     F .text	00000028 .hidden __riscv_save_8
0000160c  w      .text	00000000 TIM1_CC_IRQHandler
000011f6 g     F .text	00000010 HardFault_Handler
00002010  w    F .text	000000f2 printInt
00000214 g     F .text	0000000c .hidden __riscv_restore_3
0000160c  w      .text	00000000 TIM6_IRQHandler
00004092 g     F .text	000002b2 .hidden __divsf3
0000160c  w      .text	00000000 SysTick_Handler
0000182e g     F .text	0000005c NVIC_Init
0000160c  w      .text	00000000 PVD_IRQHandler
0000160c  w      .text	00000000 SDIO_IRQHandler
0000160c  w      .text	00000000 TIM9_BRK_IRQHandler
00000200 g     F .text	00000020 .hidden __riscv_restore_10
0000267a g     F .text	0000002a snprintf
00005120 g     O .text	000005f0 Ch8x16
0000160c  w      .text	00000000 DMA2_Channel8_IRQHandler
000011f4 g     F .text	00000002 NMI_Handler
00000352 g     F .text	00000040 OLED_I2C_Init
0000160c  w      .text	00000000 CAN2_RX1_IRQHandler
0000160c  w      .text	00000000 EXTI3_IRQHandler
000001c8 g     F .text	00000028 .hidden __riscv_save_11
0000160c  w      .text	00000000 USBHS_IRQHandler
00001d5a g     F .text	0000000a USART_GetFlagStatus
0000160c  w      .text	00000000 DMA2_Channel9_IRQHandler
0000160c  w      .text	00000000 TIM10_CC_IRQHandler
20000200 g       .bss	00000000 _sbss
00000800 g       *ABS*	00000000 __stack_size
000009e6 g     F .text	0000000e AHT20_Task
00001e4a g     F .text	00000062 USART_Printf_Init
000046e6 g     F .text	00000388 .hidden __subsf3
0000160c  w      .text	00000000 USBFS_IRQHandler
00000214 g     F .text	0000000c .hidden __riscv_restore_2
00000392 g     F .text	0000000c OLED_WriteCmd
00001bee g     F .text	00000016 TIM_CtrlPWMOutputs
000003ac g     F .text	000000aa OLED_Init
000009d0 g     F .text	00000016 AHT20_Init
00002102  w    F .text	00000120 printLongLongInt
00002e0a g     F .text	000000b6 .hidden __ltdf2
0000160c  w      .text	00000000 EXTI0_IRQHandler
0000160c  w      .text	00000000 I2C2_EV_IRQHandler
0000160c  w      .text	00000000 TIM10_TRG_COM_IRQHandler
00001bd6 g     F .text	00000018 TIM_Cmd
000026a4  w    F .text	0000004a puts
200001f4 g     O .data	00000004 SystemCoreClock
00001d52 g     F .text	00000008 USART_ReceiveData
00000760 g     F .text	00000062 MYI2C_Init
00000004 g       .init	00000000 _einit
00001c62 g     F .text	0000000c TIM_ClearITPendingBit
00001c46 g     F .text	00000004 TIM_GetCounter
000043ca g     F .text	0000008c .hidden __lesf2
00001a00 g     F .text	0000001e RCC_APB2PeriphClockCmd
000001c0 g     F .text	00000030 .hidden __riscv_save_12
0000160c  w      .text	00000000 CAN2_SCE_IRQHandler
0000160c  w      .text	00000000 ADC1_2_IRQHandler
0000172a g     F .text	000000c0 GPIO_Init
0000160c  w      .text	00000000 Break_Point_Handler
00000200 g     F .text	00000020 .hidden __riscv_restore_11
20000220 g     O .bss	00000004 NVIC_Priority_Group
0000160c  w      .text	00000000 SPI1_IRQHandler
00001cfe g     F .text	00000016 USART_Cmd
0000160c  w      .text	00000000 TAMPER_IRQHandler
000001f0 g     F .text	0000000c .hidden __riscv_save_1
00000214 g     F .text	0000000c .hidden __riscv_restore_0
00001b2a g     F .text	000000ac TIM_OC3Init
000001d6 g     F .text	0000001a .hidden __riscv_save_7
00001da0 g     F .text	00000014 USART_ClearITPendingBit
0000160c  w      .text	00000000 CAN2_RX0_IRQHandler
00004c02 g     F .text	000000ac .hidden __extendsfdf2
0000160c  w      .text	00000000 TIM8_UP_IRQHandler
00001a1e g     F .text	0000001e RCC_APB1PeriphClockCmd
0000160c  w      .text	00000000 Ecall_M_Mode_Handler
20007800 g       .stack	00000000 _heap_end
00002a80 g     F .text	0000038a .hidden __umoddi3
00001dde g     F .text	00000036 Delay_Us
00000a70 g     F .text	00000026 Encoder_GetSpeed
0000020a g     F .text	00000016 .hidden __riscv_restore_5
0000160c  w      .text	00000000 DMA2_Channel2_IRQHandler
000026ee g     F .text	00000392 .hidden __udivdi3
0000160c  w      .text	00000000 DMA1_Channel4_IRQHandler
00004e82 g     F .text	0000001e strtol
0000160c  w      .text	00000000 TIM9_UP_IRQHandler
0000020a g     F .text	00000016 .hidden __riscv_restore_6
0000160c  w      .text	00000000 USART3_IRQHandler
00001720 g     F .text	0000000a EXTI_ClearITPendingBit
0000160c  w      .text	00000000 RTC_IRQHandler
200002e8 g       .bss	00000000 _ebss
00001d64 g     F .text	0000003c USART_GetITStatus
0000160c  w      .text	00000000 DMA1_Channel7_IRQHandler
00001c30 g     F .text	0000000e TIM_OC3PreloadConfig
0000160c  w      .text	00000000 CAN1_RX1_IRQHandler
00001db4 g     F .text	0000002a Delay_Init
0000160c  w      .text	00000000 DVP_IRQHandler
0000160c  w      .text	00000000 UART5_IRQHandler
00004344 g     F .text	00000086 .hidden __gtsf2
000017f4 g     F .text	00000004 GPIO_SetBits
00000d3e g     F .text	00000034 TIM4_IRQHandler
00002e0a g     F .text	000000b6 .hidden __ledf2
00001c16 g     F .text	0000001a TIM_ARRPreloadConfig
000001c8 g     F .text	00000028 .hidden __riscv_save_9
0000160c  w      .text	00000000 DMA2_Channel1_IRQHandler
000001d6 g     F .text	0000001a .hidden __riscv_save_4
0000160c  w      .text	00000000 I2C1_EV_IRQHandler
00000fa8 g     F .text	000000a8 Zigbee_Init
00001c4a g     F .text	00000018 TIM_GetITStatus
000010dc g     F .text	0000009c Zigbee_ParseCommand
0000188a g     F .text	00000176 RCC_GetClocksFreq
0000160c  w      .text	00000000 DMA1_Channel6_IRQHandler
00004cae g     F .text	0000006e .hidden __clzsi2
00001178 g     F .text	0000007c UART4_IRQHandler
0000160c  w      .text	00000000 DMA2_Channel4_IRQHandler
00001c6e g     F .text	00000090 USART_Init
0000160c  w      .text	00000000 TIM3_IRQHandler
0000160c  w      .text	00000000 RCC_IRQHandler
000001f0 g     F .text	0000000c .hidden __riscv_save_3
0000160c  w      .text	00000000 TIM1_TRG_COM_IRQHandler
0000160c  w      .text	00000000 DMA1_Channel1_IRQHandler
00000f1c g     F .text	0000000c Temperature_GetCelsius
00000000 g       .init	00000000 _start
0000160c  w      .text	00000000 DMA2_Channel7_IRQHandler
20000000 g     O .data	00000010 AHBPrescTable
00000baa g     F .text	00000194 HC_SR04_GetDistance_cm
00004a6e g     F .text	000000c6 .hidden __floatsisf
00001f32  w    F .text	000000de prints
0000160c  w      .text	00000000 EXTI15_10_IRQHandler
00001c04 g     F .text	00000012 TIM_ITConfig
00004d22 g     F .text	00000028 strncmp
00001d14 g     F .text	00000036 USART_ITConfig
000009fa g     F .text	00000006 AHT20_GetHumidity
00001698 g     F .text	0000006a EXTI_Init
000009f4 g     F .text	00000006 AHT20_GetTemperature
00000d72 g     F .text	0000000c Humidity_GetPercent
000017f8 g     F .text	00000004 GPIO_ResetBits
0000160c  w      .text	00000000 TIM7_IRQHandler
0000160c  w      .text	00000000 CAN2_TX_IRQHandler
20000210 g     O .bss	00000004 g_zigbee_level
20000000 g       .dalign	00000000 _data_vma
0000160c  w      .text	00000000 TIM5_IRQHandler
00001c42 g     F .text	00000004 TIM_SetCompare3
00000456 g     F .text	00000026 OLED_SetPos
00000f16 g     F .text	00000006 Pump_GetSpeed
00000a96 g     F .text	0000006c EXTI9_5_IRQHandler
0000039e g     F .text	0000000e OLED_WriteData
000017fc g     F .text	0000002c GPIO_EXTILineConfig
00002ec0 g     F .text	000004b8 .hidden __muldf3
000001c8 g     F .text	00000028 .hidden __riscv_save_10
0000160c  w      .text	00000000 ETH_WKUP_IRQHandler
0000020a g     F .text	00000016 .hidden __riscv_restore_4
00000200 g     F .text	00000020 .hidden __riscv_restore_8
000001d6 g     F .text	0000001a .hidden __riscv_save_6
00001702 g     F .text	0000001e EXTI_GetITStatus
0000047c g     F .text	00000034 OLED_Clear
0000160c  w      .text	00000000 SPI2_IRQHandler
00000200 g     F .text	00000020 .hidden __riscv_restore_9
0000020a g     F .text	00000016 .hidden __riscv_restore_7
00001206 g     F .text	000001e2 main
0000160c  w      .text	00000000 TIM10_BRK_IRQHandler
00001050 g     F .text	00000032 Zigbee_SendString
0000160c  w      .text	00000000 TIM9_CC_IRQHandler
000043ca g     F .text	0000008c .hidden __ltsf2
00000eee g     F .text	00000028 Pump_Stop
0000160c  w      .text	00000000 DMA2_Channel5_IRQHandler
00004ed8 g     F .text	0000001e __ascii_wctomb
00000ec2 g     F .text	0000002c Pump_Start
0000160c  w      .text	00000000 DMA1_Channel5_IRQHandler
00001c3e g     F .text	00000004 TIM_SetCounter
0000160c  w      .text	00000000 EXTI4_IRQHandler
00001e14 g     F .text	00000036 Delay_Ms
0000160c  w      .text	00000000 USB_LP_CAN1_RX0_IRQHandler
00004456 g     F .text	00000290 .hidden __mulsf3
0000071c g     F .text	00000044 CheckCrc8
000013e8 g     F .text	000000fa SystemInit
00000e88 g     F .text	0000003a Pump_SetSpeed
0000160c  w      .text	00000000 RNG_IRQHandler
00001eea  w    F .text	00000048 printchar
0000160c  w      .text	00000000 USB_HP_CAN1_TX_IRQHandler
000058d8 g     O .text	00000100 .hidden __clz_tab
00000000 g       .init	00000000 _sinit
00000a00 g     F .text	00000070 Encoder_Init
00004ef8 g     O .text	00000228 Ch6x8
00003ab6 g     F .text	000000bc .hidden __fixdfdi
00004344 g     F .text	00000086 .hidden __gesf2
0000160c  w      .text	00000000 DMA1_Channel3_IRQHandler
0000160c  w      .text	00000000 ETH_IRQHandler
200001fc g     O .data	00000004 _impure_ptr
00000b02 g     F .text	000000a8 HC_SR04_Init
0000160c  w      .text	00000000 TIM1_UP_IRQHandler
0000160c  w      .text	00000000 WWDG_IRQHandler
0000160c  w      .text	00000000 USBHSWakeup_IRQHandler
0000160c  w      .text	00000000 DMA2_Channel11_IRQHandler
00004ea6 g     F .text	00000032 __ascii_mbtowc
0000160c  w      .text	00000000 Ecall_U_Mode_Handler
0000160c  w      .text	00000000 DMA2_Channel6_IRQHandler
00000f84 g     F .text	00000024 TIM2_IRQHandler
20008000 g       .stack	00000000 _eusrstack
000001f0 g     F .text	0000000c .hidden __riscv_save_2
0000160c  w      .text	00000000 SW_Handler
20000268 g     O .bss	00000080 g_zigbee_rx_buf
00000d7e g     F .text	0000010a Pump_Init
0000160c  w      .text	00000000 TIM1_BRK_IRQHandler
00001d4a g     F .text	00000008 USART_SendData
0000160c  w      .text	00000000 DMA2_Channel10_IRQHandler
0000160c  w      .text	00000000 EXTI1_IRQHandler
000001d6 g     F .text	0000001a .hidden __riscv_save_5
00001eac g     F .text	0000003e _write
20000200 g       .data	00000000 _edata
200002e8 g       .bss	00000000 _end
2000020c g     O .bss	00000001 g_zigbee_rx_ready
00001a3c g     F .text	000000ee TIM_TimeBaseInit
0000160c  w      .text	00000000 RTCAlarm_IRQHandler
00005aec g       .dlalign	00000000 _data_lma
0000160c  w      .text	00000000 TIM10_UP_IRQHandler
0000160c  w      .text	00000000 TIM9_TRG_COM_IRQHandler
0000160c  w      .text	00000000 UART7_IRQHandler
0000160c  w      .text	00000000 USART2_IRQHandler
0000160c  w      .text	00000000 UART6_IRQHandler
000014e2 g     F .text	0000012a SystemCoreClockUpdate
00004b34 g     F .text	000000ce .hidden __floatunsisf
0000160c  w      .text	00000000 I2C2_ER_IRQHandler
0000160c  w      .text	00000000 DMA1_Channel2_IRQHandler
00004d1c g     F .text	00000006 atoi
000001fc g     F .text	00000024 .hidden __riscv_restore_12
0000160c  w      .text	00000000 TIM8_BRK_IRQHandler
000059e8 g     O .text	00000101 _ctype_
0000160e  w      .text	00000000 handle_reset
0000160c  w      .text	00000000 CAN1_SCE_IRQHandler
0000160c  w      .text	00000000 FLASH_IRQHandler
000001f0 g     F .text	0000000c .hidden __riscv_save_0
00000f28 g     F .text	0000005c TIM2_Init
0000160c  w      .text	00000000 USART1_IRQHandler
0000160c  w      .text	00000000 SPI3_IRQHandler
00004ea0 g     F .text	00000006 __locale_ctype_ptr_l
000004b0 g     F .text	000000dc OLED_ShowStr
000007c2 g     F .text	0000020e MYI2C_Handle
0000160c  w      .text	00000000 I2C1_ER_IRQHandler
00001828 g     F .text	00000006 NVIC_PriorityGroupConfig
00000214 g     F .text	0000000c .hidden __riscv_restore_1
20000208 g     O .bss	00000004 timer_cnt
00003378 g     F .text	0000073e .hidden __subdf3
00001082 g     F .text	0000005a Zigbee_SendSensorData
000017ea g     F .text	0000000a GPIO_ReadInputDataBit
00003d28 g     F .text	0000036a .hidden __addsf3
20000080 g     O .data	0000016c __global_locale
0000160c  w      .text	00000000 USBWakeUp_IRQHandler
0000160c  w      .text	00000000 DMA2_Channel3_IRQHandler



Disassembly of section .init:

00000000 <_sinit>:
   0:	60e0106f          	j	160e <handle_reset>

Disassembly of section .vector:

00000004 <_vector_base>:
	...
   c:	11f4                	addi	a3,sp,236
   e:	0000                	unimp
  10:	11f6                	slli	gp,gp,0x3d
  12:	0000                	unimp
  14:	0000                	unimp
  16:	0000                	unimp
  18:	160c                	addi	a1,sp,800
	...
  22:	0000                	unimp
  24:	160c                	addi	a1,sp,800
  26:	0000                	unimp
  28:	160c                	addi	a1,sp,800
	...
  32:	0000                	unimp
  34:	160c                	addi	a1,sp,800
  36:	0000                	unimp
  38:	0000                	unimp
  3a:	0000                	unimp
  3c:	160c                	addi	a1,sp,800
  3e:	0000                	unimp
  40:	0000                	unimp
  42:	0000                	unimp
  44:	160c                	addi	a1,sp,800
  46:	0000                	unimp
  48:	160c                	addi	a1,sp,800
  4a:	0000                	unimp
  4c:	160c                	addi	a1,sp,800
  4e:	0000                	unimp
  50:	160c                	addi	a1,sp,800
  52:	0000                	unimp
  54:	160c                	addi	a1,sp,800
  56:	0000                	unimp
  58:	160c                	addi	a1,sp,800
  5a:	0000                	unimp
  5c:	160c                	addi	a1,sp,800
  5e:	0000                	unimp
  60:	160c                	addi	a1,sp,800
  62:	0000                	unimp
  64:	160c                	addi	a1,sp,800
  66:	0000                	unimp
  68:	160c                	addi	a1,sp,800
  6a:	0000                	unimp
  6c:	160c                	addi	a1,sp,800
  6e:	0000                	unimp
  70:	160c                	addi	a1,sp,800
  72:	0000                	unimp
  74:	160c                	addi	a1,sp,800
  76:	0000                	unimp
  78:	160c                	addi	a1,sp,800
  7a:	0000                	unimp
  7c:	160c                	addi	a1,sp,800
  7e:	0000                	unimp
  80:	160c                	addi	a1,sp,800
  82:	0000                	unimp
  84:	160c                	addi	a1,sp,800
  86:	0000                	unimp
  88:	160c                	addi	a1,sp,800
  8a:	0000                	unimp
  8c:	160c                	addi	a1,sp,800
  8e:	0000                	unimp
  90:	160c                	addi	a1,sp,800
  92:	0000                	unimp
  94:	160c                	addi	a1,sp,800
  96:	0000                	unimp
  98:	160c                	addi	a1,sp,800
  9a:	0000                	unimp
  9c:	160c                	addi	a1,sp,800
  9e:	0000                	unimp
  a0:	0a96                	slli	s5,s5,0x5
  a2:	0000                	unimp
  a4:	160c                	addi	a1,sp,800
  a6:	0000                	unimp
  a8:	160c                	addi	a1,sp,800
  aa:	0000                	unimp
  ac:	160c                	addi	a1,sp,800
  ae:	0000                	unimp
  b0:	160c                	addi	a1,sp,800
  b2:	0000                	unimp
  b4:	0f84                	addi	s1,sp,976
  b6:	0000                	unimp
  b8:	160c                	addi	a1,sp,800
  ba:	0000                	unimp
  bc:	0d3e                	slli	s10,s10,0xf
  be:	0000                	unimp
  c0:	160c                	addi	a1,sp,800
  c2:	0000                	unimp
  c4:	160c                	addi	a1,sp,800
  c6:	0000                	unimp
  c8:	160c                	addi	a1,sp,800
  ca:	0000                	unimp
  cc:	160c                	addi	a1,sp,800
  ce:	0000                	unimp
  d0:	160c                	addi	a1,sp,800
  d2:	0000                	unimp
  d4:	160c                	addi	a1,sp,800
  d6:	0000                	unimp
  d8:	160c                	addi	a1,sp,800
  da:	0000                	unimp
  dc:	160c                	addi	a1,sp,800
  de:	0000                	unimp
  e0:	160c                	addi	a1,sp,800
  e2:	0000                	unimp
  e4:	160c                	addi	a1,sp,800
  e6:	0000                	unimp
  e8:	160c                	addi	a1,sp,800
  ea:	0000                	unimp
  ec:	160c                	addi	a1,sp,800
  ee:	0000                	unimp
  f0:	160c                	addi	a1,sp,800
  f2:	0000                	unimp
  f4:	160c                	addi	a1,sp,800
  f6:	0000                	unimp
  f8:	160c                	addi	a1,sp,800
  fa:	0000                	unimp
  fc:	160c                	addi	a1,sp,800
  fe:	0000                	unimp
 100:	160c                	addi	a1,sp,800
 102:	0000                	unimp
 104:	0000                	unimp
 106:	0000                	unimp
 108:	160c                	addi	a1,sp,800
 10a:	0000                	unimp
 10c:	160c                	addi	a1,sp,800
 10e:	0000                	unimp
 110:	160c                	addi	a1,sp,800
 112:	0000                	unimp
 114:	1178                	addi	a4,sp,172
 116:	0000                	unimp
 118:	160c                	addi	a1,sp,800
 11a:	0000                	unimp
 11c:	160c                	addi	a1,sp,800
 11e:	0000                	unimp
 120:	160c                	addi	a1,sp,800
 122:	0000                	unimp
 124:	160c                	addi	a1,sp,800
 126:	0000                	unimp
 128:	160c                	addi	a1,sp,800
 12a:	0000                	unimp
 12c:	160c                	addi	a1,sp,800
 12e:	0000                	unimp
 130:	160c                	addi	a1,sp,800
 132:	0000                	unimp
 134:	160c                	addi	a1,sp,800
 136:	0000                	unimp
 138:	160c                	addi	a1,sp,800
 13a:	0000                	unimp
 13c:	160c                	addi	a1,sp,800
 13e:	0000                	unimp
 140:	160c                	addi	a1,sp,800
 142:	0000                	unimp
 144:	160c                	addi	a1,sp,800
 146:	0000                	unimp
 148:	160c                	addi	a1,sp,800
 14a:	0000                	unimp
 14c:	160c                	addi	a1,sp,800
 14e:	0000                	unimp
 150:	160c                	addi	a1,sp,800
 152:	0000                	unimp
 154:	160c                	addi	a1,sp,800
 156:	0000                	unimp
 158:	160c                	addi	a1,sp,800
 15a:	0000                	unimp
 15c:	160c                	addi	a1,sp,800
 15e:	0000                	unimp
 160:	160c                	addi	a1,sp,800
 162:	0000                	unimp
 164:	160c                	addi	a1,sp,800
 166:	0000                	unimp
 168:	160c                	addi	a1,sp,800
 16a:	0000                	unimp
 16c:	160c                	addi	a1,sp,800
 16e:	0000                	unimp
 170:	160c                	addi	a1,sp,800
 172:	0000                	unimp
 174:	160c                	addi	a1,sp,800
 176:	0000                	unimp
 178:	160c                	addi	a1,sp,800
 17a:	0000                	unimp
 17c:	160c                	addi	a1,sp,800
 17e:	0000                	unimp
 180:	160c                	addi	a1,sp,800
 182:	0000                	unimp
 184:	160c                	addi	a1,sp,800
 186:	0000                	unimp
 188:	160c                	addi	a1,sp,800
 18a:	0000                	unimp
 18c:	160c                	addi	a1,sp,800
 18e:	0000                	unimp
 190:	160c                	addi	a1,sp,800
 192:	0000                	unimp
 194:	160c                	addi	a1,sp,800
 196:	0000                	unimp
 198:	160c                	addi	a1,sp,800
 19a:	0000                	unimp
 19c:	160c                	addi	a1,sp,800
 19e:	0000                	unimp
 1a0:	160c                	addi	a1,sp,800
	...

Disassembly of section .text:

000001c0 <__riscv_save_12>:
     1c0:	7139                	addi	sp,sp,-64
     1c2:	4301                	li	t1,0
     1c4:	c66e                	sw	s11,12(sp)
     1c6:	a019                	j	1cc <__riscv_save_10+0x4>

000001c8 <__riscv_save_10>:
     1c8:	7139                	addi	sp,sp,-64
     1ca:	5341                	li	t1,-16
     1cc:	c86a                	sw	s10,16(sp)
     1ce:	ca66                	sw	s9,20(sp)
     1d0:	cc62                	sw	s8,24(sp)
     1d2:	ce5e                	sw	s7,28(sp)
     1d4:	a019                	j	1da <__riscv_save_4+0x4>

000001d6 <__riscv_save_4>:
     1d6:	7139                	addi	sp,sp,-64
     1d8:	5301                	li	t1,-32
     1da:	d05a                	sw	s6,32(sp)
     1dc:	d256                	sw	s5,36(sp)
     1de:	d452                	sw	s4,40(sp)
     1e0:	d64e                	sw	s3,44(sp)
     1e2:	d84a                	sw	s2,48(sp)
     1e4:	da26                	sw	s1,52(sp)
     1e6:	dc22                	sw	s0,56(sp)
     1e8:	de06                	sw	ra,60(sp)
     1ea:	40610133          	sub	sp,sp,t1
     1ee:	8282                	jr	t0

000001f0 <__riscv_save_0>:
     1f0:	1141                	addi	sp,sp,-16
     1f2:	c04a                	sw	s2,0(sp)
     1f4:	c226                	sw	s1,4(sp)
     1f6:	c422                	sw	s0,8(sp)
     1f8:	c606                	sw	ra,12(sp)
     1fa:	8282                	jr	t0

000001fc <__riscv_restore_12>:
     1fc:	4db2                	lw	s11,12(sp)
     1fe:	0141                	addi	sp,sp,16

00000200 <__riscv_restore_10>:
     200:	4d02                	lw	s10,0(sp)
     202:	4c92                	lw	s9,4(sp)
     204:	4c22                	lw	s8,8(sp)
     206:	4bb2                	lw	s7,12(sp)
     208:	0141                	addi	sp,sp,16

0000020a <__riscv_restore_4>:
     20a:	4b02                	lw	s6,0(sp)
     20c:	4a92                	lw	s5,4(sp)
     20e:	4a22                	lw	s4,8(sp)
     210:	49b2                	lw	s3,12(sp)
     212:	0141                	addi	sp,sp,16

00000214 <__riscv_restore_0>:
     214:	4902                	lw	s2,0(sp)
     216:	4492                	lw	s1,4(sp)
     218:	4422                	lw	s0,8(sp)
     21a:	40b2                	lw	ra,12(sp)
     21c:	0141                	addi	sp,sp,16
     21e:	8082                	ret

00000220 <I2C_SendByte>:
     220:	fd1ff2ef          	jal	t0,1f0 <__riscv_save_0>
     224:	40011437          	lui	s0,0x40011
     228:	892a                	mv	s2,a0
     22a:	44a1                	li	s1,8
     22c:	c0040413          	addi	s0,s0,-1024 # 40010c00 <_eusrstack+0x20008c00>
     230:	01891793          	slli	a5,s2,0x18
     234:	87e1                	srai	a5,a5,0x18
     236:	08000593          	li	a1,128
     23a:	8522                	mv	a0,s0
     23c:	0207dc63          	bgez	a5,274 <I2C_SendByte+0x54>
     240:	5b4010ef          	jal	ra,17f4 <GPIO_SetBits>
     244:	4509                	li	a0,2
     246:	399010ef          	jal	ra,1dde <Delay_Us>
     24a:	04000593          	li	a1,64
     24e:	8522                	mv	a0,s0
     250:	5a4010ef          	jal	ra,17f4 <GPIO_SetBits>
     254:	4509                	li	a0,2
     256:	389010ef          	jal	ra,1dde <Delay_Us>
     25a:	14fd                	addi	s1,s1,-1
     25c:	04000593          	li	a1,64
     260:	8522                	mv	a0,s0
     262:	0906                	slli	s2,s2,0x1
     264:	0ff4f493          	andi	s1,s1,255
     268:	590010ef          	jal	ra,17f8 <GPIO_ResetBits>
     26c:	0ff97913          	andi	s2,s2,255
     270:	f0e1                	bnez	s1,230 <I2C_SendByte+0x10>
     272:	b74d                	j	214 <__riscv_restore_0>
     274:	584010ef          	jal	ra,17f8 <GPIO_ResetBits>
     278:	b7f1                	j	244 <I2C_SendByte+0x24>

0000027a <I2C_WaitAck>:
     27a:	f77ff2ef          	jal	t0,1f0 <__riscv_save_0>
     27e:	40011437          	lui	s0,0x40011
     282:	08000593          	li	a1,128
     286:	c0040513          	addi	a0,s0,-1024 # 40010c00 <_eusrstack+0x20008c00>
     28a:	56a010ef          	jal	ra,17f4 <GPIO_SetBits>
     28e:	4505                	li	a0,1
     290:	34f010ef          	jal	ra,1dde <Delay_Us>
     294:	04000593          	li	a1,64
     298:	c0040513          	addi	a0,s0,-1024
     29c:	558010ef          	jal	ra,17f4 <GPIO_SetBits>
     2a0:	4505                	li	a0,1
     2a2:	33d010ef          	jal	ra,1dde <Delay_Us>
     2a6:	08000593          	li	a1,128
     2aa:	c0040513          	addi	a0,s0,-1024
     2ae:	53c010ef          	jal	ra,17ea <GPIO_ReadInputDataBit>
     2b2:	84aa                	mv	s1,a0
     2b4:	04000593          	li	a1,64
     2b8:	c0040513          	addi	a0,s0,-1024
     2bc:	53c010ef          	jal	ra,17f8 <GPIO_ResetBits>
     2c0:	8526                	mv	a0,s1
     2c2:	bf89                	j	214 <__riscv_restore_0>

000002c4 <I2C_WriteByte>:
     2c4:	f2dff2ef          	jal	t0,1f0 <__riscv_save_0>
     2c8:	40011437          	lui	s0,0x40011
     2cc:	892a                	mv	s2,a0
     2ce:	84ae                	mv	s1,a1
     2d0:	c0040513          	addi	a0,s0,-1024 # 40010c00 <_eusrstack+0x20008c00>
     2d4:	08000593          	li	a1,128
     2d8:	51c010ef          	jal	ra,17f4 <GPIO_SetBits>
     2dc:	04000593          	li	a1,64
     2e0:	c0040513          	addi	a0,s0,-1024
     2e4:	510010ef          	jal	ra,17f4 <GPIO_SetBits>
     2e8:	4511                	li	a0,4
     2ea:	2f5010ef          	jal	ra,1dde <Delay_Us>
     2ee:	08000593          	li	a1,128
     2f2:	c0040513          	addi	a0,s0,-1024
     2f6:	502010ef          	jal	ra,17f8 <GPIO_ResetBits>
     2fa:	4511                	li	a0,4
     2fc:	2e3010ef          	jal	ra,1dde <Delay_Us>
     300:	04000593          	li	a1,64
     304:	c0040513          	addi	a0,s0,-1024
     308:	4f0010ef          	jal	ra,17f8 <GPIO_ResetBits>
     30c:	07800513          	li	a0,120
     310:	3f01                	jal	220 <I2C_SendByte>
     312:	37a5                	jal	27a <I2C_WaitAck>
     314:	854a                	mv	a0,s2
     316:	3729                	jal	220 <I2C_SendByte>
     318:	378d                	jal	27a <I2C_WaitAck>
     31a:	8526                	mv	a0,s1
     31c:	3711                	jal	220 <I2C_SendByte>
     31e:	3fb1                	jal	27a <I2C_WaitAck>
     320:	c0040513          	addi	a0,s0,-1024
     324:	08000593          	li	a1,128
     328:	4d0010ef          	jal	ra,17f8 <GPIO_ResetBits>
     32c:	04000593          	li	a1,64
     330:	c0040513          	addi	a0,s0,-1024
     334:	4c0010ef          	jal	ra,17f4 <GPIO_SetBits>
     338:	4511                	li	a0,4
     33a:	2a5010ef          	jal	ra,1dde <Delay_Us>
     33e:	08000593          	li	a1,128
     342:	c0040513          	addi	a0,s0,-1024
     346:	4ae010ef          	jal	ra,17f4 <GPIO_SetBits>
     34a:	4511                	li	a0,4
     34c:	293010ef          	jal	ra,1dde <Delay_Us>
     350:	b5d1                	j	214 <__riscv_restore_0>

00000352 <OLED_I2C_Init>:
     352:	e9fff2ef          	jal	t0,1f0 <__riscv_save_0>
     356:	1141                	addi	sp,sp,-16
     358:	4585                	li	a1,1
     35a:	4521                	li	a0,8
     35c:	c202                	sw	zero,4(sp)
     35e:	c402                	sw	zero,8(sp)
     360:	c602                	sw	zero,12(sp)
     362:	69e010ef          	jal	ra,1a00 <RCC_APB2PeriphClockCmd>
     366:	0c000793          	li	a5,192
     36a:	40011437          	lui	s0,0x40011
     36e:	827c                	sh	a5,4(sp)
     370:	47d1                	li	a5,20
     372:	c63e                	sw	a5,12(sp)
     374:	004c                	addi	a1,sp,4
     376:	478d                	li	a5,3
     378:	c0040513          	addi	a0,s0,-1024 # 40010c00 <_eusrstack+0x20008c00>
     37c:	c43e                	sw	a5,8(sp)
     37e:	3ac010ef          	jal	ra,172a <GPIO_Init>
     382:	0c000593          	li	a1,192
     386:	c0040513          	addi	a0,s0,-1024
     38a:	46a010ef          	jal	ra,17f4 <GPIO_SetBits>
     38e:	0141                	addi	sp,sp,16
     390:	b551                	j	214 <__riscv_restore_0>

00000392 <OLED_WriteCmd>:
     392:	e5fff2ef          	jal	t0,1f0 <__riscv_save_0>
     396:	85aa                	mv	a1,a0
     398:	4501                	li	a0,0
     39a:	372d                	jal	2c4 <I2C_WriteByte>
     39c:	bda5                	j	214 <__riscv_restore_0>

0000039e <OLED_WriteData>:
     39e:	e53ff2ef          	jal	t0,1f0 <__riscv_save_0>
     3a2:	85aa                	mv	a1,a0
     3a4:	04000513          	li	a0,64
     3a8:	3f31                	jal	2c4 <I2C_WriteByte>
     3aa:	b5ad                	j	214 <__riscv_restore_0>

000003ac <OLED_Init>:
     3ac:	e45ff2ef          	jal	t0,1f0 <__riscv_save_0>
     3b0:	06400513          	li	a0,100
     3b4:	261010ef          	jal	ra,1e14 <Delay_Ms>
     3b8:	0ae00513          	li	a0,174
     3bc:	3fd9                	jal	392 <OLED_WriteCmd>
     3be:	02000513          	li	a0,32
     3c2:	3fc1                	jal	392 <OLED_WriteCmd>
     3c4:	4541                	li	a0,16
     3c6:	37f1                	jal	392 <OLED_WriteCmd>
     3c8:	0b000513          	li	a0,176
     3cc:	37d9                	jal	392 <OLED_WriteCmd>
     3ce:	0c800513          	li	a0,200
     3d2:	37c1                	jal	392 <OLED_WriteCmd>
     3d4:	4509                	li	a0,2
     3d6:	3f75                	jal	392 <OLED_WriteCmd>
     3d8:	4541                	li	a0,16
     3da:	3f65                	jal	392 <OLED_WriteCmd>
     3dc:	04000513          	li	a0,64
     3e0:	3f4d                	jal	392 <OLED_WriteCmd>
     3e2:	08100513          	li	a0,129
     3e6:	3775                	jal	392 <OLED_WriteCmd>
     3e8:	0ff00513          	li	a0,255
     3ec:	375d                	jal	392 <OLED_WriteCmd>
     3ee:	0a100513          	li	a0,161
     3f2:	3745                	jal	392 <OLED_WriteCmd>
     3f4:	0a600513          	li	a0,166
     3f8:	3f69                	jal	392 <OLED_WriteCmd>
     3fa:	0a800513          	li	a0,168
     3fe:	3f51                	jal	392 <OLED_WriteCmd>
     400:	03f00513          	li	a0,63
     404:	3779                	jal	392 <OLED_WriteCmd>
     406:	0a400513          	li	a0,164
     40a:	3761                	jal	392 <OLED_WriteCmd>
     40c:	0d300513          	li	a0,211
     410:	3749                	jal	392 <OLED_WriteCmd>
     412:	4501                	li	a0,0
     414:	3fbd                	jal	392 <OLED_WriteCmd>
     416:	0d500513          	li	a0,213
     41a:	3fa5                	jal	392 <OLED_WriteCmd>
     41c:	0f000513          	li	a0,240
     420:	3f8d                	jal	392 <OLED_WriteCmd>
     422:	0d900513          	li	a0,217
     426:	37b5                	jal	392 <OLED_WriteCmd>
     428:	02200513          	li	a0,34
     42c:	379d                	jal	392 <OLED_WriteCmd>
     42e:	0da00513          	li	a0,218
     432:	3785                	jal	392 <OLED_WriteCmd>
     434:	4549                	li	a0,18
     436:	3fb1                	jal	392 <OLED_WriteCmd>
     438:	0db00513          	li	a0,219
     43c:	3f99                	jal	392 <OLED_WriteCmd>
     43e:	02000513          	li	a0,32
     442:	3f81                	jal	392 <OLED_WriteCmd>
     444:	08d00513          	li	a0,141
     448:	37a9                	jal	392 <OLED_WriteCmd>
     44a:	4551                	li	a0,20
     44c:	3799                	jal	392 <OLED_WriteCmd>
     44e:	0af00513          	li	a0,175
     452:	3781                	jal	392 <OLED_WriteCmd>
     454:	b3c1                	j	214 <__riscv_restore_0>

00000456 <OLED_SetPos>:
     456:	d9bff2ef          	jal	t0,1f0 <__riscv_save_0>
     45a:	fb058593          	addi	a1,a1,-80
     45e:	842a                	mv	s0,a0
     460:	0ff5f513          	andi	a0,a1,255
     464:	373d                	jal	392 <OLED_WriteCmd>
     466:	00445513          	srli	a0,s0,0x4
     46a:	01056513          	ori	a0,a0,16
     46e:	3715                	jal	392 <OLED_WriteCmd>
     470:	00e47513          	andi	a0,s0,14
     474:	00156513          	ori	a0,a0,1
     478:	3f29                	jal	392 <OLED_WriteCmd>
     47a:	bb69                	j	214 <__riscv_restore_0>

0000047c <OLED_Clear>:
     47c:	d75ff2ef          	jal	t0,1f0 <__riscv_save_0>
     480:	0b000413          	li	s0,176
     484:	0b800913          	li	s2,184
     488:	8522                	mv	a0,s0
     48a:	3721                	jal	392 <OLED_WriteCmd>
     48c:	4501                	li	a0,0
     48e:	3711                	jal	392 <OLED_WriteCmd>
     490:	4541                	li	a0,16
     492:	3701                	jal	392 <OLED_WriteCmd>
     494:	08200493          	li	s1,130
     498:	14fd                	addi	s1,s1,-1
     49a:	4501                	li	a0,0
     49c:	0ff4f493          	andi	s1,s1,255
     4a0:	3dfd                	jal	39e <OLED_WriteData>
     4a2:	f8fd                	bnez	s1,498 <OLED_Clear+0x1c>
     4a4:	0405                	addi	s0,s0,1
     4a6:	0ff47413          	andi	s0,s0,255
     4aa:	fd241fe3          	bne	s0,s2,488 <OLED_Clear+0xc>
     4ae:	b39d                	j	214 <__riscv_restore_0>

000004b0 <OLED_ShowStr>:
     4b0:	d19ff2ef          	jal	t0,1c8 <__riscv_save_10>
     4b4:	4785                	li	a5,1
     4b6:	842a                	mv	s0,a0
     4b8:	892e                	mv	s2,a1
     4ba:	8ab2                	mv	s5,a2
     4bc:	04f68863          	beq	a3,a5,50c <OLED_ShowStr+0x5c>
     4c0:	4789                	li	a5,2
     4c2:	0af68d63          	beq	a3,a5,57c <OLED_ShowStr+0xcc>
     4c6:	bb2d                	j	200 <__riscv_restore_10>
     4c8:	1781                	addi	a5,a5,-32
     4ca:	0ff7f493          	andi	s1,a5,255
     4ce:	008bf663          	bgeu	s7,s0,4da <OLED_ShowStr+0x2a>
     4d2:	0905                	addi	s2,s2,1
     4d4:	0ff97913          	andi	s2,s2,255
     4d8:	4401                	li	s0,0
     4da:	036484b3          	mul	s1,s1,s6
     4de:	85ca                	mv	a1,s2
     4e0:	8522                	mv	a0,s0
     4e2:	3f95                	jal	456 <OLED_SetPos>
     4e4:	4c01                	li	s8,0
     4e6:	018487b3          	add	a5,s1,s8
     4ea:	97d2                	add	a5,a5,s4
     4ec:	2388                	lbu	a0,0(a5)
     4ee:	0c05                	addi	s8,s8,1
     4f0:	357d                	jal	39e <OLED_WriteData>
     4f2:	ff6c1ae3          	bne	s8,s6,4e6 <OLED_ShowStr+0x36>
     4f6:	0419                	addi	s0,s0,6
     4f8:	0985                	addi	s3,s3,1
     4fa:	0ff47413          	andi	s0,s0,255
     4fe:	0ff9f993          	andi	s3,s3,255
     502:	013a87b3          	add	a5,s5,s3
     506:	239c                	lbu	a5,0(a5)
     508:	f3e1                	bnez	a5,4c8 <OLED_ShowStr+0x18>
     50a:	bf75                	j	4c6 <OLED_ShowStr+0x16>
     50c:	6a15                	lui	s4,0x5
     50e:	4981                	li	s3,0
     510:	07a00b93          	li	s7,122
     514:	4b19                	li	s6,6
     516:	ef8a0a13          	addi	s4,s4,-264 # 4ef8 <Ch6x8>
     51a:	b7e5                	j	502 <OLED_ShowStr+0x52>
     51c:	1481                	addi	s1,s1,-32
     51e:	0ff4f493          	andi	s1,s1,255
     522:	008b7663          	bgeu	s6,s0,52e <OLED_ShowStr+0x7e>
     526:	0909                	addi	s2,s2,2
     528:	0ff97913          	andi	s2,s2,255
     52c:	4401                	li	s0,0
     52e:	85ca                	mv	a1,s2
     530:	8522                	mv	a0,s0
     532:	0492                	slli	s1,s1,0x4
     534:	370d                	jal	456 <OLED_SetPos>
     536:	4c01                	li	s8,0
     538:	94d2                	add	s1,s1,s4
     53a:	018487b3          	add	a5,s1,s8
     53e:	2388                	lbu	a0,0(a5)
     540:	0c05                	addi	s8,s8,1
     542:	3db1                	jal	39e <OLED_WriteData>
     544:	ff7c1be3          	bne	s8,s7,53a <OLED_ShowStr+0x8a>
     548:	00190593          	addi	a1,s2,1
     54c:	0ff5f593          	andi	a1,a1,255
     550:	8522                	mv	a0,s0
     552:	3711                	jal	456 <OLED_SetPos>
     554:	4c21                	li	s8,8
     556:	2488                	lbu	a0,8(s1)
     558:	1c7d                	addi	s8,s8,-1
     55a:	0ffc7c13          	andi	s8,s8,255
     55e:	3581                	jal	39e <OLED_WriteData>
     560:	0485                	addi	s1,s1,1
     562:	fe0c1ae3          	bnez	s8,556 <OLED_ShowStr+0xa6>
     566:	0421                	addi	s0,s0,8
     568:	0985                	addi	s3,s3,1
     56a:	0ff47413          	andi	s0,s0,255
     56e:	0ff9f993          	andi	s3,s3,255
     572:	013a87b3          	add	a5,s5,s3
     576:	2384                	lbu	s1,0(a5)
     578:	f0d5                	bnez	s1,51c <OLED_ShowStr+0x6c>
     57a:	b7b1                	j	4c6 <OLED_ShowStr+0x16>
     57c:	6a15                	lui	s4,0x5
     57e:	4981                	li	s3,0
     580:	07800b13          	li	s6,120
     584:	120a0a13          	addi	s4,s4,288 # 5120 <Ch8x16>
     588:	4ba1                	li	s7,8
     58a:	b7e5                	j	572 <OLED_ShowStr+0xc2>

0000058c <SDA_SetOutput>:
     58c:	c65ff2ef          	jal	t0,1f0 <__riscv_save_0>
     590:	1141                	addi	sp,sp,-16
     592:	47d1                	li	a5,20
     594:	c63e                	sw	a5,12(sp)
     596:	40011537          	lui	a0,0x40011
     59a:	4791                	li	a5,4
     59c:	827c                	sh	a5,4(sp)
     59e:	004c                	addi	a1,sp,4
     5a0:	478d                	li	a5,3
     5a2:	80050513          	addi	a0,a0,-2048 # 40010800 <_eusrstack+0x20008800>
     5a6:	c43e                	sw	a5,8(sp)
     5a8:	182010ef          	jal	ra,172a <GPIO_Init>
     5ac:	0141                	addi	sp,sp,16
     5ae:	b19d                	j	214 <__riscv_restore_0>

000005b0 <SDA_SetInput>:
     5b0:	c41ff2ef          	jal	t0,1f0 <__riscv_save_0>
     5b4:	1141                	addi	sp,sp,-16
     5b6:	04800793          	li	a5,72
     5ba:	c63e                	sw	a5,12(sp)
     5bc:	40011537          	lui	a0,0x40011
     5c0:	4791                	li	a5,4
     5c2:	827c                	sh	a5,4(sp)
     5c4:	004c                	addi	a1,sp,4
     5c6:	478d                	li	a5,3
     5c8:	80050513          	addi	a0,a0,-2048 # 40010800 <_eusrstack+0x20008800>
     5cc:	c43e                	sw	a5,8(sp)
     5ce:	15c010ef          	jal	ra,172a <GPIO_Init>
     5d2:	0141                	addi	sp,sp,16
     5d4:	b181                	j	214 <__riscv_restore_0>

000005d6 <MYI2C_IIC_Start>:
     5d6:	c1bff2ef          	jal	t0,1f0 <__riscv_save_0>
     5da:	40011437          	lui	s0,0x40011
     5de:	4589                	li	a1,2
     5e0:	80040513          	addi	a0,s0,-2048 # 40010800 <_eusrstack+0x20008800>
     5e4:	210010ef          	jal	ra,17f4 <GPIO_SetBits>
     5e8:	4511                	li	a0,4
     5ea:	7f4010ef          	jal	ra,1dde <Delay_Us>
     5ee:	4591                	li	a1,4
     5f0:	80040513          	addi	a0,s0,-2048
     5f4:	200010ef          	jal	ra,17f4 <GPIO_SetBits>
     5f8:	4509                	li	a0,2
     5fa:	7e4010ef          	jal	ra,1dde <Delay_Us>
     5fe:	4591                	li	a1,4
     600:	80040513          	addi	a0,s0,-2048
     604:	1f4010ef          	jal	ra,17f8 <GPIO_ResetBits>
     608:	4509                	li	a0,2
     60a:	7d4010ef          	jal	ra,1dde <Delay_Us>
     60e:	4589                	li	a1,2
     610:	80040513          	addi	a0,s0,-2048
     614:	1e4010ef          	jal	ra,17f8 <GPIO_ResetBits>
     618:	4509                	li	a0,2
     61a:	7c4010ef          	jal	ra,1dde <Delay_Us>
     61e:	bedd                	j	214 <__riscv_restore_0>

00000620 <MYI2C_Write_IIC_Byte>:
     620:	bd1ff2ef          	jal	t0,1f0 <__riscv_save_0>
     624:	40011437          	lui	s0,0x40011
     628:	892a                	mv	s2,a0
     62a:	44a1                	li	s1,8
     62c:	80040413          	addi	s0,s0,-2048 # 40010800 <_eusrstack+0x20008800>
     630:	4589                	li	a1,2
     632:	8522                	mv	a0,s0
     634:	1c4010ef          	jal	ra,17f8 <GPIO_ResetBits>
     638:	4509                	li	a0,2
     63a:	7a4010ef          	jal	ra,1dde <Delay_Us>
     63e:	01891793          	slli	a5,s2,0x18
     642:	87e1                	srai	a5,a5,0x18
     644:	4591                	li	a1,4
     646:	8522                	mv	a0,s0
     648:	0207d663          	bgez	a5,674 <MYI2C_Write_IIC_Byte+0x54>
     64c:	1a8010ef          	jal	ra,17f4 <GPIO_SetBits>
     650:	4509                	li	a0,2
     652:	78c010ef          	jal	ra,1dde <Delay_Us>
     656:	4589                	li	a1,2
     658:	8522                	mv	a0,s0
     65a:	19a010ef          	jal	ra,17f4 <GPIO_SetBits>
     65e:	14fd                	addi	s1,s1,-1
     660:	4509                	li	a0,2
     662:	0906                	slli	s2,s2,0x1
     664:	0ff4f493          	andi	s1,s1,255
     668:	776010ef          	jal	ra,1dde <Delay_Us>
     66c:	0ff97913          	andi	s2,s2,255
     670:	f0e1                	bnez	s1,630 <MYI2C_Write_IIC_Byte+0x10>
     672:	b64d                	j	214 <__riscv_restore_0>
     674:	184010ef          	jal	ra,17f8 <GPIO_ResetBits>
     678:	bfe1                	j	650 <MYI2C_Write_IIC_Byte+0x30>

0000067a <MYI2C_IIC_Stop>:
     67a:	b77ff2ef          	jal	t0,1f0 <__riscv_save_0>
     67e:	40011437          	lui	s0,0x40011
     682:	80040513          	addi	a0,s0,-2048 # 40010800 <_eusrstack+0x20008800>
     686:	4589                	li	a1,2
     688:	170010ef          	jal	ra,17f8 <GPIO_ResetBits>
     68c:	4591                	li	a1,4
     68e:	80040513          	addi	a0,s0,-2048
     692:	166010ef          	jal	ra,17f8 <GPIO_ResetBits>
     696:	4509                	li	a0,2
     698:	746010ef          	jal	ra,1dde <Delay_Us>
     69c:	4589                	li	a1,2
     69e:	80040513          	addi	a0,s0,-2048
     6a2:	152010ef          	jal	ra,17f4 <GPIO_SetBits>
     6a6:	4511                	li	a0,4
     6a8:	736010ef          	jal	ra,1dde <Delay_Us>
     6ac:	4591                	li	a1,4
     6ae:	80040513          	addi	a0,s0,-2048
     6b2:	142010ef          	jal	ra,17f4 <GPIO_SetBits>
     6b6:	4509                	li	a0,2
     6b8:	726010ef          	jal	ra,1dde <Delay_Us>
     6bc:	bea1                	j	214 <__riscv_restore_0>

000006be <MYI2C_IIC_Wait_Ack.constprop.4>:
     6be:	b33ff2ef          	jal	t0,1f0 <__riscv_save_0>
     6c2:	40011437          	lui	s0,0x40011
     6c6:	4589                	li	a1,2
     6c8:	80040513          	addi	a0,s0,-2048 # 40010800 <_eusrstack+0x20008800>
     6cc:	12c010ef          	jal	ra,17f8 <GPIO_ResetBits>
     6d0:	4509                	li	a0,2
     6d2:	70c010ef          	jal	ra,1dde <Delay_Us>
     6d6:	3de9                	jal	5b0 <SDA_SetInput>
     6d8:	4591                	li	a1,4
     6da:	80040513          	addi	a0,s0,-2048
     6de:	116010ef          	jal	ra,17f4 <GPIO_SetBits>
     6e2:	4509                	li	a0,2
     6e4:	6fa010ef          	jal	ra,1dde <Delay_Us>
     6e8:	80040513          	addi	a0,s0,-2048
     6ec:	4589                	li	a1,2
     6ee:	106010ef          	jal	ra,17f4 <GPIO_SetBits>
     6f2:	4509                	li	a0,2
     6f4:	6ea010ef          	jal	ra,1dde <Delay_Us>
     6f8:	0c700493          	li	s1,199
     6fc:	80040413          	addi	s0,s0,-2048
     700:	4591                	li	a1,4
     702:	8522                	mv	a0,s0
     704:	0e6010ef          	jal	ra,17ea <GPIO_ReadInputDataBit>
     708:	c511                	beqz	a0,714 <MYI2C_IIC_Wait_Ack.constprop.4+0x56>
     70a:	4505                	li	a0,1
     70c:	14fd                	addi	s1,s1,-1
     70e:	6d0010ef          	jal	ra,1dde <Delay_Us>
     712:	f4fd                	bnez	s1,700 <MYI2C_IIC_Wait_Ack.constprop.4+0x42>
     714:	3da5                	jal	58c <SDA_SetOutput>
     716:	0ff4f513          	andi	a0,s1,255
     71a:	bced                	j	214 <__riscv_restore_0>

0000071c <CheckCrc8>:
     71c:	4681                	li	a3,0
     71e:	0ff00793          	li	a5,255
     722:	0ff6f713          	andi	a4,a3,255
     726:	00b76463          	bltu	a4,a1,72e <CheckCrc8+0x12>
     72a:	853e                	mv	a0,a5
     72c:	8082                	ret
     72e:	00d50733          	add	a4,a0,a3
     732:	2318                	lbu	a4,0(a4)
     734:	8fb9                	xor	a5,a5,a4
     736:	4721                	li	a4,8
     738:	01879813          	slli	a6,a5,0x18
     73c:	00179613          	slli	a2,a5,0x1
     740:	41885813          	srai	a6,a6,0x18
     744:	0ff67793          	andi	a5,a2,255
     748:	00085663          	bgez	a6,754 <CheckCrc8+0x38>
     74c:	03164793          	xori	a5,a2,49
     750:	0ff7f793          	andi	a5,a5,255
     754:	177d                	addi	a4,a4,-1
     756:	0ff77713          	andi	a4,a4,255
     75a:	ff79                	bnez	a4,738 <CheckCrc8+0x1c>
     75c:	0685                	addi	a3,a3,1
     75e:	b7d1                	j	722 <CheckCrc8+0x6>

00000760 <MYI2C_Init>:
     760:	a91ff2ef          	jal	t0,1f0 <__riscv_save_0>
     764:	1101                	addi	sp,sp,-32
     766:	84aa                	mv	s1,a0
     768:	842e                	mv	s0,a1
     76a:	4511                	li	a0,4
     76c:	4585                	li	a1,1
     76e:	c632                	sw	a2,12(sp)
     770:	290010ef          	jal	ra,1a00 <RCC_APB2PeriphClockCmd>
     774:	4632                	lw	a2,12(sp)
     776:	000484a3          	sb	zero,9(s1)
     77a:	1f400793          	li	a5,500
     77e:	a090                	sb	a2,0(s1)
     780:	1f400593          	li	a1,500
     784:	00f46363          	bltu	s0,a5,78a <MYI2C_Init+0x2a>
     788:	85a2                	mv	a1,s0
     78a:	47d1                	li	a5,20
     78c:	40011437          	lui	s0,0x40011
     790:	ce3e                	sw	a5,28(sp)
     792:	4789                	li	a5,2
     794:	80040513          	addi	a0,s0,-2048 # 40010800 <_eusrstack+0x20008800>
     798:	c4cc                	sw	a1,12(s1)
     79a:	82fc                	sh	a5,20(sp)
     79c:	084c                	addi	a1,sp,20
     79e:	478d                	li	a5,3
     7a0:	cc3e                	sw	a5,24(sp)
     7a2:	789000ef          	jal	ra,172a <GPIO_Init>
     7a6:	33dd                	jal	58c <SDA_SetOutput>
     7a8:	80040513          	addi	a0,s0,-2048
     7ac:	4589                	li	a1,2
     7ae:	046010ef          	jal	ra,17f4 <GPIO_SetBits>
     7b2:	4591                	li	a1,4
     7b4:	80040513          	addi	a0,s0,-2048
     7b8:	03c010ef          	jal	ra,17f4 <GPIO_SetBits>
     7bc:	6105                	addi	sp,sp,32
     7be:	a57ff06f          	j	214 <__riscv_restore_0>

000007c2 <MYI2C_Handle>:
     7c2:	415c                	lw	a5,4(a0)
     7c4:	4729                	li	a4,10
     7c6:	07a9                	addi	a5,a5,10
     7c8:	c15c                	sw	a5,4(a0)
     7ca:	1ef77a63          	bgeu	a4,a5,9be <__stack_size+0x1be>
     7ce:	9fbff2ef          	jal	t0,1c8 <__riscv_save_10>
     7d2:	3518                	lbu	a4,9(a0)
     7d4:	842a                	mv	s0,a0
     7d6:	e739                	bnez	a4,824 <__stack_size+0x24>
     7d8:	4785                	li	a5,1
     7da:	b51c                	sb	a5,9(a0)
     7dc:	2104                	lbu	s1,0(a0)
     7de:	03300793          	li	a5,51
     7e2:	a91e                	sh	a5,16(a0)
     7e4:	3bcd                	jal	5d6 <MYI2C_IIC_Start>
     7e6:	00149513          	slli	a0,s1,0x1
     7ea:	0fe57513          	andi	a0,a0,254
     7ee:	3d0d                	jal	620 <MYI2C_Write_IIC_Byte>
     7f0:	35f9                	jal	6be <MYI2C_IIC_Wait_Ack.constprop.4>
     7f2:	84aa                	mv	s1,a0
     7f4:	0ac00513          	li	a0,172
     7f8:	3525                	jal	620 <MYI2C_Write_IIC_Byte>
     7fa:	35d1                	jal	6be <MYI2C_IIC_Wait_Ack.constprop.4>
     7fc:	e911                	bnez	a0,810 <__stack_size+0x10>
     7fe:	0014b493          	seqz	s1,s1
     802:	00148913          	addi	s2,s1,1
     806:	3d95                	jal	67a <MYI2C_IIC_Stop>
     808:	01240423          	sb	s2,8(s0)
     80c:	9f5ff06f          	j	200 <__riscv_restore_10>
     810:	4905                	li	s2,1
     812:	d8f5                	beqz	s1,806 <__stack_size+0x6>
     814:	2808                	lbu	a0,16(s0)
     816:	4901                	li	s2,0
     818:	3521                	jal	620 <MYI2C_Write_IIC_Byte>
     81a:	3555                	jal	6be <MYI2C_IIC_Wait_Ack.constprop.4>
     81c:	3808                	lbu	a0,17(s0)
     81e:	3509                	jal	620 <MYI2C_Write_IIC_Byte>
     820:	3d79                	jal	6be <MYI2C_IIC_Wait_Ack.constprop.4>
     822:	b7d5                	j	806 <__stack_size+0x6>
     824:	09600693          	li	a3,150
     828:	18f6f363          	bgeu	a3,a5,9ae <__stack_size+0x1ae>
     82c:	4685                	li	a3,1
     82e:	18d71063          	bne	a4,a3,9ae <__stack_size+0x1ae>
     832:	4789                	li	a5,2
     834:	2104                	lbu	s1,0(a0)
     836:	b51c                	sb	a5,9(a0)
     838:	02450b13          	addi	s6,a0,36
     83c:	3b69                	jal	5d6 <MYI2C_IIC_Start>
     83e:	00149513          	slli	a0,s1,0x1
     842:	0505                	addi	a0,a0,1
     844:	0ff57513          	andi	a0,a0,255
     848:	3be1                	jal	620 <MYI2C_Write_IIC_Byte>
     84a:	3d95                	jal	6be <MYI2C_IIC_Wait_Ack.constprop.4>
     84c:	400114b7          	lui	s1,0x40011
     850:	8a2a                	mv	s4,a0
     852:	00153b93          	seqz	s7,a0
     856:	8ada                	mv	s5,s6
     858:	499d                	li	s3,7
     85a:	80048493          	addi	s1,s1,-2048 # 40010800 <_eusrstack+0x20008800>
     85e:	4c1d                	li	s8,7
     860:	4ca1                	li	s9,8
     862:	0a0a0363          	beqz	s4,908 <__stack_size+0x108>
     866:	4589                	li	a1,2
     868:	8526                	mv	a0,s1
     86a:	78f000ef          	jal	ra,17f8 <GPIO_ResetBits>
     86e:	4509                	li	a0,2
     870:	56e010ef          	jal	ra,1dde <Delay_Us>
     874:	3b35                	jal	5b0 <SDA_SetInput>
     876:	4591                	li	a1,4
     878:	8526                	mv	a0,s1
     87a:	77b000ef          	jal	ra,17f4 <GPIO_SetBits>
     87e:	4509                	li	a0,2
     880:	55e010ef          	jal	ra,1dde <Delay_Us>
     884:	4d01                	li	s10,0
     886:	4901                	li	s2,0
     888:	4589                	li	a1,2
     88a:	8526                	mv	a0,s1
     88c:	76d000ef          	jal	ra,17f8 <GPIO_ResetBits>
     890:	4509                	li	a0,2
     892:	54c010ef          	jal	ra,1dde <Delay_Us>
     896:	4589                	li	a1,2
     898:	8526                	mv	a0,s1
     89a:	75b000ef          	jal	ra,17f4 <GPIO_SetBits>
     89e:	4509                	li	a0,2
     8a0:	53e010ef          	jal	ra,1dde <Delay_Us>
     8a4:	4591                	li	a1,4
     8a6:	8526                	mv	a0,s1
     8a8:	743000ef          	jal	ra,17ea <GPIO_ReadInputDataBit>
     8ac:	c501                	beqz	a0,8b4 <__stack_size+0xb4>
     8ae:	0905                	addi	s2,s2,1
     8b0:	0ff97913          	andi	s2,s2,255
     8b4:	018d0563          	beq	s10,s8,8be <__stack_size+0xbe>
     8b8:	0906                	slli	s2,s2,0x1
     8ba:	0ff97913          	andi	s2,s2,255
     8be:	0d05                	addi	s10,s10,1
     8c0:	0ffd7d13          	andi	s10,s10,255
     8c4:	fd9d12e3          	bne	s10,s9,888 <__stack_size+0x88>
     8c8:	31d1                	jal	58c <SDA_SetOutput>
     8ca:	4589                	li	a1,2
     8cc:	8526                	mv	a0,s1
     8ce:	012a8023          	sb	s2,0(s5)
     8d2:	727000ef          	jal	ra,17f8 <GPIO_ResetBits>
     8d6:	4509                	li	a0,2
     8d8:	19fd                	addi	s3,s3,-1
     8da:	504010ef          	jal	ra,1dde <Delay_Us>
     8de:	0ff9f993          	andi	s3,s3,255
     8e2:	4591                	li	a1,4
     8e4:	8526                	mv	a0,s1
     8e6:	02098b63          	beqz	s3,91c <__stack_size+0x11c>
     8ea:	70f000ef          	jal	ra,17f8 <GPIO_ResetBits>
     8ee:	4509                	li	a0,2
     8f0:	4ee010ef          	jal	ra,1dde <Delay_Us>
     8f4:	4589                	li	a1,2
     8f6:	8526                	mv	a0,s1
     8f8:	6fd000ef          	jal	ra,17f4 <GPIO_SetBits>
     8fc:	4511                	li	a0,4
     8fe:	4e0010ef          	jal	ra,1dde <Delay_Us>
     902:	0a85                	addi	s5,s5,1
     904:	f4099fe3          	bnez	s3,862 <__stack_size+0x62>
     908:	3b8d                	jal	67a <MYI2C_IIC_Stop>
     90a:	01740423          	sb	s7,8(s0)
     90e:	000a1a63          	bnez	s4,922 <__stack_size+0x122>
     912:	00000793          	li	a5,0
     916:	dc1c                	sw	a5,56(s0)
     918:	dc5c                	sw	a5,60(s0)
     91a:	bdcd                	j	80c <__stack_size+0xc>
     91c:	6d9000ef          	jal	ra,17f4 <GPIO_SetBits>
     920:	b7f9                	j	8ee <__stack_size+0xee>
     922:	4599                	li	a1,6
     924:	855a                	mv	a0,s6
     926:	3bdd                	jal	71c <CheckCrc8>
     928:	02a44783          	lbu	a5,42(s0)
     92c:	eea790e3          	bne	a5,a0,80c <__stack_size+0xc>
     930:	02444783          	lbu	a5,36(s0)
     934:	4761                	li	a4,24
     936:	0987f793          	andi	a5,a5,152
     93a:	ece799e3          	bne	a5,a4,80c <__stack_size+0xc>
     93e:	02544503          	lbu	a0,37(s0)
     942:	02744483          	lbu	s1,39(s0)
     946:	00005937          	lui	s2,0x5
     94a:	00851793          	slli	a5,a0,0x8
     94e:	02644503          	lbu	a0,38(s0)
     952:	953e                	add	a0,a0,a5
     954:	0522                	slli	a0,a0,0x8
     956:	9526                	add	a0,a0,s1
     958:	8111                	srli	a0,a0,0x4
     95a:	1da040ef          	jal	ra,4b34 <__floatunsisf>
     95e:	000057b7          	lui	a5,0x5
     962:	7107a583          	lw	a1,1808(a5) # 5710 <Ch8x16+0x5f0>
     966:	88bd                	andi	s1,s1,15
     968:	04a2                	slli	s1,s1,0x8
     96a:	2ed030ef          	jal	ra,4456 <__mulsf3>
     96e:	71492583          	lw	a1,1812(s2) # 5714 <Ch8x16+0x5f4>
     972:	2e5030ef          	jal	ra,4456 <__mulsf3>
     976:	dc08                	sw	a0,56(s0)
     978:	02844503          	lbu	a0,40(s0)
     97c:	94aa                	add	s1,s1,a0
     97e:	02944503          	lbu	a0,41(s0)
     982:	04a2                	slli	s1,s1,0x8
     984:	9526                	add	a0,a0,s1
     986:	1ae040ef          	jal	ra,4b34 <__floatunsisf>
     98a:	000057b7          	lui	a5,0x5
     98e:	7187a583          	lw	a1,1816(a5) # 5718 <Ch8x16+0x5f8>
     992:	2c5030ef          	jal	ra,4456 <__mulsf3>
     996:	71492583          	lw	a1,1812(s2)
     99a:	2bd030ef          	jal	ra,4456 <__mulsf3>
     99e:	000057b7          	lui	a5,0x5
     9a2:	71c7a583          	lw	a1,1820(a5) # 571c <Ch8x16+0x5fc>
     9a6:	541030ef          	jal	ra,46e6 <__subsf3>
     9aa:	dc48                	sw	a0,60(s0)
     9ac:	b585                	j	80c <__stack_size+0xc>
     9ae:	4558                	lw	a4,12(a0)
     9b0:	e4f77ee3          	bgeu	a4,a5,80c <__stack_size+0xc>
     9b4:	000504a3          	sb	zero,9(a0)
     9b8:	00052223          	sw	zero,4(a0)
     9bc:	bd81                	j	80c <__stack_size+0xc>
     9be:	4558                	lw	a4,12(a0)
     9c0:	00f77763          	bgeu	a4,a5,9ce <__stack_size+0x1ce>
     9c4:	000504a3          	sb	zero,9(a0)
     9c8:	00052223          	sw	zero,4(a0)
     9cc:	8082                	ret
     9ce:	8082                	ret

000009d0 <AHT20_Init>:
     9d0:	821ff2ef          	jal	t0,1f0 <__riscv_save_0>
     9d4:	03800613          	li	a2,56
     9d8:	7d000593          	li	a1,2000
     9dc:	83818513          	addi	a0,gp,-1992 # 20000228 <aht20_dev>
     9e0:	3341                	jal	760 <MYI2C_Init>
     9e2:	833ff06f          	j	214 <__riscv_restore_0>

000009e6 <AHT20_Task>:
     9e6:	80bff2ef          	jal	t0,1f0 <__riscv_save_0>
     9ea:	83818513          	addi	a0,gp,-1992 # 20000228 <aht20_dev>
     9ee:	3bd1                	jal	7c2 <MYI2C_Handle>
     9f0:	825ff06f          	j	214 <__riscv_restore_0>

000009f4 <AHT20_GetTemperature>:
     9f4:	8741a503          	lw	a0,-1932(gp) # 20000264 <aht20_dev+0x3c>
     9f8:	8082                	ret

000009fa <AHT20_GetHumidity>:
     9fa:	8701a503          	lw	a0,-1936(gp) # 20000260 <aht20_dev+0x38>
     9fe:	8082                	ret

00000a00 <Encoder_Init>:
     a00:	ff0ff2ef          	jal	t0,1f0 <__riscv_save_0>
     a04:	7179                	addi	sp,sp,-48
     a06:	4585                	li	a1,1
     a08:	4515                	li	a0,5
     a0a:	ca02                	sw	zero,20(sp)
     a0c:	cc02                	sw	zero,24(sp)
     a0e:	ce02                	sw	zero,28(sp)
     a10:	d002                	sw	zero,32(sp)
     a12:	d202                	sw	zero,36(sp)
     a14:	d402                	sw	zero,40(sp)
     a16:	d602                	sw	zero,44(sp)
     a18:	c602                	sw	zero,12(sp)
     a1a:	c802                	sw	zero,16(sp)
     a1c:	7e5000ef          	jal	ra,1a00 <RCC_APB2PeriphClockCmd>
     a20:	0c000793          	li	a5,192
     a24:	40011537          	lui	a0,0x40011
     a28:	82fc                	sh	a5,20(sp)
     a2a:	084c                	addi	a1,sp,20
     a2c:	04800793          	li	a5,72
     a30:	80050513          	addi	a0,a0,-2048 # 40010800 <_eusrstack+0x20008800>
     a34:	ce3e                	sw	a5,28(sp)
     a36:	4f5000ef          	jal	ra,172a <GPIO_Init>
     a3a:	4599                	li	a1,6
     a3c:	4501                	li	a0,0
     a3e:	5bf000ef          	jal	ra,17fc <GPIO_EXTILineConfig>
     a42:	04000793          	li	a5,64
     a46:	4405                	li	s0,1
     a48:	d03e                	sw	a5,32(sp)
     a4a:	1008                	addi	a0,sp,32
     a4c:	47c1                	li	a5,16
     a4e:	d43e                	sw	a5,40(sp)
     a50:	d622                	sw	s0,44(sp)
     a52:	d202                	sw	zero,36(sp)
     a54:	445000ef          	jal	ra,1698 <EXTI_Init>
     a58:	32700793          	li	a5,807
     a5c:	0068                	addi	a0,sp,12
     a5e:	867c                	sh	a5,12(sp)
     a60:	c822                	sw	s0,16(sp)
     a62:	00010723          	sb	zero,14(sp)
     a66:	5c9000ef          	jal	ra,182e <NVIC_Init>
     a6a:	6145                	addi	sp,sp,48
     a6c:	fa8ff06f          	j	214 <__riscv_restore_0>

00000a70 <Encoder_GetSpeed>:
     a70:	200007b7          	lui	a5,0x20000
     a74:	1f078713          	addi	a4,a5,496 # 200001f0 <g_enc_count>
     a78:	4318                	lw	a4,0(a4)
     a7a:	1f078793          	addi	a5,a5,496
     a7e:	00075463          	bgez	a4,a86 <Encoder_GetSpeed+0x16>
     a82:	0007a023          	sw	zero,0(a5)
     a86:	4394                	lw	a3,0(a5)
     a88:	06400713          	li	a4,100
     a8c:	00d75363          	bge	a4,a3,a92 <Encoder_GetSpeed+0x22>
     a90:	c398                	sw	a4,0(a5)
     a92:	4388                	lw	a0,0(a5)
     a94:	8082                	ret

00000a96 <EXTI9_5_IRQHandler>:
     a96:	1141                	addi	sp,sp,-16
     a98:	04000513          	li	a0,64
     a9c:	c622                	sw	s0,12(sp)
     a9e:	c426                	sw	s1,8(sp)
     aa0:	463000ef          	jal	ra,1702 <EXTI_GetITStatus>
     aa4:	c921                	beqz	a0,af4 <EXTI9_5_IRQHandler+0x5e>
     aa6:	8181a683          	lw	a3,-2024(gp) # 20000208 <timer_cnt>
     aaa:	81018793          	addi	a5,gp,-2032 # 20000200 <_edata>
     aae:	4398                	lw	a4,0(a5)
     ab0:	4629                	li	a2,10
     ab2:	40e68733          	sub	a4,a3,a4
     ab6:	02e67b63          	bgeu	a2,a4,aec <EXTI9_5_IRQHandler+0x56>
     aba:	40011437          	lui	s0,0x40011
     abe:	04000593          	li	a1,64
     ac2:	80040513          	addi	a0,s0,-2048 # 40010800 <_eusrstack+0x20008800>
     ac6:	c394                	sw	a3,0(a5)
     ac8:	523000ef          	jal	ra,17ea <GPIO_ReadInputDataBit>
     acc:	84aa                	mv	s1,a0
     ace:	08000593          	li	a1,128
     ad2:	80040513          	addi	a0,s0,-2048
     ad6:	515000ef          	jal	ra,17ea <GPIO_ReadInputDataBit>
     ada:	200007b7          	lui	a5,0x20000
     ade:	1f078793          	addi	a5,a5,496 # 200001f0 <g_enc_count>
     ae2:	4398                	lw	a4,0(a5)
     ae4:	00a49d63          	bne	s1,a0,afe <EXTI9_5_IRQHandler+0x68>
     ae8:	177d                	addi	a4,a4,-1
     aea:	c398                	sw	a4,0(a5)
     aec:	04000513          	li	a0,64
     af0:	431000ef          	jal	ra,1720 <EXTI_ClearITPendingBit>
     af4:	4432                	lw	s0,12(sp)
     af6:	44a2                	lw	s1,8(sp)
     af8:	0141                	addi	sp,sp,16
     afa:	30200073          	mret
     afe:	0705                	addi	a4,a4,1
     b00:	b7ed                	j	aea <EXTI9_5_IRQHandler+0x54>

00000b02 <HC_SR04_Init>:
     b02:	eeeff2ef          	jal	t0,1f0 <__riscv_save_0>
     b06:	1101                	addi	sp,sp,-32
     b08:	4585                	li	a1,1
     b0a:	4511                	li	a0,4
     b0c:	ca02                	sw	zero,20(sp)
     b0e:	cc02                	sw	zero,24(sp)
     b10:	ce02                	sw	zero,28(sp)
     b12:	c402                	sw	zero,8(sp)
     b14:	c602                	sw	zero,12(sp)
     b16:	00011823          	sh	zero,16(sp)
     b1a:	c002                	sw	zero,0(sp)
     b1c:	c202                	sw	zero,4(sp)
     b1e:	6e3000ef          	jal	ra,1a00 <RCC_APB2PeriphClockCmd>
     b22:	4585                	li	a1,1
     b24:	4511                	li	a0,4
     b26:	6f9000ef          	jal	ra,1a1e <RCC_APB1PeriphClockCmd>
     b2a:	47c1                	li	a5,16
     b2c:	40011437          	lui	s0,0x40011
     b30:	82fc                	sh	a5,20(sp)
     b32:	47c1                	li	a5,16
     b34:	ce3e                	sw	a5,28(sp)
     b36:	084c                	addi	a1,sp,20
     b38:	478d                	li	a5,3
     b3a:	80040513          	addi	a0,s0,-2048 # 40010800 <_eusrstack+0x20008800>
     b3e:	cc3e                	sw	a5,24(sp)
     b40:	3eb000ef          	jal	ra,172a <GPIO_Init>
     b44:	80040513          	addi	a0,s0,-2048
     b48:	45c1                	li	a1,16
     b4a:	4af000ef          	jal	ra,17f8 <GPIO_ResetBits>
     b4e:	47a1                	li	a5,8
     b50:	82fc                	sh	a5,20(sp)
     b52:	084c                	addi	a1,sp,20
     b54:	4791                	li	a5,4
     b56:	80040513          	addi	a0,s0,-2048
     b5a:	ce3e                	sw	a5,28(sp)
     b5c:	3cf000ef          	jal	ra,172a <GPIO_Init>
     b60:	40001437          	lui	s0,0x40001
     b64:	04700793          	li	a5,71
     b68:	c43e                	sw	a5,8(sp)
     b6a:	002c                	addi	a1,sp,8
     b6c:	3e700793          	li	a5,999
     b70:	80040513          	addi	a0,s0,-2048 # 40000800 <_eusrstack+0x1fff8800>
     b74:	c63e                	sw	a5,12(sp)
     b76:	6c7000ef          	jal	ra,1a3c <TIM_TimeBaseInit>
     b7a:	4605                	li	a2,1
     b7c:	80040513          	addi	a0,s0,-2048
     b80:	4585                	li	a1,1
     b82:	082010ef          	jal	ra,1c04 <TIM_ITConfig>
     b86:	4581                	li	a1,0
     b88:	80040513          	addi	a0,s0,-2048
     b8c:	04a010ef          	jal	ra,1bd6 <TIM_Cmd>
     b90:	22e00793          	li	a5,558
     b94:	807c                	sh	a5,0(sp)
     b96:	4785                	li	a5,1
     b98:	815c                	sb	a5,2(sp)
     b9a:	850a                	mv	a0,sp
     b9c:	4785                	li	a5,1
     b9e:	c23e                	sw	a5,4(sp)
     ba0:	48f000ef          	jal	ra,182e <NVIC_Init>
     ba4:	6105                	addi	sp,sp,32
     ba6:	e6eff06f          	j	214 <__riscv_restore_0>

00000baa <HC_SR04_GetDistance_cm>:
     baa:	e1eff2ef          	jal	t0,1c8 <__riscv_save_10>
     bae:	7179                	addi	sp,sp,-48
     bb0:	3591                	jal	9f4 <AHT20_GetTemperature>
     bb2:	000057b7          	lui	a5,0x5
     bb6:	7247a583          	lw	a1,1828(a5) # 5724 <Ch8x16+0x604>
     bba:	400119b7          	lui	s3,0x40011
     bbe:	40001937          	lui	s2,0x40001
     bc2:	095030ef          	jal	ra,4456 <__mulsf3>
     bc6:	000057b7          	lui	a5,0x5
     bca:	7287a583          	lw	a1,1832(a5) # 5728 <Ch8x16+0x608>
     bce:	4481                	li	s1,0
     bd0:	80098993          	addi	s3,s3,-2048 # 40010800 <_eusrstack+0x20008800>
     bd4:	154030ef          	jal	ra,3d28 <__addsf3>
     bd8:	000057b7          	lui	a5,0x5
     bdc:	72c7a583          	lw	a1,1836(a5) # 572c <Ch8x16+0x60c>
     be0:	80090913          	addi	s2,s2,-2048 # 40000800 <_eusrstack+0x1fff8800>
     be4:	4ae030ef          	jal	ra,4092 <__divsf3>
     be8:	8baa                	mv	s7,a0
     bea:	3e800c13          	li	s8,1000
     bee:	45c1                	li	a1,16
     bf0:	854e                	mv	a0,s3
     bf2:	403000ef          	jal	ra,17f4 <GPIO_SetBits>
     bf6:	4551                	li	a0,20
     bf8:	1e6010ef          	jal	ra,1dde <Delay_Us>
     bfc:	45c1                	li	a1,16
     bfe:	854e                	mv	a0,s3
     c00:	3f9000ef          	jal	ra,17f8 <GPIO_ResetBits>
     c04:	8181aa83          	lw	s5,-2024(gp) # 20000208 <timer_cnt>
     c08:	8426                	mv	s0,s1
     c0a:	03ca8a93          	addi	s5,s5,60
     c0e:	45a1                	li	a1,8
     c10:	854e                	mv	a0,s3
     c12:	3d9000ef          	jal	ra,17ea <GPIO_ReadInputDataBit>
     c16:	c149                	beqz	a0,c98 <HC_SR04_GetDistance_cm+0xee>
     c18:	4581                	li	a1,0
     c1a:	854a                	mv	a0,s2
     c1c:	022010ef          	jal	ra,1c3e <TIM_SetCounter>
     c20:	81418793          	addi	a5,gp,-2028 # 20000204 <msHcCount>
     c24:	4585                	li	a1,1
     c26:	854a                	mv	a0,s2
     c28:	00079023          	sh	zero,0(a5)
     c2c:	7ab000ef          	jal	ra,1bd6 <TIM_Cmd>
     c30:	8181aa83          	lw	s5,-2024(gp) # 20000208 <timer_cnt>
     c34:	81418c93          	addi	s9,gp,-2028 # 20000204 <msHcCount>
     c38:	4d05                	li	s10,1
     c3a:	03ca8a93          	addi	s5,s5,60
     c3e:	45a1                	li	a1,8
     c40:	854e                	mv	a0,s3
     c42:	3a9000ef          	jal	ra,17ea <GPIO_ReadInputDataBit>
     c46:	07a50563          	beq	a0,s10,cb0 <HC_SR04_GetDistance_cm+0x106>
     c4a:	4581                	li	a1,0
     c4c:	854a                	mv	a0,s2
     c4e:	789000ef          	jal	ra,1bd6 <TIM_Cmd>
     c52:	000cd403          	lhu	s0,0(s9)
     c56:	854a                	mv	a0,s2
     c58:	7ef000ef          	jal	ra,1c46 <TIM_GetCounter>
     c5c:	0442                	slli	s0,s0,0x10
     c5e:	8041                	srli	s0,s0,0x10
     c60:	03840433          	mul	s0,s0,s8
     c64:	003c                	addi	a5,sp,8
     c66:	00249a93          	slli	s5,s1,0x2
     c6a:	9abe                	add	s5,s5,a5
     c6c:	0485                	addi	s1,s1,1
     c6e:	9522                	add	a0,a0,s0
     c70:	6c5030ef          	jal	ra,4b34 <__floatunsisf>
     c74:	85de                	mv	a1,s7
     c76:	7e0030ef          	jal	ra,4456 <__mulsf3>
     c7a:	00aaa023          	sw	a0,0(s5)
     c7e:	453d                	li	a0,15
     c80:	194010ef          	jal	ra,1e14 <Delay_Ms>
     c84:	47a9                	li	a5,10
     c86:	f6f494e3          	bne	s1,a5,bee <HC_SR04_GetDistance_cm+0x44>
     c8a:	4429                	li	s0,10
     c8c:	0024                	addi	s1,sp,8
     c8e:	4901                	li	s2,0
     c90:	8a26                	mv	s4,s1
     c92:	fff40c13          	addi	s8,s0,-1
     c96:	a83d                	j	cd4 <HC_SR04_GetDistance_cm+0x12a>
     c98:	8181a783          	lw	a5,-2024(gp) # 20000208 <timer_cnt>
     c9c:	f6faf9e3          	bgeu	s5,a5,c0e <HC_SR04_GetDistance_cm+0x64>
     ca0:	4789                	li	a5,2
     ca2:	fe97c5e3          	blt	a5,s1,c8c <HC_SR04_GetDistance_cm+0xe2>
     ca6:	000057b7          	lui	a5,0x5
     caa:	7207a503          	lw	a0,1824(a5) # 5720 <Ch8x16+0x600>
     cae:	a891                	j	d02 <HC_SR04_GetDistance_cm+0x158>
     cb0:	8181a783          	lw	a5,-2024(gp) # 20000208 <timer_cnt>
     cb4:	f8faf5e3          	bgeu	s5,a5,c3e <HC_SR04_GetDistance_cm+0x94>
     cb8:	40001537          	lui	a0,0x40001
     cbc:	4581                	li	a1,0
     cbe:	80050513          	addi	a0,a0,-2048 # 40000800 <_eusrstack+0x1fff8800>
     cc2:	715000ef          	jal	ra,1bd6 <TIM_Cmd>
     cc6:	bfe9                	j	ca0 <HC_SR04_GetDistance_cm+0xf6>
     cc8:	0905                	addi	s2,s2,1
     cca:	89a6                	mv	s3,s1
     ccc:	8aca                	mv	s5,s2
     cce:	03541d63          	bne	s0,s5,d08 <HC_SR04_GetDistance_cm+0x15e>
     cd2:	0491                	addi	s1,s1,4
     cd4:	ff894ae3          	blt	s2,s8,cc8 <HC_SR04_GetDistance_cm+0x11e>
     cd8:	4791                	li	a5,4
     cda:	4485                	li	s1,1
     cdc:	0087d563          	bge	a5,s0,ce6 <HC_SR04_GetDistance_cm+0x13c>
     ce0:	4495                	li	s1,5
     ce2:	029444b3          	div	s1,s0,s1
     ce6:	8926                	mv	s2,s1
     ce8:	00000993          	li	s3,0
     cec:	8c05                	sub	s0,s0,s1
     cee:	02894e63          	blt	s2,s0,d2a <HC_SR04_GetDistance_cm+0x180>
     cf2:	40940533          	sub	a0,s0,s1
     cf6:	579030ef          	jal	ra,4a6e <__floatsisf>
     cfa:	85aa                	mv	a1,a0
     cfc:	854e                	mv	a0,s3
     cfe:	394030ef          	jal	ra,4092 <__divsf3>
     d02:	6145                	addi	sp,sp,48
     d04:	cfcff06f          	j	200 <__riscv_restore_10>
     d08:	0004ab03          	lw	s6,0(s1)
     d0c:	0049ab83          	lw	s7,4(s3)
     d10:	855a                	mv	a0,s6
     d12:	85de                	mv	a1,s7
     d14:	630030ef          	jal	ra,4344 <__gesf2>
     d18:	00a05663          	blez	a0,d24 <HC_SR04_GetDistance_cm+0x17a>
     d1c:	0174a023          	sw	s7,0(s1)
     d20:	0169a223          	sw	s6,4(s3)
     d24:	0a85                	addi	s5,s5,1
     d26:	0991                	addi	s3,s3,4
     d28:	b75d                	j	cce <HC_SR04_GetDistance_cm+0x124>
     d2a:	00291793          	slli	a5,s2,0x2
     d2e:	97d2                	add	a5,a5,s4
     d30:	438c                	lw	a1,0(a5)
     d32:	854e                	mv	a0,s3
     d34:	0905                	addi	s2,s2,1
     d36:	7f3020ef          	jal	ra,3d28 <__addsf3>
     d3a:	89aa                	mv	s3,a0
     d3c:	bf4d                	j	cee <HC_SR04_GetDistance_cm+0x144>

00000d3e <TIM4_IRQHandler>:
     d3e:	1141                	addi	sp,sp,-16
     d40:	c622                	sw	s0,12(sp)
     d42:	40001437          	lui	s0,0x40001
     d46:	4585                	li	a1,1
     d48:	80040513          	addi	a0,s0,-2048 # 40000800 <_eusrstack+0x1fff8800>
     d4c:	6ff000ef          	jal	ra,1c4a <TIM_GetITStatus>
     d50:	cd09                	beqz	a0,d6a <TIM4_IRQHandler+0x2c>
     d52:	81418713          	addi	a4,gp,-2028 # 20000204 <msHcCount>
     d56:	231e                	lhu	a5,0(a4)
     d58:	4585                	li	a1,1
     d5a:	80040513          	addi	a0,s0,-2048
     d5e:	0785                	addi	a5,a5,1
     d60:	07c2                	slli	a5,a5,0x10
     d62:	83c1                	srli	a5,a5,0x10
     d64:	a31e                	sh	a5,0(a4)
     d66:	6fd000ef          	jal	ra,1c62 <TIM_ClearITPendingBit>
     d6a:	4432                	lw	s0,12(sp)
     d6c:	0141                	addi	sp,sp,16
     d6e:	30200073          	mret

00000d72 <Humidity_GetPercent>:
     d72:	c7eff2ef          	jal	t0,1f0 <__riscv_save_0>
     d76:	c85ff0ef          	jal	ra,9fa <AHT20_GetHumidity>
     d7a:	c9aff06f          	j	214 <__riscv_restore_0>

00000d7e <Pump_Init>:
     d7e:	c72ff2ef          	jal	t0,1f0 <__riscv_save_0>
     d82:	7179                	addi	sp,sp,-48
     d84:	4585                	li	a1,1
     d86:	4521                	li	a0,8
     d88:	ca02                	sw	zero,20(sp)
     d8a:	cc02                	sw	zero,24(sp)
     d8c:	ce02                	sw	zero,28(sp)
     d8e:	d002                	sw	zero,32(sp)
     d90:	d202                	sw	zero,36(sp)
     d92:	d402                	sw	zero,40(sp)
     d94:	d602                	sw	zero,44(sp)
     d96:	c402                	sw	zero,8(sp)
     d98:	c602                	sw	zero,12(sp)
     d9a:	00011823          	sh	zero,16(sp)
     d9e:	463000ef          	jal	ra,1a00 <RCC_APB2PeriphClockCmd>
     da2:	4585                	li	a1,1
     da4:	4509                	li	a0,2
     da6:	479000ef          	jal	ra,1a1e <RCC_APB1PeriphClockCmd>
     daa:	4785                	li	a5,1
     dac:	40011537          	lui	a0,0x40011
     db0:	448d                	li	s1,3
     db2:	82fc                	sh	a5,20(sp)
     db4:	084c                	addi	a1,sp,20
     db6:	47e1                	li	a5,24
     db8:	c0050513          	addi	a0,a0,-1024 # 40010c00 <_eusrstack+0x20008c00>
     dbc:	ce3e                	sw	a5,28(sp)
     dbe:	cc26                	sw	s1,24(sp)
     dc0:	16b000ef          	jal	ra,172a <GPIO_Init>
     dc4:	40000437          	lui	s0,0x40000
     dc8:	04700793          	li	a5,71
     dcc:	c43e                	sw	a5,8(sp)
     dce:	002c                	addi	a1,sp,8
     dd0:	3e700793          	li	a5,999
     dd4:	40040513          	addi	a0,s0,1024 # 40000400 <_eusrstack+0x1fff8400>
     dd8:	c63e                	sw	a5,12(sp)
     dda:	463000ef          	jal	ra,1a3c <TIM_TimeBaseInit>
     dde:	67c1                	lui	a5,0x10
     de0:	06078793          	addi	a5,a5,96 # 10060 <_data_lma+0xa574>
     de4:	100c                	addi	a1,sp,32
     de6:	40040513          	addi	a0,s0,1024
     dea:	d03e                	sw	a5,32(sp)
     dec:	02011323          	sh	zero,38(sp)
     df0:	02011423          	sh	zero,40(sp)
     df4:	537000ef          	jal	ra,1b2a <TIM_OC3Init>
     df8:	40040513          	addi	a0,s0,1024
     dfc:	4585                	li	a1,1
     dfe:	5f1000ef          	jal	ra,1bee <TIM_CtrlPWMOutputs>
     e02:	40040513          	addi	a0,s0,1024
     e06:	4581                	li	a1,0
     e08:	629000ef          	jal	ra,1c30 <TIM_OC3PreloadConfig>
     e0c:	40040513          	addi	a0,s0,1024
     e10:	4585                	li	a1,1
     e12:	605000ef          	jal	ra,1c16 <TIM_ARRPreloadConfig>
     e16:	40040513          	addi	a0,s0,1024
     e1a:	4585                	li	a1,1
     e1c:	5bb000ef          	jal	ra,1bd6 <TIM_Cmd>
     e20:	4585                	li	a1,1
     e22:	4541                	li	a0,16
     e24:	3dd000ef          	jal	ra,1a00 <RCC_APB2PeriphClockCmd>
     e28:	4585                	li	a1,1
     e2a:	04000513          	li	a0,64
     e2e:	3d3000ef          	jal	ra,1a00 <RCC_APB2PeriphClockCmd>
     e32:	4789                	li	a5,2
     e34:	4441                	li	s0,16
     e36:	084c                	addi	a1,sp,20
     e38:	40011537          	lui	a0,0x40011
     e3c:	82fc                	sh	a5,20(sp)
     e3e:	ce22                	sw	s0,28(sp)
     e40:	cc26                	sw	s1,24(sp)
     e42:	0e9000ef          	jal	ra,172a <GPIO_Init>
     e46:	ce22                	sw	s0,28(sp)
     e48:	40012437          	lui	s0,0x40012
     e4c:	20400793          	li	a5,516
     e50:	084c                	addi	a1,sp,20
     e52:	80040513          	addi	a0,s0,-2048 # 40011800 <_eusrstack+0x20009800>
     e56:	82fc                	sh	a5,20(sp)
     e58:	cc26                	sw	s1,24(sp)
     e5a:	0d1000ef          	jal	ra,172a <GPIO_Init>
     e5e:	4589                	li	a1,2
     e60:	40011537          	lui	a0,0x40011
     e64:	195000ef          	jal	ra,17f8 <GPIO_ResetBits>
     e68:	80040513          	addi	a0,s0,-2048
     e6c:	20000593          	li	a1,512
     e70:	189000ef          	jal	ra,17f8 <GPIO_ResetBits>
     e74:	4591                	li	a1,4
     e76:	80040513          	addi	a0,s0,-2048
     e7a:	17f000ef          	jal	ra,17f8 <GPIO_ResetBits>
     e7e:	80018b23          	sb	zero,-2026(gp) # 20000206 <g_pump_speed>
     e82:	6145                	addi	sp,sp,48
     e84:	b90ff06f          	j	214 <__riscv_restore_0>

00000e88 <Pump_SetSpeed>:
     e88:	b68ff2ef          	jal	t0,1f0 <__riscv_save_0>
     e8c:	06400713          	li	a4,100
     e90:	81618793          	addi	a5,gp,-2026 # 20000206 <g_pump_speed>
     e94:	00a77963          	bgeu	a4,a0,ea6 <Pump_SetSpeed+0x1e>
     e98:	a398                	sb	a4,0(a5)
     e9a:	06400513          	li	a0,100
     e9e:	45a9                	li	a1,10
     ea0:	02b505b3          	mul	a1,a0,a1
     ea4:	a039                	j	eb2 <Pump_SetSpeed+0x2a>
     ea6:	a388                	sb	a0,0(a5)
     ea8:	02c00793          	li	a5,44
     eac:	4581                	li	a1,0
     eae:	fea7e8e3          	bltu	a5,a0,e9e <Pump_SetSpeed+0x16>
     eb2:	40000537          	lui	a0,0x40000
     eb6:	40050513          	addi	a0,a0,1024 # 40000400 <_eusrstack+0x1fff8400>
     eba:	589000ef          	jal	ra,1c42 <TIM_SetCompare3>
     ebe:	b56ff06f          	j	214 <__riscv_restore_0>

00000ec2 <Pump_Start>:
     ec2:	b2eff2ef          	jal	t0,1f0 <__riscv_save_0>
     ec6:	4589                	li	a1,2
     ec8:	40011537          	lui	a0,0x40011
     ecc:	129000ef          	jal	ra,17f4 <GPIO_SetBits>
     ed0:	40012437          	lui	s0,0x40012
     ed4:	80040513          	addi	a0,s0,-2048 # 40011800 <_eusrstack+0x20009800>
     ed8:	20000593          	li	a1,512
     edc:	11d000ef          	jal	ra,17f8 <GPIO_ResetBits>
     ee0:	4591                	li	a1,4
     ee2:	80040513          	addi	a0,s0,-2048
     ee6:	10f000ef          	jal	ra,17f4 <GPIO_SetBits>
     eea:	b2aff06f          	j	214 <__riscv_restore_0>

00000eee <Pump_Stop>:
     eee:	b02ff2ef          	jal	t0,1f0 <__riscv_save_0>
     ef2:	40000537          	lui	a0,0x40000
     ef6:	4581                	li	a1,0
     ef8:	40050513          	addi	a0,a0,1024 # 40000400 <_eusrstack+0x1fff8400>
     efc:	80018b23          	sb	zero,-2026(gp) # 20000206 <g_pump_speed>
     f00:	543000ef          	jal	ra,1c42 <TIM_SetCompare3>
     f04:	40012537          	lui	a0,0x40012
     f08:	4591                	li	a1,4
     f0a:	80050513          	addi	a0,a0,-2048 # 40011800 <_eusrstack+0x20009800>
     f0e:	0eb000ef          	jal	ra,17f8 <GPIO_ResetBits>
     f12:	b02ff06f          	j	214 <__riscv_restore_0>

00000f16 <Pump_GetSpeed>:
     f16:	8161c503          	lbu	a0,-2026(gp) # 20000206 <g_pump_speed>
     f1a:	8082                	ret

00000f1c <Temperature_GetCelsius>:
     f1c:	ad4ff2ef          	jal	t0,1f0 <__riscv_save_0>
     f20:	ad5ff0ef          	jal	ra,9f4 <AHT20_GetTemperature>
     f24:	af0ff06f          	j	214 <__riscv_restore_0>

00000f28 <TIM2_Init>:
     f28:	ac8ff2ef          	jal	t0,1f0 <__riscv_save_0>
     f2c:	1101                	addi	sp,sp,-32
     f2e:	84aa                	mv	s1,a0
     f30:	842e                	mv	s0,a1
     f32:	4505                	li	a0,1
     f34:	4585                	li	a1,1
     f36:	2e9000ef          	jal	ra,1a1e <RCC_APB1PeriphClockCmd>
     f3a:	147d                	addi	s0,s0,-1
     f3c:	084c                	addi	a1,sp,20
     f3e:	14fd                	addi	s1,s1,-1
     f40:	40000537          	lui	a0,0x40000
     f44:	84e4                	sh	s1,24(sp)
     f46:	82e0                	sh	s0,20(sp)
     f48:	00011d23          	sh	zero,26(sp)
     f4c:	00011b23          	sh	zero,22(sp)
     f50:	2ed000ef          	jal	ra,1a3c <TIM_TimeBaseInit>
     f54:	4605                	li	a2,1
     f56:	4585                	li	a1,1
     f58:	40000537          	lui	a0,0x40000
     f5c:	4a9000ef          	jal	ra,1c04 <TIM_ITConfig>
     f60:	02c00793          	li	a5,44
     f64:	867c                	sh	a5,12(sp)
     f66:	478d                	li	a5,3
     f68:	875c                	sb	a5,14(sp)
     f6a:	0068                	addi	a0,sp,12
     f6c:	4785                	li	a5,1
     f6e:	c83e                	sw	a5,16(sp)
     f70:	0bf000ef          	jal	ra,182e <NVIC_Init>
     f74:	4585                	li	a1,1
     f76:	40000537          	lui	a0,0x40000
     f7a:	45d000ef          	jal	ra,1bd6 <TIM_Cmd>
     f7e:	6105                	addi	sp,sp,32
     f80:	a94ff06f          	j	214 <__riscv_restore_0>

00000f84 <TIM2_IRQHandler>:
     f84:	4585                	li	a1,1
     f86:	40000537          	lui	a0,0x40000
     f8a:	4c1000ef          	jal	ra,1c4a <TIM_GetITStatus>
     f8e:	c919                	beqz	a0,fa4 <TIM2_IRQHandler+0x20>
     f90:	81818793          	addi	a5,gp,-2024 # 20000208 <timer_cnt>
     f94:	4398                	lw	a4,0(a5)
     f96:	4585                	li	a1,1
     f98:	40000537          	lui	a0,0x40000
     f9c:	0705                	addi	a4,a4,1
     f9e:	c398                	sw	a4,0(a5)
     fa0:	4c3000ef          	jal	ra,1c62 <TIM_ClearITPendingBit>
     fa4:	30200073          	mret

00000fa8 <Zigbee_Init>:
     fa8:	a48ff2ef          	jal	t0,1f0 <__riscv_save_0>
     fac:	7179                	addi	sp,sp,-48
     fae:	842a                	mv	s0,a0
     fb0:	4585                	li	a1,1
     fb2:	4541                	li	a0,16
     fb4:	ca02                	sw	zero,20(sp)
     fb6:	cc02                	sw	zero,24(sp)
     fb8:	ce02                	sw	zero,28(sp)
     fba:	d002                	sw	zero,32(sp)
     fbc:	d202                	sw	zero,36(sp)
     fbe:	d402                	sw	zero,40(sp)
     fc0:	d602                	sw	zero,44(sp)
     fc2:	c602                	sw	zero,12(sp)
     fc4:	c802                	sw	zero,16(sp)
     fc6:	23b000ef          	jal	ra,1a00 <RCC_APB2PeriphClockCmd>
     fca:	4585                	li	a1,1
     fcc:	00080537          	lui	a0,0x80
     fd0:	24f000ef          	jal	ra,1a1e <RCC_APB1PeriphClockCmd>
     fd4:	40000793          	li	a5,1024
     fd8:	82fc                	sh	a5,20(sp)
     fda:	478d                	li	a5,3
     fdc:	cc3e                	sw	a5,24(sp)
     fde:	084c                	addi	a1,sp,20
     fe0:	47e1                	li	a5,24
     fe2:	40011537          	lui	a0,0x40011
     fe6:	ce3e                	sw	a5,28(sp)
     fe8:	742000ef          	jal	ra,172a <GPIO_Init>
     fec:	6785                	lui	a5,0x1
     fee:	80078793          	addi	a5,a5,-2048 # 800 <__stack_size>
     ff2:	82fc                	sh	a5,20(sp)
     ff4:	084c                	addi	a1,sp,20
     ff6:	4791                	li	a5,4
     ff8:	40011537          	lui	a0,0x40011
     ffc:	ce3e                	sw	a5,28(sp)
     ffe:	72c000ef          	jal	ra,172a <GPIO_Init>
    1002:	d022                	sw	s0,32(sp)
    1004:	40005437          	lui	s0,0x40005
    1008:	000c07b7          	lui	a5,0xc0
    100c:	100c                	addi	a1,sp,32
    100e:	c0040513          	addi	a0,s0,-1024 # 40004c00 <_eusrstack+0x1fffcc00>
    1012:	d43e                	sw	a5,40(sp)
    1014:	d202                	sw	zero,36(sp)
    1016:	02011623          	sh	zero,44(sp)
    101a:	455000ef          	jal	ra,1c6e <USART_Init>
    101e:	4605                	li	a2,1
    1020:	c0040513          	addi	a0,s0,-1024
    1024:	52500593          	li	a1,1317
    1028:	4ed000ef          	jal	ra,1d14 <USART_ITConfig>
    102c:	4585                	li	a1,1
    102e:	c0040513          	addi	a0,s0,-1024
    1032:	4cd000ef          	jal	ra,1cfe <USART_Cmd>
    1036:	24400793          	li	a5,580
    103a:	867c                	sh	a5,12(sp)
    103c:	4785                	li	a5,1
    103e:	875c                	sb	a5,14(sp)
    1040:	0068                	addi	a0,sp,12
    1042:	4785                	li	a5,1
    1044:	c83e                	sw	a5,16(sp)
    1046:	7e8000ef          	jal	ra,182e <NVIC_Init>
    104a:	6145                	addi	sp,sp,48
    104c:	9c8ff06f          	j	214 <__riscv_restore_0>

00001050 <Zigbee_SendString>:
    1050:	9a0ff2ef          	jal	t0,1f0 <__riscv_save_0>
    1054:	40005437          	lui	s0,0x40005
    1058:	84aa                	mv	s1,a0
    105a:	c0040413          	addi	s0,s0,-1024 # 40004c00 <_eusrstack+0x1fffcc00>
    105e:	00048583          	lb	a1,0(s1)
    1062:	e199                	bnez	a1,1068 <Zigbee_SendString+0x18>
    1064:	9b0ff06f          	j	214 <__riscv_restore_0>
    1068:	0ff5f593          	andi	a1,a1,255
    106c:	8522                	mv	a0,s0
    106e:	0485                	addi	s1,s1,1
    1070:	4db000ef          	jal	ra,1d4a <USART_SendData>
    1074:	08000593          	li	a1,128
    1078:	8522                	mv	a0,s0
    107a:	4e1000ef          	jal	ra,1d5a <USART_GetFlagStatus>
    107e:	d97d                	beqz	a0,1074 <Zigbee_SendString+0x24>
    1080:	bff9                	j	105e <Zigbee_SendString+0xe>

00001082 <Zigbee_SendSensorData>:
    1082:	96eff2ef          	jal	t0,1f0 <__riscv_save_0>
    1086:	8201a503          	lw	a0,-2016(gp) # 20000210 <g_zigbee_level>
    108a:	7135                	addi	sp,sp,-160
    108c:	377030ef          	jal	ra,4c02 <__extendsfdf2>
    1090:	ce2e                	sw	a1,28(sp)
    1092:	cc2a                	sw	a0,24(sp)
    1094:	cdfff0ef          	jal	ra,d72 <Humidity_GetPercent>
    1098:	892a                	mv	s2,a0
    109a:	3549                	jal	f1c <Temperature_GetCelsius>
    109c:	842a                	mv	s0,a0
    109e:	3da5                	jal	f16 <Pump_GetSpeed>
    10a0:	84aa                	mv	s1,a0
    10a2:	854a                	mv	a0,s2
    10a4:	35f030ef          	jal	ra,4c02 <__extendsfdf2>
    10a8:	c82a                	sw	a0,16(sp)
    10aa:	8522                	mv	a0,s0
    10ac:	c426                	sw	s1,8(sp)
    10ae:	ca2e                	sw	a1,20(sp)
    10b0:	353030ef          	jal	ra,4c02 <__extendsfdf2>
    10b4:	4842                	lw	a6,16(sp)
    10b6:	48d2                	lw	a7,20(sp)
    10b8:	4762                	lw	a4,24(sp)
    10ba:	47f2                	lw	a5,28(sp)
    10bc:	00005637          	lui	a2,0x5
    10c0:	c02a                	sw	a0,0(sp)
    10c2:	c22e                	sw	a1,4(sp)
    10c4:	74860613          	addi	a2,a2,1864 # 5748 <Ch8x16+0x628>
    10c8:	07800593          	li	a1,120
    10cc:	1028                	addi	a0,sp,40
    10ce:	5ac010ef          	jal	ra,267a <snprintf>
    10d2:	1028                	addi	a0,sp,40
    10d4:	3fb5                	jal	1050 <Zigbee_SendString>
    10d6:	610d                	addi	sp,sp,160
    10d8:	93cff06f          	j	214 <__riscv_restore_0>

000010dc <Zigbee_ParseCommand>:
    10dc:	914ff2ef          	jal	t0,1f0 <__riscv_save_0>
    10e0:	000055b7          	lui	a1,0x5
    10e4:	4619                	li	a2,6
    10e6:	73058593          	addi	a1,a1,1840 # 5730 <Ch8x16+0x610>
    10ea:	842a                	mv	s0,a0
    10ec:	437030ef          	jal	ra,4d22 <strncmp>
    10f0:	e515                	bnez	a0,111c <Zigbee_ParseCommand+0x40>
    10f2:	00640513          	addi	a0,s0,6
    10f6:	427030ef          	jal	ra,4d1c <atoi>
    10fa:	06400793          	li	a5,100
    10fe:	842a                	mv	s0,a0
    1100:	00a7e963          	bltu	a5,a0,1112 <Zigbee_ParseCommand+0x36>
    1104:	0ff57513          	andi	a0,a0,255
    1108:	d81ff0ef          	jal	ra,e88 <Pump_SetSpeed>
    110c:	c409                	beqz	s0,1116 <Zigbee_ParseCommand+0x3a>
    110e:	db5ff0ef          	jal	ra,ec2 <Pump_Start>
    1112:	902ff06f          	j	214 <__riscv_restore_0>
    1116:	dd9ff0ef          	jal	ra,eee <Pump_Stop>
    111a:	bfe5                	j	1112 <Zigbee_ParseCommand+0x36>
    111c:	000055b7          	lui	a1,0x5
    1120:	461d                	li	a2,7
    1122:	73858593          	addi	a1,a1,1848 # 5738 <Ch8x16+0x618>
    1126:	8522                	mv	a0,s0
    1128:	3fb030ef          	jal	ra,4d22 <strncmp>
    112c:	ed11                	bnez	a0,1148 <Zigbee_ParseCommand+0x6c>
    112e:	00740703          	lb	a4,7(s0)
    1132:	03100793          	li	a5,49
    1136:	4591                	li	a1,4
    1138:	40012537          	lui	a0,0x40012
    113c:	80050513          	addi	a0,a0,-2048 # 40011800 <_eusrstack+0x20009800>
    1140:	02f71a63          	bne	a4,a5,1174 <Zigbee_ParseCommand+0x98>
    1144:	2d45                	jal	17f4 <GPIO_SetBits>
    1146:	b7f1                	j	1112 <Zigbee_ParseCommand+0x36>
    1148:	000055b7          	lui	a1,0x5
    114c:	4615                	li	a2,5
    114e:	74058593          	addi	a1,a1,1856 # 5740 <Ch8x16+0x620>
    1152:	8522                	mv	a0,s0
    1154:	3cf030ef          	jal	ra,4d22 <strncmp>
    1158:	fd4d                	bnez	a0,1112 <Zigbee_ParseCommand+0x36>
    115a:	00540703          	lb	a4,5(s0)
    115e:	03900793          	li	a5,57
    1162:	faf718e3          	bne	a4,a5,1112 <Zigbee_ParseCommand+0x36>
    1166:	00740703          	lb	a4,7(s0)
    116a:	03100793          	li	a5,49
    116e:	20000593          	li	a1,512
    1172:	b7d9                	j	1138 <Zigbee_ParseCommand+0x5c>
    1174:	2551                	jal	17f8 <GPIO_ResetBits>
    1176:	bf71                	j	1112 <Zigbee_ParseCommand+0x36>

00001178 <UART4_IRQHandler>:
    1178:	1141                	addi	sp,sp,-16
    117a:	c622                	sw	s0,12(sp)
    117c:	40005437          	lui	s0,0x40005
    1180:	52500593          	li	a1,1317
    1184:	c0040513          	addi	a0,s0,-1024 # 40004c00 <_eusrstack+0x1fffcc00>
    1188:	3dd000ef          	jal	ra,1d64 <USART_GetITStatus>
    118c:	c125                	beqz	a0,11ec <UART4_IRQHandler+0x74>
    118e:	c0040513          	addi	a0,s0,-1024
    1192:	3c1000ef          	jal	ra,1d52 <USART_ReceiveData>
    1196:	0ff57593          	andi	a1,a0,255
    119a:	04000713          	li	a4,64
    119e:	81d18793          	addi	a5,gp,-2019 # 2000020d <rx_idx>
    11a2:	00e59463          	bne	a1,a4,11aa <UART4_IRQHandler+0x32>
    11a6:	00078023          	sb	zero,0(a5) # c0000 <_data_lma+0xba514>
    11aa:	2394                	lbu	a3,0(a5)
    11ac:	07e00713          	li	a4,126
    11b0:	02d76463          	bltu	a4,a3,11d8 <UART4_IRQHandler+0x60>
    11b4:	00168713          	addi	a4,a3,1
    11b8:	0ff77613          	andi	a2,a4,255
    11bc:	87818713          	addi	a4,gp,-1928 # 20000268 <g_zigbee_rx_buf>
    11c0:	96ba                	add	a3,a3,a4
    11c2:	a288                	sb	a0,0(a3)
    11c4:	a390                	sb	a2,0(a5)
    11c6:	46a9                	li	a3,10
    11c8:	00d59a63          	bne	a1,a3,11dc <UART4_IRQHandler+0x64>
    11cc:	9732                	add	a4,a4,a2
    11ce:	00070023          	sb	zero,0(a4)
    11d2:	4685                	li	a3,1
    11d4:	80d18e23          	sb	a3,-2020(gp) # 2000020c <g_zigbee_rx_ready>
    11d8:	00078023          	sb	zero,0(a5)
    11dc:	40005537          	lui	a0,0x40005
    11e0:	52500593          	li	a1,1317
    11e4:	c0050513          	addi	a0,a0,-1024 # 40004c00 <_eusrstack+0x1fffcc00>
    11e8:	3b9000ef          	jal	ra,1da0 <USART_ClearITPendingBit>
    11ec:	4432                	lw	s0,12(sp)
    11ee:	0141                	addi	sp,sp,16
    11f0:	30200073          	mret

000011f4 <NMI_Handler>:
    11f4:	a001                	j	11f4 <NMI_Handler>

000011f6 <HardFault_Handler>:
    11f6:	beef07b7          	lui	a5,0xbeef0
    11fa:	e000e737          	lui	a4,0xe000e
    11fe:	08078793          	addi	a5,a5,128 # beef0080 <_eusrstack+0x9eee8080>
    1202:	c73c                	sw	a5,72(a4)
    1204:	a001                	j	1204 <HardFault_Handler+0xe>

00001206 <main>:
    1206:	fbbfe2ef          	jal	t0,1c0 <__riscv_save_12>
    120a:	1101                	addi	sp,sp,-32
    120c:	4509                	li	a0,2
    120e:	2d29                	jal	1828 <NVIC_PriorityGroupConfig>
    1210:	6471                	lui	s0,0x1c
    1212:	2cc1                	jal	14e2 <SystemCoreClockUpdate>
    1214:	3a1000ef          	jal	ra,1db4 <Delay_Init>
    1218:	20040513          	addi	a0,s0,512 # 1c200 <_data_lma+0x16714>
    121c:	42f000ef          	jal	ra,1e4a <USART_Printf_Init>
    1220:	08800793          	li	a5,136
    1224:	8007a073          	csrs	0x800,a5
    1228:	06400593          	li	a1,100
    122c:	3c000513          	li	a0,960
    1230:	cf9ff0ef          	jal	ra,f28 <TIM2_Init>
    1234:	91eff0ef          	jal	ra,352 <OLED_I2C_Init>
    1238:	974ff0ef          	jal	ra,3ac <OLED_Init>
    123c:	a40ff0ef          	jal	ra,47c <OLED_Clear>
    1240:	00005637          	lui	a2,0x5
    1244:	4685                	li	a3,1
    1246:	76860613          	addi	a2,a2,1896 # 5768 <Ch8x16+0x648>
    124a:	4581                	li	a1,0
    124c:	4501                	li	a0,0
    124e:	a62ff0ef          	jal	ra,4b0 <OLED_ShowStr>
    1252:	8b1ff0ef          	jal	ra,b02 <HC_SR04_Init>
    1256:	f7aff0ef          	jal	ra,9d0 <AHT20_Init>
    125a:	b25ff0ef          	jal	ra,d7e <Pump_Init>
    125e:	fa2ff0ef          	jal	ra,a00 <Encoder_Init>
    1262:	20040513          	addi	a0,s0,512
    1266:	d43ff0ef          	jal	ra,fa8 <Zigbee_Init>
    126a:	00005537          	lui	a0,0x5
    126e:	77850513          	addi	a0,a0,1912 # 5778 <Ch8x16+0x658>
    1272:	432010ef          	jal	ra,26a4 <puts>
    1276:	000057b7          	lui	a5,0x5
    127a:	7647ab03          	lw	s6,1892(a5) # 5764 <Ch8x16+0x644>
    127e:	00000493          	li	s1,0
    1282:	59fd                	li	s3,-1
    1284:	00005c37          	lui	s8,0x5
    1288:	00005cb7          	lui	s9,0x5
    128c:	f5aff0ef          	jal	ra,9e6 <AHT20_Task>
    1290:	82818713          	addi	a4,gp,-2008 # 20000218 <last_sr.5957>
    1294:	8181a683          	lw	a3,-2024(gp) # 20000208 <timer_cnt>
    1298:	431c                	lw	a5,0(a4)
    129a:	7cf00613          	li	a2,1999
    129e:	40f687b3          	sub	a5,a3,a5
    12a2:	02f67b63          	bgeu	a2,a5,12d8 <main+0xd2>
    12a6:	c314                	sw	a3,0(a4)
    12a8:	903ff0ef          	jal	ra,baa <HC_SR04_GetDistance_cm>
    12ac:	00000593          	li	a1,0
    12b0:	842a                	mv	s0,a0
    12b2:	092030ef          	jal	ra,4344 <__gesf2>
    12b6:	02a05163          	blez	a0,12d8 <main+0xd2>
    12ba:	85a2                	mv	a1,s0
    12bc:	855a                	mv	a0,s6
    12be:	428030ef          	jal	ra,46e6 <__subsf3>
    12c2:	00000593          	li	a1,0
    12c6:	84aa                	mv	s1,a0
    12c8:	102030ef          	jal	ra,43ca <__lesf2>
    12cc:	00055463          	bgez	a0,12d4 <main+0xce>
    12d0:	00000493          	li	s1,0
    12d4:	8291a023          	sw	s1,-2016(gp) # 20000210 <g_zigbee_level>
    12d8:	82418713          	addi	a4,gp,-2012 # 20000214 <last_oled.5960>
    12dc:	8181a683          	lw	a3,-2024(gp) # 20000208 <timer_cnt>
    12e0:	431c                	lw	a5,0(a4)
    12e2:	0c700613          	li	a2,199
    12e6:	40f687b3          	sub	a5,a3,a5
    12ea:	0af67f63          	bgeu	a2,a5,13a8 <main+0x1a2>
    12ee:	c314                	sw	a3,0(a4)
    12f0:	f04ff0ef          	jal	ra,9f4 <AHT20_GetTemperature>
    12f4:	8daa                	mv	s11,a0
    12f6:	f04ff0ef          	jal	ra,9fa <AHT20_GetHumidity>
    12fa:	8d2a                	mv	s10,a0
    12fc:	f74ff0ef          	jal	ra,a70 <Encoder_GetSpeed>
    1300:	842a                	mv	s0,a0
    1302:	00a98a63          	beq	s3,a0,1316 <main+0x110>
    1306:	0ff57513          	andi	a0,a0,255
    130a:	b7fff0ef          	jal	ra,e88 <Pump_SetSpeed>
    130e:	0c805a63          	blez	s0,13e2 <main+0x1dc>
    1312:	bb1ff0ef          	jal	ra,ec2 <Pump_Start>
    1316:	856e                	mv	a0,s11
    1318:	0eb030ef          	jal	ra,4c02 <__extendsfdf2>
    131c:	872a                	mv	a4,a0
    131e:	87ae                	mv	a5,a1
    1320:	788c0613          	addi	a2,s8,1928 # 5788 <Ch8x16+0x668>
    1324:	02000593          	li	a1,32
    1328:	850a                	mv	a0,sp
    132a:	350010ef          	jal	ra,267a <snprintf>
    132e:	4685                	li	a3,1
    1330:	860a                	mv	a2,sp
    1332:	4581                	li	a1,0
    1334:	4501                	li	a0,0
    1336:	97aff0ef          	jal	ra,4b0 <OLED_ShowStr>
    133a:	856a                	mv	a0,s10
    133c:	0c7030ef          	jal	ra,4c02 <__extendsfdf2>
    1340:	872a                	mv	a4,a0
    1342:	87ae                	mv	a5,a1
    1344:	798c8613          	addi	a2,s9,1944 # 5798 <Ch8x16+0x678>
    1348:	02000593          	li	a1,32
    134c:	850a                	mv	a0,sp
    134e:	32c010ef          	jal	ra,267a <snprintf>
    1352:	4685                	li	a3,1
    1354:	860a                	mv	a2,sp
    1356:	4589                	li	a1,2
    1358:	4501                	li	a0,0
    135a:	956ff0ef          	jal	ra,4b0 <OLED_ShowStr>
    135e:	8526                	mv	a0,s1
    1360:	0a3030ef          	jal	ra,4c02 <__extendsfdf2>
    1364:	00005637          	lui	a2,0x5
    1368:	872a                	mv	a4,a0
    136a:	87ae                	mv	a5,a1
    136c:	7ac60613          	addi	a2,a2,1964 # 57ac <Ch8x16+0x68c>
    1370:	02000593          	li	a1,32
    1374:	850a                	mv	a0,sp
    1376:	304010ef          	jal	ra,267a <snprintf>
    137a:	4685                	li	a3,1
    137c:	860a                	mv	a2,sp
    137e:	4591                	li	a1,4
    1380:	4501                	li	a0,0
    1382:	92eff0ef          	jal	ra,4b0 <OLED_ShowStr>
    1386:	00005637          	lui	a2,0x5
    138a:	86a2                	mv	a3,s0
    138c:	7c060613          	addi	a2,a2,1984 # 57c0 <Ch8x16+0x6a0>
    1390:	02000593          	li	a1,32
    1394:	850a                	mv	a0,sp
    1396:	2e4010ef          	jal	ra,267a <snprintf>
    139a:	4685                	li	a3,1
    139c:	860a                	mv	a2,sp
    139e:	4599                	li	a1,6
    13a0:	4501                	li	a0,0
    13a2:	90eff0ef          	jal	ra,4b0 <OLED_ShowStr>
    13a6:	89a2                	mv	s3,s0
    13a8:	82c18793          	addi	a5,gp,-2004 # 2000021c <last_zig.5965>
    13ac:	8181a683          	lw	a3,-2024(gp) # 20000208 <timer_cnt>
    13b0:	4398                	lw	a4,0(a5)
    13b2:	7cf00613          	li	a2,1999
    13b6:	40e68733          	sub	a4,a3,a4
    13ba:	00e67563          	bgeu	a2,a4,13c4 <main+0x1be>
    13be:	c394                	sw	a3,0(a5)
    13c0:	cc3ff0ef          	jal	ra,1082 <Zigbee_SendSensorData>
    13c4:	81c1c783          	lbu	a5,-2020(gp) # 2000020c <g_zigbee_rx_ready>
    13c8:	cb89                	beqz	a5,13da <main+0x1d4>
    13ca:	20000537          	lui	a0,0x20000
    13ce:	26850513          	addi	a0,a0,616 # 20000268 <g_zigbee_rx_buf>
    13d2:	d0bff0ef          	jal	ra,10dc <Zigbee_ParseCommand>
    13d6:	80018e23          	sb	zero,-2020(gp) # 2000020c <g_zigbee_rx_ready>
    13da:	4529                	li	a0,10
    13dc:	239000ef          	jal	ra,1e14 <Delay_Ms>
    13e0:	b575                	j	128c <main+0x86>
    13e2:	b0dff0ef          	jal	ra,eee <Pump_Stop>
    13e6:	bf05                	j	1316 <main+0x110>

000013e8 <SystemInit>:
    13e8:	400217b7          	lui	a5,0x40021
    13ec:	4398                	lw	a4,0(a5)
    13ee:	f0ff06b7          	lui	a3,0xf0ff0
    13f2:	1141                	addi	sp,sp,-16
    13f4:	00176713          	ori	a4,a4,1
    13f8:	c398                	sw	a4,0(a5)
    13fa:	43d8                	lw	a4,4(a5)
    13fc:	00020637          	lui	a2,0x20
    1400:	8f75                	and	a4,a4,a3
    1402:	c3d8                	sw	a4,4(a5)
    1404:	4398                	lw	a4,0(a5)
    1406:	fef706b7          	lui	a3,0xfef70
    140a:	16fd                	addi	a3,a3,-1
    140c:	8f75                	and	a4,a4,a3
    140e:	c398                	sw	a4,0(a5)
    1410:	4398                	lw	a4,0(a5)
    1412:	fffc06b7          	lui	a3,0xfffc0
    1416:	16fd                	addi	a3,a3,-1
    1418:	8f75                	and	a4,a4,a3
    141a:	c398                	sw	a4,0(a5)
    141c:	43d8                	lw	a4,4(a5)
    141e:	ff0106b7          	lui	a3,0xff010
    1422:	16fd                	addi	a3,a3,-1
    1424:	8f75                	and	a4,a4,a3
    1426:	c3d8                	sw	a4,4(a5)
    1428:	4398                	lw	a4,0(a5)
    142a:	ec0006b7          	lui	a3,0xec000
    142e:	16fd                	addi	a3,a3,-1
    1430:	8f75                	and	a4,a4,a3
    1432:	c398                	sw	a4,0(a5)
    1434:	00ff0737          	lui	a4,0xff0
    1438:	c798                	sw	a4,8(a5)
    143a:	0207a623          	sw	zero,44(a5) # 4002102c <_eusrstack+0x2001902c>
    143e:	c402                	sw	zero,8(sp)
    1440:	c602                	sw	zero,12(sp)
    1442:	4398                	lw	a4,0(a5)
    1444:	66c1                	lui	a3,0x10
    1446:	8f55                	or	a4,a4,a3
    1448:	c398                	sw	a4,0(a5)
    144a:	400216b7          	lui	a3,0x40021
    144e:	6705                	lui	a4,0x1
    1450:	429c                	lw	a5,0(a3)
    1452:	8ff1                	and	a5,a5,a2
    1454:	c63e                	sw	a5,12(sp)
    1456:	47a2                	lw	a5,8(sp)
    1458:	0785                	addi	a5,a5,1
    145a:	c43e                	sw	a5,8(sp)
    145c:	47b2                	lw	a5,12(sp)
    145e:	e781                	bnez	a5,1466 <SystemInit+0x7e>
    1460:	47a2                	lw	a5,8(sp)
    1462:	fee797e3          	bne	a5,a4,1450 <SystemInit+0x68>
    1466:	400217b7          	lui	a5,0x40021
    146a:	439c                	lw	a5,0(a5)
    146c:	00e79713          	slli	a4,a5,0xe
    1470:	06075763          	bgez	a4,14de <SystemInit+0xf6>
    1474:	4785                	li	a5,1
    1476:	c63e                	sw	a5,12(sp)
    1478:	4732                	lw	a4,12(sp)
    147a:	4785                	li	a5,1
    147c:	04f71f63          	bne	a4,a5,14da <SystemInit+0xf2>
    1480:	400217b7          	lui	a5,0x40021
    1484:	43d8                	lw	a4,4(a5)
    1486:	ffc106b7          	lui	a3,0xffc10
    148a:	16fd                	addi	a3,a3,-1
    148c:	c3d8                	sw	a4,4(a5)
    148e:	43d8                	lw	a4,4(a5)
    1490:	c3d8                	sw	a4,4(a5)
    1492:	43d8                	lw	a4,4(a5)
    1494:	40076713          	ori	a4,a4,1024
    1498:	c3d8                	sw	a4,4(a5)
    149a:	43d8                	lw	a4,4(a5)
    149c:	8f75                	and	a4,a4,a3
    149e:	c3d8                	sw	a4,4(a5)
    14a0:	43d8                	lw	a4,4(a5)
    14a2:	002906b7          	lui	a3,0x290
    14a6:	8f55                	or	a4,a4,a3
    14a8:	c3d8                	sw	a4,4(a5)
    14aa:	4398                	lw	a4,0(a5)
    14ac:	010006b7          	lui	a3,0x1000
    14b0:	8f55                	or	a4,a4,a3
    14b2:	c398                	sw	a4,0(a5)
    14b4:	4398                	lw	a4,0(a5)
    14b6:	00671693          	slli	a3,a4,0x6
    14ba:	fe06dde3          	bgez	a3,14b4 <SystemInit+0xcc>
    14be:	43d8                	lw	a4,4(a5)
    14c0:	400216b7          	lui	a3,0x40021
    14c4:	9b71                	andi	a4,a4,-4
    14c6:	c3d8                	sw	a4,4(a5)
    14c8:	43d8                	lw	a4,4(a5)
    14ca:	00276713          	ori	a4,a4,2
    14ce:	c3d8                	sw	a4,4(a5)
    14d0:	4721                	li	a4,8
    14d2:	42dc                	lw	a5,4(a3)
    14d4:	8bb1                	andi	a5,a5,12
    14d6:	fee79ee3          	bne	a5,a4,14d2 <SystemInit+0xea>
    14da:	0141                	addi	sp,sp,16
    14dc:	8082                	ret
    14de:	c602                	sw	zero,12(sp)
    14e0:	bf61                	j	1478 <SystemInit+0x90>

000014e2 <SystemCoreClockUpdate>:
    14e2:	400216b7          	lui	a3,0x40021
    14e6:	42d8                	lw	a4,4(a3)
    14e8:	4611                	li	a2,4
    14ea:	8b31                	andi	a4,a4,12
    14ec:	80418793          	addi	a5,gp,-2044 # 200001f4 <SystemCoreClock>
    14f0:	00c70563          	beq	a4,a2,14fa <SystemCoreClockUpdate+0x18>
    14f4:	4621                	li	a2,8
    14f6:	02c70863          	beq	a4,a2,1526 <SystemCoreClockUpdate+0x44>
    14fa:	007a1737          	lui	a4,0x7a1
    14fe:	20070713          	addi	a4,a4,512 # 7a1200 <_data_lma+0x79b714>
    1502:	c398                	sw	a4,0(a5)
    1504:	40021737          	lui	a4,0x40021
    1508:	4358                	lw	a4,4(a4)
    150a:	8311                	srli	a4,a4,0x4
    150c:	00f77693          	andi	a3,a4,15
    1510:	20000737          	lui	a4,0x20000
    1514:	00070713          	mv	a4,a4
    1518:	9736                	add	a4,a4,a3
    151a:	2314                	lbu	a3,0(a4)
    151c:	4398                	lw	a4,0(a5)
    151e:	00d75733          	srl	a4,a4,a3
    1522:	c398                	sw	a4,0(a5)
    1524:	8082                	ret
    1526:	42d8                	lw	a4,4(a3)
    1528:	42d4                	lw	a3,4(a3)
    152a:	6641                	lui	a2,0x10
    152c:	8349                	srli	a4,a4,0x12
    152e:	8b3d                	andi	a4,a4,15
    1530:	8ef1                	and	a3,a3,a2
    1532:	00270613          	addi	a2,a4,2 # 20000002 <_data_vma+0x2>
    1536:	cf15                	beqz	a4,1572 <SystemCoreClockUpdate+0x90>
    1538:	473d                	li	a4,15
    153a:	02e60f63          	beq	a2,a4,1578 <SystemCoreClockUpdate+0x96>
    153e:	4741                	li	a4,16
    1540:	02e60f63          	beq	a2,a4,157e <SystemCoreClockUpdate+0x9c>
    1544:	4745                	li	a4,17
    1546:	4581                	li	a1,0
    1548:	00e61363          	bne	a2,a4,154e <SystemCoreClockUpdate+0x6c>
    154c:	4641                	li	a2,16
    154e:	e2a1                	bnez	a3,158e <SystemCoreClockUpdate+0xac>
    1550:	40024737          	lui	a4,0x40024
    1554:	80072703          	lw	a4,-2048(a4) # 40023800 <_eusrstack+0x2001b800>
    1558:	8b41                	andi	a4,a4,16
    155a:	c70d                	beqz	a4,1584 <SystemCoreClockUpdate+0xa2>
    155c:	007a1737          	lui	a4,0x7a1
    1560:	20070713          	addi	a4,a4,512 # 7a1200 <_data_lma+0x79b714>
    1564:	02c70633          	mul	a2,a4,a2
    1568:	c390                	sw	a2,0(a5)
    156a:	ddc9                	beqz	a1,1504 <SystemCoreClockUpdate+0x22>
    156c:	4398                	lw	a4,0(a5)
    156e:	8305                	srli	a4,a4,0x1
    1570:	bf49                	j	1502 <SystemCoreClockUpdate+0x20>
    1572:	4581                	li	a1,0
    1574:	4649                	li	a2,18
    1576:	bfe1                	j	154e <SystemCoreClockUpdate+0x6c>
    1578:	4585                	li	a1,1
    157a:	4635                	li	a2,13
    157c:	bfc9                	j	154e <SystemCoreClockUpdate+0x6c>
    157e:	4581                	li	a1,0
    1580:	463d                	li	a2,15
    1582:	b7f1                	j	154e <SystemCoreClockUpdate+0x6c>
    1584:	003d1737          	lui	a4,0x3d1
    1588:	90070713          	addi	a4,a4,-1792 # 3d0900 <_data_lma+0x3cae14>
    158c:	bfe1                	j	1564 <SystemCoreClockUpdate+0x82>
    158e:	40021537          	lui	a0,0x40021
    1592:	5558                	lw	a4,44(a0)
    1594:	00f71693          	slli	a3,a4,0xf
    1598:	5558                	lw	a4,44(a0)
    159a:	0406df63          	bgez	a3,15f8 <SystemCoreClockUpdate+0x116>
    159e:	8311                	srli	a4,a4,0x4
    15a0:	8b3d                	andi	a4,a4,15
    15a2:	00170693          	addi	a3,a4,1
    15a6:	007a1737          	lui	a4,0x7a1
    15aa:	20070713          	addi	a4,a4,512 # 7a1200 <_data_lma+0x79b714>
    15ae:	02d75733          	divu	a4,a4,a3
    15b2:	c398                	sw	a4,0(a5)
    15b4:	5554                	lw	a3,44(a0)
    15b6:	82a1                	srli	a3,a3,0x8
    15b8:	8abd                	andi	a3,a3,15
    15ba:	e28d                	bnez	a3,15dc <SystemCoreClockUpdate+0xfa>
    15bc:	4695                	li	a3,5
    15be:	02d70733          	mul	a4,a4,a3
    15c2:	8305                	srli	a4,a4,0x1
    15c4:	c398                	sw	a4,0(a5)
    15c6:	40021737          	lui	a4,0x40021
    15ca:	5758                	lw	a4,44(a4)
    15cc:	4394                	lw	a3,0(a5)
    15ce:	8b3d                	andi	a4,a4,15
    15d0:	0705                	addi	a4,a4,1
    15d2:	02e6d733          	divu	a4,a3,a4
    15d6:	c398                	sw	a4,0(a5)
    15d8:	4398                	lw	a4,0(a5)
    15da:	b769                	j	1564 <SystemCoreClockUpdate+0x82>
    15dc:	4505                	li	a0,1
    15de:	00a69463          	bne	a3,a0,15e6 <SystemCoreClockUpdate+0x104>
    15e2:	46e5                	li	a3,25
    15e4:	bfe9                	j	15be <SystemCoreClockUpdate+0xdc>
    15e6:	453d                	li	a0,15
    15e8:	00a69663          	bne	a3,a0,15f4 <SystemCoreClockUpdate+0x112>
    15ec:	46d1                	li	a3,20
    15ee:	02e68733          	mul	a4,a3,a4
    15f2:	bfc9                	j	15c4 <SystemCoreClockUpdate+0xe2>
    15f4:	0689                	addi	a3,a3,2
    15f6:	bfe5                	j	15ee <SystemCoreClockUpdate+0x10c>
    15f8:	8b3d                	andi	a4,a4,15
    15fa:	00170693          	addi	a3,a4,1 # 40021001 <_eusrstack+0x20019001>
    15fe:	007a1737          	lui	a4,0x7a1
    1602:	20070713          	addi	a4,a4,512 # 7a1200 <_data_lma+0x79b714>
    1606:	02d75733          	divu	a4,a4,a3
    160a:	b7f1                	j	15d6 <SystemCoreClockUpdate+0xf4>

0000160c <ADC1_2_IRQHandler>:
    160c:	a001                	j	160c <ADC1_2_IRQHandler>

0000160e <handle_reset>:
    160e:	1ffff197          	auipc	gp,0x1ffff
    1612:	3e218193          	addi	gp,gp,994 # 200009f0 <__global_pointer$>
    1616:	20007117          	auipc	sp,0x20007
    161a:	9ea10113          	addi	sp,sp,-1558 # 20008000 <_eusrstack>
    161e:	00004517          	auipc	a0,0x4
    1622:	4ce50513          	addi	a0,a0,1230 # 5aec <_data_lma>
    1626:	1ffff597          	auipc	a1,0x1ffff
    162a:	9da58593          	addi	a1,a1,-1574 # 20000000 <_data_vma>
    162e:	81018613          	addi	a2,gp,-2032 # 20000200 <_edata>
    1632:	00c5fa63          	bgeu	a1,a2,1646 <handle_reset+0x38>
    1636:	00052283          	lw	t0,0(a0)
    163a:	0055a023          	sw	t0,0(a1)
    163e:	0511                	addi	a0,a0,4
    1640:	0591                	addi	a1,a1,4
    1642:	fec5eae3          	bltu	a1,a2,1636 <handle_reset+0x28>
    1646:	81018513          	addi	a0,gp,-2032 # 20000200 <_edata>
    164a:	8f818593          	addi	a1,gp,-1800 # 200002e8 <_ebss>
    164e:	00b57763          	bgeu	a0,a1,165c <handle_reset+0x4e>
    1652:	00052023          	sw	zero,0(a0)
    1656:	0511                	addi	a0,a0,4
    1658:	feb56de3          	bltu	a0,a1,1652 <handle_reset+0x44>
    165c:	42fd                	li	t0,31
    165e:	bc029073          	csrw	0xbc0,t0
    1662:	42ad                	li	t0,11
    1664:	80429073          	csrw	0x804,t0
    1668:	000062b7          	lui	t0,0x6
    166c:	08828293          	addi	t0,t0,136 # 6088 <_data_lma+0x59c>
    1670:	30029073          	csrw	mstatus,t0
    1674:	fffff297          	auipc	t0,0xfffff
    1678:	99028293          	addi	t0,t0,-1648 # 4 <_einit>
    167c:	0032e293          	ori	t0,t0,3
    1680:	30529073          	csrw	mtvec,t0
    1684:	d65ff0ef          	jal	ra,13e8 <SystemInit>
    1688:	00000297          	auipc	t0,0x0
    168c:	b7e28293          	addi	t0,t0,-1154 # 1206 <main>
    1690:	34129073          	csrw	mepc,t0
    1694:	30200073          	mret

00001698 <EXTI_Init>:
    1698:	4158                	lw	a4,4(a0)
    169a:	00052803          	lw	a6,0(a0)
    169e:	454c                	lw	a1,12(a0)
    16a0:	40010637          	lui	a2,0x40010
    16a4:	40060793          	addi	a5,a2,1024 # 40010400 <_eusrstack+0x20008400>
    16a8:	973e                	add	a4,a4,a5
    16aa:	fff84693          	not	a3,a6
    16ae:	c5b1                	beqz	a1,16fa <EXTI_Init+0x62>
    16b0:	40062583          	lw	a1,1024(a2)
    16b4:	8df5                	and	a1,a1,a3
    16b6:	40b62023          	sw	a1,1024(a2)
    16ba:	43d0                	lw	a2,4(a5)
    16bc:	8ef1                	and	a3,a3,a2
    16be:	c3d4                	sw	a3,4(a5)
    16c0:	4314                	lw	a3,0(a4)
    16c2:	0106e6b3          	or	a3,a3,a6
    16c6:	c314                	sw	a3,0(a4)
    16c8:	4118                	lw	a4,0(a0)
    16ca:	4790                	lw	a2,8(a5)
    16cc:	fff74693          	not	a3,a4
    16d0:	8e75                	and	a2,a2,a3
    16d2:	c790                	sw	a2,8(a5)
    16d4:	47d0                	lw	a2,12(a5)
    16d6:	8ef1                	and	a3,a3,a2
    16d8:	c7d4                	sw	a3,12(a5)
    16da:	4514                	lw	a3,8(a0)
    16dc:	4641                	li	a2,16
    16de:	00c69963          	bne	a3,a2,16f0 <EXTI_Init+0x58>
    16e2:	4794                	lw	a3,8(a5)
    16e4:	8ed9                	or	a3,a3,a4
    16e6:	c794                	sw	a3,8(a5)
    16e8:	47d4                	lw	a3,12(a5)
    16ea:	8f55                	or	a4,a4,a3
    16ec:	c7d8                	sw	a4,12(a5)
    16ee:	8082                	ret
    16f0:	97b6                	add	a5,a5,a3
    16f2:	4394                	lw	a3,0(a5)
    16f4:	8f55                	or	a4,a4,a3
    16f6:	c398                	sw	a4,0(a5)
    16f8:	8082                	ret
    16fa:	431c                	lw	a5,0(a4)
    16fc:	8ff5                	and	a5,a5,a3
    16fe:	c31c                	sw	a5,0(a4)
    1700:	8082                	ret

00001702 <EXTI_GetITStatus>:
    1702:	400107b7          	lui	a5,0x40010
    1706:	40078713          	addi	a4,a5,1024 # 40010400 <_eusrstack+0x20008400>
    170a:	4007a783          	lw	a5,1024(a5)
    170e:	4b58                	lw	a4,20(a4)
    1710:	8f69                	and	a4,a4,a0
    1712:	c709                	beqz	a4,171c <EXTI_GetITStatus+0x1a>
    1714:	8d7d                	and	a0,a0,a5
    1716:	00a03533          	snez	a0,a0
    171a:	8082                	ret
    171c:	4501                	li	a0,0
    171e:	8082                	ret

00001720 <EXTI_ClearITPendingBit>:
    1720:	400107b7          	lui	a5,0x40010
    1724:	40a7aa23          	sw	a0,1044(a5) # 40010414 <_eusrstack+0x20008414>
    1728:	8082                	ret

0000172a <GPIO_Init>:
    172a:	459c                	lw	a5,8(a1)
    172c:	0107f713          	andi	a4,a5,16
    1730:	00f7f813          	andi	a6,a5,15
    1734:	c701                	beqz	a4,173c <GPIO_Init+0x12>
    1736:	41d8                	lw	a4,4(a1)
    1738:	00e86833          	or	a6,a6,a4
    173c:	218e                	lhu	a1,0(a1)
    173e:	0ff5f713          	andi	a4,a1,255
    1742:	c339                	beqz	a4,1788 <GPIO_Init+0x5e>
    1744:	4118                	lw	a4,0(a0)
    1746:	4681                	li	a3,0
    1748:	4e85                	li	t4,1
    174a:	4f3d                	li	t5,15
    174c:	02800f93          	li	t6,40
    1750:	04800293          	li	t0,72
    1754:	4e21                	li	t3,8
    1756:	00de9633          	sll	a2,t4,a3
    175a:	00c5f8b3          	and	a7,a1,a2
    175e:	03161163          	bne	a2,a7,1780 <GPIO_Init+0x56>
    1762:	00269893          	slli	a7,a3,0x2
    1766:	011f1333          	sll	t1,t5,a7
    176a:	fff34313          	not	t1,t1
    176e:	00e37733          	and	a4,t1,a4
    1772:	011818b3          	sll	a7,a6,a7
    1776:	00e8e733          	or	a4,a7,a4
    177a:	05f79f63          	bne	a5,t6,17d8 <GPIO_Init+0xae>
    177e:	c950                	sw	a2,20(a0)
    1780:	0685                	addi	a3,a3,1
    1782:	fdc69ae3          	bne	a3,t3,1756 <GPIO_Init+0x2c>
    1786:	c118                	sw	a4,0(a0)
    1788:	0ff00713          	li	a4,255
    178c:	04b77563          	bgeu	a4,a1,17d6 <GPIO_Init+0xac>
    1790:	4154                	lw	a3,4(a0)
    1792:	4621                	li	a2,8
    1794:	4e85                	li	t4,1
    1796:	4f3d                	li	t5,15
    1798:	02800f93          	li	t6,40
    179c:	04800293          	li	t0,72
    17a0:	4e41                	li	t3,16
    17a2:	00ce98b3          	sll	a7,t4,a2
    17a6:	0115f733          	and	a4,a1,a7
    17aa:	02e89263          	bne	a7,a4,17ce <GPIO_Init+0xa4>
    17ae:	00261713          	slli	a4,a2,0x2
    17b2:	1701                	addi	a4,a4,-32
    17b4:	00ef1333          	sll	t1,t5,a4
    17b8:	fff34313          	not	t1,t1
    17bc:	00d376b3          	and	a3,t1,a3
    17c0:	00e81733          	sll	a4,a6,a4
    17c4:	8ed9                	or	a3,a3,a4
    17c6:	01f79d63          	bne	a5,t6,17e0 <GPIO_Init+0xb6>
    17ca:	01152a23          	sw	a7,20(a0)
    17ce:	0605                	addi	a2,a2,1
    17d0:	fdc619e3          	bne	a2,t3,17a2 <GPIO_Init+0x78>
    17d4:	c154                	sw	a3,4(a0)
    17d6:	8082                	ret
    17d8:	fa5794e3          	bne	a5,t0,1780 <GPIO_Init+0x56>
    17dc:	c910                	sw	a2,16(a0)
    17de:	b74d                	j	1780 <GPIO_Init+0x56>
    17e0:	fe5797e3          	bne	a5,t0,17ce <GPIO_Init+0xa4>
    17e4:	01152823          	sw	a7,16(a0)
    17e8:	b7dd                	j	17ce <GPIO_Init+0xa4>

000017ea <GPIO_ReadInputDataBit>:
    17ea:	4508                	lw	a0,8(a0)
    17ec:	8d6d                	and	a0,a0,a1
    17ee:	00a03533          	snez	a0,a0
    17f2:	8082                	ret

000017f4 <GPIO_SetBits>:
    17f4:	c90c                	sw	a1,16(a0)
    17f6:	8082                	ret

000017f8 <GPIO_ResetBits>:
    17f8:	c94c                	sw	a1,20(a0)
    17fa:	8082                	ret

000017fc <GPIO_EXTILineConfig>:
    17fc:	0fc5f713          	andi	a4,a1,252
    1800:	0035f793          	andi	a5,a1,3
    1804:	400105b7          	lui	a1,0x40010
    1808:	95ba                	add	a1,a1,a4
    180a:	4594                	lw	a3,8(a1)
    180c:	078a                	slli	a5,a5,0x2
    180e:	473d                	li	a4,15
    1810:	00f71733          	sll	a4,a4,a5
    1814:	fff74713          	not	a4,a4
    1818:	8f75                	and	a4,a4,a3
    181a:	c598                	sw	a4,8(a1)
    181c:	4598                	lw	a4,8(a1)
    181e:	00f51533          	sll	a0,a0,a5
    1822:	8d59                	or	a0,a0,a4
    1824:	c588                	sw	a0,8(a1)
    1826:	8082                	ret

00001828 <NVIC_PriorityGroupConfig>:
    1828:	82a1a823          	sw	a0,-2000(gp) # 20000220 <NVIC_Priority_Group>
    182c:	8082                	ret

0000182e <NVIC_Init>:
    182e:	8301a703          	lw	a4,-2000(gp) # 20000220 <NVIC_Priority_Group>
    1832:	4789                	li	a5,2
    1834:	2110                	lbu	a2,0(a0)
    1836:	02f71163          	bne	a4,a5,1858 <NVIC_Init+0x2a>
    183a:	3114                	lbu	a3,1(a0)
    183c:	478d                	li	a5,3
    183e:	00d7ed63          	bltu	a5,a3,1858 <NVIC_Init+0x2a>
    1842:	213c                	lbu	a5,2(a0)
    1844:	069a                	slli	a3,a3,0x6
    1846:	e000e737          	lui	a4,0xe000e
    184a:	0796                	slli	a5,a5,0x5
    184c:	8fd5                	or	a5,a5,a3
    184e:	0ff7f793          	andi	a5,a5,255
    1852:	9732                	add	a4,a4,a2
    1854:	40f70023          	sb	a5,1024(a4) # e000e400 <_eusrstack+0xc0006400>
    1858:	4154                	lw	a3,4(a0)
    185a:	4705                	li	a4,1
    185c:	00565793          	srli	a5,a2,0x5
    1860:	00c71733          	sll	a4,a4,a2
    1864:	ca89                	beqz	a3,1876 <NVIC_Init+0x48>
    1866:	04078793          	addi	a5,a5,64
    186a:	078a                	slli	a5,a5,0x2
    186c:	e000e6b7          	lui	a3,0xe000e
    1870:	97b6                	add	a5,a5,a3
    1872:	c398                	sw	a4,0(a5)
    1874:	8082                	ret
    1876:	06078793          	addi	a5,a5,96
    187a:	e000e6b7          	lui	a3,0xe000e
    187e:	078a                	slli	a5,a5,0x2
    1880:	97b6                	add	a5,a5,a3
    1882:	c398                	sw	a4,0(a5)
    1884:	0000100f          	fence.i
    1888:	8082                	ret

0000188a <RCC_GetClocksFreq>:
    188a:	40021737          	lui	a4,0x40021
    188e:	435c                	lw	a5,4(a4)
    1890:	4691                	li	a3,4
    1892:	8bb1                	andi	a5,a5,12
    1894:	00d78563          	beq	a5,a3,189e <RCC_GetClocksFreq+0x14>
    1898:	46a1                	li	a3,8
    189a:	06d78263          	beq	a5,a3,18fe <RCC_GetClocksFreq+0x74>
    189e:	007a17b7          	lui	a5,0x7a1
    18a2:	20078793          	addi	a5,a5,512 # 7a1200 <_data_lma+0x79b714>
    18a6:	c11c                	sw	a5,0(a0)
    18a8:	40021637          	lui	a2,0x40021
    18ac:	425c                	lw	a5,4(a2)
    18ae:	20000737          	lui	a4,0x20000
    18b2:	01070713          	addi	a4,a4,16 # 20000010 <APBAHBPrescTable>
    18b6:	8391                	srli	a5,a5,0x4
    18b8:	8bbd                	andi	a5,a5,15
    18ba:	97ba                	add	a5,a5,a4
    18bc:	2394                	lbu	a3,0(a5)
    18be:	411c                	lw	a5,0(a0)
    18c0:	00d7d7b3          	srl	a5,a5,a3
    18c4:	c15c                	sw	a5,4(a0)
    18c6:	4254                	lw	a3,4(a2)
    18c8:	82a1                	srli	a3,a3,0x8
    18ca:	8a9d                	andi	a3,a3,7
    18cc:	96ba                	add	a3,a3,a4
    18ce:	2294                	lbu	a3,0(a3)
    18d0:	00d7d6b3          	srl	a3,a5,a3
    18d4:	c514                	sw	a3,8(a0)
    18d6:	4254                	lw	a3,4(a2)
    18d8:	82ad                	srli	a3,a3,0xb
    18da:	8a9d                	andi	a3,a3,7
    18dc:	9736                	add	a4,a4,a3
    18de:	2318                	lbu	a4,0(a4)
    18e0:	00e7d7b3          	srl	a5,a5,a4
    18e4:	c55c                	sw	a5,12(a0)
    18e6:	4258                	lw	a4,4(a2)
    18e8:	8339                	srli	a4,a4,0xe
    18ea:	00377693          	andi	a3,a4,3
    18ee:	80818713          	addi	a4,gp,-2040 # 200001f8 <ADCPrescTable>
    18f2:	9736                	add	a4,a4,a3
    18f4:	2318                	lbu	a4,0(a4)
    18f6:	02e7d7b3          	divu	a5,a5,a4
    18fa:	c91c                	sw	a5,16(a0)
    18fc:	8082                	ret
    18fe:	435c                	lw	a5,4(a4)
    1900:	4358                	lw	a4,4(a4)
    1902:	66c1                	lui	a3,0x10
    1904:	83c9                	srli	a5,a5,0x12
    1906:	8f75                	and	a4,a4,a3
    1908:	1ffff6b7          	lui	a3,0x1ffff
    190c:	70c6a683          	lw	a3,1804(a3) # 1ffff70c <_data_lma+0x1fff9c20>
    1910:	8bbd                	andi	a5,a5,15
    1912:	0789                	addi	a5,a5,2
    1914:	01169613          	slli	a2,a3,0x11
    1918:	00064863          	bltz	a2,1928 <RCC_GetClocksFreq+0x9e>
    191c:	46c5                	li	a3,17
    191e:	4601                	li	a2,0
    1920:	02d79263          	bne	a5,a3,1944 <RCC_GetClocksFreq+0xba>
    1924:	47c9                	li	a5,18
    1926:	a839                	j	1944 <RCC_GetClocksFreq+0xba>
    1928:	4689                	li	a3,2
    192a:	02d78f63          	beq	a5,a3,1968 <RCC_GetClocksFreq+0xde>
    192e:	46bd                	li	a3,15
    1930:	02d78e63          	beq	a5,a3,196c <RCC_GetClocksFreq+0xe2>
    1934:	46c1                	li	a3,16
    1936:	02d78e63          	beq	a5,a3,1972 <RCC_GetClocksFreq+0xe8>
    193a:	46c5                	li	a3,17
    193c:	4601                	li	a2,0
    193e:	00d79363          	bne	a5,a3,1944 <RCC_GetClocksFreq+0xba>
    1942:	47c1                	li	a5,16
    1944:	ef1d                	bnez	a4,1982 <RCC_GetClocksFreq+0xf8>
    1946:	40024737          	lui	a4,0x40024
    194a:	80072703          	lw	a4,-2048(a4) # 40023800 <_eusrstack+0x2001b800>
    194e:	8b41                	andi	a4,a4,16
    1950:	c705                	beqz	a4,1978 <RCC_GetClocksFreq+0xee>
    1952:	007a1737          	lui	a4,0x7a1
    1956:	20070713          	addi	a4,a4,512 # 7a1200 <_data_lma+0x79b714>
    195a:	02f707b3          	mul	a5,a4,a5
    195e:	c11c                	sw	a5,0(a0)
    1960:	d621                	beqz	a2,18a8 <RCC_GetClocksFreq+0x1e>
    1962:	411c                	lw	a5,0(a0)
    1964:	8385                	srli	a5,a5,0x1
    1966:	b781                	j	18a6 <RCC_GetClocksFreq+0x1c>
    1968:	4601                	li	a2,0
    196a:	bf6d                	j	1924 <RCC_GetClocksFreq+0x9a>
    196c:	4605                	li	a2,1
    196e:	47b5                	li	a5,13
    1970:	bfd1                	j	1944 <RCC_GetClocksFreq+0xba>
    1972:	4601                	li	a2,0
    1974:	47bd                	li	a5,15
    1976:	b7f9                	j	1944 <RCC_GetClocksFreq+0xba>
    1978:	003d1737          	lui	a4,0x3d1
    197c:	90070713          	addi	a4,a4,-1792 # 3d0900 <_data_lma+0x3cae14>
    1980:	bfe9                	j	195a <RCC_GetClocksFreq+0xd0>
    1982:	400215b7          	lui	a1,0x40021
    1986:	55d8                	lw	a4,44(a1)
    1988:	00f71693          	slli	a3,a4,0xf
    198c:	55d8                	lw	a4,44(a1)
    198e:	0406df63          	bgez	a3,19ec <RCC_GetClocksFreq+0x162>
    1992:	8311                	srli	a4,a4,0x4
    1994:	8b3d                	andi	a4,a4,15
    1996:	00170693          	addi	a3,a4,1
    199a:	007a1737          	lui	a4,0x7a1
    199e:	20070713          	addi	a4,a4,512 # 7a1200 <_data_lma+0x79b714>
    19a2:	02d75733          	divu	a4,a4,a3
    19a6:	c118                	sw	a4,0(a0)
    19a8:	55d4                	lw	a3,44(a1)
    19aa:	82a1                	srli	a3,a3,0x8
    19ac:	8abd                	andi	a3,a3,15
    19ae:	e28d                	bnez	a3,19d0 <RCC_GetClocksFreq+0x146>
    19b0:	4695                	li	a3,5
    19b2:	02d70733          	mul	a4,a4,a3
    19b6:	8305                	srli	a4,a4,0x1
    19b8:	c118                	sw	a4,0(a0)
    19ba:	40021737          	lui	a4,0x40021
    19be:	5758                	lw	a4,44(a4)
    19c0:	4114                	lw	a3,0(a0)
    19c2:	8b3d                	andi	a4,a4,15
    19c4:	0705                	addi	a4,a4,1
    19c6:	02e6d733          	divu	a4,a3,a4
    19ca:	c118                	sw	a4,0(a0)
    19cc:	4118                	lw	a4,0(a0)
    19ce:	b771                	j	195a <RCC_GetClocksFreq+0xd0>
    19d0:	4585                	li	a1,1
    19d2:	00b69463          	bne	a3,a1,19da <RCC_GetClocksFreq+0x150>
    19d6:	46e5                	li	a3,25
    19d8:	bfe9                	j	19b2 <RCC_GetClocksFreq+0x128>
    19da:	45bd                	li	a1,15
    19dc:	00b69663          	bne	a3,a1,19e8 <RCC_GetClocksFreq+0x15e>
    19e0:	46d1                	li	a3,20
    19e2:	02e68733          	mul	a4,a3,a4
    19e6:	bfc9                	j	19b8 <RCC_GetClocksFreq+0x12e>
    19e8:	0689                	addi	a3,a3,2
    19ea:	bfe5                	j	19e2 <RCC_GetClocksFreq+0x158>
    19ec:	8b3d                	andi	a4,a4,15
    19ee:	00170693          	addi	a3,a4,1 # 40021001 <_eusrstack+0x20019001>
    19f2:	007a1737          	lui	a4,0x7a1
    19f6:	20070713          	addi	a4,a4,512 # 7a1200 <_data_lma+0x79b714>
    19fa:	02d75733          	divu	a4,a4,a3
    19fe:	b7f1                	j	19ca <RCC_GetClocksFreq+0x140>

00001a00 <RCC_APB2PeriphClockCmd>:
    1a00:	c599                	beqz	a1,1a0e <RCC_APB2PeriphClockCmd+0xe>
    1a02:	40021737          	lui	a4,0x40021
    1a06:	4f1c                	lw	a5,24(a4)
    1a08:	8d5d                	or	a0,a0,a5
    1a0a:	cf08                	sw	a0,24(a4)
    1a0c:	8082                	ret
    1a0e:	400217b7          	lui	a5,0x40021
    1a12:	4f98                	lw	a4,24(a5)
    1a14:	fff54513          	not	a0,a0
    1a18:	8d79                	and	a0,a0,a4
    1a1a:	cf88                	sw	a0,24(a5)
    1a1c:	8082                	ret

00001a1e <RCC_APB1PeriphClockCmd>:
    1a1e:	c599                	beqz	a1,1a2c <RCC_APB1PeriphClockCmd+0xe>
    1a20:	40021737          	lui	a4,0x40021
    1a24:	4f5c                	lw	a5,28(a4)
    1a26:	8d5d                	or	a0,a0,a5
    1a28:	cf48                	sw	a0,28(a4)
    1a2a:	8082                	ret
    1a2c:	400217b7          	lui	a5,0x40021
    1a30:	4fd8                	lw	a4,28(a5)
    1a32:	fff54513          	not	a0,a0
    1a36:	8d79                	and	a0,a0,a4
    1a38:	cfc8                	sw	a0,28(a5)
    1a3a:	8082                	ret

00001a3c <TIM_TimeBaseInit>:
    1a3c:	1ffff737          	lui	a4,0x1ffff
    1a40:	70472703          	lw	a4,1796(a4) # 1ffff704 <_data_lma+0x1fff9c18>
    1a44:	211e                	lhu	a5,0(a0)
    1a46:	4691                	li	a3,4
    1a48:	8311                	srli	a4,a4,0x4
    1a4a:	8b3d                	andi	a4,a4,15
    1a4c:	07c2                	slli	a5,a5,0x10
    1a4e:	1771                	addi	a4,a4,-4
    1a50:	83c1                	srli	a5,a5,0x10
    1a52:	02e6e663          	bltu	a3,a4,1a7e <TIM_TimeBaseInit+0x42>
    1a56:	40013737          	lui	a4,0x40013
    1a5a:	c0070693          	addi	a3,a4,-1024 # 40012c00 <_eusrstack+0x2000ac00>
    1a5e:	00d50e63          	beq	a0,a3,1a7a <TIM_TimeBaseInit+0x3e>
    1a62:	40070713          	addi	a4,a4,1024
    1a66:	00e50a63          	beq	a0,a4,1a7a <TIM_TimeBaseInit+0x3e>
    1a6a:	40015737          	lui	a4,0x40015
    1a6e:	c0070693          	addi	a3,a4,-1024 # 40014c00 <_eusrstack+0x2000cc00>
    1a72:	00d50463          	beq	a0,a3,1a7a <TIM_TimeBaseInit+0x3e>
    1a76:	00e51a63          	bne	a0,a4,1a8a <TIM_TimeBaseInit+0x4e>
    1a7a:	6709                	lui	a4,0x2
    1a7c:	8fd9                	or	a5,a5,a4
    1a7e:	40013737          	lui	a4,0x40013
    1a82:	c0070713          	addi	a4,a4,-1024 # 40012c00 <_eusrstack+0x2000ac00>
    1a86:	04e50263          	beq	a0,a4,1aca <TIM_TimeBaseInit+0x8e>
    1a8a:	40000737          	lui	a4,0x40000
    1a8e:	02e50e63          	beq	a0,a4,1aca <TIM_TimeBaseInit+0x8e>
    1a92:	40070713          	addi	a4,a4,1024 # 40000400 <_eusrstack+0x1fff8400>
    1a96:	02e50a63          	beq	a0,a4,1aca <TIM_TimeBaseInit+0x8e>
    1a9a:	40001737          	lui	a4,0x40001
    1a9e:	80070693          	addi	a3,a4,-2048 # 40000800 <_eusrstack+0x1fff8800>
    1aa2:	02d50463          	beq	a0,a3,1aca <TIM_TimeBaseInit+0x8e>
    1aa6:	c0070713          	addi	a4,a4,-1024
    1aaa:	02e50063          	beq	a0,a4,1aca <TIM_TimeBaseInit+0x8e>
    1aae:	40013737          	lui	a4,0x40013
    1ab2:	40070713          	addi	a4,a4,1024 # 40013400 <_eusrstack+0x2000b400>
    1ab6:	00e50a63          	beq	a0,a4,1aca <TIM_TimeBaseInit+0x8e>
    1aba:	40015737          	lui	a4,0x40015
    1abe:	c0070693          	addi	a3,a4,-1024 # 40014c00 <_eusrstack+0x2000cc00>
    1ac2:	00d50463          	beq	a0,a3,1aca <TIM_TimeBaseInit+0x8e>
    1ac6:	00e51863          	bne	a0,a4,1ad6 <TIM_TimeBaseInit+0x9a>
    1aca:	f8f7f793          	andi	a5,a5,-113
    1ace:	21ba                	lhu	a4,2(a1)
    1ad0:	07c2                	slli	a5,a5,0x10
    1ad2:	83c1                	srli	a5,a5,0x10
    1ad4:	8fd9                	or	a5,a5,a4
    1ad6:	40001737          	lui	a4,0x40001
    1ada:	00e50c63          	beq	a0,a4,1af2 <TIM_TimeBaseInit+0xb6>
    1ade:	40070713          	addi	a4,a4,1024 # 40001400 <_eusrstack+0x1fff9400>
    1ae2:	00e50863          	beq	a0,a4,1af2 <TIM_TimeBaseInit+0xb6>
    1ae6:	cff7f793          	andi	a5,a5,-769
    1aea:	21fa                	lhu	a4,6(a1)
    1aec:	07c2                	slli	a5,a5,0x10
    1aee:	83c1                	srli	a5,a5,0x10
    1af0:	8fd9                	or	a5,a5,a4
    1af2:	a11e                	sh	a5,0(a0)
    1af4:	21de                	lhu	a5,4(a1)
    1af6:	b55e                	sh	a5,44(a0)
    1af8:	219e                	lhu	a5,0(a1)
    1afa:	b51e                	sh	a5,40(a0)
    1afc:	400137b7          	lui	a5,0x40013
    1b00:	c0078713          	addi	a4,a5,-1024 # 40012c00 <_eusrstack+0x2000ac00>
    1b04:	00e50e63          	beq	a0,a4,1b20 <TIM_TimeBaseInit+0xe4>
    1b08:	40078793          	addi	a5,a5,1024
    1b0c:	00f50a63          	beq	a0,a5,1b20 <TIM_TimeBaseInit+0xe4>
    1b10:	400157b7          	lui	a5,0x40015
    1b14:	c0078713          	addi	a4,a5,-1024 # 40014c00 <_eusrstack+0x2000cc00>
    1b18:	00e50463          	beq	a0,a4,1b20 <TIM_TimeBaseInit+0xe4>
    1b1c:	00f51463          	bne	a0,a5,1b24 <TIM_TimeBaseInit+0xe8>
    1b20:	259c                	lbu	a5,8(a1)
    1b22:	b91e                	sh	a5,48(a0)
    1b24:	4785                	li	a5,1
    1b26:	a95e                	sh	a5,20(a0)
    1b28:	8082                	ret

00001b2a <TIM_OC3Init>:
    1b2a:	311e                	lhu	a5,32(a0)
    1b2c:	0085d803          	lhu	a6,8(a1) # 40021008 <_eusrstack+0x20019008>
    1b30:	07c2                	slli	a5,a5,0x10
    1b32:	83c1                	srli	a5,a5,0x10
    1b34:	eff7f793          	andi	a5,a5,-257
    1b38:	07c2                	slli	a5,a5,0x10
    1b3a:	83c1                	srli	a5,a5,0x10
    1b3c:	b11e                	sh	a5,32(a0)
    1b3e:	311e                	lhu	a5,32(a0)
    1b40:	2156                	lhu	a3,4(a0)
    1b42:	2d5a                	lhu	a4,28(a0)
    1b44:	07c2                	slli	a5,a5,0x10
    1b46:	01069613          	slli	a2,a3,0x10
    1b4a:	0742                	slli	a4,a4,0x10
    1b4c:	2196                	lhu	a3,0(a1)
    1b4e:	8341                	srli	a4,a4,0x10
    1b50:	f8c77713          	andi	a4,a4,-116
    1b54:	8f55                	or	a4,a4,a3
    1b56:	21b6                	lhu	a3,2(a1)
    1b58:	83c1                	srli	a5,a5,0x10
    1b5a:	dff7f793          	andi	a5,a5,-513
    1b5e:	0106e6b3          	or	a3,a3,a6
    1b62:	06a2                	slli	a3,a3,0x8
    1b64:	8fd5                	or	a5,a5,a3
    1b66:	400136b7          	lui	a3,0x40013
    1b6a:	07c2                	slli	a5,a5,0x10
    1b6c:	c0068813          	addi	a6,a3,-1024 # 40012c00 <_eusrstack+0x2000ac00>
    1b70:	8241                	srli	a2,a2,0x10
    1b72:	83c1                	srli	a5,a5,0x10
    1b74:	01050e63          	beq	a0,a6,1b90 <TIM_OC3Init+0x66>
    1b78:	40068693          	addi	a3,a3,1024
    1b7c:	00d50a63          	beq	a0,a3,1b90 <TIM_OC3Init+0x66>
    1b80:	400156b7          	lui	a3,0x40015
    1b84:	c0068813          	addi	a6,a3,-1024 # 40014c00 <_eusrstack+0x2000cc00>
    1b88:	01050463          	beq	a0,a6,1b90 <TIM_OC3Init+0x66>
    1b8c:	02d51f63          	bne	a0,a3,1bca <TIM_OC3Init+0xa0>
    1b90:	76fd                	lui	a3,0xfffff
    1b92:	7ff68693          	addi	a3,a3,2047 # fffff7ff <_eusrstack+0xdfff77ff>
    1b96:	8ff5                	and	a5,a5,a3
    1b98:	25b6                	lhu	a3,10(a1)
    1b9a:	00c5d803          	lhu	a6,12(a1)
    1b9e:	06a2                	slli	a3,a3,0x8
    1ba0:	8fd5                	or	a5,a5,a3
    1ba2:	21d6                	lhu	a3,4(a1)
    1ba4:	07c2                	slli	a5,a5,0x10
    1ba6:	83c1                	srli	a5,a5,0x10
    1ba8:	06a2                	slli	a3,a3,0x8
    1baa:	bff7f793          	andi	a5,a5,-1025
    1bae:	8fd5                	or	a5,a5,a3
    1bb0:	76f5                	lui	a3,0xffffd
    1bb2:	16fd                	addi	a3,a3,-1
    1bb4:	8ef1                	and	a3,a3,a2
    1bb6:	25f2                	lhu	a2,14(a1)
    1bb8:	07c2                	slli	a5,a5,0x10
    1bba:	83c1                	srli	a5,a5,0x10
    1bbc:	01066633          	or	a2,a2,a6
    1bc0:	0612                	slli	a2,a2,0x4
    1bc2:	8ed1                	or	a3,a3,a2
    1bc4:	01069613          	slli	a2,a3,0x10
    1bc8:	8241                	srli	a2,a2,0x10
    1bca:	a152                	sh	a2,4(a0)
    1bcc:	ad5a                	sh	a4,28(a0)
    1bce:	21fa                	lhu	a4,6(a1)
    1bd0:	bd5a                	sh	a4,60(a0)
    1bd2:	b11e                	sh	a5,32(a0)
    1bd4:	8082                	ret

00001bd6 <TIM_Cmd>:
    1bd6:	211e                	lhu	a5,0(a0)
    1bd8:	c589                	beqz	a1,1be2 <TIM_Cmd+0xc>
    1bda:	0017e793          	ori	a5,a5,1
    1bde:	a11e                	sh	a5,0(a0)
    1be0:	8082                	ret
    1be2:	07c2                	slli	a5,a5,0x10
    1be4:	83c1                	srli	a5,a5,0x10
    1be6:	9bf9                	andi	a5,a5,-2
    1be8:	07c2                	slli	a5,a5,0x10
    1bea:	83c1                	srli	a5,a5,0x10
    1bec:	bfcd                	j	1bde <TIM_Cmd+0x8>

00001bee <TIM_CtrlPWMOutputs>:
    1bee:	04455783          	lhu	a5,68(a0)
    1bf2:	c591                	beqz	a1,1bfe <TIM_CtrlPWMOutputs+0x10>
    1bf4:	6721                	lui	a4,0x8
    1bf6:	8fd9                	or	a5,a5,a4
    1bf8:	04f51223          	sh	a5,68(a0)
    1bfc:	8082                	ret
    1bfe:	07c6                	slli	a5,a5,0x11
    1c00:	83c5                	srli	a5,a5,0x11
    1c02:	bfdd                	j	1bf8 <TIM_CtrlPWMOutputs+0xa>

00001c04 <TIM_ITConfig>:
    1c04:	255e                	lhu	a5,12(a0)
    1c06:	c601                	beqz	a2,1c0e <TIM_ITConfig+0xa>
    1c08:	8ddd                	or	a1,a1,a5
    1c0a:	a54e                	sh	a1,12(a0)
    1c0c:	8082                	ret
    1c0e:	fff5c593          	not	a1,a1
    1c12:	8dfd                	and	a1,a1,a5
    1c14:	bfdd                	j	1c0a <TIM_ITConfig+0x6>

00001c16 <TIM_ARRPreloadConfig>:
    1c16:	211e                	lhu	a5,0(a0)
    1c18:	c589                	beqz	a1,1c22 <TIM_ARRPreloadConfig+0xc>
    1c1a:	0807e793          	ori	a5,a5,128
    1c1e:	a11e                	sh	a5,0(a0)
    1c20:	8082                	ret
    1c22:	07c2                	slli	a5,a5,0x10
    1c24:	83c1                	srli	a5,a5,0x10
    1c26:	f7f7f793          	andi	a5,a5,-129
    1c2a:	07c2                	slli	a5,a5,0x10
    1c2c:	83c1                	srli	a5,a5,0x10
    1c2e:	bfc5                	j	1c1e <TIM_ARRPreloadConfig+0x8>

00001c30 <TIM_OC3PreloadConfig>:
    1c30:	2d5e                	lhu	a5,28(a0)
    1c32:	07c2                	slli	a5,a5,0x10
    1c34:	83c1                	srli	a5,a5,0x10
    1c36:	9bdd                	andi	a5,a5,-9
    1c38:	8ddd                	or	a1,a1,a5
    1c3a:	ad4e                	sh	a1,28(a0)
    1c3c:	8082                	ret

00001c3e <TIM_SetCounter>:
    1c3e:	b14e                	sh	a1,36(a0)
    1c40:	8082                	ret

00001c42 <TIM_SetCompare3>:
    1c42:	bd4e                	sh	a1,60(a0)
    1c44:	8082                	ret

00001c46 <TIM_GetCounter>:
    1c46:	314a                	lhu	a0,36(a0)
    1c48:	8082                	ret

00001c4a <TIM_GetITStatus>:
    1c4a:	291e                	lhu	a5,16(a0)
    1c4c:	254a                	lhu	a0,12(a0)
    1c4e:	8fed                	and	a5,a5,a1
    1c50:	0542                	slli	a0,a0,0x10
    1c52:	8141                	srli	a0,a0,0x10
    1c54:	c789                	beqz	a5,1c5e <TIM_GetITStatus+0x14>
    1c56:	8d6d                	and	a0,a0,a1
    1c58:	00a03533          	snez	a0,a0
    1c5c:	8082                	ret
    1c5e:	4501                	li	a0,0
    1c60:	8082                	ret

00001c62 <TIM_ClearITPendingBit>:
    1c62:	fff5c593          	not	a1,a1
    1c66:	05c2                	slli	a1,a1,0x10
    1c68:	81c1                	srli	a1,a1,0x10
    1c6a:	a90e                	sh	a1,16(a0)
    1c6c:	8082                	ret

00001c6e <USART_Init>:
    1c6e:	d82fe2ef          	jal	t0,1f0 <__riscv_save_0>
    1c72:	2916                	lhu	a3,16(a0)
    1c74:	77f5                	lui	a5,0xffffd
    1c76:	17fd                	addi	a5,a5,-1
    1c78:	8ff5                	and	a5,a5,a3
    1c7a:	21f6                	lhu	a3,6(a1)
    1c7c:	25da                	lhu	a4,12(a1)
    1c7e:	7179                	addi	sp,sp,-48
    1c80:	8fd5                	or	a5,a5,a3
    1c82:	a91e                	sh	a5,16(a0)
    1c84:	2556                	lhu	a3,12(a0)
    1c86:	77fd                	lui	a5,0xfffff
    1c88:	9f378793          	addi	a5,a5,-1549 # ffffe9f3 <_eusrstack+0xdfff69f3>
    1c8c:	8ff5                	and	a5,a5,a3
    1c8e:	21d6                	lhu	a3,4(a1)
    1c90:	842a                	mv	s0,a0
    1c92:	c62e                	sw	a1,12(sp)
    1c94:	8fd5                	or	a5,a5,a3
    1c96:	2596                	lhu	a3,8(a1)
    1c98:	8fd5                	or	a5,a5,a3
    1c9a:	25b6                	lhu	a3,10(a1)
    1c9c:	8fd5                	or	a5,a5,a3
    1c9e:	a55e                	sh	a5,12(a0)
    1ca0:	295e                	lhu	a5,20(a0)
    1ca2:	07c2                	slli	a5,a5,0x10
    1ca4:	83c1                	srli	a5,a5,0x10
    1ca6:	cff7f793          	andi	a5,a5,-769
    1caa:	8fd9                	or	a5,a5,a4
    1cac:	a95e                	sh	a5,20(a0)
    1cae:	0868                	addi	a0,sp,28
    1cb0:	bdbff0ef          	jal	ra,188a <RCC_GetClocksFreq>
    1cb4:	400147b7          	lui	a5,0x40014
    1cb8:	80078793          	addi	a5,a5,-2048 # 40013800 <_eusrstack+0x2000b800>
    1cbc:	45b2                	lw	a1,12(sp)
    1cbe:	02f41e63          	bne	s0,a5,1cfa <USART_Init+0x8c>
    1cc2:	57a2                	lw	a5,40(sp)
    1cc4:	4765                	li	a4,25
    1cc6:	02e787b3          	mul	a5,a5,a4
    1cca:	4198                	lw	a4,0(a1)
    1ccc:	06400693          	li	a3,100
    1cd0:	070a                	slli	a4,a4,0x2
    1cd2:	02e7d7b3          	divu	a5,a5,a4
    1cd6:	02d7d733          	divu	a4,a5,a3
    1cda:	02d7f7b3          	remu	a5,a5,a3
    1cde:	0712                	slli	a4,a4,0x4
    1ce0:	0792                	slli	a5,a5,0x4
    1ce2:	03278793          	addi	a5,a5,50
    1ce6:	02d7d7b3          	divu	a5,a5,a3
    1cea:	8bbd                	andi	a5,a5,15
    1cec:	8fd9                	or	a5,a5,a4
    1cee:	07c2                	slli	a5,a5,0x10
    1cf0:	83c1                	srli	a5,a5,0x10
    1cf2:	a41e                	sh	a5,8(s0)
    1cf4:	6145                	addi	sp,sp,48
    1cf6:	d1efe06f          	j	214 <__riscv_restore_0>
    1cfa:	5792                	lw	a5,36(sp)
    1cfc:	b7e1                	j	1cc4 <USART_Init+0x56>

00001cfe <USART_Cmd>:
    1cfe:	c591                	beqz	a1,1d0a <USART_Cmd+0xc>
    1d00:	255e                	lhu	a5,12(a0)
    1d02:	6709                	lui	a4,0x2
    1d04:	8fd9                	or	a5,a5,a4
    1d06:	a55e                	sh	a5,12(a0)
    1d08:	8082                	ret
    1d0a:	255a                	lhu	a4,12(a0)
    1d0c:	77f9                	lui	a5,0xffffe
    1d0e:	17fd                	addi	a5,a5,-1
    1d10:	8ff9                	and	a5,a5,a4
    1d12:	bfd5                	j	1d06 <USART_Cmd+0x8>

00001d14 <USART_ITConfig>:
    1d14:	0ff5f713          	andi	a4,a1,255
    1d18:	4785                	li	a5,1
    1d1a:	8315                	srli	a4,a4,0x5
    1d1c:	00b795b3          	sll	a1,a5,a1
    1d20:	00f71963          	bne	a4,a5,1d32 <USART_ITConfig+0x1e>
    1d24:	00c50793          	addi	a5,a0,12
    1d28:	4398                	lw	a4,0(a5)
    1d2a:	ce01                	beqz	a2,1d42 <USART_ITConfig+0x2e>
    1d2c:	8dd9                	or	a1,a1,a4
    1d2e:	c38c                	sw	a1,0(a5)
    1d30:	8082                	ret
    1d32:	4689                	li	a3,2
    1d34:	01450793          	addi	a5,a0,20
    1d38:	fed718e3          	bne	a4,a3,1d28 <USART_ITConfig+0x14>
    1d3c:	01050793          	addi	a5,a0,16
    1d40:	b7e5                	j	1d28 <USART_ITConfig+0x14>
    1d42:	fff5c593          	not	a1,a1
    1d46:	8df9                	and	a1,a1,a4
    1d48:	b7dd                	j	1d2e <USART_ITConfig+0x1a>

00001d4a <USART_SendData>:
    1d4a:	1ff5f593          	andi	a1,a1,511
    1d4e:	a14e                	sh	a1,4(a0)
    1d50:	8082                	ret

00001d52 <USART_ReceiveData>:
    1d52:	214a                	lhu	a0,4(a0)
    1d54:	1ff57513          	andi	a0,a0,511
    1d58:	8082                	ret

00001d5a <USART_GetFlagStatus>:
    1d5a:	210a                	lhu	a0,0(a0)
    1d5c:	8d6d                	and	a0,a0,a1
    1d5e:	00a03533          	snez	a0,a0
    1d62:	8082                	ret

00001d64 <USART_GetITStatus>:
    1d64:	0ff5f713          	andi	a4,a1,255
    1d68:	4685                	li	a3,1
    1d6a:	8315                	srli	a4,a4,0x5
    1d6c:	00b697b3          	sll	a5,a3,a1
    1d70:	02d71163          	bne	a4,a3,1d92 <USART_GetITStatus+0x2e>
    1d74:	255a                	lhu	a4,12(a0)
    1d76:	8ff9                	and	a5,a5,a4
    1d78:	211a                	lhu	a4,0(a0)
    1d7a:	4501                	li	a0,0
    1d7c:	0742                	slli	a4,a4,0x10
    1d7e:	8341                	srli	a4,a4,0x10
    1d80:	cb81                	beqz	a5,1d90 <USART_GetITStatus+0x2c>
    1d82:	4505                	li	a0,1
    1d84:	81a1                	srli	a1,a1,0x8
    1d86:	00b515b3          	sll	a1,a0,a1
    1d8a:	8f6d                	and	a4,a4,a1
    1d8c:	00e03533          	snez	a0,a4
    1d90:	8082                	ret
    1d92:	4689                	li	a3,2
    1d94:	00d71463          	bne	a4,a3,1d9c <USART_GetITStatus+0x38>
    1d98:	291a                	lhu	a4,16(a0)
    1d9a:	bff1                	j	1d76 <USART_GetITStatus+0x12>
    1d9c:	295a                	lhu	a4,20(a0)
    1d9e:	bfe1                	j	1d76 <USART_GetITStatus+0x12>

00001da0 <USART_ClearITPendingBit>:
    1da0:	81a1                	srli	a1,a1,0x8
    1da2:	4785                	li	a5,1
    1da4:	00b797b3          	sll	a5,a5,a1
    1da8:	fff7c793          	not	a5,a5
    1dac:	07c2                	slli	a5,a5,0x10
    1dae:	83c1                	srli	a5,a5,0x10
    1db0:	a11e                	sh	a5,0(a0)
    1db2:	8082                	ret

00001db4 <Delay_Init>:
    1db4:	200007b7          	lui	a5,0x20000
    1db8:	1f47a783          	lw	a5,500(a5) # 200001f4 <SystemCoreClock>
    1dbc:	007a1737          	lui	a4,0x7a1
    1dc0:	20070713          	addi	a4,a4,512 # 7a1200 <_data_lma+0x79b714>
    1dc4:	02e7d7b3          	divu	a5,a5,a4
    1dc8:	0ff7f793          	andi	a5,a5,255
    1dcc:	82f18b23          	sb	a5,-1994(gp) # 20000226 <p_us>
    1dd0:	3e800713          	li	a4,1000
    1dd4:	02e787b3          	mul	a5,a5,a4
    1dd8:	82f19a23          	sh	a5,-1996(gp) # 20000224 <p_ms>
    1ddc:	8082                	ret

00001dde <Delay_Us>:
    1dde:	e000f7b7          	lui	a5,0xe000f
    1de2:	43d8                	lw	a4,4(a5)
    1de4:	4681                	li	a3,0
    1de6:	9b79                	andi	a4,a4,-2
    1de8:	c3d8                	sw	a4,4(a5)
    1dea:	8361c703          	lbu	a4,-1994(gp) # 20000226 <p_us>
    1dee:	02a70633          	mul	a2,a4,a0
    1df2:	cb90                	sw	a2,16(a5)
    1df4:	cbd4                	sw	a3,20(a5)
    1df6:	4398                	lw	a4,0(a5)
    1df8:	01076713          	ori	a4,a4,16
    1dfc:	c398                	sw	a4,0(a5)
    1dfe:	4398                	lw	a4,0(a5)
    1e00:	02176713          	ori	a4,a4,33
    1e04:	c398                	sw	a4,0(a5)
    1e06:	43d8                	lw	a4,4(a5)
    1e08:	8b05                	andi	a4,a4,1
    1e0a:	df75                	beqz	a4,1e06 <Delay_Us+0x28>
    1e0c:	4398                	lw	a4,0(a5)
    1e0e:	9b79                	andi	a4,a4,-2
    1e10:	c398                	sw	a4,0(a5)
    1e12:	8082                	ret

00001e14 <Delay_Ms>:
    1e14:	e000f7b7          	lui	a5,0xe000f
    1e18:	43d8                	lw	a4,4(a5)
    1e1a:	4681                	li	a3,0
    1e1c:	9b79                	andi	a4,a4,-2
    1e1e:	c3d8                	sw	a4,4(a5)
    1e20:	8341d703          	lhu	a4,-1996(gp) # 20000224 <p_ms>
    1e24:	02a70633          	mul	a2,a4,a0
    1e28:	cb90                	sw	a2,16(a5)
    1e2a:	cbd4                	sw	a3,20(a5)
    1e2c:	4398                	lw	a4,0(a5)
    1e2e:	01076713          	ori	a4,a4,16
    1e32:	c398                	sw	a4,0(a5)
    1e34:	4398                	lw	a4,0(a5)
    1e36:	02176713          	ori	a4,a4,33
    1e3a:	c398                	sw	a4,0(a5)
    1e3c:	43d8                	lw	a4,4(a5)
    1e3e:	8b05                	andi	a4,a4,1
    1e40:	df75                	beqz	a4,1e3c <Delay_Ms+0x28>
    1e42:	4398                	lw	a4,0(a5)
    1e44:	9b79                	andi	a4,a4,-2
    1e46:	c398                	sw	a4,0(a5)
    1e48:	8082                	ret

00001e4a <USART_Printf_Init>:
    1e4a:	ba6fe2ef          	jal	t0,1f0 <__riscv_save_0>
    1e4e:	1101                	addi	sp,sp,-32
    1e50:	842a                	mv	s0,a0
    1e52:	4585                	li	a1,1
    1e54:	00040537          	lui	a0,0x40
    1e58:	bc7ff0ef          	jal	ra,1a1e <RCC_APB1PeriphClockCmd>
    1e5c:	4585                	li	a1,1
    1e5e:	4521                	li	a0,8
    1e60:	ba1ff0ef          	jal	ra,1a00 <RCC_APB2PeriphClockCmd>
    1e64:	40000793          	li	a5,1024
    1e68:	827c                	sh	a5,4(sp)
    1e6a:	40011537          	lui	a0,0x40011
    1e6e:	478d                	li	a5,3
    1e70:	c43e                	sw	a5,8(sp)
    1e72:	004c                	addi	a1,sp,4
    1e74:	47e1                	li	a5,24
    1e76:	c0050513          	addi	a0,a0,-1024 # 40010c00 <_eusrstack+0x20008c00>
    1e7a:	c63e                	sw	a5,12(sp)
    1e7c:	8afff0ef          	jal	ra,172a <GPIO_Init>
    1e80:	c822                	sw	s0,16(sp)
    1e82:	40005437          	lui	s0,0x40005
    1e86:	000807b7          	lui	a5,0x80
    1e8a:	080c                	addi	a1,sp,16
    1e8c:	80040513          	addi	a0,s0,-2048 # 40004800 <_eusrstack+0x1fffc800>
    1e90:	cc3e                	sw	a5,24(sp)
    1e92:	ca02                	sw	zero,20(sp)
    1e94:	00011e23          	sh	zero,28(sp)
    1e98:	dd7ff0ef          	jal	ra,1c6e <USART_Init>
    1e9c:	4585                	li	a1,1
    1e9e:	80040513          	addi	a0,s0,-2048
    1ea2:	e5dff0ef          	jal	ra,1cfe <USART_Cmd>
    1ea6:	6105                	addi	sp,sp,32
    1ea8:	b6cfe06f          	j	214 <__riscv_restore_0>

00001eac <_write>:
    1eac:	b2afe2ef          	jal	t0,1d6 <__riscv_save_4>
    1eb0:	400054b7          	lui	s1,0x40005
    1eb4:	89ae                	mv	s3,a1
    1eb6:	8932                	mv	s2,a2
    1eb8:	4401                	li	s0,0
    1eba:	80048493          	addi	s1,s1,-2048 # 40004800 <_eusrstack+0x1fffc800>
    1ebe:	01244563          	blt	s0,s2,1ec8 <_write+0x1c>
    1ec2:	854a                	mv	a0,s2
    1ec4:	b46fe06f          	j	20a <__riscv_restore_4>
    1ec8:	04000593          	li	a1,64
    1ecc:	8526                	mv	a0,s1
    1ece:	e8dff0ef          	jal	ra,1d5a <USART_GetFlagStatus>
    1ed2:	d97d                	beqz	a0,1ec8 <_write+0x1c>
    1ed4:	008987b3          	add	a5,s3,s0
    1ed8:	00078583          	lb	a1,0(a5) # 80000 <_data_lma+0x7a514>
    1edc:	8526                	mv	a0,s1
    1ede:	0405                	addi	s0,s0,1
    1ee0:	05c2                	slli	a1,a1,0x10
    1ee2:	81c1                	srli	a1,a1,0x10
    1ee4:	e67ff0ef          	jal	ra,1d4a <USART_SendData>
    1ee8:	bfd9                	j	1ebe <_write+0x12>

00001eea <printchar>:
    1eea:	1101                	addi	sp,sp,-32
    1eec:	ce06                	sw	ra,28(sp)
    1eee:	c62e                	sw	a1,12(sp)
    1ef0:	cd0d                	beqz	a0,1f2a <printchar+0x40>
    1ef2:	4118                	lw	a4,0(a0)
    1ef4:	87aa                	mv	a5,a0
    1ef6:	c305                	beqz	a4,1f16 <printchar+0x2c>
    1ef8:	4158                	lw	a4,4(a0)
    1efa:	557d                	li	a0,-1
    1efc:	cb11                	beqz	a4,1f10 <printchar+0x26>
    1efe:	4685                	li	a3,1
    1f00:	00d71b63          	bne	a4,a3,1f16 <printchar+0x2c>
    1f04:	4798                	lw	a4,8(a5)
    1f06:	00070023          	sb	zero,0(a4)
    1f0a:	0007a223          	sw	zero,4(a5)
    1f0e:	4505                	li	a0,1
    1f10:	40f2                	lw	ra,28(sp)
    1f12:	6105                	addi	sp,sp,32
    1f14:	8082                	ret
    1f16:	4798                	lw	a4,8(a5)
    1f18:	46b2                	lw	a3,12(sp)
    1f1a:	a314                	sb	a3,0(a4)
    1f1c:	4798                	lw	a4,8(a5)
    1f1e:	0705                	addi	a4,a4,1
    1f20:	c798                	sw	a4,8(a5)
    1f22:	43d8                	lw	a4,4(a5)
    1f24:	177d                	addi	a4,a4,-1
    1f26:	c3d8                	sw	a4,4(a5)
    1f28:	b7dd                	j	1f0e <printchar+0x24>
    1f2a:	4605                	li	a2,1
    1f2c:	006c                	addi	a1,sp,12
    1f2e:	3fbd                	jal	1eac <_write>
    1f30:	bff9                	j	1f0e <printchar+0x24>

00001f32 <prints>:
    1f32:	7179                	addi	sp,sp,-48
    1f34:	d422                	sw	s0,40(sp)
    1f36:	d226                	sw	s1,36(sp)
    1f38:	ce4e                	sw	s3,28(sp)
    1f3a:	cc52                	sw	s4,24(sp)
    1f3c:	ca56                	sw	s5,20(sp)
    1f3e:	d606                	sw	ra,44(sp)
    1f40:	d04a                	sw	s2,32(sp)
    1f42:	c85a                	sw	s6,16(sp)
    1f44:	8a2a                	mv	s4,a0
    1f46:	8aae                	mv	s5,a1
    1f48:	8432                	mv	s0,a2
    1f4a:	4481                	li	s1,0
    1f4c:	02000993          	li	s3,32
    1f50:	02064463          	bltz	a2,1f78 <prints+0x46>
    1f54:	009a87b3          	add	a5,s5,s1
    1f58:	00078783          	lb	a5,0(a5)
    1f5c:	e39d                	bnez	a5,1f82 <prints+0x50>
    1f5e:	0284d663          	bge	s1,s0,1f8a <prints+0x58>
    1f62:	02e4d263          	bge	s1,a4,1f86 <prints+0x54>
    1f66:	8c19                	sub	s0,s0,a4
    1f68:	0026f793          	andi	a5,a3,2
    1f6c:	02000993          	li	s3,32
    1f70:	c781                	beqz	a5,1f78 <prints+0x46>
    1f72:	e319                	bnez	a4,1f78 <prints+0x46>
    1f74:	03000993          	li	s3,48
    1f78:	8a85                	andi	a3,a3,1
    1f7a:	4901                	li	s2,0
    1f7c:	e69d                	bnez	a3,1faa <prints+0x78>
    1f7e:	8922                	mv	s2,s0
    1f80:	a829                	j	1f9a <prints+0x68>
    1f82:	0485                	addi	s1,s1,1
    1f84:	bfc1                	j	1f54 <prints+0x22>
    1f86:	8c05                	sub	s0,s0,s1
    1f88:	b7c5                	j	1f68 <prints+0x36>
    1f8a:	4401                	li	s0,0
    1f8c:	bff1                	j	1f68 <prints+0x36>
    1f8e:	85ce                	mv	a1,s3
    1f90:	8552                	mv	a0,s4
    1f92:	c63a                	sw	a4,12(sp)
    1f94:	3f99                	jal	1eea <printchar>
    1f96:	4732                	lw	a4,12(sp)
    1f98:	197d                	addi	s2,s2,-1
    1f9a:	ff204ae3          	bgtz	s2,1f8e <prints+0x5c>
    1f9e:	8922                	mv	s2,s0
    1fa0:	00045363          	bgez	s0,1fa6 <prints+0x74>
    1fa4:	4901                	li	s2,0
    1fa6:	41240433          	sub	s0,s0,s2
    1faa:	02e4cb63          	blt	s1,a4,1fe0 <prints+0xae>
    1fae:	84ca                	mv	s1,s2
    1fb0:	412487b3          	sub	a5,s1,s2
    1fb4:	97d6                	add	a5,a5,s5
    1fb6:	00078583          	lb	a1,0(a5)
    1fba:	e1a1                	bnez	a1,1ffa <prints+0xc8>
    1fbc:	8922                	mv	s2,s0
    1fbe:	05204363          	bgtz	s2,2004 <prints+0xd2>
    1fc2:	00045363          	bgez	s0,1fc8 <prints+0x96>
    1fc6:	4401                	li	s0,0
    1fc8:	00940533          	add	a0,s0,s1
    1fcc:	50b2                	lw	ra,44(sp)
    1fce:	5422                	lw	s0,40(sp)
    1fd0:	5492                	lw	s1,36(sp)
    1fd2:	5902                	lw	s2,32(sp)
    1fd4:	49f2                	lw	s3,28(sp)
    1fd6:	4a62                	lw	s4,24(sp)
    1fd8:	4ad2                	lw	s5,20(sp)
    1fda:	4b42                	lw	s6,16(sp)
    1fdc:	6145                	addi	sp,sp,48
    1fde:	8082                	ret
    1fe0:	409704b3          	sub	s1,a4,s1
    1fe4:	8b26                	mv	s6,s1
    1fe6:	03000593          	li	a1,48
    1fea:	8552                	mv	a0,s4
    1fec:	1b7d                	addi	s6,s6,-1
    1fee:	efdff0ef          	jal	ra,1eea <printchar>
    1ff2:	fe0b1ae3          	bnez	s6,1fe6 <prints+0xb4>
    1ff6:	9926                	add	s2,s2,s1
    1ff8:	bf5d                	j	1fae <prints+0x7c>
    1ffa:	8552                	mv	a0,s4
    1ffc:	eefff0ef          	jal	ra,1eea <printchar>
    2000:	0485                	addi	s1,s1,1
    2002:	b77d                	j	1fb0 <prints+0x7e>
    2004:	85ce                	mv	a1,s3
    2006:	8552                	mv	a0,s4
    2008:	ee3ff0ef          	jal	ra,1eea <printchar>
    200c:	197d                	addi	s2,s2,-1
    200e:	bf45                	j	1fbe <prints+0x8c>

00002010 <printInt>:
    2010:	715d                	addi	sp,sp,-80
    2012:	c2a6                	sw	s1,68(sp)
    2014:	dc52                	sw	s4,56(sp)
    2016:	c686                	sw	ra,76(sp)
    2018:	c4a2                	sw	s0,72(sp)
    201a:	c0ca                	sw	s2,64(sp)
    201c:	de4e                	sw	s3,60(sp)
    201e:	da56                	sw	s5,52(sp)
    2020:	84ba                	mv	s1,a4
    2022:	8a3e                	mv	s4,a5
    2024:	e19d                	bnez	a1,204a <printInt+0x3a>
    2026:	03000793          	li	a5,48
    202a:	4701                	li	a4,0
    202c:	86d2                	mv	a3,s4
    202e:	8626                	mv	a2,s1
    2030:	082c                	addi	a1,sp,24
    2032:	84fc                	sh	a5,24(sp)
    2034:	effff0ef          	jal	ra,1f32 <prints>
    2038:	40b6                	lw	ra,76(sp)
    203a:	4426                	lw	s0,72(sp)
    203c:	4496                	lw	s1,68(sp)
    203e:	4906                	lw	s2,64(sp)
    2040:	59f2                	lw	s3,60(sp)
    2042:	5a62                	lw	s4,56(sp)
    2044:	5ad2                	lw	s5,52(sp)
    2046:	6161                	addi	sp,sp,80
    2048:	8082                	ret
    204a:	892a                	mv	s2,a0
    204c:	8436                	mv	s0,a3
    204e:	8ac6                	mv	s5,a7
    2050:	ca91                	beqz	a3,2064 <printInt+0x54>
    2052:	47a9                	li	a5,10
    2054:	4401                	li	s0,0
    2056:	00f61763          	bne	a2,a5,2064 <printInt+0x54>
    205a:	0005d563          	bgez	a1,2064 <printInt+0x54>
    205e:	40b005b3          	neg	a1,a1
    2062:	4405                	li	s0,1
    2064:	020107a3          	sb	zero,47(sp)
    2068:	02f10793          	addi	a5,sp,47
    206c:	46a5                	li	a3,9
    206e:	fc680513          	addi	a0,a6,-58
    2072:	02c5f733          	remu	a4,a1,a2
    2076:	00e6d363          	bge	a3,a4,207c <printInt+0x6c>
    207a:	972a                	add	a4,a4,a0
    207c:	03070713          	addi	a4,a4,48
    2080:	fee78fa3          	sb	a4,-1(a5)
    2084:	fff78993          	addi	s3,a5,-1
    2088:	02c5d733          	divu	a4,a1,a2
    208c:	04c5fb63          	bgeu	a1,a2,20e2 <printInt+0xd2>
    2090:	cc09                	beqz	s0,20aa <printInt+0x9a>
    2092:	c8b9                	beqz	s1,20e8 <printInt+0xd8>
    2094:	002a7713          	andi	a4,s4,2
    2098:	cb21                	beqz	a4,20e8 <printInt+0xd8>
    209a:	02d00593          	li	a1,45
    209e:	854a                	mv	a0,s2
    20a0:	c642                	sw	a6,12(sp)
    20a2:	e49ff0ef          	jal	ra,1eea <printchar>
    20a6:	4832                	lw	a6,12(sp)
    20a8:	14fd                	addi	s1,s1,-1
    20aa:	004a7793          	andi	a5,s4,4
    20ae:	c38d                	beqz	a5,20d0 <printInt+0xc0>
    20b0:	06100793          	li	a5,97
    20b4:	03000593          	li	a1,48
    20b8:	854a                	mv	a0,s2
    20ba:	02f81f63          	bne	a6,a5,20f8 <printInt+0xe8>
    20be:	e2dff0ef          	jal	ra,1eea <printchar>
    20c2:	07800593          	li	a1,120
    20c6:	854a                	mv	a0,s2
    20c8:	e23ff0ef          	jal	ra,1eea <printchar>
    20cc:	0409                	addi	s0,s0,2
    20ce:	14f9                	addi	s1,s1,-2
    20d0:	8756                	mv	a4,s5
    20d2:	86d2                	mv	a3,s4
    20d4:	8626                	mv	a2,s1
    20d6:	85ce                	mv	a1,s3
    20d8:	854a                	mv	a0,s2
    20da:	e59ff0ef          	jal	ra,1f32 <prints>
    20de:	9522                	add	a0,a0,s0
    20e0:	bfa1                	j	2038 <printInt+0x28>
    20e2:	85ba                	mv	a1,a4
    20e4:	87ce                	mv	a5,s3
    20e6:	b771                	j	2072 <printInt+0x62>
    20e8:	02d00713          	li	a4,45
    20ec:	fee98fa3          	sb	a4,-1(s3)
    20f0:	4401                	li	s0,0
    20f2:	ffe78993          	addi	s3,a5,-2
    20f6:	bf55                	j	20aa <printInt+0x9a>
    20f8:	df3ff0ef          	jal	ra,1eea <printchar>
    20fc:	05800593          	li	a1,88
    2100:	b7d9                	j	20c6 <printInt+0xb6>

00002102 <printLongLongInt>:
    2102:	711d                	addi	sp,sp,-96
    2104:	c8ca                	sw	s2,80(sp)
    2106:	c6ce                	sw	s3,76(sp)
    2108:	c2d6                	sw	s5,68(sp)
    210a:	c0da                	sw	s6,64(sp)
    210c:	893a                	mv	s2,a4
    210e:	ce86                	sw	ra,92(sp)
    2110:	cca2                	sw	s0,88(sp)
    2112:	caa6                	sw	s1,84(sp)
    2114:	c4d2                	sw	s4,72(sp)
    2116:	de5e                	sw	s7,60(sp)
    2118:	dc62                	sw	s8,56(sp)
    211a:	da66                	sw	s9,52(sp)
    211c:	d86a                	sw	s10,48(sp)
    211e:	d66e                	sw	s11,44(sp)
    2120:	00c5e733          	or	a4,a1,a2
    2124:	89be                	mv	s3,a5
    2126:	8aaa                	mv	s5,a0
    2128:	8b42                	mv	s6,a6
    212a:	06014783          	lbu	a5,96(sp)
    212e:	e331                	bnez	a4,2172 <printLongLongInt+0x70>
    2130:	cf8d                	beqz	a5,216a <printLongLongInt+0x68>
    2132:	678d                	lui	a5,0x3
    2134:	02d78793          	addi	a5,a5,45 # 302d <__muldf3+0x16d>
    2138:	847c                	sh	a5,8(sp)
    213a:	00010523          	sb	zero,10(sp)
    213e:	4701                	li	a4,0
    2140:	86da                	mv	a3,s6
    2142:	864e                	mv	a2,s3
    2144:	002c                	addi	a1,sp,8
    2146:	8556                	mv	a0,s5
    2148:	debff0ef          	jal	ra,1f32 <prints>
    214c:	40f6                	lw	ra,92(sp)
    214e:	4466                	lw	s0,88(sp)
    2150:	44d6                	lw	s1,84(sp)
    2152:	4946                	lw	s2,80(sp)
    2154:	49b6                	lw	s3,76(sp)
    2156:	4a26                	lw	s4,72(sp)
    2158:	4a96                	lw	s5,68(sp)
    215a:	4b06                	lw	s6,64(sp)
    215c:	5bf2                	lw	s7,60(sp)
    215e:	5c62                	lw	s8,56(sp)
    2160:	5cd2                	lw	s9,52(sp)
    2162:	5d42                	lw	s10,48(sp)
    2164:	5db2                	lw	s11,44(sp)
    2166:	6125                	addi	sp,sp,96
    2168:	8082                	ret
    216a:	03000793          	li	a5,48
    216e:	847c                	sh	a5,8(sp)
    2170:	b7f9                	j	213e <printLongLongInt+0x3c>
    2172:	8a36                	mv	s4,a3
    2174:	84ae                	mv	s1,a1
    2176:	8432                	mv	s0,a2
    2178:	02090063          	beqz	s2,2198 <printLongLongInt+0x96>
    217c:	47a9                	li	a5,10
    217e:	4901                	li	s2,0
    2180:	00f69c63          	bne	a3,a5,2198 <printLongLongInt+0x96>
    2184:	00065a63          	bgez	a2,2198 <printLongLongInt+0x96>
    2188:	40b004b3          	neg	s1,a1
    218c:	009037b3          	snez	a5,s1
    2190:	40c00433          	neg	s0,a2
    2194:	8c1d                	sub	s0,s0,a5
    2196:	4905                	li	s2,1
    2198:	00010fa3          	sb	zero,31(sp)
    219c:	01f10d13          	addi	s10,sp,31
    21a0:	41fa5d93          	srai	s11,s4,0x1f
    21a4:	4ca5                	li	s9,9
    21a6:	fc688c13          	addi	s8,a7,-58
    21aa:	8652                	mv	a2,s4
    21ac:	86ee                	mv	a3,s11
    21ae:	8526                	mv	a0,s1
    21b0:	85a2                	mv	a1,s0
    21b2:	0cf000ef          	jal	ra,2a80 <__umoddi3>
    21b6:	00acd363          	bge	s9,a0,21bc <printLongLongInt+0xba>
    21ba:	9562                	add	a0,a0,s8
    21bc:	03050513          	addi	a0,a0,48
    21c0:	fead0fa3          	sb	a0,-1(s10)
    21c4:	8652                	mv	a2,s4
    21c6:	86ee                	mv	a3,s11
    21c8:	8526                	mv	a0,s1
    21ca:	85a2                	mv	a1,s0
    21cc:	fffd0b93          	addi	s7,s10,-1
    21d0:	2b39                	jal	26ee <__udivdi3>
    21d2:	01b46663          	bltu	s0,s11,21de <printLongLongInt+0xdc>
    21d6:	028d9a63          	bne	s11,s0,220a <printLongLongInt+0x108>
    21da:	0344f863          	bgeu	s1,s4,220a <printLongLongInt+0x108>
    21de:	00090d63          	beqz	s2,21f8 <printLongLongInt+0xf6>
    21e2:	02098863          	beqz	s3,2212 <printLongLongInt+0x110>
    21e6:	002b7793          	andi	a5,s6,2
    21ea:	c785                	beqz	a5,2212 <printLongLongInt+0x110>
    21ec:	02d00593          	li	a1,45
    21f0:	8556                	mv	a0,s5
    21f2:	cf9ff0ef          	jal	ra,1eea <printchar>
    21f6:	19fd                	addi	s3,s3,-1
    21f8:	4701                	li	a4,0
    21fa:	86da                	mv	a3,s6
    21fc:	864e                	mv	a2,s3
    21fe:	85de                	mv	a1,s7
    2200:	8556                	mv	a0,s5
    2202:	d31ff0ef          	jal	ra,1f32 <prints>
    2206:	954a                	add	a0,a0,s2
    2208:	b791                	j	214c <printLongLongInt+0x4a>
    220a:	84aa                	mv	s1,a0
    220c:	842e                	mv	s0,a1
    220e:	8d5e                	mv	s10,s7
    2210:	bf69                	j	21aa <printLongLongInt+0xa8>
    2212:	02d00793          	li	a5,45
    2216:	fefb8fa3          	sb	a5,-1(s7)
    221a:	4901                	li	s2,0
    221c:	ffed0b93          	addi	s7,s10,-2
    2220:	bfe1                	j	21f8 <printLongLongInt+0xf6>

00002222 <printDouble>:
    2222:	715d                	addi	sp,sp,-80
    2224:	c2a6                	sw	s1,68(sp)
    2226:	c0ca                	sw	s2,64(sp)
    2228:	84aa                	mv	s1,a0
    222a:	892e                	mv	s2,a1
    222c:	852e                	mv	a0,a1
    222e:	85b2                	mv	a1,a2
    2230:	c686                	sw	ra,76(sp)
    2232:	ce3a                	sw	a4,28(sp)
    2234:	cc42                	sw	a6,24(sp)
    2236:	c4a2                	sw	s0,72(sp)
    2238:	de4e                	sw	s3,60(sp)
    223a:	dc52                	sw	s4,56(sp)
    223c:	89b2                	mv	s3,a2
    223e:	8a36                	mv	s4,a3
    2240:	da56                	sw	s5,52(sp)
    2242:	d85a                	sw	s6,48(sp)
    2244:	8abe                	mv	s5,a5
    2246:	d65e                	sw	s7,44(sp)
    2248:	d462                	sw	s8,40(sp)
    224a:	d266                	sw	s9,36(sp)
    224c:	8c46                	mv	s8,a7
    224e:	d06a                	sw	s10,32(sp)
    2250:	067010ef          	jal	ra,3ab6 <__fixdfdi>
    2254:	8b2a                	mv	s6,a0
    2256:	8bae                	mv	s7,a1
    2258:	4601                	li	a2,0
    225a:	4681                	li	a3,0
    225c:	85ce                	mv	a1,s3
    225e:	854a                	mv	a0,s2
    2260:	3ab000ef          	jal	ra,2e0a <__ledf2>
    2264:	4772                	lw	a4,28(sp)
    2266:	4862                	lw	a6,24(sp)
    2268:	817d                	srli	a0,a0,0x1f
    226a:	87ba                	mv	a5,a4
    226c:	c02a                	sw	a0,0(sp)
    226e:	4705                	li	a4,1
    2270:	88e2                	mv	a7,s8
    2272:	86d2                	mv	a3,s4
    2274:	85da                	mv	a1,s6
    2276:	865e                	mv	a2,s7
    2278:	8526                	mv	a0,s1
    227a:	e89ff0ef          	jal	ra,2102 <printLongLongInt>
    227e:	8d2a                	mv	s10,a0
    2280:	02e00593          	li	a1,46
    2284:	8526                	mv	a0,s1
    2286:	c65ff0ef          	jal	ra,1eea <printchar>
    228a:	0d05                	addi	s10,s10,1
    228c:	4781                	li	a5,0
    228e:	4c85                	li	s9,1
    2290:	4401                	li	s0,0
    2292:	4729                	li	a4,10
    2294:	0757ce63          	blt	a5,s5,2310 <printDouble+0xee>
    2298:	855a                	mv	a0,s6
    229a:	85de                	mv	a1,s7
    229c:	0d7010ef          	jal	ra,3b72 <__floatdidf>
    22a0:	862a                	mv	a2,a0
    22a2:	86ae                	mv	a3,a1
    22a4:	854a                	mv	a0,s2
    22a6:	85ce                	mv	a1,s3
    22a8:	0d0010ef          	jal	ra,3378 <__subdf3>
    22ac:	892a                	mv	s2,a0
    22ae:	89ae                	mv	s3,a1
    22b0:	8566                	mv	a0,s9
    22b2:	85a2                	mv	a1,s0
    22b4:	0bf010ef          	jal	ra,3b72 <__floatdidf>
    22b8:	862a                	mv	a2,a0
    22ba:	86ae                	mv	a3,a1
    22bc:	854a                	mv	a0,s2
    22be:	85ce                	mv	a1,s3
    22c0:	401000ef          	jal	ra,2ec0 <__muldf3>
    22c4:	7f2010ef          	jal	ra,3ab6 <__fixdfdi>
    22c8:	41f5d613          	srai	a2,a1,0x1f
    22cc:	8d31                	xor	a0,a0,a2
    22ce:	00b647b3          	xor	a5,a2,a1
    22d2:	40c505b3          	sub	a1,a0,a2
    22d6:	00b53533          	sltu	a0,a0,a1
    22da:	40c78633          	sub	a2,a5,a2
    22de:	c002                	sw	zero,0(sp)
    22e0:	88e2                	mv	a7,s8
    22e2:	87d6                	mv	a5,s5
    22e4:	86d2                	mv	a3,s4
    22e6:	8e09                	sub	a2,a2,a0
    22e8:	4809                	li	a6,2
    22ea:	8526                	mv	a0,s1
    22ec:	4705                	li	a4,1
    22ee:	e15ff0ef          	jal	ra,2102 <printLongLongInt>
    22f2:	40b6                	lw	ra,76(sp)
    22f4:	4426                	lw	s0,72(sp)
    22f6:	956a                	add	a0,a0,s10
    22f8:	4496                	lw	s1,68(sp)
    22fa:	4906                	lw	s2,64(sp)
    22fc:	59f2                	lw	s3,60(sp)
    22fe:	5a62                	lw	s4,56(sp)
    2300:	5ad2                	lw	s5,52(sp)
    2302:	5b42                	lw	s6,48(sp)
    2304:	5bb2                	lw	s7,44(sp)
    2306:	5c22                	lw	s8,40(sp)
    2308:	5c92                	lw	s9,36(sp)
    230a:	5d02                	lw	s10,32(sp)
    230c:	6161                	addi	sp,sp,80
    230e:	8082                	ret
    2310:	028706b3          	mul	a3,a4,s0
    2314:	0785                	addi	a5,a5,1
    2316:	03973433          	mulhu	s0,a4,s9
    231a:	03970cb3          	mul	s9,a4,s9
    231e:	9436                	add	s0,s0,a3
    2320:	bf95                	j	2294 <printDouble+0x72>

00002322 <print>:
    2322:	715d                	addi	sp,sp,-80
    2324:	d85a                	sw	s6,48(sp)
    2326:	00005b37          	lui	s6,0x5
    232a:	c4a2                	sw	s0,72(sp)
    232c:	c2a6                	sw	s1,68(sp)
    232e:	c0ca                	sw	s2,64(sp)
    2330:	de4e                	sw	s3,60(sp)
    2332:	dc52                	sw	s4,56(sp)
    2334:	da56                	sw	s5,52(sp)
    2336:	d65e                	sw	s7,44(sp)
    2338:	d462                	sw	s8,40(sp)
    233a:	c686                	sw	ra,76(sp)
    233c:	d266                	sw	s9,36(sp)
    233e:	89aa                	mv	s3,a0
    2340:	892e                	mv	s2,a1
    2342:	8432                	mv	s0,a2
    2344:	4a01                	li	s4,0
    2346:	4481                	li	s1,0
    2348:	02500b93          	li	s7,37
    234c:	02b00a93          	li	s5,43
    2350:	4c29                	li	s8,10
    2352:	7d0b0b13          	addi	s6,s6,2000 # 57d0 <Ch8x16+0x6b0>
    2356:	00090583          	lb	a1,0(s2)
    235a:	e58d                	bnez	a1,2384 <print+0x62>
    235c:	00098663          	beqz	s3,2368 <print+0x46>
    2360:	4581                	li	a1,0
    2362:	854e                	mv	a0,s3
    2364:	b87ff0ef          	jal	ra,1eea <printchar>
    2368:	40b6                	lw	ra,76(sp)
    236a:	4426                	lw	s0,72(sp)
    236c:	8526                	mv	a0,s1
    236e:	4906                	lw	s2,64(sp)
    2370:	4496                	lw	s1,68(sp)
    2372:	59f2                	lw	s3,60(sp)
    2374:	5a62                	lw	s4,56(sp)
    2376:	5ad2                	lw	s5,52(sp)
    2378:	5b42                	lw	s6,48(sp)
    237a:	5bb2                	lw	s7,44(sp)
    237c:	5c22                	lw	s8,40(sp)
    237e:	5c92                	lw	s9,36(sp)
    2380:	6161                	addi	sp,sp,80
    2382:	8082                	ret
    2384:	01758863          	beq	a1,s7,2394 <print+0x72>
    2388:	854e                	mv	a0,s3
    238a:	b61ff0ef          	jal	ra,1eea <printchar>
    238e:	0485                	addi	s1,s1,1
    2390:	0905                	addi	s2,s2,1
    2392:	b7d1                	j	2356 <print+0x34>
    2394:	00190783          	lb	a5,1(s2)
    2398:	00190c93          	addi	s9,s2,1
    239c:	01779a63          	bne	a5,s7,23b0 <print+0x8e>
    23a0:	02500593          	li	a1,37
    23a4:	854e                	mv	a0,s3
    23a6:	b45ff0ef          	jal	ra,1eea <printchar>
    23aa:	0485                	addi	s1,s1,1
    23ac:	8966                	mv	s2,s9
    23ae:	b7cd                	j	2390 <print+0x6e>
    23b0:	d7d5                	beqz	a5,235c <print+0x3a>
    23b2:	05578763          	beq	a5,s5,2400 <print+0xde>
    23b6:	00fac863          	blt	s5,a5,23c6 <print+0xa4>
    23ba:	02300713          	li	a4,35
    23be:	04e78463          	beq	a5,a4,2406 <print+0xe4>
    23c2:	4781                	li	a5,0
    23c4:	a005                	j	23e4 <print+0xc2>
    23c6:	02d00713          	li	a4,45
    23ca:	00e78a63          	beq	a5,a4,23de <print+0xbc>
    23ce:	03000713          	li	a4,48
    23d2:	fee798e3          	bne	a5,a4,23c2 <print+0xa0>
    23d6:	00290c93          	addi	s9,s2,2
    23da:	4789                	li	a5,2
    23dc:	a021                	j	23e4 <print+0xc2>
    23de:	00290c93          	addi	s9,s2,2
    23e2:	4785                	li	a5,1
    23e4:	000c8703          	lb	a4,0(s9)
    23e8:	05570363          	beq	a4,s5,242e <print+0x10c>
    23ec:	02eac163          	blt	s5,a4,240e <print+0xec>
    23f0:	02300693          	li	a3,35
    23f4:	02d70b63          	beq	a4,a3,242a <print+0x108>
    23f8:	8966                	mv	s2,s9
    23fa:	4501                	li	a0,0
    23fc:	45a5                	li	a1,9
    23fe:	a835                	j	243a <print+0x118>
    2400:	00290c93          	addi	s9,s2,2
    2404:	bf7d                	j	23c2 <print+0xa0>
    2406:	00290c93          	addi	s9,s2,2
    240a:	4791                	li	a5,4
    240c:	bfe1                	j	23e4 <print+0xc2>
    240e:	02d00693          	li	a3,45
    2412:	00d70963          	beq	a4,a3,2424 <print+0x102>
    2416:	03000693          	li	a3,48
    241a:	fcd71fe3          	bne	a4,a3,23f8 <print+0xd6>
    241e:	0027e793          	ori	a5,a5,2
    2422:	a031                	j	242e <print+0x10c>
    2424:	0c85                	addi	s9,s9,1
    2426:	4785                	li	a5,1
    2428:	bfc1                	j	23f8 <print+0xd6>
    242a:	0047e793          	ori	a5,a5,4
    242e:	0c85                	addi	s9,s9,1
    2430:	b7e1                	j	23f8 <print+0xd6>
    2432:	03850533          	mul	a0,a0,s8
    2436:	0905                	addi	s2,s2,1
    2438:	9536                	add	a0,a0,a3
    243a:	00090703          	lb	a4,0(s2)
    243e:	fd070693          	addi	a3,a4,-48
    2442:	0ff6f613          	andi	a2,a3,255
    2446:	fec5f6e3          	bgeu	a1,a2,2432 <print+0x110>
    244a:	02e00613          	li	a2,46
    244e:	4699                	li	a3,6
    2450:	00c71e63          	bne	a4,a2,246c <print+0x14a>
    2454:	0905                	addi	s2,s2,1
    2456:	4681                	li	a3,0
    2458:	4625                	li	a2,9
    245a:	00090703          	lb	a4,0(s2)
    245e:	fd070713          	addi	a4,a4,-48
    2462:	0ff77593          	andi	a1,a4,255
    2466:	02b67563          	bgeu	a2,a1,2490 <print+0x16e>
    246a:	8a36                	mv	s4,a3
    246c:	00090703          	lb	a4,0(s2)
    2470:	06a00613          	li	a2,106
    2474:	0ac70963          	beq	a4,a2,2526 <print+0x204>
    2478:	02e64163          	blt	a2,a4,249a <print+0x178>
    247c:	04c00613          	li	a2,76
    2480:	0ac70363          	beq	a4,a2,2526 <print+0x204>
    2484:	06800613          	li	a2,104
    2488:	08c70863          	beq	a4,a2,2518 <print+0x1f6>
    248c:	4601                	li	a2,0
    248e:	a81d                	j	24c4 <print+0x1a2>
    2490:	038686b3          	mul	a3,a3,s8
    2494:	0905                	addi	s2,s2,1
    2496:	96ba                	add	a3,a3,a4
    2498:	b7c9                	j	245a <print+0x138>
    249a:	07400613          	li	a2,116
    249e:	08c70463          	beq	a4,a2,2526 <print+0x204>
    24a2:	07a00613          	li	a2,122
    24a6:	08c70063          	beq	a4,a2,2526 <print+0x204>
    24aa:	06c00593          	li	a1,108
    24ae:	4601                	li	a2,0
    24b0:	00b71a63          	bne	a4,a1,24c4 <print+0x1a2>
    24b4:	00190583          	lb	a1,1(s2)
    24b8:	460d                	li	a2,3
    24ba:	00e59463          	bne	a1,a4,24c2 <print+0x1a0>
    24be:	0905                	addi	s2,s2,1
    24c0:	4611                	li	a2,4
    24c2:	0905                	addi	s2,s2,1
    24c4:	00090703          	lb	a4,0(s2)
    24c8:	06000593          	li	a1,96
    24cc:	06100813          	li	a6,97
    24d0:	00e5c463          	blt	a1,a4,24d8 <print+0x1b6>
    24d4:	04100813          	li	a6,65
    24d8:	06700593          	li	a1,103
    24dc:	06e5c263          	blt	a1,a4,2540 <print+0x21e>
    24e0:	06500593          	li	a1,101
    24e4:	16b75963          	bge	a4,a1,2656 <print+0x334>
    24e8:	04700593          	li	a1,71
    24ec:	02e5cf63          	blt	a1,a4,252a <print+0x208>
    24f0:	04500613          	li	a2,69
    24f4:	16c75163          	bge	a4,a2,2656 <print+0x334>
    24f8:	04300693          	li	a3,67
    24fc:	e8d71ae3          	bne	a4,a3,2390 <print+0x6e>
    2500:	4018                	lw	a4,0(s0)
    2502:	00440c93          	addi	s9,s0,4
    2506:	00010ea3          	sb	zero,29(sp)
    250a:	00e10e23          	sb	a4,28(sp)
    250e:	86be                	mv	a3,a5
    2510:	4701                	li	a4,0
    2512:	862a                	mv	a2,a0
    2514:	086c                	addi	a1,sp,28
    2516:	a071                	j	25a2 <print+0x280>
    2518:	00190583          	lb	a1,1(s2)
    251c:	4601                	li	a2,0
    251e:	fae593e3          	bne	a1,a4,24c4 <print+0x1a2>
    2522:	0909                	addi	s2,s2,2
    2524:	b745                	j	24c4 <print+0x1a2>
    2526:	0905                	addi	s2,s2,1
    2528:	b795                	j	248c <print+0x16a>
    252a:	06300693          	li	a3,99
    252e:	fcd709e3          	beq	a4,a3,2500 <print+0x1de>
    2532:	06e6ce63          	blt	a3,a4,25ae <print+0x28c>
    2536:	05800693          	li	a3,88
    253a:	02d70363          	beq	a4,a3,2560 <print+0x23e>
    253e:	bd89                	j	2390 <print+0x6e>
    2540:	07300693          	li	a3,115
    2544:	04d70663          	beq	a4,a3,2590 <print+0x26e>
    2548:	02e6cd63          	blt	a3,a4,2582 <print+0x260>
    254c:	06f00693          	li	a3,111
    2550:	0cd70b63          	beq	a4,a3,2626 <print+0x304>
    2554:	07000693          	li	a3,112
    2558:	0047e793          	ori	a5,a5,4
    255c:	e2d71ae3          	bne	a4,a3,2390 <print+0x6e>
    2560:	4711                	li	a4,4
    2562:	0ae61b63          	bne	a2,a4,2618 <print+0x2f6>
    2566:	041d                	addi	s0,s0,7
    2568:	ff847713          	andi	a4,s0,-8
    256c:	430c                	lw	a1,0(a4)
    256e:	4350                	lw	a2,4(a4)
    2570:	00870413          	addi	s0,a4,8
    2574:	88c2                	mv	a7,a6
    2576:	c002                	sw	zero,0(sp)
    2578:	883e                	mv	a6,a5
    257a:	4701                	li	a4,0
    257c:	87aa                	mv	a5,a0
    257e:	46c1                	li	a3,16
    2580:	a0b9                	j	25ce <print+0x2ac>
    2582:	07500693          	li	a3,117
    2586:	06d70363          	beq	a4,a3,25ec <print+0x2ca>
    258a:	07800693          	li	a3,120
    258e:	b775                	j	253a <print+0x218>
    2590:	4018                	lw	a4,0(s0)
    2592:	00440c93          	addi	s9,s0,4
    2596:	85da                	mv	a1,s6
    2598:	c311                	beqz	a4,259c <print+0x27a>
    259a:	85ba                	mv	a1,a4
    259c:	8752                	mv	a4,s4
    259e:	86be                	mv	a3,a5
    25a0:	862a                	mv	a2,a0
    25a2:	854e                	mv	a0,s3
    25a4:	98fff0ef          	jal	ra,1f32 <prints>
    25a8:	94aa                	add	s1,s1,a0
    25aa:	8466                	mv	s0,s9
    25ac:	b3d5                	j	2390 <print+0x6e>
    25ae:	4711                	li	a4,4
    25b0:	02e61463          	bne	a2,a4,25d8 <print+0x2b6>
    25b4:	041d                	addi	s0,s0,7
    25b6:	ff847713          	andi	a4,s0,-8
    25ba:	430c                	lw	a1,0(a4)
    25bc:	4350                	lw	a2,4(a4)
    25be:	00870413          	addi	s0,a4,8
    25c2:	88c2                	mv	a7,a6
    25c4:	c002                	sw	zero,0(sp)
    25c6:	883e                	mv	a6,a5
    25c8:	4705                	li	a4,1
    25ca:	87aa                	mv	a5,a0
    25cc:	46a9                	li	a3,10
    25ce:	854e                	mv	a0,s3
    25d0:	b33ff0ef          	jal	ra,2102 <printLongLongInt>
    25d4:	94aa                	add	s1,s1,a0
    25d6:	bb6d                	j	2390 <print+0x6e>
    25d8:	400c                	lw	a1,0(s0)
    25da:	88d2                	mv	a7,s4
    25dc:	0411                	addi	s0,s0,4
    25de:	872a                	mv	a4,a0
    25e0:	4685                	li	a3,1
    25e2:	4629                	li	a2,10
    25e4:	854e                	mv	a0,s3
    25e6:	a2bff0ef          	jal	ra,2010 <printInt>
    25ea:	b7ed                	j	25d4 <print+0x2b2>
    25ec:	4711                	li	a4,4
    25ee:	00e61f63          	bne	a2,a4,260c <print+0x2ea>
    25f2:	041d                	addi	s0,s0,7
    25f4:	ff847713          	andi	a4,s0,-8
    25f8:	430c                	lw	a1,0(a4)
    25fa:	4350                	lw	a2,4(a4)
    25fc:	00870413          	addi	s0,a4,8
    2600:	88c2                	mv	a7,a6
    2602:	c002                	sw	zero,0(sp)
    2604:	883e                	mv	a6,a5
    2606:	4701                	li	a4,0
    2608:	87aa                	mv	a5,a0
    260a:	b7c9                	j	25cc <print+0x2aa>
    260c:	400c                	lw	a1,0(s0)
    260e:	88d2                	mv	a7,s4
    2610:	0411                	addi	s0,s0,4
    2612:	872a                	mv	a4,a0
    2614:	4681                	li	a3,0
    2616:	b7f1                	j	25e2 <print+0x2c0>
    2618:	400c                	lw	a1,0(s0)
    261a:	88d2                	mv	a7,s4
    261c:	0411                	addi	s0,s0,4
    261e:	872a                	mv	a4,a0
    2620:	4681                	li	a3,0
    2622:	4641                	li	a2,16
    2624:	b7c1                	j	25e4 <print+0x2c2>
    2626:	4711                	li	a4,4
    2628:	02e61063          	bne	a2,a4,2648 <print+0x326>
    262c:	041d                	addi	s0,s0,7
    262e:	ff847713          	andi	a4,s0,-8
    2632:	430c                	lw	a1,0(a4)
    2634:	4350                	lw	a2,4(a4)
    2636:	00870413          	addi	s0,a4,8
    263a:	88c2                	mv	a7,a6
    263c:	c002                	sw	zero,0(sp)
    263e:	883e                	mv	a6,a5
    2640:	4701                	li	a4,0
    2642:	87aa                	mv	a5,a0
    2644:	46a1                	li	a3,8
    2646:	b761                	j	25ce <print+0x2ac>
    2648:	400c                	lw	a1,0(s0)
    264a:	88d2                	mv	a7,s4
    264c:	0411                	addi	s0,s0,4
    264e:	872a                	mv	a4,a0
    2650:	4681                	li	a3,0
    2652:	4621                	li	a2,8
    2654:	bf41                	j	25e4 <print+0x2c2>
    2656:	041d                	addi	s0,s0,7
    2658:	ff847613          	andi	a2,s0,-8
    265c:	00860413          	addi	s0,a2,8 # 40021008 <_eusrstack+0x20019008>
    2660:	420c                	lw	a1,0(a2)
    2662:	4250                	lw	a2,4(a2)
    2664:	40d50733          	sub	a4,a0,a3
    2668:	88c2                	mv	a7,a6
    266a:	177d                	addi	a4,a4,-1
    266c:	883e                	mv	a6,a5
    266e:	854e                	mv	a0,s3
    2670:	87b6                	mv	a5,a3
    2672:	46a9                	li	a3,10
    2674:	bafff0ef          	jal	ra,2222 <printDouble>
    2678:	bfb1                	j	25d4 <print+0x2b2>

0000267a <snprintf>:
    267a:	7139                	addi	sp,sp,-64
    267c:	8332                	mv	t1,a2
    267e:	da3e                	sw	a5,52(sp)
    2680:	c42e                	sw	a1,8(sp)
    2682:	c62a                	sw	a0,12(sp)
    2684:	1070                	addi	a2,sp,44
    2686:	4785                	li	a5,1
    2688:	0048                	addi	a0,sp,4
    268a:	859a                	mv	a1,t1
    268c:	ce06                	sw	ra,28(sp)
    268e:	d636                	sw	a3,44(sp)
    2690:	d83a                	sw	a4,48(sp)
    2692:	dc42                	sw	a6,56(sp)
    2694:	de46                	sw	a7,60(sp)
    2696:	c23e                	sw	a5,4(sp)
    2698:	c032                	sw	a2,0(sp)
    269a:	c89ff0ef          	jal	ra,2322 <print>
    269e:	40f2                	lw	ra,28(sp)
    26a0:	6121                	addi	sp,sp,64
    26a2:	8082                	ret

000026a4 <puts>:
    26a4:	1101                	addi	sp,sp,-32
    26a6:	cc22                	sw	s0,24(sp)
    26a8:	ca26                	sw	s1,20(sp)
    26aa:	ce06                	sw	ra,28(sp)
    26ac:	211c                	lbu	a5,0(a0)
    26ae:	84aa                	mv	s1,a0
    26b0:	4401                	li	s0,0
    26b2:	87dc                	sb	a5,15(sp)
    26b4:	00f10783          	lb	a5,15(sp)
    26b8:	0405                	addi	s0,s0,1
    26ba:	ef99                	bnez	a5,26d8 <puts+0x34>
    26bc:	47a9                	li	a5,10
    26be:	00f10593          	addi	a1,sp,15
    26c2:	4605                	li	a2,1
    26c4:	4501                	li	a0,0
    26c6:	87dc                	sb	a5,15(sp)
    26c8:	fe4ff0ef          	jal	ra,1eac <_write>
    26cc:	8522                	mv	a0,s0
    26ce:	40f2                	lw	ra,28(sp)
    26d0:	4462                	lw	s0,24(sp)
    26d2:	44d2                	lw	s1,20(sp)
    26d4:	6105                	addi	sp,sp,32
    26d6:	8082                	ret
    26d8:	4605                	li	a2,1
    26da:	00f10593          	addi	a1,sp,15
    26de:	4501                	li	a0,0
    26e0:	fccff0ef          	jal	ra,1eac <_write>
    26e4:	008487b3          	add	a5,s1,s0
    26e8:	239c                	lbu	a5,0(a5)
    26ea:	87dc                	sb	a5,15(sp)
    26ec:	b7e1                	j	26b4 <puts+0x10>

000026ee <__udivdi3>:
    26ee:	87b6                	mv	a5,a3
    26f0:	88b2                	mv	a7,a2
    26f2:	832a                	mv	t1,a0
    26f4:	882e                	mv	a6,a1
    26f6:	14069b63          	bnez	a3,284c <__udivdi3+0x15e>
    26fa:	0ac5f863          	bgeu	a1,a2,27aa <__udivdi3+0xbc>
    26fe:	6741                	lui	a4,0x10
    2700:	1ae66b63          	bltu	a2,a4,28b6 <__udivdi3+0x1c8>
    2704:	010007b7          	lui	a5,0x1000
    2708:	34f66063          	bltu	a2,a5,2a48 <__udivdi3+0x35a>
    270c:	01865693          	srli	a3,a2,0x18
    2710:	47e1                	li	a5,24
    2712:	00003717          	auipc	a4,0x3
    2716:	1c670713          	addi	a4,a4,454 # 58d8 <__clz_tab>
    271a:	9736                	add	a4,a4,a3
    271c:	2318                	lbu	a4,0(a4)
    271e:	97ba                	add	a5,a5,a4
    2720:	02000713          	li	a4,32
    2724:	8f1d                	sub	a4,a4,a5
    2726:	cb19                	beqz	a4,273c <__udivdi3+0x4e>
    2728:	00e59833          	sll	a6,a1,a4
    272c:	00f557b3          	srl	a5,a0,a5
    2730:	00e618b3          	sll	a7,a2,a4
    2734:	0107e833          	or	a6,a5,a6
    2738:	00e51333          	sll	t1,a0,a4
    273c:	0108d613          	srli	a2,a7,0x10
    2740:	02c85533          	divu	a0,a6,a2
    2744:	01089693          	slli	a3,a7,0x10
    2748:	82c1                	srli	a3,a3,0x10
    274a:	01035793          	srli	a5,t1,0x10
    274e:	02c87733          	remu	a4,a6,a2
    2752:	02a685b3          	mul	a1,a3,a0
    2756:	0742                	slli	a4,a4,0x10
    2758:	00f76833          	or	a6,a4,a5
    275c:	00b87a63          	bgeu	a6,a1,2770 <__udivdi3+0x82>
    2760:	9846                	add	a6,a6,a7
    2762:	fff50793          	addi	a5,a0,-1
    2766:	01186463          	bltu	a6,a7,276e <__udivdi3+0x80>
    276a:	30b86563          	bltu	a6,a1,2a74 <__udivdi3+0x386>
    276e:	853e                	mv	a0,a5
    2770:	40b80833          	sub	a6,a6,a1
    2774:	02c85733          	divu	a4,a6,a2
    2778:	0342                	slli	t1,t1,0x10
    277a:	01035313          	srli	t1,t1,0x10
    277e:	02c87833          	remu	a6,a6,a2
    2782:	02e686b3          	mul	a3,a3,a4
    2786:	0842                	slli	a6,a6,0x10
    2788:	00686833          	or	a6,a6,t1
    278c:	00d87b63          	bgeu	a6,a3,27a2 <__udivdi3+0xb4>
    2790:	9846                	add	a6,a6,a7
    2792:	fff70793          	addi	a5,a4,-1
    2796:	01186563          	bltu	a6,a7,27a0 <__udivdi3+0xb2>
    279a:	1779                	addi	a4,a4,-2
    279c:	00d86363          	bltu	a6,a3,27a2 <__udivdi3+0xb4>
    27a0:	873e                	mv	a4,a5
    27a2:	0542                	slli	a0,a0,0x10
    27a4:	8d59                	or	a0,a0,a4
    27a6:	4581                	li	a1,0
    27a8:	8082                	ret
    27aa:	e601                	bnez	a2,27b2 <__udivdi3+0xc4>
    27ac:	4705                	li	a4,1
    27ae:	02c758b3          	divu	a7,a4,a2
    27b2:	6741                	lui	a4,0x10
    27b4:	0ee8e863          	bltu	a7,a4,28a4 <__udivdi3+0x1b6>
    27b8:	010007b7          	lui	a5,0x1000
    27bc:	28f8ea63          	bltu	a7,a5,2a50 <__udivdi3+0x362>
    27c0:	0188d693          	srli	a3,a7,0x18
    27c4:	47e1                	li	a5,24
    27c6:	00003717          	auipc	a4,0x3
    27ca:	11270713          	addi	a4,a4,274 # 58d8 <__clz_tab>
    27ce:	9736                	add	a4,a4,a3
    27d0:	2314                	lbu	a3,0(a4)
    27d2:	96be                	add	a3,a3,a5
    27d4:	02000793          	li	a5,32
    27d8:	8f95                	sub	a5,a5,a3
    27da:	e7fd                	bnez	a5,28c8 <__udivdi3+0x1da>
    27dc:	01089e93          	slli	t4,a7,0x10
    27e0:	41158733          	sub	a4,a1,a7
    27e4:	0108df13          	srli	t5,a7,0x10
    27e8:	010ede93          	srli	t4,t4,0x10
    27ec:	4585                	li	a1,1
    27ee:	01035793          	srli	a5,t1,0x10
    27f2:	03e75533          	divu	a0,a4,t5
    27f6:	03e77733          	remu	a4,a4,t5
    27fa:	03d506b3          	mul	a3,a0,t4
    27fe:	0742                	slli	a4,a4,0x10
    2800:	8fd9                	or	a5,a5,a4
    2802:	00d7fa63          	bgeu	a5,a3,2816 <__udivdi3+0x128>
    2806:	97c6                	add	a5,a5,a7
    2808:	fff50713          	addi	a4,a0,-1
    280c:	0117e463          	bltu	a5,a7,2814 <__udivdi3+0x126>
    2810:	26d7e563          	bltu	a5,a3,2a7a <__udivdi3+0x38c>
    2814:	853a                	mv	a0,a4
    2816:	8f95                	sub	a5,a5,a3
    2818:	03e7d733          	divu	a4,a5,t5
    281c:	0342                	slli	t1,t1,0x10
    281e:	01035313          	srli	t1,t1,0x10
    2822:	03e7f7b3          	remu	a5,a5,t5
    2826:	03d70eb3          	mul	t4,a4,t4
    282a:	07c2                	slli	a5,a5,0x10
    282c:	0067e7b3          	or	a5,a5,t1
    2830:	01d7fb63          	bgeu	a5,t4,2846 <__udivdi3+0x158>
    2834:	97c6                	add	a5,a5,a7
    2836:	fff70693          	addi	a3,a4,-1
    283a:	0117e563          	bltu	a5,a7,2844 <__udivdi3+0x156>
    283e:	1779                	addi	a4,a4,-2
    2840:	01d7e363          	bltu	a5,t4,2846 <__udivdi3+0x158>
    2844:	8736                	mv	a4,a3
    2846:	0542                	slli	a0,a0,0x10
    2848:	8d59                	or	a0,a0,a4
    284a:	8082                	ret
    284c:	04d5e163          	bltu	a1,a3,288e <__udivdi3+0x1a0>
    2850:	67c1                	lui	a5,0x10
    2852:	04f6e163          	bltu	a3,a5,2894 <__udivdi3+0x1a6>
    2856:	010007b7          	lui	a5,0x1000
    285a:	1ef6e363          	bltu	a3,a5,2a40 <__udivdi3+0x352>
    285e:	0186d713          	srli	a4,a3,0x18
    2862:	4861                	li	a6,24
    2864:	00003797          	auipc	a5,0x3
    2868:	07478793          	addi	a5,a5,116 # 58d8 <__clz_tab>
    286c:	97ba                	add	a5,a5,a4
    286e:	2398                	lbu	a4,0(a5)
    2870:	02000e13          	li	t3,32
    2874:	9742                	add	a4,a4,a6
    2876:	40ee0e33          	sub	t3,t3,a4
    287a:	0c0e1a63          	bnez	t3,294e <__udivdi3+0x260>
    287e:	1cb6ed63          	bltu	a3,a1,2a58 <__udivdi3+0x36a>
    2882:	00c53533          	sltu	a0,a0,a2
    2886:	00154513          	xori	a0,a0,1
    288a:	4581                	li	a1,0
    288c:	8082                	ret
    288e:	4581                	li	a1,0
    2890:	4501                	li	a0,0
    2892:	8082                	ret
    2894:	0ff00793          	li	a5,255
    2898:	1cd7f363          	bgeu	a5,a3,2a5e <__udivdi3+0x370>
    289c:	0086d713          	srli	a4,a3,0x8
    28a0:	4821                	li	a6,8
    28a2:	b7c9                	j	2864 <__udivdi3+0x176>
    28a4:	0ff00713          	li	a4,255
    28a8:	86c6                	mv	a3,a7
    28aa:	f1177ee3          	bgeu	a4,a7,27c6 <__udivdi3+0xd8>
    28ae:	0088d693          	srli	a3,a7,0x8
    28b2:	47a1                	li	a5,8
    28b4:	bf09                	j	27c6 <__udivdi3+0xd8>
    28b6:	0ff00713          	li	a4,255
    28ba:	86b2                	mv	a3,a2
    28bc:	e4c77be3          	bgeu	a4,a2,2712 <__udivdi3+0x24>
    28c0:	00865693          	srli	a3,a2,0x8
    28c4:	47a1                	li	a5,8
    28c6:	b5b1                	j	2712 <__udivdi3+0x24>
    28c8:	00f898b3          	sll	a7,a7,a5
    28cc:	00d5d633          	srl	a2,a1,a3
    28d0:	0108df13          	srli	t5,a7,0x10
    28d4:	03e65e33          	divu	t3,a2,t5
    28d8:	00f59733          	sll	a4,a1,a5
    28dc:	00d556b3          	srl	a3,a0,a3
    28e0:	8f55                	or	a4,a4,a3
    28e2:	01089e93          	slli	t4,a7,0x10
    28e6:	010ede93          	srli	t4,t4,0x10
    28ea:	00f51333          	sll	t1,a0,a5
    28ee:	01075593          	srli	a1,a4,0x10
    28f2:	03e676b3          	remu	a3,a2,t5
    28f6:	03ce87b3          	mul	a5,t4,t3
    28fa:	06c2                	slli	a3,a3,0x10
    28fc:	8ecd                	or	a3,a3,a1
    28fe:	00f6fb63          	bgeu	a3,a5,2914 <__udivdi3+0x226>
    2902:	96c6                	add	a3,a3,a7
    2904:	fffe0613          	addi	a2,t3,-1
    2908:	1716e463          	bltu	a3,a7,2a70 <__udivdi3+0x382>
    290c:	16f6f263          	bgeu	a3,a5,2a70 <__udivdi3+0x382>
    2910:	1e79                	addi	t3,t3,-2
    2912:	96c6                	add	a3,a3,a7
    2914:	8e9d                	sub	a3,a3,a5
    2916:	03e6d633          	divu	a2,a3,t5
    291a:	01071793          	slli	a5,a4,0x10
    291e:	83c1                	srli	a5,a5,0x10
    2920:	03e6f6b3          	remu	a3,a3,t5
    2924:	02ce8533          	mul	a0,t4,a2
    2928:	01069713          	slli	a4,a3,0x10
    292c:	8f5d                	or	a4,a4,a5
    292e:	00a77b63          	bgeu	a4,a0,2944 <__udivdi3+0x256>
    2932:	9746                	add	a4,a4,a7
    2934:	fff60793          	addi	a5,a2,-1
    2938:	13176863          	bltu	a4,a7,2a68 <__udivdi3+0x37a>
    293c:	12a77663          	bgeu	a4,a0,2a68 <__udivdi3+0x37a>
    2940:	1679                	addi	a2,a2,-2
    2942:	9746                	add	a4,a4,a7
    2944:	010e1593          	slli	a1,t3,0x10
    2948:	8f09                	sub	a4,a4,a0
    294a:	8dd1                	or	a1,a1,a2
    294c:	b54d                	j	27ee <__udivdi3+0x100>
    294e:	00e657b3          	srl	a5,a2,a4
    2952:	01c696b3          	sll	a3,a3,t3
    2956:	8edd                	or	a3,a3,a5
    2958:	00e5d333          	srl	t1,a1,a4
    295c:	0106df13          	srli	t5,a3,0x10
    2960:	03e357b3          	divu	a5,t1,t5
    2964:	01069e93          	slli	t4,a3,0x10
    2968:	010ede93          	srli	t4,t4,0x10
    296c:	01c59833          	sll	a6,a1,t3
    2970:	00e55733          	srl	a4,a0,a4
    2974:	01076833          	or	a6,a4,a6
    2978:	01085893          	srli	a7,a6,0x10
    297c:	01c61633          	sll	a2,a2,t3
    2980:	03e37333          	remu	t1,t1,t5
    2984:	02fe85b3          	mul	a1,t4,a5
    2988:	0342                	slli	t1,t1,0x10
    298a:	011368b3          	or	a7,t1,a7
    298e:	00b8fb63          	bgeu	a7,a1,29a4 <__udivdi3+0x2b6>
    2992:	98b6                	add	a7,a7,a3
    2994:	fff78713          	addi	a4,a5,-1
    2998:	0cd8ea63          	bltu	a7,a3,2a6c <__udivdi3+0x37e>
    299c:	0cb8f863          	bgeu	a7,a1,2a6c <__udivdi3+0x37e>
    29a0:	17f9                	addi	a5,a5,-2
    29a2:	98b6                	add	a7,a7,a3
    29a4:	40b888b3          	sub	a7,a7,a1
    29a8:	03e8d733          	divu	a4,a7,t5
    29ac:	0842                	slli	a6,a6,0x10
    29ae:	01085813          	srli	a6,a6,0x10
    29b2:	03e8f8b3          	remu	a7,a7,t5
    29b6:	02ee8333          	mul	t1,t4,a4
    29ba:	08c2                	slli	a7,a7,0x10
    29bc:	0108e5b3          	or	a1,a7,a6
    29c0:	0065fb63          	bgeu	a1,t1,29d6 <__udivdi3+0x2e8>
    29c4:	95b6                	add	a1,a1,a3
    29c6:	fff70813          	addi	a6,a4,-1
    29ca:	08d5ed63          	bltu	a1,a3,2a64 <__udivdi3+0x376>
    29ce:	0865fb63          	bgeu	a1,t1,2a64 <__udivdi3+0x376>
    29d2:	1779                	addi	a4,a4,-2
    29d4:	95b6                	add	a1,a1,a3
    29d6:	07c2                	slli	a5,a5,0x10
    29d8:	6f41                	lui	t5,0x10
    29da:	8fd9                	or	a5,a5,a4
    29dc:	ffff0713          	addi	a4,t5,-1 # ffff <_data_lma+0xa513>
    29e0:	00e7f6b3          	and	a3,a5,a4
    29e4:	0107d893          	srli	a7,a5,0x10
    29e8:	8f71                	and	a4,a4,a2
    29ea:	8241                	srli	a2,a2,0x10
    29ec:	02e68eb3          	mul	t4,a3,a4
    29f0:	406585b3          	sub	a1,a1,t1
    29f4:	02c686b3          	mul	a3,a3,a2
    29f8:	010ed813          	srli	a6,t4,0x10
    29fc:	02e88733          	mul	a4,a7,a4
    2a00:	96ba                	add	a3,a3,a4
    2a02:	96c2                	add	a3,a3,a6
    2a04:	02c88633          	mul	a2,a7,a2
    2a08:	00e6f363          	bgeu	a3,a4,2a0e <__udivdi3+0x320>
    2a0c:	967a                	add	a2,a2,t5
    2a0e:	0106d893          	srli	a7,a3,0x10
    2a12:	9646                	add	a2,a2,a7
    2a14:	02c5e263          	bltu	a1,a2,2a38 <__udivdi3+0x34a>
    2a18:	00c58563          	beq	a1,a2,2a22 <__udivdi3+0x334>
    2a1c:	853e                	mv	a0,a5
    2a1e:	4581                	li	a1,0
    2a20:	8082                	ret
    2a22:	6741                	lui	a4,0x10
    2a24:	177d                	addi	a4,a4,-1
    2a26:	8ef9                	and	a3,a3,a4
    2a28:	06c2                	slli	a3,a3,0x10
    2a2a:	00eefeb3          	and	t4,t4,a4
    2a2e:	01c51533          	sll	a0,a0,t3
    2a32:	96f6                	add	a3,a3,t4
    2a34:	fed574e3          	bgeu	a0,a3,2a1c <__udivdi3+0x32e>
    2a38:	fff78513          	addi	a0,a5,-1
    2a3c:	4581                	li	a1,0
    2a3e:	8082                	ret
    2a40:	0106d713          	srli	a4,a3,0x10
    2a44:	4841                	li	a6,16
    2a46:	bd39                	j	2864 <__udivdi3+0x176>
    2a48:	01065693          	srli	a3,a2,0x10
    2a4c:	47c1                	li	a5,16
    2a4e:	b1d1                	j	2712 <__udivdi3+0x24>
    2a50:	0108d693          	srli	a3,a7,0x10
    2a54:	47c1                	li	a5,16
    2a56:	bb85                	j	27c6 <__udivdi3+0xd8>
    2a58:	4581                	li	a1,0
    2a5a:	4505                	li	a0,1
    2a5c:	8082                	ret
    2a5e:	8736                	mv	a4,a3
    2a60:	4801                	li	a6,0
    2a62:	b509                	j	2864 <__udivdi3+0x176>
    2a64:	8742                	mv	a4,a6
    2a66:	bf85                	j	29d6 <__udivdi3+0x2e8>
    2a68:	863e                	mv	a2,a5
    2a6a:	bde9                	j	2944 <__udivdi3+0x256>
    2a6c:	87ba                	mv	a5,a4
    2a6e:	bf1d                	j	29a4 <__udivdi3+0x2b6>
    2a70:	8e32                	mv	t3,a2
    2a72:	b54d                	j	2914 <__udivdi3+0x226>
    2a74:	1579                	addi	a0,a0,-2
    2a76:	9846                	add	a6,a6,a7
    2a78:	b9e5                	j	2770 <__udivdi3+0x82>
    2a7a:	1579                	addi	a0,a0,-2
    2a7c:	97c6                	add	a5,a5,a7
    2a7e:	bb61                	j	2816 <__udivdi3+0x128>

00002a80 <__umoddi3>:
    2a80:	87b6                	mv	a5,a3
    2a82:	8832                	mv	a6,a2
    2a84:	832a                	mv	t1,a0
    2a86:	872e                	mv	a4,a1
    2a88:	8e2e                	mv	t3,a1
    2a8a:	14069163          	bnez	a3,2bcc <__umoddi3+0x14c>
    2a8e:	0ac5f063          	bgeu	a1,a2,2b2e <__umoddi3+0xae>
    2a92:	6741                	lui	a4,0x10
    2a94:	1ae67663          	bgeu	a2,a4,2c40 <__umoddi3+0x1c0>
    2a98:	0ff00713          	li	a4,255
    2a9c:	86b2                	mv	a3,a2
    2a9e:	00c77563          	bgeu	a4,a2,2aa8 <__umoddi3+0x28>
    2aa2:	00865693          	srli	a3,a2,0x8
    2aa6:	47a1                	li	a5,8
    2aa8:	00003717          	auipc	a4,0x3
    2aac:	e3070713          	addi	a4,a4,-464 # 58d8 <__clz_tab>
    2ab0:	9736                	add	a4,a4,a3
    2ab2:	2318                	lbu	a4,0(a4)
    2ab4:	02000893          	li	a7,32
    2ab8:	97ba                	add	a5,a5,a4
    2aba:	40f888b3          	sub	a7,a7,a5
    2abe:	00088c63          	beqz	a7,2ad6 <__umoddi3+0x56>
    2ac2:	011595b3          	sll	a1,a1,a7
    2ac6:	00f557b3          	srl	a5,a0,a5
    2aca:	01161833          	sll	a6,a2,a7
    2ace:	00b7ee33          	or	t3,a5,a1
    2ad2:	01151333          	sll	t1,a0,a7
    2ad6:	01085613          	srli	a2,a6,0x10
    2ada:	02ce57b3          	divu	a5,t3,a2
    2ade:	01081513          	slli	a0,a6,0x10
    2ae2:	8141                	srli	a0,a0,0x10
    2ae4:	01035693          	srli	a3,t1,0x10
    2ae8:	02ce7e33          	remu	t3,t3,a2
    2aec:	02f507b3          	mul	a5,a0,a5
    2af0:	0e42                	slli	t3,t3,0x10
    2af2:	00de6733          	or	a4,t3,a3
    2af6:	00f77863          	bgeu	a4,a5,2b06 <__umoddi3+0x86>
    2afa:	9742                	add	a4,a4,a6
    2afc:	01076563          	bltu	a4,a6,2b06 <__umoddi3+0x86>
    2b00:	00f77363          	bgeu	a4,a5,2b06 <__umoddi3+0x86>
    2b04:	9742                	add	a4,a4,a6
    2b06:	8f1d                	sub	a4,a4,a5
    2b08:	02c756b3          	divu	a3,a4,a2
    2b0c:	01031793          	slli	a5,t1,0x10
    2b10:	83c1                	srli	a5,a5,0x10
    2b12:	02c77733          	remu	a4,a4,a2
    2b16:	02d50533          	mul	a0,a0,a3
    2b1a:	0742                	slli	a4,a4,0x10
    2b1c:	8fd9                	or	a5,a5,a4
    2b1e:	08a7eb63          	bltu	a5,a0,2bb4 <__umoddi3+0x134>
    2b22:	40a78533          	sub	a0,a5,a0
    2b26:	01155533          	srl	a0,a0,a7
    2b2a:	4581                	li	a1,0
    2b2c:	8082                	ret
    2b2e:	e601                	bnez	a2,2b36 <__umoddi3+0xb6>
    2b30:	4705                	li	a4,1
    2b32:	02c75833          	divu	a6,a4,a2
    2b36:	6741                	lui	a4,0x10
    2b38:	0ee86b63          	bltu	a6,a4,2c2e <__umoddi3+0x1ae>
    2b3c:	010007b7          	lui	a5,0x1000
    2b40:	2af86463          	bltu	a6,a5,2de8 <__umoddi3+0x368>
    2b44:	01885693          	srli	a3,a6,0x18
    2b48:	47e1                	li	a5,24
    2b4a:	00003717          	auipc	a4,0x3
    2b4e:	d8e70713          	addi	a4,a4,-626 # 58d8 <__clz_tab>
    2b52:	9736                	add	a4,a4,a3
    2b54:	2318                	lbu	a4,0(a4)
    2b56:	02000893          	li	a7,32
    2b5a:	97ba                	add	a5,a5,a4
    2b5c:	40f888b3          	sub	a7,a7,a5
    2b60:	1e089a63          	bnez	a7,2d54 <__umoddi3+0x2d4>
    2b64:	01081e13          	slli	t3,a6,0x10
    2b68:	410585b3          	sub	a1,a1,a6
    2b6c:	01085613          	srli	a2,a6,0x10
    2b70:	010e5e13          	srli	t3,t3,0x10
    2b74:	01035713          	srli	a4,t1,0x10
    2b78:	02c5d6b3          	divu	a3,a1,a2
    2b7c:	02c5f5b3          	remu	a1,a1,a2
    2b80:	03c686b3          	mul	a3,a3,t3
    2b84:	05c2                	slli	a1,a1,0x10
    2b86:	8f4d                	or	a4,a4,a1
    2b88:	00d77763          	bgeu	a4,a3,2b96 <__umoddi3+0x116>
    2b8c:	9742                	add	a4,a4,a6
    2b8e:	01076463          	bltu	a4,a6,2b96 <__umoddi3+0x116>
    2b92:	26d76a63          	bltu	a4,a3,2e06 <__umoddi3+0x386>
    2b96:	8f15                	sub	a4,a4,a3
    2b98:	02c75533          	divu	a0,a4,a2
    2b9c:	0342                	slli	t1,t1,0x10
    2b9e:	01035313          	srli	t1,t1,0x10
    2ba2:	02c77733          	remu	a4,a4,a2
    2ba6:	03c50533          	mul	a0,a0,t3
    2baa:	0742                	slli	a4,a4,0x10
    2bac:	006767b3          	or	a5,a4,t1
    2bb0:	00a7f863          	bgeu	a5,a0,2bc0 <__umoddi3+0x140>
    2bb4:	97c2                	add	a5,a5,a6
    2bb6:	0107e563          	bltu	a5,a6,2bc0 <__umoddi3+0x140>
    2bba:	00a7f363          	bgeu	a5,a0,2bc0 <__umoddi3+0x140>
    2bbe:	97c2                	add	a5,a5,a6
    2bc0:	40a78533          	sub	a0,a5,a0
    2bc4:	01155533          	srl	a0,a0,a7
    2bc8:	4581                	li	a1,0
    2bca:	8082                	ret
    2bcc:	882a                	mv	a6,a0
    2bce:	f4d5efe3          	bltu	a1,a3,2b2c <__umoddi3+0xac>
    2bd2:	67c1                	lui	a5,0x10
    2bd4:	04f6e563          	bltu	a3,a5,2c1e <__umoddi3+0x19e>
    2bd8:	010007b7          	lui	a5,0x1000
    2bdc:	20f6e263          	bltu	a3,a5,2de0 <__umoddi3+0x360>
    2be0:	0186d313          	srli	t1,a3,0x18
    2be4:	48e1                	li	a7,24
    2be6:	00003797          	auipc	a5,0x3
    2bea:	cf278793          	addi	a5,a5,-782 # 58d8 <__clz_tab>
    2bee:	979a                	add	a5,a5,t1
    2bf0:	0007ce03          	lbu	t3,0(a5)
    2bf4:	02000313          	li	t1,32
    2bf8:	9e46                	add	t3,t3,a7
    2bfa:	41c30333          	sub	t1,t1,t3
    2bfe:	04031963          	bnez	t1,2c50 <__umoddi3+0x1d0>
    2c02:	00b6e463          	bltu	a3,a1,2c0a <__umoddi3+0x18a>
    2c06:	00c56963          	bltu	a0,a2,2c18 <__umoddi3+0x198>
    2c0a:	40c50833          	sub	a6,a0,a2
    2c0e:	8d95                	sub	a1,a1,a3
    2c10:	01053733          	sltu	a4,a0,a6
    2c14:	40e58733          	sub	a4,a1,a4
    2c18:	8542                	mv	a0,a6
    2c1a:	85ba                	mv	a1,a4
    2c1c:	8082                	ret
    2c1e:	0ff00793          	li	a5,255
    2c22:	1cd7fb63          	bgeu	a5,a3,2df8 <__umoddi3+0x378>
    2c26:	0086d313          	srli	t1,a3,0x8
    2c2a:	48a1                	li	a7,8
    2c2c:	bf6d                	j	2be6 <__umoddi3+0x166>
    2c2e:	0ff00713          	li	a4,255
    2c32:	86c2                	mv	a3,a6
    2c34:	f1077be3          	bgeu	a4,a6,2b4a <__umoddi3+0xca>
    2c38:	00885693          	srli	a3,a6,0x8
    2c3c:	47a1                	li	a5,8
    2c3e:	b731                	j	2b4a <__umoddi3+0xca>
    2c40:	010007b7          	lui	a5,0x1000
    2c44:	1af66663          	bltu	a2,a5,2df0 <__umoddi3+0x370>
    2c48:	01865693          	srli	a3,a2,0x18
    2c4c:	47e1                	li	a5,24
    2c4e:	bda9                	j	2aa8 <__umoddi3+0x28>
    2c50:	01c657b3          	srl	a5,a2,t3
    2c54:	006696b3          	sll	a3,a3,t1
    2c58:	8edd                	or	a3,a3,a5
    2c5a:	01c5d8b3          	srl	a7,a1,t3
    2c5e:	0106d713          	srli	a4,a3,0x10
    2c62:	02e8deb3          	divu	t4,a7,a4
    2c66:	01069f13          	slli	t5,a3,0x10
    2c6a:	01c557b3          	srl	a5,a0,t3
    2c6e:	010f5f13          	srli	t5,t5,0x10
    2c72:	006595b3          	sll	a1,a1,t1
    2c76:	8ddd                	or	a1,a1,a5
    2c78:	0105d813          	srli	a6,a1,0x10
    2c7c:	00661633          	sll	a2,a2,t1
    2c80:	00651533          	sll	a0,a0,t1
    2c84:	02e8f8b3          	remu	a7,a7,a4
    2c88:	03df07b3          	mul	a5,t5,t4
    2c8c:	08c2                	slli	a7,a7,0x10
    2c8e:	0108e833          	or	a6,a7,a6
    2c92:	00f87b63          	bgeu	a6,a5,2ca8 <__umoddi3+0x228>
    2c96:	9836                	add	a6,a6,a3
    2c98:	fffe8893          	addi	a7,t4,-1
    2c9c:	16d86363          	bltu	a6,a3,2e02 <__umoddi3+0x382>
    2ca0:	16f87163          	bgeu	a6,a5,2e02 <__umoddi3+0x382>
    2ca4:	1ef9                	addi	t4,t4,-2
    2ca6:	9836                	add	a6,a6,a3
    2ca8:	40f80833          	sub	a6,a6,a5
    2cac:	02e857b3          	divu	a5,a6,a4
    2cb0:	05c2                	slli	a1,a1,0x10
    2cb2:	81c1                	srli	a1,a1,0x10
    2cb4:	02e87833          	remu	a6,a6,a4
    2cb8:	02ff0f33          	mul	t5,t5,a5
    2cbc:	01081713          	slli	a4,a6,0x10
    2cc0:	8f4d                	or	a4,a4,a1
    2cc2:	01e77b63          	bgeu	a4,t5,2cd8 <__umoddi3+0x258>
    2cc6:	9736                	add	a4,a4,a3
    2cc8:	fff78593          	addi	a1,a5,-1 # ffffff <_data_lma+0xffa513>
    2ccc:	12d76963          	bltu	a4,a3,2dfe <__umoddi3+0x37e>
    2cd0:	13e77763          	bgeu	a4,t5,2dfe <__umoddi3+0x37e>
    2cd4:	17f9                	addi	a5,a5,-2
    2cd6:	9736                	add	a4,a4,a3
    2cd8:	0ec2                	slli	t4,t4,0x10
    2cda:	62c1                	lui	t0,0x10
    2cdc:	00feeeb3          	or	t4,t4,a5
    2ce0:	fff28813          	addi	a6,t0,-1 # ffff <_data_lma+0xa513>
    2ce4:	010ef8b3          	and	a7,t4,a6
    2ce8:	01065593          	srli	a1,a2,0x10
    2cec:	010ede93          	srli	t4,t4,0x10
    2cf0:	01067833          	and	a6,a2,a6
    2cf4:	03088fb3          	mul	t6,a7,a6
    2cf8:	41e70733          	sub	a4,a4,t5
    2cfc:	030e8833          	mul	a6,t4,a6
    2d00:	010fd793          	srli	a5,t6,0x10
    2d04:	02b888b3          	mul	a7,a7,a1
    2d08:	98c2                	add	a7,a7,a6
    2d0a:	97c6                	add	a5,a5,a7
    2d0c:	02be8eb3          	mul	t4,t4,a1
    2d10:	0107f363          	bgeu	a5,a6,2d16 <__umoddi3+0x296>
    2d14:	9e96                	add	t4,t4,t0
    2d16:	6841                	lui	a6,0x10
    2d18:	187d                	addi	a6,a6,-1
    2d1a:	0107d593          	srli	a1,a5,0x10
    2d1e:	0107f7b3          	and	a5,a5,a6
    2d22:	07c2                	slli	a5,a5,0x10
    2d24:	010fffb3          	and	t6,t6,a6
    2d28:	95f6                	add	a1,a1,t4
    2d2a:	97fe                	add	a5,a5,t6
    2d2c:	0ab76263          	bltu	a4,a1,2dd0 <__umoddi3+0x350>
    2d30:	08b70e63          	beq	a4,a1,2dcc <__umoddi3+0x34c>
    2d34:	40f507b3          	sub	a5,a0,a5
    2d38:	00f53533          	sltu	a0,a0,a5
    2d3c:	40b705b3          	sub	a1,a4,a1
    2d40:	8d89                	sub	a1,a1,a0
    2d42:	01c59e33          	sll	t3,a1,t3
    2d46:	0067d533          	srl	a0,a5,t1
    2d4a:	00ae6533          	or	a0,t3,a0
    2d4e:	0065d5b3          	srl	a1,a1,t1
    2d52:	8082                	ret
    2d54:	01181833          	sll	a6,a6,a7
    2d58:	00f5d733          	srl	a4,a1,a5
    2d5c:	01085613          	srli	a2,a6,0x10
    2d60:	02c756b3          	divu	a3,a4,a2
    2d64:	01081e13          	slli	t3,a6,0x10
    2d68:	00f557b3          	srl	a5,a0,a5
    2d6c:	010e5e13          	srli	t3,t3,0x10
    2d70:	011595b3          	sll	a1,a1,a7
    2d74:	8ddd                	or	a1,a1,a5
    2d76:	0105de93          	srli	t4,a1,0x10
    2d7a:	01151333          	sll	t1,a0,a7
    2d7e:	02c77733          	remu	a4,a4,a2
    2d82:	02de07b3          	mul	a5,t3,a3
    2d86:	01071693          	slli	a3,a4,0x10
    2d8a:	01d6e6b3          	or	a3,a3,t4
    2d8e:	00f6f863          	bgeu	a3,a5,2d9e <__umoddi3+0x31e>
    2d92:	96c2                	add	a3,a3,a6
    2d94:	0106e563          	bltu	a3,a6,2d9e <__umoddi3+0x31e>
    2d98:	00f6f363          	bgeu	a3,a5,2d9e <__umoddi3+0x31e>
    2d9c:	96c2                	add	a3,a3,a6
    2d9e:	8e9d                	sub	a3,a3,a5
    2da0:	02c6d733          	divu	a4,a3,a2
    2da4:	01059793          	slli	a5,a1,0x10
    2da8:	83c1                	srli	a5,a5,0x10
    2daa:	02c6f6b3          	remu	a3,a3,a2
    2dae:	02ee0733          	mul	a4,t3,a4
    2db2:	01069593          	slli	a1,a3,0x10
    2db6:	8ddd                	or	a1,a1,a5
    2db8:	00e5f863          	bgeu	a1,a4,2dc8 <__umoddi3+0x348>
    2dbc:	95c2                	add	a1,a1,a6
    2dbe:	0105e563          	bltu	a1,a6,2dc8 <__umoddi3+0x348>
    2dc2:	00e5f363          	bgeu	a1,a4,2dc8 <__umoddi3+0x348>
    2dc6:	95c2                	add	a1,a1,a6
    2dc8:	8d99                	sub	a1,a1,a4
    2dca:	b36d                	j	2b74 <__umoddi3+0xf4>
    2dcc:	f6f574e3          	bgeu	a0,a5,2d34 <__umoddi3+0x2b4>
    2dd0:	40c78633          	sub	a2,a5,a2
    2dd4:	00c7b7b3          	sltu	a5,a5,a2
    2dd8:	97b6                	add	a5,a5,a3
    2dda:	8d9d                	sub	a1,a1,a5
    2ddc:	87b2                	mv	a5,a2
    2dde:	bf99                	j	2d34 <__umoddi3+0x2b4>
    2de0:	0106d313          	srli	t1,a3,0x10
    2de4:	48c1                	li	a7,16
    2de6:	b501                	j	2be6 <__umoddi3+0x166>
    2de8:	01085693          	srli	a3,a6,0x10
    2dec:	47c1                	li	a5,16
    2dee:	bbb1                	j	2b4a <__umoddi3+0xca>
    2df0:	01065693          	srli	a3,a2,0x10
    2df4:	47c1                	li	a5,16
    2df6:	b94d                	j	2aa8 <__umoddi3+0x28>
    2df8:	8336                	mv	t1,a3
    2dfa:	4881                	li	a7,0
    2dfc:	b3ed                	j	2be6 <__umoddi3+0x166>
    2dfe:	87ae                	mv	a5,a1
    2e00:	bde1                	j	2cd8 <__umoddi3+0x258>
    2e02:	8ec6                	mv	t4,a7
    2e04:	b555                	j	2ca8 <__umoddi3+0x228>
    2e06:	9742                	add	a4,a4,a6
    2e08:	b379                	j	2b96 <__umoddi3+0x116>

00002e0a <__ledf2>:
    2e0a:	0145d713          	srli	a4,a1,0x14
    2e0e:	001007b7          	lui	a5,0x100
    2e12:	17fd                	addi	a5,a5,-1
    2e14:	0146d813          	srli	a6,a3,0x14
    2e18:	7ff77713          	andi	a4,a4,2047
    2e1c:	7ff00893          	li	a7,2047
    2e20:	00b7fe33          	and	t3,a5,a1
    2e24:	8eaa                	mv	t4,a0
    2e26:	8ff5                	and	a5,a5,a3
    2e28:	81fd                	srli	a1,a1,0x1f
    2e2a:	8f32                	mv	t5,a2
    2e2c:	7ff87813          	andi	a6,a6,2047
    2e30:	82fd                	srli	a3,a3,0x1f
    2e32:	03170e63          	beq	a4,a7,2e6e <__ledf2+0x64>
    2e36:	01180d63          	beq	a6,a7,2e50 <__ledf2+0x46>
    2e3a:	e329                	bnez	a4,2e7c <__ledf2+0x72>
    2e3c:	00ae68b3          	or	a7,t3,a0
    2e40:	00081f63          	bnez	a6,2e5e <__ledf2+0x54>
    2e44:	8e5d                	or	a2,a2,a5
    2e46:	ee01                	bnez	a2,2e5e <__ledf2+0x54>
    2e48:	4301                	li	t1,0
    2e4a:	04088c63          	beqz	a7,2ea2 <__ledf2+0x98>
    2e4e:	a821                	j	2e66 <__ledf2+0x5c>
    2e50:	00c7e8b3          	or	a7,a5,a2
    2e54:	4309                	li	t1,2
    2e56:	04089663          	bnez	a7,2ea2 <__ledf2+0x98>
    2e5a:	d36d                	beqz	a4,2e3c <__ledf2+0x32>
    2e5c:	a005                	j	2e7c <__ledf2+0x72>
    2e5e:	04088463          	beqz	a7,2ea6 <__ledf2+0x9c>
    2e62:	02d58563          	beq	a1,a3,2e8c <__ledf2+0x82>
    2e66:	4305                	li	t1,1
    2e68:	cd8d                	beqz	a1,2ea2 <__ledf2+0x98>
    2e6a:	537d                	li	t1,-1
    2e6c:	a81d                	j	2ea2 <__ledf2+0x98>
    2e6e:	00ae68b3          	or	a7,t3,a0
    2e72:	4309                	li	t1,2
    2e74:	02089763          	bnez	a7,2ea2 <__ledf2+0x98>
    2e78:	02e80a63          	beq	a6,a4,2eac <__ledf2+0xa2>
    2e7c:	00081463          	bnez	a6,2e84 <__ledf2+0x7a>
    2e80:	8e5d                	or	a2,a2,a5
    2e82:	d275                	beqz	a2,2e66 <__ledf2+0x5c>
    2e84:	fed591e3          	bne	a1,a3,2e66 <__ledf2+0x5c>
    2e88:	fce84fe3          	blt	a6,a4,2e66 <__ledf2+0x5c>
    2e8c:	01074963          	blt	a4,a6,2e9e <__ledf2+0x94>
    2e90:	fdc7ebe3          	bltu	a5,t3,2e66 <__ledf2+0x5c>
    2e94:	00fe0f63          	beq	t3,a5,2eb2 <__ledf2+0xa8>
    2e98:	4301                	li	t1,0
    2e9a:	00fe7463          	bgeu	t3,a5,2ea2 <__ledf2+0x98>
    2e9e:	d5f1                	beqz	a1,2e6a <__ledf2+0x60>
    2ea0:	4305                	li	t1,1
    2ea2:	851a                	mv	a0,t1
    2ea4:	8082                	ret
    2ea6:	feed                	bnez	a3,2ea0 <__ledf2+0x96>
    2ea8:	537d                	li	t1,-1
    2eaa:	bfe5                	j	2ea2 <__ledf2+0x98>
    2eac:	8e5d                	or	a2,a2,a5
    2eae:	da79                	beqz	a2,2e84 <__ledf2+0x7a>
    2eb0:	bfcd                	j	2ea2 <__ledf2+0x98>
    2eb2:	fbdf6ae3          	bltu	t5,t4,2e66 <__ledf2+0x5c>
    2eb6:	4301                	li	t1,0
    2eb8:	ffeef5e3          	bgeu	t4,t5,2ea2 <__ledf2+0x98>
    2ebc:	f1f5                	bnez	a1,2ea0 <__ledf2+0x96>
    2ebe:	b775                	j	2e6a <__ledf2+0x60>

00002ec0 <__muldf3>:
    2ec0:	7139                	addi	sp,sp,-64
    2ec2:	d84a                	sw	s2,48(sp)
    2ec4:	0145d913          	srli	s2,a1,0x14
    2ec8:	d64e                	sw	s3,44(sp)
    2eca:	d452                	sw	s4,40(sp)
    2ecc:	d256                	sw	s5,36(sp)
    2ece:	00c59993          	slli	s3,a1,0xc
    2ed2:	de06                	sw	ra,60(sp)
    2ed4:	dc22                	sw	s0,56(sp)
    2ed6:	da26                	sw	s1,52(sp)
    2ed8:	d05a                	sw	s6,32(sp)
    2eda:	ce5e                	sw	s7,28(sp)
    2edc:	7ff97913          	andi	s2,s2,2047
    2ee0:	8a2a                	mv	s4,a0
    2ee2:	00c9d993          	srli	s3,s3,0xc
    2ee6:	01f5da93          	srli	s5,a1,0x1f
    2eea:	0e090d63          	beqz	s2,2fe4 <__muldf3+0x124>
    2eee:	7ff00793          	li	a5,2047
    2ef2:	18f90663          	beq	s2,a5,307e <__muldf3+0x1be>
    2ef6:	01d55413          	srli	s0,a0,0x1d
    2efa:	098e                	slli	s3,s3,0x3
    2efc:	013469b3          	or	s3,s0,s3
    2f00:	00800437          	lui	s0,0x800
    2f04:	0089e433          	or	s0,s3,s0
    2f08:	00351493          	slli	s1,a0,0x3
    2f0c:	c0190913          	addi	s2,s2,-1023
    2f10:	4981                	li	s3,0
    2f12:	4b81                	li	s7,0
    2f14:	0146d713          	srli	a4,a3,0x14
    2f18:	00c69a13          	slli	s4,a3,0xc
    2f1c:	7ff77713          	andi	a4,a4,2047
    2f20:	85b2                	mv	a1,a2
    2f22:	00ca5a13          	srli	s4,s4,0xc
    2f26:	01f6db13          	srli	s6,a3,0x1f
    2f2a:	10070b63          	beqz	a4,3040 <__muldf3+0x180>
    2f2e:	7ff00793          	li	a5,2047
    2f32:	04f70363          	beq	a4,a5,2f78 <__muldf3+0xb8>
    2f36:	01d65793          	srli	a5,a2,0x1d
    2f3a:	0a0e                	slli	s4,s4,0x3
    2f3c:	0147ea33          	or	s4,a5,s4
    2f40:	c0170713          	addi	a4,a4,-1023
    2f44:	008007b7          	lui	a5,0x800
    2f48:	00fa67b3          	or	a5,s4,a5
    2f4c:	00361593          	slli	a1,a2,0x3
    2f50:	993a                	add	s2,s2,a4
    2f52:	4881                	li	a7,0
    2f54:	016ac733          	xor	a4,s5,s6
    2f58:	46bd                	li	a3,15
    2f5a:	853a                	mv	a0,a4
    2f5c:	00190813          	addi	a6,s2,1
    2f60:	1736e863          	bltu	a3,s3,30d0 <__muldf3+0x210>
    2f64:	00003617          	auipc	a2,0x3
    2f68:	87460613          	addi	a2,a2,-1932 # 57d8 <Ch8x16+0x6b8>
    2f6c:	098a                	slli	s3,s3,0x2
    2f6e:	99b2                	add	s3,s3,a2
    2f70:	0009a683          	lw	a3,0(s3)
    2f74:	96b2                	add	a3,a3,a2
    2f76:	8682                	jr	a3
    2f78:	00ca67b3          	or	a5,s4,a2
    2f7c:	7ff90913          	addi	s2,s2,2047
    2f80:	12079963          	bnez	a5,30b2 <__muldf3+0x1f2>
    2f84:	0029e993          	ori	s3,s3,2
    2f88:	4581                	li	a1,0
    2f8a:	4889                	li	a7,2
    2f8c:	b7e1                	j	2f54 <__muldf3+0x94>
    2f8e:	4701                	li	a4,0
    2f90:	7ff00793          	li	a5,2047
    2f94:	00080437          	lui	s0,0x80
    2f98:	4481                	li	s1,0
    2f9a:	0432                	slli	s0,s0,0xc
    2f9c:	07d2                	slli	a5,a5,0x14
    2f9e:	8031                	srli	s0,s0,0xc
    2fa0:	077e                	slli	a4,a4,0x1f
    2fa2:	8c5d                	or	s0,s0,a5
    2fa4:	8c59                	or	s0,s0,a4
    2fa6:	85a2                	mv	a1,s0
    2fa8:	50f2                	lw	ra,60(sp)
    2faa:	5462                	lw	s0,56(sp)
    2fac:	8526                	mv	a0,s1
    2fae:	5942                	lw	s2,48(sp)
    2fb0:	54d2                	lw	s1,52(sp)
    2fb2:	59b2                	lw	s3,44(sp)
    2fb4:	5a22                	lw	s4,40(sp)
    2fb6:	5a92                	lw	s5,36(sp)
    2fb8:	5b02                	lw	s6,32(sp)
    2fba:	4bf2                	lw	s7,28(sp)
    2fbc:	6121                	addi	sp,sp,64
    2fbe:	8082                	ret
    2fc0:	855a                	mv	a0,s6
    2fc2:	843e                	mv	s0,a5
    2fc4:	84ae                	mv	s1,a1
    2fc6:	8bc6                	mv	s7,a7
    2fc8:	4789                	li	a5,2
    2fca:	0efb8d63          	beq	s7,a5,30c4 <__muldf3+0x204>
    2fce:	478d                	li	a5,3
    2fd0:	fafb8fe3          	beq	s7,a5,2f8e <__muldf3+0xce>
    2fd4:	4785                	li	a5,1
    2fd6:	872a                	mv	a4,a0
    2fd8:	38fb9e63          	bne	s7,a5,3374 <__muldf3+0x4b4>
    2fdc:	4781                	li	a5,0
    2fde:	4401                	li	s0,0
    2fe0:	4481                	li	s1,0
    2fe2:	bf65                	j	2f9a <__muldf3+0xda>
    2fe4:	00a9e433          	or	s0,s3,a0
    2fe8:	c061                	beqz	s0,30a8 <__muldf3+0x1e8>
    2fea:	c636                	sw	a3,12(sp)
    2fec:	c432                	sw	a2,8(sp)
    2fee:	2a098c63          	beqz	s3,32a6 <__muldf3+0x3e6>
    2ff2:	854e                	mv	a0,s3
    2ff4:	4bb010ef          	jal	ra,4cae <__clzsi2>
    2ff8:	4622                	lw	a2,8(sp)
    2ffa:	46b2                	lw	a3,12(sp)
    2ffc:	87aa                	mv	a5,a0
    2ffe:	ff550713          	addi	a4,a0,-11
    3002:	4475                	li	s0,29
    3004:	ff878493          	addi	s1,a5,-8 # 7ffff8 <_data_lma+0x7fa50c>
    3008:	8c19                	sub	s0,s0,a4
    300a:	009999b3          	sll	s3,s3,s1
    300e:	008a5433          	srl	s0,s4,s0
    3012:	01346433          	or	s0,s0,s3
    3016:	009a14b3          	sll	s1,s4,s1
    301a:	0146d713          	srli	a4,a3,0x14
    301e:	c0d00913          	li	s2,-1011
    3022:	00c69a13          	slli	s4,a3,0xc
    3026:	7ff77713          	andi	a4,a4,2047
    302a:	40f90933          	sub	s2,s2,a5
    302e:	4981                	li	s3,0
    3030:	4b81                	li	s7,0
    3032:	85b2                	mv	a1,a2
    3034:	00ca5a13          	srli	s4,s4,0xc
    3038:	01f6db13          	srli	s6,a3,0x1f
    303c:	ee0719e3          	bnez	a4,2f2e <__muldf3+0x6e>
    3040:	00ca67b3          	or	a5,s4,a2
    3044:	c7b1                	beqz	a5,3090 <__muldf3+0x1d0>
    3046:	220a0f63          	beqz	s4,3284 <__muldf3+0x3c4>
    304a:	8552                	mv	a0,s4
    304c:	c432                	sw	a2,8(sp)
    304e:	461010ef          	jal	ra,4cae <__clzsi2>
    3052:	4622                	lw	a2,8(sp)
    3054:	872a                	mv	a4,a0
    3056:	ff550693          	addi	a3,a0,-11
    305a:	47f5                	li	a5,29
    305c:	ff870593          	addi	a1,a4,-8
    3060:	8f95                	sub	a5,a5,a3
    3062:	00ba1a33          	sll	s4,s4,a1
    3066:	00f657b3          	srl	a5,a2,a5
    306a:	0147e7b3          	or	a5,a5,s4
    306e:	00b615b3          	sll	a1,a2,a1
    3072:	40e90933          	sub	s2,s2,a4
    3076:	c0d90913          	addi	s2,s2,-1011
    307a:	4881                	li	a7,0
    307c:	bde1                	j	2f54 <__muldf3+0x94>
    307e:	00a9e433          	or	s0,s3,a0
    3082:	ec01                	bnez	s0,309a <__muldf3+0x1da>
    3084:	49a1                	li	s3,8
    3086:	4481                	li	s1,0
    3088:	7ff00913          	li	s2,2047
    308c:	4b89                	li	s7,2
    308e:	b559                	j	2f14 <__muldf3+0x54>
    3090:	0019e993          	ori	s3,s3,1
    3094:	4581                	li	a1,0
    3096:	4885                	li	a7,1
    3098:	bd75                	j	2f54 <__muldf3+0x94>
    309a:	844e                	mv	s0,s3
    309c:	84aa                	mv	s1,a0
    309e:	49b1                	li	s3,12
    30a0:	7ff00913          	li	s2,2047
    30a4:	4b8d                	li	s7,3
    30a6:	b5bd                	j	2f14 <__muldf3+0x54>
    30a8:	4991                	li	s3,4
    30aa:	4481                	li	s1,0
    30ac:	4901                	li	s2,0
    30ae:	4b85                	li	s7,1
    30b0:	b595                	j	2f14 <__muldf3+0x54>
    30b2:	0039e993          	ori	s3,s3,3
    30b6:	87d2                	mv	a5,s4
    30b8:	488d                	li	a7,3
    30ba:	bd69                	j	2f54 <__muldf3+0x94>
    30bc:	4789                	li	a5,2
    30be:	8556                	mv	a0,s5
    30c0:	f0fb97e3          	bne	s7,a5,2fce <__muldf3+0x10e>
    30c4:	872a                	mv	a4,a0
    30c6:	7ff00793          	li	a5,2047
    30ca:	4401                	li	s0,0
    30cc:	4481                	li	s1,0
    30ce:	b5f1                	j	2f9a <__muldf3+0xda>
    30d0:	6ec1                	lui	t4,0x10
    30d2:	fffe8613          	addi	a2,t4,-1 # ffff <_data_lma+0xa513>
    30d6:	0104d693          	srli	a3,s1,0x10
    30da:	0105de13          	srli	t3,a1,0x10
    30de:	8cf1                	and	s1,s1,a2
    30e0:	8df1                	and	a1,a1,a2
    30e2:	02958633          	mul	a2,a1,s1
    30e6:	02b68333          	mul	t1,a3,a1
    30ea:	01065893          	srli	a7,a2,0x10
    30ee:	029e0533          	mul	a0,t3,s1
    30f2:	951a                	add	a0,a0,t1
    30f4:	98aa                	add	a7,a7,a0
    30f6:	03c682b3          	mul	t0,a3,t3
    30fa:	0068f363          	bgeu	a7,t1,3100 <__muldf3+0x240>
    30fe:	92f6                	add	t0,t0,t4
    3100:	6fc1                	lui	t6,0x10
    3102:	ffff8313          	addi	t1,t6,-1 # ffff <_data_lma+0xa513>
    3106:	0067f533          	and	a0,a5,t1
    310a:	0107d393          	srli	t2,a5,0x10
    310e:	0068f7b3          	and	a5,a7,t1
    3112:	07c2                	slli	a5,a5,0x10
    3114:	00667333          	and	t1,a2,t1
    3118:	933e                	add	t1,t1,a5
    311a:	02950633          	mul	a2,a0,s1
    311e:	0108d893          	srli	a7,a7,0x10
    3122:	02a687b3          	mul	a5,a3,a0
    3126:	01065f13          	srli	t5,a2,0x10
    312a:	029384b3          	mul	s1,t2,s1
    312e:	94be                	add	s1,s1,a5
    3130:	94fa                	add	s1,s1,t5
    3132:	02768eb3          	mul	t4,a3,t2
    3136:	00f4f363          	bgeu	s1,a5,313c <__muldf3+0x27c>
    313a:	9efe                	add	t4,t4,t6
    313c:	6a41                	lui	s4,0x10
    313e:	fffa0793          	addi	a5,s4,-1 # ffff <_data_lma+0xa513>
    3142:	01045f93          	srli	t6,s0,0x10
    3146:	00f476b3          	and	a3,s0,a5
    314a:	00f4f9b3          	and	s3,s1,a5
    314e:	8e7d                	and	a2,a2,a5
    3150:	80c1                	srli	s1,s1,0x10
    3152:	02d58433          	mul	s0,a1,a3
    3156:	09c2                	slli	s3,s3,0x10
    3158:	01d48f33          	add	t5,s1,t4
    315c:	99b2                	add	s3,s3,a2
    315e:	98ce                	add	a7,a7,s3
    3160:	02de07b3          	mul	a5,t3,a3
    3164:	01045e93          	srli	t4,s0,0x10
    3168:	02bf85b3          	mul	a1,t6,a1
    316c:	97ae                	add	a5,a5,a1
    316e:	9ebe                	add	t4,t4,a5
    3170:	03fe0e33          	mul	t3,t3,t6
    3174:	00bef363          	bgeu	t4,a1,317a <__muldf3+0x2ba>
    3178:	9e52                	add	t3,t3,s4
    317a:	67c1                	lui	a5,0x10
    317c:	fff78593          	addi	a1,a5,-1 # ffff <_data_lma+0xa513>
    3180:	00bef633          	and	a2,t4,a1
    3184:	8c6d                	and	s0,s0,a1
    3186:	0642                	slli	a2,a2,0x10
    3188:	9622                	add	a2,a2,s0
    318a:	010ede93          	srli	t4,t4,0x10
    318e:	02d505b3          	mul	a1,a0,a3
    3192:	9e76                	add	t3,t3,t4
    3194:	02af8533          	mul	a0,t6,a0
    3198:	0105d413          	srli	s0,a1,0x10
    319c:	02d386b3          	mul	a3,t2,a3
    31a0:	96aa                	add	a3,a3,a0
    31a2:	96a2                	add	a3,a3,s0
    31a4:	03f38fb3          	mul	t6,t2,t6
    31a8:	00a6f363          	bgeu	a3,a0,31ae <__muldf3+0x2ee>
    31ac:	9fbe                	add	t6,t6,a5
    31ae:	6541                	lui	a0,0x10
    31b0:	157d                	addi	a0,a0,-1
    31b2:	00a6f7b3          	and	a5,a3,a0
    31b6:	07c2                	slli	a5,a5,0x10
    31b8:	8d6d                	and	a0,a0,a1
    31ba:	97aa                	add	a5,a5,a0
    31bc:	005885b3          	add	a1,a7,t0
    31c0:	0135b9b3          	sltu	s3,a1,s3
    31c4:	97fa                	add	a5,a5,t5
    31c6:	95b2                	add	a1,a1,a2
    31c8:	01378433          	add	s0,a5,s3
    31cc:	00c5b633          	sltu	a2,a1,a2
    31d0:	01c40eb3          	add	t4,s0,t3
    31d4:	00ce8533          	add	a0,t4,a2
    31d8:	01343433          	sltu	s0,s0,s3
    31dc:	01e7b7b3          	sltu	a5,a5,t5
    31e0:	8fc1                	or	a5,a5,s0
    31e2:	01cebe33          	sltu	t3,t4,t3
    31e6:	0106d413          	srli	s0,a3,0x10
    31ea:	00c53633          	sltu	a2,a0,a2
    31ee:	943e                	add	s0,s0,a5
    31f0:	00ce6633          	or	a2,t3,a2
    31f4:	00959493          	slli	s1,a1,0x9
    31f8:	9432                	add	s0,s0,a2
    31fa:	947e                	add	s0,s0,t6
    31fc:	0064e4b3          	or	s1,s1,t1
    3200:	0426                	slli	s0,s0,0x9
    3202:	01755693          	srli	a3,a0,0x17
    3206:	009034b3          	snez	s1,s1
    320a:	81dd                	srli	a1,a1,0x17
    320c:	00951793          	slli	a5,a0,0x9
    3210:	8ccd                	or	s1,s1,a1
    3212:	8c55                	or	s0,s0,a3
    3214:	8cdd                	or	s1,s1,a5
    3216:	00741793          	slli	a5,s0,0x7
    321a:	0007db63          	bgez	a5,3230 <__muldf3+0x370>
    321e:	0014d793          	srli	a5,s1,0x1
    3222:	8885                	andi	s1,s1,1
    3224:	01f41693          	slli	a3,s0,0x1f
    3228:	8cdd                	or	s1,s1,a5
    322a:	8cd5                	or	s1,s1,a3
    322c:	8005                	srli	s0,s0,0x1
    322e:	8942                	mv	s2,a6
    3230:	3ff90793          	addi	a5,s2,1023
    3234:	08f05963          	blez	a5,32c6 <__muldf3+0x406>
    3238:	0074f693          	andi	a3,s1,7
    323c:	ce81                	beqz	a3,3254 <__muldf3+0x394>
    323e:	00f4f693          	andi	a3,s1,15
    3242:	4611                	li	a2,4
    3244:	00c68863          	beq	a3,a2,3254 <__muldf3+0x394>
    3248:	00448693          	addi	a3,s1,4
    324c:	0096b4b3          	sltu	s1,a3,s1
    3250:	9426                	add	s0,s0,s1
    3252:	84b6                	mv	s1,a3
    3254:	00741693          	slli	a3,s0,0x7
    3258:	0006d863          	bgez	a3,3268 <__muldf3+0x3a8>
    325c:	ff0007b7          	lui	a5,0xff000
    3260:	17fd                	addi	a5,a5,-1
    3262:	8c7d                	and	s0,s0,a5
    3264:	40090793          	addi	a5,s2,1024
    3268:	7fe00693          	li	a3,2046
    326c:	0ef6cf63          	blt	a3,a5,336a <__muldf3+0x4aa>
    3270:	0034d693          	srli	a3,s1,0x3
    3274:	01d41493          	slli	s1,s0,0x1d
    3278:	0426                	slli	s0,s0,0x9
    327a:	8cd5                	or	s1,s1,a3
    327c:	8031                	srli	s0,s0,0xc
    327e:	7ff7f793          	andi	a5,a5,2047
    3282:	bb21                	j	2f9a <__muldf3+0xda>
    3284:	8532                	mv	a0,a2
    3286:	c432                	sw	a2,8(sp)
    3288:	227010ef          	jal	ra,4cae <__clzsi2>
    328c:	01550693          	addi	a3,a0,21 # 10015 <_data_lma+0xa529>
    3290:	47f1                	li	a5,28
    3292:	02050713          	addi	a4,a0,32
    3296:	4622                	lw	a2,8(sp)
    3298:	dcd7d1e3          	bge	a5,a3,305a <__muldf3+0x19a>
    329c:	1561                	addi	a0,a0,-8
    329e:	00a617b3          	sll	a5,a2,a0
    32a2:	4581                	li	a1,0
    32a4:	b3f9                	j	3072 <__muldf3+0x1b2>
    32a6:	209010ef          	jal	ra,4cae <__clzsi2>
    32aa:	01550713          	addi	a4,a0,21
    32ae:	45f1                	li	a1,28
    32b0:	02050793          	addi	a5,a0,32
    32b4:	4622                	lw	a2,8(sp)
    32b6:	46b2                	lw	a3,12(sp)
    32b8:	d4e5d5e3          	bge	a1,a4,3002 <__muldf3+0x142>
    32bc:	1561                	addi	a0,a0,-8
    32be:	00aa1433          	sll	s0,s4,a0
    32c2:	4481                	li	s1,0
    32c4:	bb99                	j	301a <__muldf3+0x15a>
    32c6:	4685                	li	a3,1
    32c8:	8e9d                	sub	a3,a3,a5
    32ca:	e7b1                	bnez	a5,3316 <__muldf3+0x456>
    32cc:	41e90913          	addi	s2,s2,1054
    32d0:	012497b3          	sll	a5,s1,s2
    32d4:	00d4d4b3          	srl	s1,s1,a3
    32d8:	01241933          	sll	s2,s0,s2
    32dc:	00f037b3          	snez	a5,a5
    32e0:	009964b3          	or	s1,s2,s1
    32e4:	8cdd                	or	s1,s1,a5
    32e6:	0074f793          	andi	a5,s1,7
    32ea:	00d456b3          	srl	a3,s0,a3
    32ee:	cf81                	beqz	a5,3306 <__muldf3+0x446>
    32f0:	00f4f793          	andi	a5,s1,15
    32f4:	4611                	li	a2,4
    32f6:	00c78863          	beq	a5,a2,3306 <__muldf3+0x446>
    32fa:	00448793          	addi	a5,s1,4
    32fe:	0097b4b3          	sltu	s1,a5,s1
    3302:	96a6                	add	a3,a3,s1
    3304:	84be                	mv	s1,a5
    3306:	00869793          	slli	a5,a3,0x8
    330a:	0407d863          	bgez	a5,335a <__muldf3+0x49a>
    330e:	4785                	li	a5,1
    3310:	4401                	li	s0,0
    3312:	4481                	li	s1,0
    3314:	b159                	j	2f9a <__muldf3+0xda>
    3316:	03800613          	li	a2,56
    331a:	ccd641e3          	blt	a2,a3,2fdc <__muldf3+0x11c>
    331e:	467d                	li	a2,31
    3320:	fad656e3          	bge	a2,a3,32cc <__muldf3+0x40c>
    3324:	5605                	li	a2,-31
    3326:	40f607b3          	sub	a5,a2,a5
    332a:	02000593          	li	a1,32
    332e:	00f45633          	srl	a2,s0,a5
    3332:	00b68763          	beq	a3,a1,3340 <__muldf3+0x480>
    3336:	43e90913          	addi	s2,s2,1086
    333a:	012417b3          	sll	a5,s0,s2
    333e:	8cdd                	or	s1,s1,a5
    3340:	009034b3          	snez	s1,s1
    3344:	8cd1                	or	s1,s1,a2
    3346:	0074f693          	andi	a3,s1,7
    334a:	4401                	li	s0,0
    334c:	ca99                	beqz	a3,3362 <__muldf3+0x4a2>
    334e:	00f4f793          	andi	a5,s1,15
    3352:	4611                	li	a2,4
    3354:	4681                	li	a3,0
    3356:	fac792e3          	bne	a5,a2,32fa <__muldf3+0x43a>
    335a:	00969413          	slli	s0,a3,0x9
    335e:	8031                	srli	s0,s0,0xc
    3360:	06f6                	slli	a3,a3,0x1d
    3362:	808d                	srli	s1,s1,0x3
    3364:	8cd5                	or	s1,s1,a3
    3366:	4781                	li	a5,0
    3368:	b90d                	j	2f9a <__muldf3+0xda>
    336a:	7ff00793          	li	a5,2047
    336e:	4401                	li	s0,0
    3370:	4481                	li	s1,0
    3372:	b125                	j	2f9a <__muldf3+0xda>
    3374:	8942                	mv	s2,a6
    3376:	bd6d                	j	3230 <__muldf3+0x370>

00003378 <__subdf3>:
    3378:	00100737          	lui	a4,0x100
    337c:	177d                	addi	a4,a4,-1
    337e:	1101                	addi	sp,sp,-32
    3380:	00b77333          	and	t1,a4,a1
    3384:	0146d893          	srli	a7,a3,0x14
    3388:	8f75                	and	a4,a4,a3
    338a:	01d65e93          	srli	t4,a2,0x1d
    338e:	cc22                	sw	s0,24(sp)
    3390:	ca26                	sw	s1,20(sp)
    3392:	030e                	slli	t1,t1,0x3
    3394:	0145d493          	srli	s1,a1,0x14
    3398:	01d55793          	srli	a5,a0,0x1d
    339c:	070e                	slli	a4,a4,0x3
    339e:	ce06                	sw	ra,28(sp)
    33a0:	c84a                	sw	s2,16(sp)
    33a2:	c64e                	sw	s3,12(sp)
    33a4:	7ff8f893          	andi	a7,a7,2047
    33a8:	7ff00e13          	li	t3,2047
    33ac:	00eee733          	or	a4,t4,a4
    33b0:	7ff4f493          	andi	s1,s1,2047
    33b4:	01f5d413          	srli	s0,a1,0x1f
    33b8:	0067e333          	or	t1,a5,t1
    33bc:	00351f13          	slli	t5,a0,0x3
    33c0:	82fd                	srli	a3,a3,0x1f
    33c2:	00361e93          	slli	t4,a2,0x3
    33c6:	19c88063          	beq	a7,t3,3546 <__subdf3+0x1ce>
    33ca:	0016c693          	xori	a3,a3,1
    33ce:	411485b3          	sub	a1,s1,a7
    33d2:	12d40563          	beq	s0,a3,34fc <__subdf3+0x184>
    33d6:	18b05163          	blez	a1,3558 <__subdf3+0x1e0>
    33da:	1a088b63          	beqz	a7,3590 <__subdf3+0x218>
    33de:	008007b7          	lui	a5,0x800
    33e2:	8f5d                	or	a4,a4,a5
    33e4:	59c48163          	beq	s1,t3,3966 <__subdf3+0x5ee>
    33e8:	03800793          	li	a5,56
    33ec:	34b7c463          	blt	a5,a1,3734 <__subdf3+0x3bc>
    33f0:	47fd                	li	a5,31
    33f2:	48b7c563          	blt	a5,a1,387c <__subdf3+0x504>
    33f6:	02000793          	li	a5,32
    33fa:	8f8d                	sub	a5,a5,a1
    33fc:	00bed9b3          	srl	s3,t4,a1
    3400:	00f71833          	sll	a6,a4,a5
    3404:	00fe9eb3          	sll	t4,t4,a5
    3408:	01386833          	or	a6,a6,s3
    340c:	00b75733          	srl	a4,a4,a1
    3410:	01d039b3          	snez	s3,t4
    3414:	01386833          	or	a6,a6,s3
    3418:	40e30333          	sub	t1,t1,a4
    341c:	410f09b3          	sub	s3,t5,a6
    3420:	013f37b3          	sltu	a5,t5,s3
    3424:	40f30633          	sub	a2,t1,a5
    3428:	00861793          	slli	a5,a2,0x8
    342c:	2407d363          	bgez	a5,3672 <__subdf3+0x2fa>
    3430:	00800937          	lui	s2,0x800
    3434:	197d                	addi	s2,s2,-1
    3436:	01267933          	and	s2,a2,s2
    343a:	2c090f63          	beqz	s2,3718 <__subdf3+0x3a0>
    343e:	854a                	mv	a0,s2
    3440:	06f010ef          	jal	ra,4cae <__clzsi2>
    3444:	ff850713          	addi	a4,a0,-8
    3448:	02000793          	li	a5,32
    344c:	8f99                	sub	a5,a5,a4
    344e:	00f9d7b3          	srl	a5,s3,a5
    3452:	00e91633          	sll	a2,s2,a4
    3456:	8fd1                	or	a5,a5,a2
    3458:	00e999b3          	sll	s3,s3,a4
    345c:	2a974463          	blt	a4,s1,3704 <__subdf3+0x38c>
    3460:	8f05                	sub	a4,a4,s1
    3462:	00170613          	addi	a2,a4,1 # 100001 <_data_lma+0xfa515>
    3466:	46fd                	li	a3,31
    3468:	3ac6c563          	blt	a3,a2,3812 <__subdf3+0x49a>
    346c:	02000713          	li	a4,32
    3470:	8f11                	sub	a4,a4,a2
    3472:	00c9d6b3          	srl	a3,s3,a2
    3476:	00e99833          	sll	a6,s3,a4
    347a:	00e79733          	sll	a4,a5,a4
    347e:	8f55                	or	a4,a4,a3
    3480:	01003833          	snez	a6,a6
    3484:	010769b3          	or	s3,a4,a6
    3488:	00c7d633          	srl	a2,a5,a2
    348c:	4481                	li	s1,0
    348e:	0079f793          	andi	a5,s3,7
    3492:	cf81                	beqz	a5,34aa <__subdf3+0x132>
    3494:	00f9f693          	andi	a3,s3,15
    3498:	4791                	li	a5,4
    349a:	00f68863          	beq	a3,a5,34aa <__subdf3+0x132>
    349e:	00498693          	addi	a3,s3,4
    34a2:	0136b833          	sltu	a6,a3,s3
    34a6:	9642                	add	a2,a2,a6
    34a8:	89b6                	mv	s3,a3
    34aa:	00861793          	slli	a5,a2,0x8
    34ae:	1c07d663          	bgez	a5,367a <__subdf3+0x302>
    34b2:	00148713          	addi	a4,s1,1
    34b6:	7ff00793          	li	a5,2047
    34ba:	8805                	andi	s0,s0,1
    34bc:	20f70663          	beq	a4,a5,36c8 <__subdf3+0x350>
    34c0:	ff8007b7          	lui	a5,0xff800
    34c4:	17fd                	addi	a5,a5,-1
    34c6:	8ff1                	and	a5,a5,a2
    34c8:	01d79813          	slli	a6,a5,0x1d
    34cc:	0039d993          	srli	s3,s3,0x3
    34d0:	07a6                	slli	a5,a5,0x9
    34d2:	01386833          	or	a6,a6,s3
    34d6:	83b1                	srli	a5,a5,0xc
    34d8:	7ff77713          	andi	a4,a4,2047
    34dc:	00c79693          	slli	a3,a5,0xc
    34e0:	0752                	slli	a4,a4,0x14
    34e2:	82b1                	srli	a3,a3,0xc
    34e4:	047e                	slli	s0,s0,0x1f
    34e6:	8ed9                	or	a3,a3,a4
    34e8:	8ec1                	or	a3,a3,s0
    34ea:	40f2                	lw	ra,28(sp)
    34ec:	4462                	lw	s0,24(sp)
    34ee:	44d2                	lw	s1,20(sp)
    34f0:	4942                	lw	s2,16(sp)
    34f2:	49b2                	lw	s3,12(sp)
    34f4:	8542                	mv	a0,a6
    34f6:	85b6                	mv	a1,a3
    34f8:	6105                	addi	sp,sp,32
    34fa:	8082                	ret
    34fc:	0ab05663          	blez	a1,35a8 <__subdf3+0x230>
    3500:	12088a63          	beqz	a7,3634 <__subdf3+0x2bc>
    3504:	008007b7          	lui	a5,0x800
    3508:	8f5d                	or	a4,a4,a5
    350a:	2dc48763          	beq	s1,t3,37d8 <__subdf3+0x460>
    350e:	03800793          	li	a5,56
    3512:	18b7c763          	blt	a5,a1,36a0 <__subdf3+0x328>
    3516:	47fd                	li	a5,31
    3518:	3cb7d263          	bge	a5,a1,38dc <__subdf3+0x564>
    351c:	fe058813          	addi	a6,a1,-32
    3520:	02000793          	li	a5,32
    3524:	010759b3          	srl	s3,a4,a6
    3528:	00f58a63          	beq	a1,a5,353c <__subdf3+0x1c4>
    352c:	04000793          	li	a5,64
    3530:	40b785b3          	sub	a1,a5,a1
    3534:	00b71733          	sll	a4,a4,a1
    3538:	00eeeeb3          	or	t4,t4,a4
    353c:	01d03833          	snez	a6,t4
    3540:	01386833          	or	a6,a6,s3
    3544:	a295                	j	36a8 <__subdf3+0x330>
    3546:	01d767b3          	or	a5,a4,t4
    354a:	80148593          	addi	a1,s1,-2047
    354e:	e399                	bnez	a5,3554 <__subdf3+0x1dc>
    3550:	0016c693          	xori	a3,a3,1
    3554:	04d40a63          	beq	s0,a3,35a8 <__subdf3+0x230>
    3558:	e1d1                	bnez	a1,35dc <__subdf3+0x264>
    355a:	00148793          	addi	a5,s1,1
    355e:	7fe7f793          	andi	a5,a5,2046
    3562:	1e079963          	bnez	a5,3754 <__subdf3+0x3dc>
    3566:	01e367b3          	or	a5,t1,t5
    356a:	01d76833          	or	a6,a4,t4
    356e:	16049263          	bnez	s1,36d2 <__subdf3+0x35a>
    3572:	3c078263          	beqz	a5,3936 <__subdf3+0x5be>
    3576:	42081663          	bnez	a6,39a2 <__subdf3+0x62a>
    357a:	00351813          	slli	a6,a0,0x3
    357e:	01d31693          	slli	a3,t1,0x1d
    3582:	00385813          	srli	a6,a6,0x3
    3586:	0106e833          	or	a6,a3,a6
    358a:	00335793          	srli	a5,t1,0x3
    358e:	a219                	j	3694 <__subdf3+0x31c>
    3590:	01d767b3          	or	a5,a4,t4
    3594:	1a078563          	beqz	a5,373e <__subdf3+0x3c6>
    3598:	fff58793          	addi	a5,a1,-1
    359c:	3a078b63          	beqz	a5,3952 <__subdf3+0x5da>
    35a0:	23c58c63          	beq	a1,t3,37d8 <__subdf3+0x460>
    35a4:	85be                	mv	a1,a5
    35a6:	b589                	j	33e8 <__subdf3+0x70>
    35a8:	1c059963          	bnez	a1,377a <__subdf3+0x402>
    35ac:	00148693          	addi	a3,s1,1
    35b0:	7fe6f793          	andi	a5,a3,2046
    35b4:	efc1                	bnez	a5,364c <__subdf3+0x2d4>
    35b6:	01e367b3          	or	a5,t1,t5
    35ba:	36049063          	bnez	s1,391a <__subdf3+0x5a2>
    35be:	44078d63          	beqz	a5,3a18 <__subdf3+0x6a0>
    35c2:	01d767b3          	or	a5,a4,t4
    35c6:	46079463          	bnez	a5,3a2e <__subdf3+0x6b6>
    35ca:	050e                	slli	a0,a0,0x3
    35cc:	01d31813          	slli	a6,t1,0x1d
    35d0:	810d                	srli	a0,a0,0x3
    35d2:	00a86833          	or	a6,a6,a0
    35d6:	00335793          	srli	a5,t1,0x3
    35da:	a86d                	j	3694 <__subdf3+0x31c>
    35dc:	409885b3          	sub	a1,a7,s1
    35e0:	20049763          	bnez	s1,37ee <__subdf3+0x476>
    35e4:	01e367b3          	or	a5,t1,t5
    35e8:	30078d63          	beqz	a5,3902 <__subdf3+0x58a>
    35ec:	fff58793          	addi	a5,a1,-1
    35f0:	40078963          	beqz	a5,3a02 <__subdf3+0x68a>
    35f4:	7ff00513          	li	a0,2047
    35f8:	20a58363          	beq	a1,a0,37fe <__subdf3+0x486>
    35fc:	85be                	mv	a1,a5
    35fe:	03800793          	li	a5,56
    3602:	2ab7c263          	blt	a5,a1,38a6 <__subdf3+0x52e>
    3606:	47fd                	li	a5,31
    3608:	3cb7c863          	blt	a5,a1,39d8 <__subdf3+0x660>
    360c:	02000793          	li	a5,32
    3610:	8f8d                	sub	a5,a5,a1
    3612:	00f31833          	sll	a6,t1,a5
    3616:	00bf5633          	srl	a2,t5,a1
    361a:	00ff17b3          	sll	a5,t5,a5
    361e:	00c86833          	or	a6,a6,a2
    3622:	00f039b3          	snez	s3,a5
    3626:	00b35333          	srl	t1,t1,a1
    362a:	01386833          	or	a6,a6,s3
    362e:	40670733          	sub	a4,a4,t1
    3632:	acb5                	j	38ae <__subdf3+0x536>
    3634:	01d767b3          	or	a5,a4,t4
    3638:	10078363          	beqz	a5,373e <__subdf3+0x3c6>
    363c:	fff58793          	addi	a5,a1,-1
    3640:	1e078f63          	beqz	a5,383e <__subdf3+0x4c6>
    3644:	2fc58063          	beq	a1,t3,3924 <__subdf3+0x5ac>
    3648:	85be                	mv	a1,a5
    364a:	b5d1                	j	350e <__subdf3+0x196>
    364c:	7ff00793          	li	a5,2047
    3650:	06f68b63          	beq	a3,a5,36c6 <__subdf3+0x34e>
    3654:	9efa                	add	t4,t4,t5
    3656:	01eeb633          	sltu	a2,t4,t5
    365a:	00e307b3          	add	a5,t1,a4
    365e:	97b2                	add	a5,a5,a2
    3660:	01f79813          	slli	a6,a5,0x1f
    3664:	001ede93          	srli	t4,t4,0x1
    3668:	01d869b3          	or	s3,a6,t4
    366c:	0017d613          	srli	a2,a5,0x1
    3670:	84b6                	mv	s1,a3
    3672:	0079f793          	andi	a5,s3,7
    3676:	e0079fe3          	bnez	a5,3494 <__subdf3+0x11c>
    367a:	01d61793          	slli	a5,a2,0x1d
    367e:	0039d813          	srli	a6,s3,0x3
    3682:	00f86833          	or	a6,a6,a5
    3686:	85a6                	mv	a1,s1
    3688:	00365793          	srli	a5,a2,0x3
    368c:	7ff00713          	li	a4,2047
    3690:	06e58063          	beq	a1,a4,36f0 <__subdf3+0x378>
    3694:	07b2                	slli	a5,a5,0xc
    3696:	83b1                	srli	a5,a5,0xc
    3698:	7ff5f713          	andi	a4,a1,2047
    369c:	8805                	andi	s0,s0,1
    369e:	bd3d                	j	34dc <__subdf3+0x164>
    36a0:	01d76733          	or	a4,a4,t4
    36a4:	00e03833          	snez	a6,a4
    36a8:	01e809b3          	add	s3,a6,t5
    36ac:	01e9b7b3          	sltu	a5,s3,t5
    36b0:	00678633          	add	a2,a5,t1
    36b4:	00861793          	slli	a5,a2,0x8
    36b8:	fa07dde3          	bgez	a5,3672 <__subdf3+0x2fa>
    36bc:	0485                	addi	s1,s1,1
    36be:	7ff00793          	li	a5,2047
    36c2:	18f49c63          	bne	s1,a5,385a <__subdf3+0x4e2>
    36c6:	8805                	andi	s0,s0,1
    36c8:	7ff00713          	li	a4,2047
    36cc:	4781                	li	a5,0
    36ce:	4801                	li	a6,0
    36d0:	b531                	j	34dc <__subdf3+0x164>
    36d2:	10079163          	bnez	a5,37d4 <__subdf3+0x45c>
    36d6:	3c080163          	beqz	a6,3a98 <__subdf3+0x720>
    36da:	00361813          	slli	a6,a2,0x3
    36de:	01d71793          	slli	a5,a4,0x1d
    36e2:	00385813          	srli	a6,a6,0x3
    36e6:	00f86833          	or	a6,a6,a5
    36ea:	8436                	mv	s0,a3
    36ec:	00375793          	srli	a5,a4,0x3
    36f0:	00f867b3          	or	a5,a6,a5
    36f4:	dbe9                	beqz	a5,36c6 <__subdf3+0x34e>
    36f6:	4401                	li	s0,0
    36f8:	7ff00713          	li	a4,2047
    36fc:	000807b7          	lui	a5,0x80
    3700:	4801                	li	a6,0
    3702:	bbe9                	j	34dc <__subdf3+0x164>
    3704:	ff800637          	lui	a2,0xff800
    3708:	167d                	addi	a2,a2,-1
    370a:	8e7d                	and	a2,a2,a5
    370c:	0079f793          	andi	a5,s3,7
    3710:	8c99                	sub	s1,s1,a4
    3712:	d80791e3          	bnez	a5,3494 <__subdf3+0x11c>
    3716:	b795                	j	367a <__subdf3+0x302>
    3718:	854e                	mv	a0,s3
    371a:	594010ef          	jal	ra,4cae <__clzsi2>
    371e:	01850713          	addi	a4,a0,24
    3722:	47fd                	li	a5,31
    3724:	d2e7d2e3          	bge	a5,a4,3448 <__subdf3+0xd0>
    3728:	ff850613          	addi	a2,a0,-8
    372c:	00c997b3          	sll	a5,s3,a2
    3730:	4981                	li	s3,0
    3732:	b32d                	j	345c <__subdf3+0xe4>
    3734:	01d76833          	or	a6,a4,t4
    3738:	01003833          	snez	a6,a6
    373c:	b1c5                	j	341c <__subdf3+0xa4>
    373e:	00351813          	slli	a6,a0,0x3
    3742:	01d31793          	slli	a5,t1,0x1d
    3746:	00385813          	srli	a6,a6,0x3
    374a:	00f86833          	or	a6,a6,a5
    374e:	00335793          	srli	a5,t1,0x3
    3752:	bf2d                	j	368c <__subdf3+0x314>
    3754:	41df09b3          	sub	s3,t5,t4
    3758:	40e30933          	sub	s2,t1,a4
    375c:	013f3633          	sltu	a2,t5,s3
    3760:	40c90933          	sub	s2,s2,a2
    3764:	00891793          	slli	a5,s2,0x8
    3768:	2007ca63          	bltz	a5,397c <__subdf3+0x604>
    376c:	0129e833          	or	a6,s3,s2
    3770:	cc0815e3          	bnez	a6,343a <__subdf3+0xc2>
    3774:	4781                	li	a5,0
    3776:	4401                	li	s0,0
    3778:	bf31                	j	3694 <__subdf3+0x31c>
    377a:	409885b3          	sub	a1,a7,s1
    377e:	14048163          	beqz	s1,38c0 <__subdf3+0x548>
    3782:	008006b7          	lui	a3,0x800
    3786:	7ff00793          	li	a5,2047
    378a:	00d36333          	or	t1,t1,a3
    378e:	20f88163          	beq	a7,a5,3990 <__subdf3+0x618>
    3792:	03800793          	li	a5,56
    3796:	22b7cc63          	blt	a5,a1,39ce <__subdf3+0x656>
    379a:	47fd                	li	a5,31
    379c:	2cb7c963          	blt	a5,a1,3a6e <__subdf3+0x6f6>
    37a0:	02000793          	li	a5,32
    37a4:	8f8d                	sub	a5,a5,a1
    37a6:	00f31833          	sll	a6,t1,a5
    37aa:	00bf56b3          	srl	a3,t5,a1
    37ae:	00ff17b3          	sll	a5,t5,a5
    37b2:	00d86833          	or	a6,a6,a3
    37b6:	00f039b3          	snez	s3,a5
    37ba:	00b35333          	srl	t1,t1,a1
    37be:	01386833          	or	a6,a6,s3
    37c2:	971a                	add	a4,a4,t1
    37c4:	01d809b3          	add	s3,a6,t4
    37c8:	01d9b7b3          	sltu	a5,s3,t4
    37cc:	00e78633          	add	a2,a5,a4
    37d0:	84c6                	mv	s1,a7
    37d2:	b5cd                	j	36b4 <__subdf3+0x33c>
    37d4:	f20811e3          	bnez	a6,36f6 <__subdf3+0x37e>
    37d8:	00351813          	slli	a6,a0,0x3
    37dc:	01d31793          	slli	a5,t1,0x1d
    37e0:	00385813          	srli	a6,a6,0x3
    37e4:	00f86833          	or	a6,a6,a5
    37e8:	00335793          	srli	a5,t1,0x3
    37ec:	b711                	j	36f0 <__subdf3+0x378>
    37ee:	00800537          	lui	a0,0x800
    37f2:	7ff00793          	li	a5,2047
    37f6:	00a36333          	or	t1,t1,a0
    37fa:	e0f892e3          	bne	a7,a5,35fe <__subdf3+0x286>
    37fe:	060e                	slli	a2,a2,0x3
    3800:	01d71813          	slli	a6,a4,0x1d
    3804:	820d                	srli	a2,a2,0x3
    3806:	00c86833          	or	a6,a6,a2
    380a:	00375793          	srli	a5,a4,0x3
    380e:	8436                	mv	s0,a3
    3810:	b5c5                	j	36f0 <__subdf3+0x378>
    3812:	1705                	addi	a4,a4,-31
    3814:	02000693          	li	a3,32
    3818:	00e7d733          	srl	a4,a5,a4
    381c:	00d60a63          	beq	a2,a3,3830 <__subdf3+0x4b8>
    3820:	04000693          	li	a3,64
    3824:	40c68633          	sub	a2,a3,a2
    3828:	00c79633          	sll	a2,a5,a2
    382c:	00c9e9b3          	or	s3,s3,a2
    3830:	01303833          	snez	a6,s3
    3834:	00e869b3          	or	s3,a6,a4
    3838:	4601                	li	a2,0
    383a:	4481                	li	s1,0
    383c:	bd1d                	j	3672 <__subdf3+0x2fa>
    383e:	01df09b3          	add	s3,t5,t4
    3842:	00e307b3          	add	a5,t1,a4
    3846:	01e9bf33          	sltu	t5,s3,t5
    384a:	01e78633          	add	a2,a5,t5
    384e:	00861793          	slli	a5,a2,0x8
    3852:	4485                	li	s1,1
    3854:	e007dfe3          	bgez	a5,3672 <__subdf3+0x2fa>
    3858:	4489                	li	s1,2
    385a:	ff8007b7          	lui	a5,0xff800
    385e:	17fd                	addi	a5,a5,-1
    3860:	8ff1                	and	a5,a5,a2
    3862:	0019d713          	srli	a4,s3,0x1
    3866:	0019f813          	andi	a6,s3,1
    386a:	01076833          	or	a6,a4,a6
    386e:	01f79993          	slli	s3,a5,0x1f
    3872:	0109e9b3          	or	s3,s3,a6
    3876:	0017d613          	srli	a2,a5,0x1
    387a:	b911                	j	348e <__subdf3+0x116>
    387c:	fe058813          	addi	a6,a1,-32
    3880:	02000793          	li	a5,32
    3884:	010759b3          	srl	s3,a4,a6
    3888:	00f58a63          	beq	a1,a5,389c <__subdf3+0x524>
    388c:	04000793          	li	a5,64
    3890:	40b785b3          	sub	a1,a5,a1
    3894:	00b71733          	sll	a4,a4,a1
    3898:	00eeeeb3          	or	t4,t4,a4
    389c:	01d03833          	snez	a6,t4
    38a0:	01386833          	or	a6,a6,s3
    38a4:	bea5                	j	341c <__subdf3+0xa4>
    38a6:	01e36333          	or	t1,t1,t5
    38aa:	00603833          	snez	a6,t1
    38ae:	410e89b3          	sub	s3,t4,a6
    38b2:	013eb7b3          	sltu	a5,t4,s3
    38b6:	40f70633          	sub	a2,a4,a5
    38ba:	84c6                	mv	s1,a7
    38bc:	8436                	mv	s0,a3
    38be:	b6ad                	j	3428 <__subdf3+0xb0>
    38c0:	01e367b3          	or	a5,t1,t5
    38c4:	18078763          	beqz	a5,3a52 <__subdf3+0x6da>
    38c8:	fff58793          	addi	a5,a1,-1
    38cc:	1c078c63          	beqz	a5,3aa4 <__subdf3+0x72c>
    38d0:	7ff00693          	li	a3,2047
    38d4:	0ad58e63          	beq	a1,a3,3990 <__subdf3+0x618>
    38d8:	85be                	mv	a1,a5
    38da:	bd65                	j	3792 <__subdf3+0x41a>
    38dc:	02000793          	li	a5,32
    38e0:	8f8d                	sub	a5,a5,a1
    38e2:	00bed9b3          	srl	s3,t4,a1
    38e6:	00f71833          	sll	a6,a4,a5
    38ea:	00fe9eb3          	sll	t4,t4,a5
    38ee:	01386833          	or	a6,a6,s3
    38f2:	00b75733          	srl	a4,a4,a1
    38f6:	01d039b3          	snez	s3,t4
    38fa:	01386833          	or	a6,a6,s3
    38fe:	933a                	add	t1,t1,a4
    3900:	b365                	j	36a8 <__subdf3+0x330>
    3902:	00361813          	slli	a6,a2,0x3
    3906:	01d71793          	slli	a5,a4,0x1d
    390a:	00385813          	srli	a6,a6,0x3
    390e:	0107e833          	or	a6,a5,a6
    3912:	8436                	mv	s0,a3
    3914:	00375793          	srli	a5,a4,0x3
    3918:	bb95                	j	368c <__subdf3+0x314>
    391a:	cbbd                	beqz	a5,3990 <__subdf3+0x618>
    391c:	01d76733          	or	a4,a4,t4
    3920:	dc071be3          	bnez	a4,36f6 <__subdf3+0x37e>
    3924:	050e                	slli	a0,a0,0x3
    3926:	01d31813          	slli	a6,t1,0x1d
    392a:	810d                	srli	a0,a0,0x3
    392c:	00a86833          	or	a6,a6,a0
    3930:	00335793          	srli	a5,t1,0x3
    3934:	bb75                	j	36f0 <__subdf3+0x378>
    3936:	e2080fe3          	beqz	a6,3774 <__subdf3+0x3fc>
    393a:	00361813          	slli	a6,a2,0x3
    393e:	01d71793          	slli	a5,a4,0x1d
    3942:	00385813          	srli	a6,a6,0x3
    3946:	00f86833          	or	a6,a6,a5
    394a:	8436                	mv	s0,a3
    394c:	00375793          	srli	a5,a4,0x3
    3950:	b391                	j	3694 <__subdf3+0x31c>
    3952:	41df09b3          	sub	s3,t5,t4
    3956:	40e307b3          	sub	a5,t1,a4
    395a:	013f3f33          	sltu	t5,t5,s3
    395e:	41e78633          	sub	a2,a5,t5
    3962:	4485                	li	s1,1
    3964:	b4d1                	j	3428 <__subdf3+0xb0>
    3966:	00351813          	slli	a6,a0,0x3
    396a:	01d31693          	slli	a3,t1,0x1d
    396e:	00385813          	srli	a6,a6,0x3
    3972:	0106e833          	or	a6,a3,a6
    3976:	00335793          	srli	a5,t1,0x3
    397a:	bb9d                	j	36f0 <__subdf3+0x378>
    397c:	41ee89b3          	sub	s3,t4,t5
    3980:	40670633          	sub	a2,a4,t1
    3984:	013eb933          	sltu	s2,t4,s3
    3988:	41260933          	sub	s2,a2,s2
    398c:	8436                	mv	s0,a3
    398e:	b475                	j	343a <__subdf3+0xc2>
    3990:	060e                	slli	a2,a2,0x3
    3992:	01d71813          	slli	a6,a4,0x1d
    3996:	820d                	srli	a2,a2,0x3
    3998:	00c86833          	or	a6,a6,a2
    399c:	00375793          	srli	a5,a4,0x3
    39a0:	bb81                	j	36f0 <__subdf3+0x378>
    39a2:	41df09b3          	sub	s3,t5,t4
    39a6:	40e307b3          	sub	a5,t1,a4
    39aa:	013f3633          	sltu	a2,t5,s3
    39ae:	40c78633          	sub	a2,a5,a2
    39b2:	00861793          	slli	a5,a2,0x8
    39b6:	0a07d763          	bgez	a5,3a64 <__subdf3+0x6ec>
    39ba:	41ee89b3          	sub	s3,t4,t5
    39be:	406707b3          	sub	a5,a4,t1
    39c2:	013ebeb3          	sltu	t4,t4,s3
    39c6:	41d78633          	sub	a2,a5,t4
    39ca:	8436                	mv	s0,a3
    39cc:	b4c9                	j	348e <__subdf3+0x116>
    39ce:	01e36333          	or	t1,t1,t5
    39d2:	00603833          	snez	a6,t1
    39d6:	b3fd                	j	37c4 <__subdf3+0x44c>
    39d8:	fe058813          	addi	a6,a1,-32
    39dc:	02000793          	li	a5,32
    39e0:	010359b3          	srl	s3,t1,a6
    39e4:	00f58a63          	beq	a1,a5,39f8 <__subdf3+0x680>
    39e8:	04000793          	li	a5,64
    39ec:	40b785b3          	sub	a1,a5,a1
    39f0:	00b31333          	sll	t1,t1,a1
    39f4:	006f6f33          	or	t5,t5,t1
    39f8:	01e03833          	snez	a6,t5
    39fc:	01386833          	or	a6,a6,s3
    3a00:	b57d                	j	38ae <__subdf3+0x536>
    3a02:	41ee89b3          	sub	s3,t4,t5
    3a06:	406707b3          	sub	a5,a4,t1
    3a0a:	013ebeb3          	sltu	t4,t4,s3
    3a0e:	41d78633          	sub	a2,a5,t4
    3a12:	8436                	mv	s0,a3
    3a14:	4485                	li	s1,1
    3a16:	bc09                	j	3428 <__subdf3+0xb0>
    3a18:	00361813          	slli	a6,a2,0x3
    3a1c:	01d71793          	slli	a5,a4,0x1d
    3a20:	00385813          	srli	a6,a6,0x3
    3a24:	00f86833          	or	a6,a6,a5
    3a28:	00375793          	srli	a5,a4,0x3
    3a2c:	b1a5                	j	3694 <__subdf3+0x31c>
    3a2e:	01df09b3          	add	s3,t5,t4
    3a32:	00e307b3          	add	a5,t1,a4
    3a36:	01e9bf33          	sltu	t5,s3,t5
    3a3a:	01e78633          	add	a2,a5,t5
    3a3e:	00861793          	slli	a5,a2,0x8
    3a42:	c207d8e3          	bgez	a5,3672 <__subdf3+0x2fa>
    3a46:	ff8007b7          	lui	a5,0xff800
    3a4a:	17fd                	addi	a5,a5,-1
    3a4c:	8e7d                	and	a2,a2,a5
    3a4e:	4485                	li	s1,1
    3a50:	b10d                	j	3672 <__subdf3+0x2fa>
    3a52:	060e                	slli	a2,a2,0x3
    3a54:	01d71813          	slli	a6,a4,0x1d
    3a58:	820d                	srli	a2,a2,0x3
    3a5a:	00c86833          	or	a6,a6,a2
    3a5e:	00375793          	srli	a5,a4,0x3
    3a62:	b12d                	j	368c <__subdf3+0x314>
    3a64:	00c9e833          	or	a6,s3,a2
    3a68:	d00806e3          	beqz	a6,3774 <__subdf3+0x3fc>
    3a6c:	b119                	j	3672 <__subdf3+0x2fa>
    3a6e:	fe058813          	addi	a6,a1,-32
    3a72:	02000793          	li	a5,32
    3a76:	010359b3          	srl	s3,t1,a6
    3a7a:	00f58a63          	beq	a1,a5,3a8e <__subdf3+0x716>
    3a7e:	04000793          	li	a5,64
    3a82:	40b785b3          	sub	a1,a5,a1
    3a86:	00b31333          	sll	t1,t1,a1
    3a8a:	006f6f33          	or	t5,t5,t1
    3a8e:	01e03833          	snez	a6,t5
    3a92:	01386833          	or	a6,a6,s3
    3a96:	b33d                	j	37c4 <__subdf3+0x44c>
    3a98:	4401                	li	s0,0
    3a9a:	7ff00713          	li	a4,2047
    3a9e:	000807b7          	lui	a5,0x80
    3aa2:	bc2d                	j	34dc <__subdf3+0x164>
    3aa4:	01df09b3          	add	s3,t5,t4
    3aa8:	00e307b3          	add	a5,t1,a4
    3aac:	01d9beb3          	sltu	t4,s3,t4
    3ab0:	01d78633          	add	a2,a5,t4
    3ab4:	bb69                	j	384e <__subdf3+0x4d6>

00003ab6 <__fixdfdi>:
    3ab6:	00100737          	lui	a4,0x100
    3aba:	0145d793          	srli	a5,a1,0x14
    3abe:	fff70693          	addi	a3,a4,-1 # fffff <_data_lma+0xfa513>
    3ac2:	7ff7f793          	andi	a5,a5,2047
    3ac6:	3fe00813          	li	a6,1022
    3aca:	8eed                	and	a3,a3,a1
    3acc:	01f5d613          	srli	a2,a1,0x1f
    3ad0:	02f85363          	bge	a6,a5,3af6 <__fixdfdi+0x40>
    3ad4:	43d00593          	li	a1,1085
    3ad8:	02f5d263          	bge	a1,a5,3afc <__fixdfdi+0x46>
    3adc:	4585                	li	a1,1
    3ade:	8d91                	sub	a1,a1,a2
    3ae0:	40b00533          	neg	a0,a1
    3ae4:	41f5d613          	srai	a2,a1,0x1f
    3ae8:	800005b7          	lui	a1,0x80000
    3aec:	00a037b3          	snez	a5,a0
    3af0:	8d91                	sub	a1,a1,a2
    3af2:	8d9d                	sub	a1,a1,a5
    3af4:	8082                	ret
    3af6:	4501                	li	a0,0
    3af8:	4581                	li	a1,0
    3afa:	8082                	ret
    3afc:	43200813          	li	a6,1074
    3b00:	00e6e5b3          	or	a1,a3,a4
    3b04:	02f85463          	bge	a6,a5,3b2c <__fixdfdi+0x76>
    3b08:	bad78713          	addi	a4,a5,-1107 # 7fbad <_data_lma+0x7a0c1>
    3b0c:	bcd78793          	addi	a5,a5,-1075
    3b10:	04074563          	bltz	a4,3b5a <__fixdfdi+0xa4>
    3b14:	00e515b3          	sll	a1,a0,a4
    3b18:	4501                	li	a0,0
    3b1a:	d265                	beqz	a2,3afa <__fixdfdi+0x44>
    3b1c:	40a00533          	neg	a0,a0
    3b20:	00a037b3          	snez	a5,a0
    3b24:	40b005b3          	neg	a1,a1
    3b28:	8d9d                	sub	a1,a1,a5
    3b2a:	8082                	ret
    3b2c:	43300693          	li	a3,1075
    3b30:	8e9d                	sub	a3,a3,a5
    3b32:	477d                	li	a4,31
    3b34:	00d74c63          	blt	a4,a3,3b4c <__fixdfdi+0x96>
    3b38:	bed78713          	addi	a4,a5,-1043
    3b3c:	00e59733          	sll	a4,a1,a4
    3b40:	00d55533          	srl	a0,a0,a3
    3b44:	8d59                	or	a0,a0,a4
    3b46:	00d5d5b3          	srl	a1,a1,a3
    3b4a:	bfc1                	j	3b1a <__fixdfdi+0x64>
    3b4c:	41300513          	li	a0,1043
    3b50:	8d1d                	sub	a0,a0,a5
    3b52:	00a5d533          	srl	a0,a1,a0
    3b56:	4581                	li	a1,0
    3b58:	b7c9                	j	3b1a <__fixdfdi+0x64>
    3b5a:	46fd                	li	a3,31
    3b5c:	00155713          	srli	a4,a0,0x1
    3b60:	8e9d                	sub	a3,a3,a5
    3b62:	00d75733          	srl	a4,a4,a3
    3b66:	00f595b3          	sll	a1,a1,a5
    3b6a:	8dd9                	or	a1,a1,a4
    3b6c:	00f51533          	sll	a0,a0,a5
    3b70:	b76d                	j	3b1a <__fixdfdi+0x64>

00003b72 <__floatdidf>:
    3b72:	1101                	addi	sp,sp,-32
    3b74:	ce06                	sw	ra,28(sp)
    3b76:	cc22                	sw	s0,24(sp)
    3b78:	ca26                	sw	s1,20(sp)
    3b7a:	c84a                	sw	s2,16(sp)
    3b7c:	c64e                	sw	s3,12(sp)
    3b7e:	00b567b3          	or	a5,a0,a1
    3b82:	cf9d                	beqz	a5,3bc0 <__floatdidf+0x4e>
    3b84:	84ae                	mv	s1,a1
    3b86:	89aa                	mv	s3,a0
    3b88:	01f5d913          	srli	s2,a1,0x1f
    3b8c:	0405ce63          	bltz	a1,3be8 <__floatdidf+0x76>
    3b90:	8426                	mv	s0,s1
    3b92:	c4ad                	beqz	s1,3bfc <__floatdidf+0x8a>
    3b94:	8526                	mv	a0,s1
    3b96:	118010ef          	jal	ra,4cae <__clzsi2>
    3b9a:	43e00693          	li	a3,1086
    3b9e:	8e89                	sub	a3,a3,a0
    3ba0:	43300793          	li	a5,1075
    3ba4:	08d7ca63          	blt	a5,a3,3c38 <__floatdidf+0xc6>
    3ba8:	00c49793          	slli	a5,s1,0xc
    3bac:	462d                	li	a2,11
    3bae:	874e                	mv	a4,s3
    3bb0:	7ff6f693          	andi	a3,a3,2047
    3bb4:	83b1                	srli	a5,a5,0xc
    3bb6:	00a65963          	bge	a2,a0,3bc8 <__floatdidf+0x56>
    3bba:	ff550613          	addi	a2,a0,-11 # 7ffff5 <_data_lma+0x7fa509>
    3bbe:	a8b9                	j	3c1c <__floatdidf+0xaa>
    3bc0:	4901                	li	s2,0
    3bc2:	4681                	li	a3,0
    3bc4:	4781                	li	a5,0
    3bc6:	4701                	li	a4,0
    3bc8:	07b2                	slli	a5,a5,0xc
    3bca:	40f2                	lw	ra,28(sp)
    3bcc:	4462                	lw	s0,24(sp)
    3bce:	06d2                	slli	a3,a3,0x14
    3bd0:	83b1                	srli	a5,a5,0xc
    3bd2:	097e                	slli	s2,s2,0x1f
    3bd4:	8fd5                	or	a5,a5,a3
    3bd6:	0127e7b3          	or	a5,a5,s2
    3bda:	44d2                	lw	s1,20(sp)
    3bdc:	4942                	lw	s2,16(sp)
    3bde:	49b2                	lw	s3,12(sp)
    3be0:	853a                	mv	a0,a4
    3be2:	85be                	mv	a1,a5
    3be4:	6105                	addi	sp,sp,32
    3be6:	8082                	ret
    3be8:	40a00533          	neg	a0,a0
    3bec:	00a036b3          	snez	a3,a0
    3bf0:	40b004b3          	neg	s1,a1
    3bf4:	8c95                	sub	s1,s1,a3
    3bf6:	89aa                	mv	s3,a0
    3bf8:	8426                	mv	s0,s1
    3bfa:	fcc9                	bnez	s1,3b94 <__floatdidf+0x22>
    3bfc:	854e                	mv	a0,s3
    3bfe:	0b0010ef          	jal	ra,4cae <__clzsi2>
    3c02:	862a                	mv	a2,a0
    3c04:	43e00693          	li	a3,1086
    3c08:	02050513          	addi	a0,a0,32
    3c0c:	8e89                	sub	a3,a3,a0
    3c0e:	02a00793          	li	a5,42
    3c12:	7ff6f693          	andi	a3,a3,2047
    3c16:	0ca7c763          	blt	a5,a0,3ce4 <__floatdidf+0x172>
    3c1a:	0655                	addi	a2,a2,21
    3c1c:	02b00713          	li	a4,43
    3c20:	8f09                	sub	a4,a4,a0
    3c22:	00c497b3          	sll	a5,s1,a2
    3c26:	00e9d733          	srl	a4,s3,a4
    3c2a:	8f5d                	or	a4,a4,a5
    3c2c:	00c71793          	slli	a5,a4,0xc
    3c30:	83b1                	srli	a5,a5,0xc
    3c32:	00c99733          	sll	a4,s3,a2
    3c36:	bf49                	j	3bc8 <__floatdidf+0x56>
    3c38:	43600793          	li	a5,1078
    3c3c:	02d7db63          	bge	a5,a3,3c72 <__floatdidf+0x100>
    3c40:	4721                	li	a4,8
    3c42:	8f09                	sub	a4,a4,a0
    3c44:	fe070593          	addi	a1,a4,-32
    3c48:	0c05c263          	bltz	a1,3d0c <__floatdidf+0x19a>
    3c4c:	00b4d5b3          	srl	a1,s1,a1
    3c50:	4701                	li	a4,0
    3c52:	01850613          	addi	a2,a0,24
    3c56:	03850793          	addi	a5,a0,56
    3c5a:	08064c63          	bltz	a2,3cf2 <__floatdidf+0x180>
    3c5e:	00c99633          	sll	a2,s3,a2
    3c62:	4981                	li	s3,0
    3c64:	00c9e9b3          	or	s3,s3,a2
    3c68:	01303633          	snez	a2,s3
    3c6c:	00c5e9b3          	or	s3,a1,a2
    3c70:	843a                	mv	s0,a4
    3c72:	47a1                	li	a5,8
    3c74:	864e                	mv	a2,s3
    3c76:	04a7c963          	blt	a5,a0,3cc8 <__floatdidf+0x156>
    3c7a:	ff8007b7          	lui	a5,0xff800
    3c7e:	17fd                	addi	a5,a5,-1
    3c80:	00767593          	andi	a1,a2,7
    3c84:	00f47733          	and	a4,s0,a5
    3c88:	c585                	beqz	a1,3cb0 <__floatdidf+0x13e>
    3c8a:	00f67593          	andi	a1,a2,15
    3c8e:	4811                	li	a6,4
    3c90:	03058063          	beq	a1,a6,3cb0 <__floatdidf+0x13e>
    3c94:	00460593          	addi	a1,a2,4 # ff800004 <_eusrstack+0xdf7f8004>
    3c98:	00c5b633          	sltu	a2,a1,a2
    3c9c:	9732                	add	a4,a4,a2
    3c9e:	00871613          	slli	a2,a4,0x8
    3ca2:	08065163          	bgez	a2,3d24 <__floatdidf+0x1b2>
    3ca6:	43f00693          	li	a3,1087
    3caa:	8f7d                	and	a4,a4,a5
    3cac:	8e89                	sub	a3,a3,a0
    3cae:	862e                	mv	a2,a1
    3cb0:	00365513          	srli	a0,a2,0x3
    3cb4:	00971793          	slli	a5,a4,0x9
    3cb8:	01d71613          	slli	a2,a4,0x1d
    3cbc:	00a66733          	or	a4,a2,a0
    3cc0:	83b1                	srli	a5,a5,0xc
    3cc2:	7ff6f693          	andi	a3,a3,2047
    3cc6:	b709                	j	3bc8 <__floatdidf+0x56>
    3cc8:	02800793          	li	a5,40
    3ccc:	ff850593          	addi	a1,a0,-8
    3cd0:	8f89                	sub	a5,a5,a0
    3cd2:	00f9d7b3          	srl	a5,s3,a5
    3cd6:	00b41733          	sll	a4,s0,a1
    3cda:	00e7e433          	or	s0,a5,a4
    3cde:	00b99633          	sll	a2,s3,a1
    3ce2:	bf61                	j	3c7a <__floatdidf+0x108>
    3ce4:	1655                	addi	a2,a2,-11
    3ce6:	00c997b3          	sll	a5,s3,a2
    3cea:	07b2                	slli	a5,a5,0xc
    3cec:	83b1                	srli	a5,a5,0xc
    3cee:	4701                	li	a4,0
    3cf0:	bde1                	j	3bc8 <__floatdidf+0x56>
    3cf2:	467d                	li	a2,31
    3cf4:	0019d813          	srli	a6,s3,0x1
    3cf8:	8e1d                	sub	a2,a2,a5
    3cfa:	00c85833          	srl	a6,a6,a2
    3cfe:	00f49633          	sll	a2,s1,a5
    3d02:	00c86633          	or	a2,a6,a2
    3d06:	00f999b3          	sll	s3,s3,a5
    3d0a:	bfa9                	j	3c64 <__floatdidf+0xf2>
    3d0c:	467d                	li	a2,31
    3d0e:	8e19                	sub	a2,a2,a4
    3d10:	00149793          	slli	a5,s1,0x1
    3d14:	00e9d5b3          	srl	a1,s3,a4
    3d18:	00c797b3          	sll	a5,a5,a2
    3d1c:	8ddd                	or	a1,a1,a5
    3d1e:	00e4d733          	srl	a4,s1,a4
    3d22:	bf05                	j	3c52 <__floatdidf+0xe0>
    3d24:	862e                	mv	a2,a1
    3d26:	b769                	j	3cb0 <__floatdidf+0x13e>

00003d28 <__addsf3>:
    3d28:	1141                	addi	sp,sp,-16
    3d2a:	00800737          	lui	a4,0x800
    3d2e:	177d                	addi	a4,a4,-1
    3d30:	0175d813          	srli	a6,a1,0x17
    3d34:	c226                	sw	s1,4(sp)
    3d36:	01755493          	srli	s1,a0,0x17
    3d3a:	00a77333          	and	t1,a4,a0
    3d3e:	0ff4f493          	andi	s1,s1,255
    3d42:	00b776b3          	and	a3,a4,a1
    3d46:	c04a                	sw	s2,0(sp)
    3d48:	0ff87813          	andi	a6,a6,255
    3d4c:	01f55913          	srli	s2,a0,0x1f
    3d50:	c606                	sw	ra,12(sp)
    3d52:	c422                	sw	s0,8(sp)
    3d54:	81fd                	srli	a1,a1,0x1f
    3d56:	879a                	mv	a5,t1
    3d58:	8526                	mv	a0,s1
    3d5a:	864a                	mv	a2,s2
    3d5c:	00331e13          	slli	t3,t1,0x3
    3d60:	00369e93          	slli	t4,a3,0x3
    3d64:	410488b3          	sub	a7,s1,a6
    3d68:	0eb90a63          	beq	s2,a1,3e5c <__addsf3+0x134>
    3d6c:	0d105063          	blez	a7,3e2c <__addsf3+0x104>
    3d70:	14080463          	beqz	a6,3eb8 <__addsf3+0x190>
    3d74:	0ff00793          	li	a5,255
    3d78:	14f48b63          	beq	s1,a5,3ece <__addsf3+0x1a6>
    3d7c:	040007b7          	lui	a5,0x4000
    3d80:	00feeeb3          	or	t4,t4,a5
    3d84:	47ed                	li	a5,27
    3d86:	2917c163          	blt	a5,a7,4008 <__addsf3+0x2e0>
    3d8a:	02000793          	li	a5,32
    3d8e:	411787b3          	sub	a5,a5,a7
    3d92:	00fe97b3          	sll	a5,t4,a5
    3d96:	011ed8b3          	srl	a7,t4,a7
    3d9a:	00f037b3          	snez	a5,a5
    3d9e:	00f8e7b3          	or	a5,a7,a5
    3da2:	40fe07b3          	sub	a5,t3,a5
    3da6:	00579713          	slli	a4,a5,0x5
    3daa:	18075e63          	bgez	a4,3f46 <__addsf3+0x21e>
    3dae:	04000437          	lui	s0,0x4000
    3db2:	147d                	addi	s0,s0,-1
    3db4:	8c7d                	and	s0,s0,a5
    3db6:	8522                	mv	a0,s0
    3db8:	6f7000ef          	jal	ra,4cae <__clzsi2>
    3dbc:	156d                	addi	a0,a0,-5
    3dbe:	00a417b3          	sll	a5,s0,a0
    3dc2:	1a954863          	blt	a0,s1,3f72 <__addsf3+0x24a>
    3dc6:	8d05                	sub	a0,a0,s1
    3dc8:	00150413          	addi	s0,a0,1
    3dcc:	02000713          	li	a4,32
    3dd0:	8f01                	sub	a4,a4,s0
    3dd2:	00e79733          	sll	a4,a5,a4
    3dd6:	00e03733          	snez	a4,a4
    3dda:	0087d7b3          	srl	a5,a5,s0
    3dde:	8fd9                	or	a5,a5,a4
    3de0:	4481                	li	s1,0
    3de2:	0077f713          	andi	a4,a5,7
    3de6:	c719                	beqz	a4,3df4 <__addsf3+0xcc>
    3de8:	00f7f713          	andi	a4,a5,15
    3dec:	4691                	li	a3,4
    3dee:	00d70363          	beq	a4,a3,3df4 <__addsf3+0xcc>
    3df2:	0791                	addi	a5,a5,4
    3df4:	00579713          	slli	a4,a5,0x5
    3df8:	14075b63          	bgez	a4,3f4e <__addsf3+0x226>
    3dfc:	0485                	addi	s1,s1,1
    3dfe:	0ff00713          	li	a4,255
    3e02:	864a                	mv	a2,s2
    3e04:	16e48363          	beq	s1,a4,3f6a <__addsf3+0x242>
    3e08:	079a                	slli	a5,a5,0x6
    3e0a:	83a5                	srli	a5,a5,0x9
    3e0c:	0ff4f513          	andi	a0,s1,255
    3e10:	40b2                	lw	ra,12(sp)
    3e12:	4422                	lw	s0,8(sp)
    3e14:	07a6                	slli	a5,a5,0x9
    3e16:	01751493          	slli	s1,a0,0x17
    3e1a:	0097d513          	srli	a0,a5,0x9
    3e1e:	8d45                	or	a0,a0,s1
    3e20:	067e                	slli	a2,a2,0x1f
    3e22:	4492                	lw	s1,4(sp)
    3e24:	4902                	lw	s2,0(sp)
    3e26:	8d51                	or	a0,a0,a2
    3e28:	0141                	addi	sp,sp,16
    3e2a:	8082                	ret
    3e2c:	0a089963          	bnez	a7,3ede <__addsf3+0x1b6>
    3e30:	00148713          	addi	a4,s1,1
    3e34:	0fe77713          	andi	a4,a4,254
    3e38:	14071763          	bnez	a4,3f86 <__addsf3+0x25e>
    3e3c:	22049063          	bnez	s1,405c <__addsf3+0x334>
    3e40:	1e0e0d63          	beqz	t3,403a <__addsf3+0x312>
    3e44:	fc0e86e3          	beqz	t4,3e10 <__addsf3+0xe8>
    3e48:	41de07b3          	sub	a5,t3,t4
    3e4c:	00579713          	slli	a4,a5,0x5
    3e50:	22075063          	bgez	a4,4070 <__addsf3+0x348>
    3e54:	41ce87b3          	sub	a5,t4,t3
    3e58:	892e                	mv	s2,a1
    3e5a:	b761                	j	3de2 <__addsf3+0xba>
    3e5c:	0b105c63          	blez	a7,3f14 <__addsf3+0x1ec>
    3e60:	08080e63          	beqz	a6,3efc <__addsf3+0x1d4>
    3e64:	0ff00793          	li	a5,255
    3e68:	06f48363          	beq	s1,a5,3ece <__addsf3+0x1a6>
    3e6c:	040007b7          	lui	a5,0x4000
    3e70:	00feeeb3          	or	t4,t4,a5
    3e74:	47ed                	li	a5,27
    3e76:	1f17c963          	blt	a5,a7,4068 <__addsf3+0x340>
    3e7a:	02000793          	li	a5,32
    3e7e:	411787b3          	sub	a5,a5,a7
    3e82:	00fe97b3          	sll	a5,t4,a5
    3e86:	011ed8b3          	srl	a7,t4,a7
    3e8a:	00f037b3          	snez	a5,a5
    3e8e:	00f8e7b3          	or	a5,a7,a5
    3e92:	97f2                	add	a5,a5,t3
    3e94:	00579713          	slli	a4,a5,0x5
    3e98:	0a075763          	bgez	a4,3f46 <__addsf3+0x21e>
    3e9c:	0485                	addi	s1,s1,1
    3e9e:	0ff00713          	li	a4,255
    3ea2:	0ce48463          	beq	s1,a4,3f6a <__addsf3+0x242>
    3ea6:	7e0006b7          	lui	a3,0x7e000
    3eaa:	0017d713          	srli	a4,a5,0x1
    3eae:	16fd                	addi	a3,a3,-1
    3eb0:	8b85                	andi	a5,a5,1
    3eb2:	8f75                	and	a4,a4,a3
    3eb4:	8fd9                	or	a5,a5,a4
    3eb6:	b735                	j	3de2 <__addsf3+0xba>
    3eb8:	080e8d63          	beqz	t4,3f52 <__addsf3+0x22a>
    3ebc:	18fd                	addi	a7,a7,-1
    3ebe:	41de07b3          	sub	a5,t3,t4
    3ec2:	ee0882e3          	beqz	a7,3da6 <__addsf3+0x7e>
    3ec6:	0ff00793          	li	a5,255
    3eca:	eaf49de3          	bne	s1,a5,3d84 <__addsf3+0x5c>
    3ece:	08030d63          	beqz	t1,3f68 <__addsf3+0x240>
    3ed2:	4601                	li	a2,0
    3ed4:	0ff00513          	li	a0,255
    3ed8:	004007b7          	lui	a5,0x400
    3edc:	bf15                	j	3e10 <__addsf3+0xe8>
    3ede:	40980733          	sub	a4,a6,s1
    3ee2:	e8ed                	bnez	s1,3fd4 <__addsf3+0x2ac>
    3ee4:	140e0263          	beqz	t3,4028 <__addsf3+0x300>
    3ee8:	177d                	addi	a4,a4,-1
    3eea:	18070863          	beqz	a4,407a <__addsf3+0x352>
    3eee:	0ff00793          	li	a5,255
    3ef2:	0ef81963          	bne	a6,a5,3fe4 <__addsf3+0x2bc>
    3ef6:	892e                	mv	s2,a1
    3ef8:	8336                	mv	t1,a3
    3efa:	bfd1                	j	3ece <__addsf3+0x1a6>
    3efc:	040e8b63          	beqz	t4,3f52 <__addsf3+0x22a>
    3f00:	18fd                	addi	a7,a7,-1
    3f02:	01de07b3          	add	a5,t3,t4
    3f06:	f80887e3          	beqz	a7,3e94 <__addsf3+0x16c>
    3f0a:	0ff00793          	li	a5,255
    3f0e:	f6f493e3          	bne	s1,a5,3e74 <__addsf3+0x14c>
    3f12:	bf75                	j	3ece <__addsf3+0x1a6>
    3f14:	08089563          	bnez	a7,3f9e <__addsf3+0x276>
    3f18:	0485                	addi	s1,s1,1
    3f1a:	0fe4f713          	andi	a4,s1,254
    3f1e:	12071363          	bnez	a4,4044 <__addsf3+0x31c>
    3f22:	10051763          	bnez	a0,4030 <__addsf3+0x308>
    3f26:	140e0f63          	beqz	t3,4084 <__addsf3+0x35c>
    3f2a:	ee0e83e3          	beqz	t4,3e10 <__addsf3+0xe8>
    3f2e:	01de07b3          	add	a5,t3,t4
    3f32:	00579713          	slli	a4,a5,0x5
    3f36:	4481                	li	s1,0
    3f38:	00075763          	bgez	a4,3f46 <__addsf3+0x21e>
    3f3c:	fc000737          	lui	a4,0xfc000
    3f40:	177d                	addi	a4,a4,-1
    3f42:	8ff9                	and	a5,a5,a4
    3f44:	4485                	li	s1,1
    3f46:	0077f713          	andi	a4,a5,7
    3f4a:	e8071fe3          	bnez	a4,3de8 <__addsf3+0xc0>
    3f4e:	0037d313          	srli	t1,a5,0x3
    3f52:	0ff00793          	li	a5,255
    3f56:	f6f48ce3          	beq	s1,a5,3ece <__addsf3+0x1a6>
    3f5a:	00931793          	slli	a5,t1,0x9
    3f5e:	83a5                	srli	a5,a5,0x9
    3f60:	0ff4f513          	andi	a0,s1,255
    3f64:	864a                	mv	a2,s2
    3f66:	b56d                	j	3e10 <__addsf3+0xe8>
    3f68:	864a                	mv	a2,s2
    3f6a:	0ff00513          	li	a0,255
    3f6e:	4781                	li	a5,0
    3f70:	b545                	j	3e10 <__addsf3+0xe8>
    3f72:	fc000737          	lui	a4,0xfc000
    3f76:	177d                	addi	a4,a4,-1
    3f78:	8ff9                	and	a5,a5,a4
    3f7a:	0077f713          	andi	a4,a5,7
    3f7e:	8c89                	sub	s1,s1,a0
    3f80:	e60714e3          	bnez	a4,3de8 <__addsf3+0xc0>
    3f84:	b7e9                	j	3f4e <__addsf3+0x226>
    3f86:	41de0433          	sub	s0,t3,t4
    3f8a:	00541793          	slli	a5,s0,0x5
    3f8e:	0c07c363          	bltz	a5,4054 <__addsf3+0x32c>
    3f92:	e20412e3          	bnez	s0,3db6 <__addsf3+0x8e>
    3f96:	4601                	li	a2,0
    3f98:	4501                	li	a0,0
    3f9a:	4781                	li	a5,0
    3f9c:	bd95                	j	3e10 <__addsf3+0xe8>
    3f9e:	40980733          	sub	a4,a6,s1
    3fa2:	c4ad                	beqz	s1,400c <__addsf3+0x2e4>
    3fa4:	0ff00793          	li	a5,255
    3fa8:	f4f808e3          	beq	a6,a5,3ef8 <__addsf3+0x1d0>
    3fac:	040007b7          	lui	a5,0x4000
    3fb0:	00fe6e33          	or	t3,t3,a5
    3fb4:	47ed                	li	a5,27
    3fb6:	0ce7cc63          	blt	a5,a4,408e <__addsf3+0x366>
    3fba:	02000793          	li	a5,32
    3fbe:	8f99                	sub	a5,a5,a4
    3fc0:	00fe17b3          	sll	a5,t3,a5
    3fc4:	00ee5733          	srl	a4,t3,a4
    3fc8:	00f037b3          	snez	a5,a5
    3fcc:	8fd9                	or	a5,a5,a4
    3fce:	97f6                	add	a5,a5,t4
    3fd0:	84c2                	mv	s1,a6
    3fd2:	b5c9                	j	3e94 <__addsf3+0x16c>
    3fd4:	0ff00793          	li	a5,255
    3fd8:	f0f80fe3          	beq	a6,a5,3ef6 <__addsf3+0x1ce>
    3fdc:	040007b7          	lui	a5,0x4000
    3fe0:	00fe6e33          	or	t3,t3,a5
    3fe4:	47ed                	li	a5,27
    3fe6:	08e7c363          	blt	a5,a4,406c <__addsf3+0x344>
    3fea:	02000693          	li	a3,32
    3fee:	8e99                	sub	a3,a3,a4
    3ff0:	00de16b3          	sll	a3,t3,a3
    3ff4:	00ee57b3          	srl	a5,t3,a4
    3ff8:	00d03733          	snez	a4,a3
    3ffc:	8fd9                	or	a5,a5,a4
    3ffe:	40fe87b3          	sub	a5,t4,a5
    4002:	84c2                	mv	s1,a6
    4004:	892e                	mv	s2,a1
    4006:	b345                	j	3da6 <__addsf3+0x7e>
    4008:	4785                	li	a5,1
    400a:	bb61                	j	3da2 <__addsf3+0x7a>
    400c:	060e0e63          	beqz	t3,4088 <__addsf3+0x360>
    4010:	177d                	addi	a4,a4,-1
    4012:	01de07b3          	add	a5,t3,t4
    4016:	84c2                	mv	s1,a6
    4018:	e6070ee3          	beqz	a4,3e94 <__addsf3+0x16c>
    401c:	0ff00793          	li	a5,255
    4020:	f8f81ae3          	bne	a6,a5,3fb4 <__addsf3+0x28c>
    4024:	8336                	mv	t1,a3
    4026:	b565                	j	3ece <__addsf3+0x1a6>
    4028:	8336                	mv	t1,a3
    402a:	84c2                	mv	s1,a6
    402c:	892e                	mv	s2,a1
    402e:	b715                	j	3f52 <__addsf3+0x22a>
    4030:	ec0e04e3          	beqz	t3,3ef8 <__addsf3+0x1d0>
    4034:	e80e8de3          	beqz	t4,3ece <__addsf3+0x1a6>
    4038:	bd69                	j	3ed2 <__addsf3+0x1aa>
    403a:	020e8d63          	beqz	t4,4074 <__addsf3+0x34c>
    403e:	862e                	mv	a2,a1
    4040:	87b6                	mv	a5,a3
    4042:	b3f9                	j	3e10 <__addsf3+0xe8>
    4044:	0ff00793          	li	a5,255
    4048:	f2f481e3          	beq	s1,a5,3f6a <__addsf3+0x242>
    404c:	01de07b3          	add	a5,t3,t4
    4050:	8385                	srli	a5,a5,0x1
    4052:	bdd5                	j	3f46 <__addsf3+0x21e>
    4054:	41ce8433          	sub	s0,t4,t3
    4058:	892e                	mv	s2,a1
    405a:	bbb1                	j	3db6 <__addsf3+0x8e>
    405c:	fc0e1ce3          	bnez	t3,4034 <__addsf3+0x30c>
    4060:	e60e89e3          	beqz	t4,3ed2 <__addsf3+0x1aa>
    4064:	892e                	mv	s2,a1
    4066:	bd49                	j	3ef8 <__addsf3+0x1d0>
    4068:	4785                	li	a5,1
    406a:	b525                	j	3e92 <__addsf3+0x16a>
    406c:	4785                	li	a5,1
    406e:	bf41                	j	3ffe <__addsf3+0x2d6>
    4070:	ec079be3          	bnez	a5,3f46 <__addsf3+0x21e>
    4074:	4601                	li	a2,0
    4076:	4781                	li	a5,0
    4078:	bb61                	j	3e10 <__addsf3+0xe8>
    407a:	41ce87b3          	sub	a5,t4,t3
    407e:	84c2                	mv	s1,a6
    4080:	892e                	mv	s2,a1
    4082:	b315                	j	3da6 <__addsf3+0x7e>
    4084:	87b6                	mv	a5,a3
    4086:	b369                	j	3e10 <__addsf3+0xe8>
    4088:	8336                	mv	t1,a3
    408a:	84c2                	mv	s1,a6
    408c:	b5d9                	j	3f52 <__addsf3+0x22a>
    408e:	4785                	li	a5,1
    4090:	bf3d                	j	3fce <__addsf3+0x2a6>

00004092 <__divsf3>:
    4092:	7139                	addi	sp,sp,-64
    4094:	01755793          	srli	a5,a0,0x17
    4098:	d84a                	sw	s2,48(sp)
    409a:	d256                	sw	s5,36(sp)
    409c:	ce5e                	sw	s7,28(sp)
    409e:	00951a93          	slli	s5,a0,0x9
    40a2:	01f55913          	srli	s2,a0,0x1f
    40a6:	de06                	sw	ra,60(sp)
    40a8:	dc22                	sw	s0,56(sp)
    40aa:	da26                	sw	s1,52(sp)
    40ac:	d64e                	sw	s3,44(sp)
    40ae:	d452                	sw	s4,40(sp)
    40b0:	d05a                	sw	s6,32(sp)
    40b2:	0ff7f793          	andi	a5,a5,255
    40b6:	009ada93          	srli	s5,s5,0x9
    40ba:	8bca                	mv	s7,s2
    40bc:	12078263          	beqz	a5,41e0 <__divsf3+0x14e>
    40c0:	0ff00713          	li	a4,255
    40c4:	12e78463          	beq	a5,a4,41ec <__divsf3+0x15a>
    40c8:	0a8e                	slli	s5,s5,0x3
    40ca:	04000737          	lui	a4,0x4000
    40ce:	00eaeab3          	or	s5,s5,a4
    40d2:	f8178a13          	addi	s4,a5,-127 # 3ffff81 <_data_lma+0x3ffa495>
    40d6:	4401                	li	s0,0
    40d8:	4b01                	li	s6,0
    40da:	0175d793          	srli	a5,a1,0x17
    40de:	00959493          	slli	s1,a1,0x9
    40e2:	0ff7f793          	andi	a5,a5,255
    40e6:	80a5                	srli	s1,s1,0x9
    40e8:	01f5d993          	srli	s3,a1,0x1f
    40ec:	c7fd                	beqz	a5,41da <__divsf3+0x148>
    40ee:	0ff00713          	li	a4,255
    40f2:	02e78763          	beq	a5,a4,4120 <__divsf3+0x8e>
    40f6:	048e                	slli	s1,s1,0x3
    40f8:	f8178793          	addi	a5,a5,-127
    40fc:	04000737          	lui	a4,0x4000
    4100:	8cd9                	or	s1,s1,a4
    4102:	40fa0a33          	sub	s4,s4,a5
    4106:	4681                	li	a3,0
    4108:	8c55                	or	s0,s0,a3
    410a:	00001717          	auipc	a4,0x1
    410e:	70e70713          	addi	a4,a4,1806 # 5818 <Ch8x16+0x6f8>
    4112:	040a                	slli	s0,s0,0x2
    4114:	943a                	add	s0,s0,a4
    4116:	401c                	lw	a5,0(s0)
    4118:	01394933          	xor	s2,s2,s3
    411c:	97ba                	add	a5,a5,a4
    411e:	8782                	jr	a5
    4120:	f01a0a13          	addi	s4,s4,-255
    4124:	e8f9                	bnez	s1,41fa <__divsf3+0x168>
    4126:	4689                	li	a3,2
    4128:	8c55                	or	s0,s0,a3
    412a:	00001717          	auipc	a4,0x1
    412e:	72e70713          	addi	a4,a4,1838 # 5858 <Ch8x16+0x738>
    4132:	040a                	slli	s0,s0,0x2
    4134:	943a                	add	s0,s0,a4
    4136:	401c                	lw	a5,0(s0)
    4138:	01394933          	xor	s2,s2,s3
    413c:	97ba                	add	a5,a5,a4
    413e:	8782                	jr	a5
    4140:	4901                	li	s2,0
    4142:	0ff00713          	li	a4,255
    4146:	004007b7          	lui	a5,0x400
    414a:	00979513          	slli	a0,a5,0x9
    414e:	50f2                	lw	ra,60(sp)
    4150:	5462                	lw	s0,56(sp)
    4152:	01771793          	slli	a5,a4,0x17
    4156:	8125                	srli	a0,a0,0x9
    4158:	097e                	slli	s2,s2,0x1f
    415a:	8d5d                	or	a0,a0,a5
    415c:	01256533          	or	a0,a0,s2
    4160:	54d2                	lw	s1,52(sp)
    4162:	5942                	lw	s2,48(sp)
    4164:	59b2                	lw	s3,44(sp)
    4166:	5a22                	lw	s4,40(sp)
    4168:	5a92                	lw	s5,36(sp)
    416a:	5b02                	lw	s6,32(sp)
    416c:	4bf2                	lw	s7,28(sp)
    416e:	6121                	addi	sp,sp,64
    4170:	8082                	ret
    4172:	0ff00713          	li	a4,255
    4176:	4781                	li	a5,0
    4178:	bfc9                	j	414a <__divsf3+0xb8>
    417a:	8aa6                	mv	s5,s1
    417c:	8bce                	mv	s7,s3
    417e:	8b36                	mv	s6,a3
    4180:	4789                	li	a5,2
    4182:	1afb0b63          	beq	s6,a5,4338 <__divsf3+0x2a6>
    4186:	478d                	li	a5,3
    4188:	fafb0ce3          	beq	s6,a5,4140 <__divsf3+0xae>
    418c:	4785                	li	a5,1
    418e:	0afb0a63          	beq	s6,a5,4242 <__divsf3+0x1b0>
    4192:	07fa0713          	addi	a4,s4,127
    4196:	001bf913          	andi	s2,s7,1
    419a:	12e05763          	blez	a4,42c8 <__divsf3+0x236>
    419e:	007af793          	andi	a5,s5,7
    41a2:	c799                	beqz	a5,41b0 <__divsf3+0x11e>
    41a4:	00faf793          	andi	a5,s5,15
    41a8:	4691                	li	a3,4
    41aa:	00d78363          	beq	a5,a3,41b0 <__divsf3+0x11e>
    41ae:	0a91                	addi	s5,s5,4
    41b0:	004a9793          	slli	a5,s5,0x4
    41b4:	0007d963          	bgez	a5,41c6 <__divsf3+0x134>
    41b8:	f80007b7          	lui	a5,0xf8000
    41bc:	17fd                	addi	a5,a5,-1
    41be:	00fafab3          	and	s5,s5,a5
    41c2:	080a0713          	addi	a4,s4,128
    41c6:	0fe00793          	li	a5,254
    41ca:	fae7c4e3          	blt	a5,a4,4172 <__divsf3+0xe0>
    41ce:	006a9793          	slli	a5,s5,0x6
    41d2:	83a5                	srli	a5,a5,0x9
    41d4:	0ff77713          	andi	a4,a4,255
    41d8:	bf8d                	j	414a <__divsf3+0xb8>
    41da:	e4b9                	bnez	s1,4228 <__divsf3+0x196>
    41dc:	4685                	li	a3,1
    41de:	b7a9                	j	4128 <__divsf3+0x96>
    41e0:	020a9463          	bnez	s5,4208 <__divsf3+0x176>
    41e4:	4411                	li	s0,4
    41e6:	4a01                	li	s4,0
    41e8:	4b05                	li	s6,1
    41ea:	bdc5                	j	40da <__divsf3+0x48>
    41ec:	000a9963          	bnez	s5,41fe <__divsf3+0x16c>
    41f0:	4421                	li	s0,8
    41f2:	0ff00a13          	li	s4,255
    41f6:	4b09                	li	s6,2
    41f8:	b5cd                	j	40da <__divsf3+0x48>
    41fa:	468d                	li	a3,3
    41fc:	b731                	j	4108 <__divsf3+0x76>
    41fe:	4431                	li	s0,12
    4200:	0ff00a13          	li	s4,255
    4204:	4b0d                	li	s6,3
    4206:	bdd1                	j	40da <__divsf3+0x48>
    4208:	8556                	mv	a0,s5
    420a:	c62e                	sw	a1,12(sp)
    420c:	2a3000ef          	jal	ra,4cae <__clzsi2>
    4210:	ffb50793          	addi	a5,a0,-5
    4214:	00fa9ab3          	sll	s5,s5,a5
    4218:	f8a00793          	li	a5,-118
    421c:	40a78a33          	sub	s4,a5,a0
    4220:	4401                	li	s0,0
    4222:	4b01                	li	s6,0
    4224:	45b2                	lw	a1,12(sp)
    4226:	bd55                	j	40da <__divsf3+0x48>
    4228:	8526                	mv	a0,s1
    422a:	285000ef          	jal	ra,4cae <__clzsi2>
    422e:	ffb50713          	addi	a4,a0,-5
    4232:	00aa07b3          	add	a5,s4,a0
    4236:	00e494b3          	sll	s1,s1,a4
    423a:	07678a13          	addi	s4,a5,118 # f8000076 <_eusrstack+0xd7ff8076>
    423e:	4681                	li	a3,0
    4240:	b5e1                	j	4108 <__divsf3+0x76>
    4242:	001bf913          	andi	s2,s7,1
    4246:	4701                	li	a4,0
    4248:	4781                	li	a5,0
    424a:	b701                	j	414a <__divsf3+0xb8>
    424c:	6641                	lui	a2,0x10
    424e:	00549513          	slli	a0,s1,0x5
    4252:	167d                	addi	a2,a2,-1
    4254:	01055793          	srli	a5,a0,0x10
    4258:	8e69                	and	a2,a2,a0
    425a:	0a9afa63          	bgeu	s5,s1,430e <__divsf3+0x27c>
    425e:	02fad5b3          	divu	a1,s5,a5
    4262:	1a7d                	addi	s4,s4,-1
    4264:	86d6                	mv	a3,s5
    4266:	4701                	li	a4,0
    4268:	02c58833          	mul	a6,a1,a2
    426c:	02f6f6b3          	remu	a3,a3,a5
    4270:	06c2                	slli	a3,a3,0x10
    4272:	8f55                	or	a4,a4,a3
    4274:	01077b63          	bgeu	a4,a6,428a <__divsf3+0x1f8>
    4278:	972a                	add	a4,a4,a0
    427a:	fff58693          	addi	a3,a1,-1 # 7fffffff <_eusrstack+0x5fff7fff>
    427e:	0aa76863          	bltu	a4,a0,432e <__divsf3+0x29c>
    4282:	0b077663          	bgeu	a4,a6,432e <__divsf3+0x29c>
    4286:	15f9                	addi	a1,a1,-2
    4288:	972a                	add	a4,a4,a0
    428a:	41070733          	sub	a4,a4,a6
    428e:	02f756b3          	divu	a3,a4,a5
    4292:	02f77733          	remu	a4,a4,a5
    4296:	02c68ab3          	mul	s5,a3,a2
    429a:	01071793          	slli	a5,a4,0x10
    429e:	0157fb63          	bgeu	a5,s5,42b4 <__divsf3+0x222>
    42a2:	97aa                	add	a5,a5,a0
    42a4:	fff68713          	addi	a4,a3,-1 # 7dffffff <_eusrstack+0x5dff7fff>
    42a8:	08a7e163          	bltu	a5,a0,432a <__divsf3+0x298>
    42ac:	0757ff63          	bgeu	a5,s5,432a <__divsf3+0x298>
    42b0:	16f9                	addi	a3,a3,-2
    42b2:	97aa                	add	a5,a5,a0
    42b4:	05c2                	slli	a1,a1,0x10
    42b6:	41578ab3          	sub	s5,a5,s5
    42ba:	8dd5                	or	a1,a1,a3
    42bc:	01503ab3          	snez	s5,s5
    42c0:	0155eab3          	or	s5,a1,s5
    42c4:	8bca                	mv	s7,s2
    42c6:	b5f1                	j	4192 <__divsf3+0x100>
    42c8:	4685                	li	a3,1
    42ca:	8e99                	sub	a3,a3,a4
    42cc:	c711                	beqz	a4,42d8 <__divsf3+0x246>
    42ce:	466d                	li	a2,27
    42d0:	4701                	li	a4,0
    42d2:	4781                	li	a5,0
    42d4:	e6d64be3          	blt	a2,a3,414a <__divsf3+0xb8>
    42d8:	09ea0a13          	addi	s4,s4,158
    42dc:	014a9a33          	sll	s4,s5,s4
    42e0:	00dad7b3          	srl	a5,s5,a3
    42e4:	01403ab3          	snez	s5,s4
    42e8:	0157e7b3          	or	a5,a5,s5
    42ec:	0077f713          	andi	a4,a5,7
    42f0:	c719                	beqz	a4,42fe <__divsf3+0x26c>
    42f2:	00f7f713          	andi	a4,a5,15
    42f6:	4691                	li	a3,4
    42f8:	00d70363          	beq	a4,a3,42fe <__divsf3+0x26c>
    42fc:	0791                	addi	a5,a5,4
    42fe:	00579713          	slli	a4,a5,0x5
    4302:	02074863          	bltz	a4,4332 <__divsf3+0x2a0>
    4306:	079a                	slli	a5,a5,0x6
    4308:	83a5                	srli	a5,a5,0x9
    430a:	4701                	li	a4,0
    430c:	bd3d                	j	414a <__divsf3+0xb8>
    430e:	001ad693          	srli	a3,s5,0x1
    4312:	02f6d5b3          	divu	a1,a3,a5
    4316:	01fa9713          	slli	a4,s5,0x1f
    431a:	8341                	srli	a4,a4,0x10
    431c:	02c58833          	mul	a6,a1,a2
    4320:	b7b1                	j	426c <__divsf3+0x1da>
    4322:	8bce                	mv	s7,s3
    4324:	8b36                	mv	s6,a3
    4326:	4a81                	li	s5,0
    4328:	bda1                	j	4180 <__divsf3+0xee>
    432a:	86ba                	mv	a3,a4
    432c:	b761                	j	42b4 <__divsf3+0x222>
    432e:	85b6                	mv	a1,a3
    4330:	bfa9                	j	428a <__divsf3+0x1f8>
    4332:	4705                	li	a4,1
    4334:	4781                	li	a5,0
    4336:	bd11                	j	414a <__divsf3+0xb8>
    4338:	001bf913          	andi	s2,s7,1
    433c:	0ff00713          	li	a4,255
    4340:	4781                	li	a5,0
    4342:	b521                	j	414a <__divsf3+0xb8>

00004344 <__gesf2>:
    4344:	01755693          	srli	a3,a0,0x17
    4348:	008007b7          	lui	a5,0x800
    434c:	17fd                	addi	a5,a5,-1
    434e:	0175d613          	srli	a2,a1,0x17
    4352:	0ff6f693          	andi	a3,a3,255
    4356:	0ff00813          	li	a6,255
    435a:	00a7f8b3          	and	a7,a5,a0
    435e:	01f55713          	srli	a4,a0,0x1f
    4362:	8fed                	and	a5,a5,a1
    4364:	0ff67613          	andi	a2,a2,255
    4368:	81fd                	srli	a1,a1,0x1f
    436a:	03068163          	beq	a3,a6,438c <__gesf2+0x48>
    436e:	01060c63          	beq	a2,a6,4386 <__gesf2+0x42>
    4372:	e28d                	bnez	a3,4394 <__gesf2+0x50>
    4374:	e211                	bnez	a2,4378 <__gesf2+0x34>
    4376:	c3b1                	beqz	a5,43ba <__gesf2+0x76>
    4378:	02088e63          	beqz	a7,43b4 <__gesf2+0x70>
    437c:	04b70563          	beq	a4,a1,43c6 <__gesf2+0x82>
    4380:	4505                	li	a0,1
    4382:	e71d                	bnez	a4,43b0 <__gesf2+0x6c>
    4384:	8082                	ret
    4386:	d7f5                	beqz	a5,4372 <__gesf2+0x2e>
    4388:	5579                	li	a0,-2
    438a:	8082                	ret
    438c:	fe089ee3          	bnez	a7,4388 <__gesf2+0x44>
    4390:	02d60963          	beq	a2,a3,43c2 <__gesf2+0x7e>
    4394:	e211                	bnez	a2,4398 <__gesf2+0x54>
    4396:	d7ed                	beqz	a5,4380 <__gesf2+0x3c>
    4398:	feb714e3          	bne	a4,a1,4380 <__gesf2+0x3c>
    439c:	fed642e3          	blt	a2,a3,4380 <__gesf2+0x3c>
    43a0:	00c6c763          	blt	a3,a2,43ae <__gesf2+0x6a>
    43a4:	fd17eee3          	bltu	a5,a7,4380 <__gesf2+0x3c>
    43a8:	4501                	li	a0,0
    43aa:	fcf8fde3          	bgeu	a7,a5,4384 <__gesf2+0x40>
    43ae:	e701                	bnez	a4,43b6 <__gesf2+0x72>
    43b0:	557d                	li	a0,-1
    43b2:	8082                	ret
    43b4:	ddf5                	beqz	a1,43b0 <__gesf2+0x6c>
    43b6:	4505                	li	a0,1
    43b8:	8082                	ret
    43ba:	4501                	li	a0,0
    43bc:	fc0892e3          	bnez	a7,4380 <__gesf2+0x3c>
    43c0:	8082                	ret
    43c2:	dbf9                	beqz	a5,4398 <__gesf2+0x54>
    43c4:	b7d1                	j	4388 <__gesf2+0x44>
    43c6:	4681                	li	a3,0
    43c8:	bfe1                	j	43a0 <__gesf2+0x5c>

000043ca <__lesf2>:
    43ca:	01755693          	srli	a3,a0,0x17
    43ce:	008007b7          	lui	a5,0x800
    43d2:	17fd                	addi	a5,a5,-1
    43d4:	0175d613          	srli	a2,a1,0x17
    43d8:	0ff6f693          	andi	a3,a3,255
    43dc:	0ff00813          	li	a6,255
    43e0:	00a7f8b3          	and	a7,a5,a0
    43e4:	01f55713          	srli	a4,a0,0x1f
    43e8:	8fed                	and	a5,a5,a1
    43ea:	0ff67613          	andi	a2,a2,255
    43ee:	81fd                	srli	a1,a1,0x1f
    43f0:	03068763          	beq	a3,a6,441e <__lesf2+0x54>
    43f4:	01060963          	beq	a2,a6,4406 <__lesf2+0x3c>
    43f8:	ea85                	bnez	a3,4428 <__lesf2+0x5e>
    43fa:	ea11                	bnez	a2,440e <__lesf2+0x44>
    43fc:	eb89                	bnez	a5,440e <__lesf2+0x44>
    43fe:	4501                	li	a0,0
    4400:	00089b63          	bnez	a7,4416 <__lesf2+0x4c>
    4404:	8082                	ret
    4406:	4509                	li	a0,2
    4408:	fff5                	bnez	a5,4404 <__lesf2+0x3a>
    440a:	dae5                	beqz	a3,43fa <__lesf2+0x30>
    440c:	a831                	j	4428 <__lesf2+0x5e>
    440e:	02088c63          	beqz	a7,4446 <__lesf2+0x7c>
    4412:	04b70063          	beq	a4,a1,4452 <__lesf2+0x88>
    4416:	4505                	li	a0,1
    4418:	d775                	beqz	a4,4404 <__lesf2+0x3a>
    441a:	557d                	li	a0,-1
    441c:	8082                	ret
    441e:	4509                	li	a0,2
    4420:	02089863          	bnez	a7,4450 <__lesf2+0x86>
    4424:	02d60463          	beq	a2,a3,444c <__lesf2+0x82>
    4428:	e211                	bnez	a2,442c <__lesf2+0x62>
    442a:	d7f5                	beqz	a5,4416 <__lesf2+0x4c>
    442c:	feb715e3          	bne	a4,a1,4416 <__lesf2+0x4c>
    4430:	fed643e3          	blt	a2,a3,4416 <__lesf2+0x4c>
    4434:	00c6c763          	blt	a3,a2,4442 <__lesf2+0x78>
    4438:	fd17efe3          	bltu	a5,a7,4416 <__lesf2+0x4c>
    443c:	4501                	li	a0,0
    443e:	fcf8f3e3          	bgeu	a7,a5,4404 <__lesf2+0x3a>
    4442:	e319                	bnez	a4,4448 <__lesf2+0x7e>
    4444:	bfd9                	j	441a <__lesf2+0x50>
    4446:	d9f1                	beqz	a1,441a <__lesf2+0x50>
    4448:	4505                	li	a0,1
    444a:	8082                	ret
    444c:	d3e5                	beqz	a5,442c <__lesf2+0x62>
    444e:	8082                	ret
    4450:	8082                	ret
    4452:	4681                	li	a3,0
    4454:	b7c5                	j	4434 <__lesf2+0x6a>

00004456 <__mulsf3>:
    4456:	7179                	addi	sp,sp,-48
    4458:	d422                	sw	s0,40(sp)
    445a:	01755413          	srli	s0,a0,0x17
    445e:	ce4e                	sw	s3,28(sp)
    4460:	cc52                	sw	s4,24(sp)
    4462:	00951993          	slli	s3,a0,0x9
    4466:	d606                	sw	ra,44(sp)
    4468:	d226                	sw	s1,36(sp)
    446a:	d04a                	sw	s2,32(sp)
    446c:	ca56                	sw	s5,20(sp)
    446e:	c85a                	sw	s6,16(sp)
    4470:	0ff47413          	andi	s0,s0,255
    4474:	0099d993          	srli	s3,s3,0x9
    4478:	01f55a13          	srli	s4,a0,0x1f
    447c:	c469                	beqz	s0,4546 <__mulsf3+0xf0>
    447e:	0ff00793          	li	a5,255
    4482:	0ef40863          	beq	s0,a5,4572 <__mulsf3+0x11c>
    4486:	00399793          	slli	a5,s3,0x3
    448a:	04000737          	lui	a4,0x4000
    448e:	00e7e9b3          	or	s3,a5,a4
    4492:	f8140413          	addi	s0,s0,-127 # 3ffff81 <_data_lma+0x3ffa495>
    4496:	4481                	li	s1,0
    4498:	4b01                	li	s6,0
    449a:	0175d713          	srli	a4,a1,0x17
    449e:	00959a93          	slli	s5,a1,0x9
    44a2:	0ff77713          	andi	a4,a4,255
    44a6:	009ada93          	srli	s5,s5,0x9
    44aa:	01f5d913          	srli	s2,a1,0x1f
    44ae:	cf45                	beqz	a4,4566 <__mulsf3+0x110>
    44b0:	0ff00793          	li	a5,255
    44b4:	02f70c63          	beq	a4,a5,44ec <__mulsf3+0x96>
    44b8:	0a8e                	slli	s5,s5,0x3
    44ba:	f8170713          	addi	a4,a4,-127 # 3ffff81 <_data_lma+0x3ffa495>
    44be:	040007b7          	lui	a5,0x4000
    44c2:	00faeab3          	or	s5,s5,a5
    44c6:	943a                	add	s0,s0,a4
    44c8:	4601                	li	a2,0
    44ca:	012a4533          	xor	a0,s4,s2
    44ce:	47bd                	li	a5,15
    44d0:	86aa                	mv	a3,a0
    44d2:	00140593          	addi	a1,s0,1
    44d6:	1097e063          	bltu	a5,s1,45d6 <__mulsf3+0x180>
    44da:	00001717          	auipc	a4,0x1
    44de:	3be70713          	addi	a4,a4,958 # 5898 <Ch8x16+0x778>
    44e2:	048a                	slli	s1,s1,0x2
    44e4:	94ba                	add	s1,s1,a4
    44e6:	409c                	lw	a5,0(s1)
    44e8:	97ba                	add	a5,a5,a4
    44ea:	8782                	jr	a5
    44ec:	0ff40413          	addi	s0,s0,255
    44f0:	0c0a9663          	bnez	s5,45bc <__mulsf3+0x166>
    44f4:	0024e493          	ori	s1,s1,2
    44f8:	4609                	li	a2,2
    44fa:	bfc1                	j	44ca <__mulsf3+0x74>
    44fc:	4501                	li	a0,0
    44fe:	0ff00713          	li	a4,255
    4502:	004007b7          	lui	a5,0x400
    4506:	50b2                	lw	ra,44(sp)
    4508:	5422                	lw	s0,40(sp)
    450a:	07a6                	slli	a5,a5,0x9
    450c:	075e                	slli	a4,a4,0x17
    450e:	83a5                	srli	a5,a5,0x9
    4510:	057e                	slli	a0,a0,0x1f
    4512:	8fd9                	or	a5,a5,a4
    4514:	5492                	lw	s1,36(sp)
    4516:	5902                	lw	s2,32(sp)
    4518:	49f2                	lw	s3,28(sp)
    451a:	4a62                	lw	s4,24(sp)
    451c:	4ad2                	lw	s5,20(sp)
    451e:	4b42                	lw	s6,16(sp)
    4520:	8d5d                	or	a0,a0,a5
    4522:	6145                	addi	sp,sp,48
    4524:	8082                	ret
    4526:	86ca                	mv	a3,s2
    4528:	89d6                	mv	s3,s5
    452a:	8b32                	mv	s6,a2
    452c:	4789                	li	a5,2
    452e:	08fb0f63          	beq	s6,a5,45cc <__mulsf3+0x176>
    4532:	478d                	li	a5,3
    4534:	fcfb04e3          	beq	s6,a5,44fc <__mulsf3+0xa6>
    4538:	4785                	li	a5,1
    453a:	8536                	mv	a0,a3
    453c:	1afb1063          	bne	s6,a5,46dc <__mulsf3+0x286>
    4540:	4701                	li	a4,0
    4542:	4781                	li	a5,0
    4544:	b7c9                	j	4506 <__mulsf3+0xb0>
    4546:	04099d63          	bnez	s3,45a0 <__mulsf3+0x14a>
    454a:	0175d713          	srli	a4,a1,0x17
    454e:	00959a93          	slli	s5,a1,0x9
    4552:	0ff77713          	andi	a4,a4,255
    4556:	4491                	li	s1,4
    4558:	4401                	li	s0,0
    455a:	4b05                	li	s6,1
    455c:	009ada93          	srli	s5,s5,0x9
    4560:	01f5d913          	srli	s2,a1,0x1f
    4564:	f731                	bnez	a4,44b0 <__mulsf3+0x5a>
    4566:	000a9d63          	bnez	s5,4580 <__mulsf3+0x12a>
    456a:	0014e493          	ori	s1,s1,1
    456e:	4605                	li	a2,1
    4570:	bfa9                	j	44ca <__mulsf3+0x74>
    4572:	02099263          	bnez	s3,4596 <__mulsf3+0x140>
    4576:	44a1                	li	s1,8
    4578:	0ff00413          	li	s0,255
    457c:	4b09                	li	s6,2
    457e:	bf31                	j	449a <__mulsf3+0x44>
    4580:	8556                	mv	a0,s5
    4582:	2735                	jal	4cae <__clzsi2>
    4584:	ffb50793          	addi	a5,a0,-5
    4588:	8c09                	sub	s0,s0,a0
    458a:	00fa9ab3          	sll	s5,s5,a5
    458e:	f8a40413          	addi	s0,s0,-118
    4592:	4601                	li	a2,0
    4594:	bf1d                	j	44ca <__mulsf3+0x74>
    4596:	44b1                	li	s1,12
    4598:	0ff00413          	li	s0,255
    459c:	4b0d                	li	s6,3
    459e:	bdf5                	j	449a <__mulsf3+0x44>
    45a0:	854e                	mv	a0,s3
    45a2:	c62e                	sw	a1,12(sp)
    45a4:	2729                	jal	4cae <__clzsi2>
    45a6:	ffb50793          	addi	a5,a0,-5
    45aa:	f8a00413          	li	s0,-118
    45ae:	00f999b3          	sll	s3,s3,a5
    45b2:	8c09                	sub	s0,s0,a0
    45b4:	4481                	li	s1,0
    45b6:	4b01                	li	s6,0
    45b8:	45b2                	lw	a1,12(sp)
    45ba:	b5c5                	j	449a <__mulsf3+0x44>
    45bc:	0034e493          	ori	s1,s1,3
    45c0:	460d                	li	a2,3
    45c2:	b721                	j	44ca <__mulsf3+0x74>
    45c4:	4789                	li	a5,2
    45c6:	86d2                	mv	a3,s4
    45c8:	f6fb15e3          	bne	s6,a5,4532 <__mulsf3+0xdc>
    45cc:	8536                	mv	a0,a3
    45ce:	0ff00713          	li	a4,255
    45d2:	4781                	li	a5,0
    45d4:	bf0d                	j	4506 <__mulsf3+0xb0>
    45d6:	6341                	lui	t1,0x10
    45d8:	fff30693          	addi	a3,t1,-1 # ffff <_data_lma+0xa513>
    45dc:	0109d613          	srli	a2,s3,0x10
    45e0:	010ad893          	srli	a7,s5,0x10
    45e4:	00d9f7b3          	and	a5,s3,a3
    45e8:	00dafab3          	and	s5,s5,a3
    45ec:	03578833          	mul	a6,a5,s5
    45f0:	02f889b3          	mul	s3,a7,a5
    45f4:	01085713          	srli	a4,a6,0x10
    45f8:	03560ab3          	mul	s5,a2,s5
    45fc:	99d6                	add	s3,s3,s5
    45fe:	974e                	add	a4,a4,s3
    4600:	03160633          	mul	a2,a2,a7
    4604:	01577363          	bgeu	a4,s5,460a <__mulsf3+0x1b4>
    4608:	961a                	add	a2,a2,t1
    460a:	67c1                	lui	a5,0x10
    460c:	17fd                	addi	a5,a5,-1
    460e:	00f776b3          	and	a3,a4,a5
    4612:	00f87833          	and	a6,a6,a5
    4616:	06c2                	slli	a3,a3,0x10
    4618:	96c2                	add	a3,a3,a6
    461a:	00669993          	slli	s3,a3,0x6
    461e:	01075793          	srli	a5,a4,0x10
    4622:	013039b3          	snez	s3,s3
    4626:	82e9                	srli	a3,a3,0x1a
    4628:	97b2                	add	a5,a5,a2
    462a:	079a                	slli	a5,a5,0x6
    462c:	00d9e6b3          	or	a3,s3,a3
    4630:	00d7e9b3          	or	s3,a5,a3
    4634:	00499793          	slli	a5,s3,0x4
    4638:	0007d963          	bgez	a5,464a <__mulsf3+0x1f4>
    463c:	0019d713          	srli	a4,s3,0x1
    4640:	0019f793          	andi	a5,s3,1
    4644:	00f769b3          	or	s3,a4,a5
    4648:	842e                	mv	s0,a1
    464a:	07f40713          	addi	a4,s0,127
    464e:	04e05063          	blez	a4,468e <__mulsf3+0x238>
    4652:	0079f793          	andi	a5,s3,7
    4656:	c799                	beqz	a5,4664 <__mulsf3+0x20e>
    4658:	00f9f793          	andi	a5,s3,15
    465c:	4691                	li	a3,4
    465e:	00d78363          	beq	a5,a3,4664 <__mulsf3+0x20e>
    4662:	0991                	addi	s3,s3,4
    4664:	00499793          	slli	a5,s3,0x4
    4668:	0007d963          	bgez	a5,467a <__mulsf3+0x224>
    466c:	f80007b7          	lui	a5,0xf8000
    4670:	17fd                	addi	a5,a5,-1
    4672:	00f9f9b3          	and	s3,s3,a5
    4676:	08040713          	addi	a4,s0,128
    467a:	0fe00793          	li	a5,254
    467e:	04e7cb63          	blt	a5,a4,46d4 <__mulsf3+0x27e>
    4682:	00699793          	slli	a5,s3,0x6
    4686:	83a5                	srli	a5,a5,0x9
    4688:	0ff77713          	andi	a4,a4,255
    468c:	bdad                	j	4506 <__mulsf3+0xb0>
    468e:	4785                	li	a5,1
    4690:	40e786b3          	sub	a3,a5,a4
    4694:	c711                	beqz	a4,46a0 <__mulsf3+0x24a>
    4696:	466d                	li	a2,27
    4698:	4701                	li	a4,0
    469a:	4781                	li	a5,0
    469c:	e6d645e3          	blt	a2,a3,4506 <__mulsf3+0xb0>
    46a0:	09e40713          	addi	a4,s0,158
    46a4:	00e99733          	sll	a4,s3,a4
    46a8:	00e03733          	snez	a4,a4
    46ac:	00d9d7b3          	srl	a5,s3,a3
    46b0:	8fd9                	or	a5,a5,a4
    46b2:	0077f713          	andi	a4,a5,7
    46b6:	c719                	beqz	a4,46c4 <__mulsf3+0x26e>
    46b8:	00f7f713          	andi	a4,a5,15
    46bc:	4691                	li	a3,4
    46be:	00d70363          	beq	a4,a3,46c4 <__mulsf3+0x26e>
    46c2:	0791                	addi	a5,a5,4
    46c4:	00579713          	slli	a4,a5,0x5
    46c8:	00074c63          	bltz	a4,46e0 <__mulsf3+0x28a>
    46cc:	079a                	slli	a5,a5,0x6
    46ce:	83a5                	srli	a5,a5,0x9
    46d0:	4701                	li	a4,0
    46d2:	bd15                	j	4506 <__mulsf3+0xb0>
    46d4:	0ff00713          	li	a4,255
    46d8:	4781                	li	a5,0
    46da:	b535                	j	4506 <__mulsf3+0xb0>
    46dc:	842e                	mv	s0,a1
    46de:	b7b5                	j	464a <__mulsf3+0x1f4>
    46e0:	4705                	li	a4,1
    46e2:	4781                	li	a5,0
    46e4:	b50d                	j	4506 <__mulsf3+0xb0>

000046e6 <__subsf3>:
    46e6:	00800737          	lui	a4,0x800
    46ea:	1141                	addi	sp,sp,-16
    46ec:	177d                	addi	a4,a4,-1
    46ee:	01755693          	srli	a3,a0,0x17
    46f2:	0175d813          	srli	a6,a1,0x17
    46f6:	00a777b3          	and	a5,a4,a0
    46fa:	0ff6f693          	andi	a3,a3,255
    46fe:	01f55e93          	srli	t4,a0,0x1f
    4702:	00b77633          	and	a2,a4,a1
    4706:	c226                	sw	s1,4(sp)
    4708:	c04a                	sw	s2,0(sp)
    470a:	0ff87813          	andi	a6,a6,255
    470e:	c606                	sw	ra,12(sp)
    4710:	c422                	sw	s0,8(sp)
    4712:	0ff00313          	li	t1,255
    4716:	8e3e                	mv	t3,a5
    4718:	8936                	mv	s2,a3
    471a:	84f6                	mv	s1,t4
    471c:	00379f13          	slli	t5,a5,0x3
    4720:	81fd                	srli	a1,a1,0x1f
    4722:	00361513          	slli	a0,a2,0x3
    4726:	410688b3          	sub	a7,a3,a6
    472a:	10680263          	beq	a6,t1,482e <__subsf3+0x148>
    472e:	0015c593          	xori	a1,a1,1
    4732:	10be8c63          	beq	t4,a1,484a <__subsf3+0x164>
    4736:	0d105463          	blez	a7,47fe <__subsf3+0x118>
    473a:	10081063          	bnez	a6,483a <__subsf3+0x154>
    473e:	1e050463          	beqz	a0,4926 <__subsf3+0x240>
    4742:	18fd                	addi	a7,a7,-1
    4744:	40af07b3          	sub	a5,t5,a0
    4748:	02088663          	beqz	a7,4774 <__subsf3+0x8e>
    474c:	0ff00793          	li	a5,255
    4750:	16f68863          	beq	a3,a5,48c0 <__subsf3+0x1da>
    4754:	47ed                	li	a5,27
    4756:	2917c763          	blt	a5,a7,49e4 <__subsf3+0x2fe>
    475a:	02000713          	li	a4,32
    475e:	41170733          	sub	a4,a4,a7
    4762:	00e51733          	sll	a4,a0,a4
    4766:	011557b3          	srl	a5,a0,a7
    476a:	00e03733          	snez	a4,a4
    476e:	8fd9                	or	a5,a5,a4
    4770:	40ff07b3          	sub	a5,t5,a5
    4774:	00579713          	slli	a4,a5,0x5
    4778:	1a075163          	bgez	a4,491a <__subsf3+0x234>
    477c:	04000437          	lui	s0,0x4000
    4780:	147d                	addi	s0,s0,-1
    4782:	8c7d                	and	s0,s0,a5
    4784:	8522                	mv	a0,s0
    4786:	2325                	jal	4cae <__clzsi2>
    4788:	156d                	addi	a0,a0,-5
    478a:	00a417b3          	sll	a5,s0,a0
    478e:	1b254e63          	blt	a0,s2,494a <__subsf3+0x264>
    4792:	41250533          	sub	a0,a0,s2
    4796:	00150413          	addi	s0,a0,1
    479a:	02000713          	li	a4,32
    479e:	8f01                	sub	a4,a4,s0
    47a0:	00e79733          	sll	a4,a5,a4
    47a4:	00e03733          	snez	a4,a4
    47a8:	0087d7b3          	srl	a5,a5,s0
    47ac:	8fd9                	or	a5,a5,a4
    47ae:	4901                	li	s2,0
    47b0:	0077f713          	andi	a4,a5,7
    47b4:	c719                	beqz	a4,47c2 <__subsf3+0xdc>
    47b6:	00f7f713          	andi	a4,a5,15
    47ba:	4691                	li	a3,4
    47bc:	00d70363          	beq	a4,a3,47c2 <__subsf3+0xdc>
    47c0:	0791                	addi	a5,a5,4
    47c2:	00579713          	slli	a4,a5,0x5
    47c6:	14075e63          	bgez	a4,4922 <__subsf3+0x23c>
    47ca:	00190693          	addi	a3,s2,1 # 800001 <_data_lma+0x7fa515>
    47ce:	0ff00713          	li	a4,255
    47d2:	0014fe93          	andi	t4,s1,1
    47d6:	16e68663          	beq	a3,a4,4942 <__subsf3+0x25c>
    47da:	079a                	slli	a5,a5,0x6
    47dc:	83a5                	srli	a5,a5,0x9
    47de:	0ff6f693          	andi	a3,a3,255
    47e2:	07a6                	slli	a5,a5,0x9
    47e4:	40b2                	lw	ra,12(sp)
    47e6:	4422                	lw	s0,8(sp)
    47e8:	0097d513          	srli	a0,a5,0x9
    47ec:	06de                	slli	a3,a3,0x17
    47ee:	01fe9793          	slli	a5,t4,0x1f
    47f2:	8d55                	or	a0,a0,a3
    47f4:	4492                	lw	s1,4(sp)
    47f6:	4902                	lw	s2,0(sp)
    47f8:	8d5d                	or	a0,a0,a5
    47fa:	0141                	addi	sp,sp,16
    47fc:	8082                	ret
    47fe:	0a089263          	bnez	a7,48a2 <__subsf3+0x1bc>
    4802:	00168713          	addi	a4,a3,1
    4806:	0fe77713          	andi	a4,a4,254
    480a:	14071b63          	bnez	a4,4960 <__subsf3+0x27a>
    480e:	22069463          	bnez	a3,4a36 <__subsf3+0x350>
    4812:	200f0263          	beqz	t5,4a16 <__subsf3+0x330>
    4816:	d571                	beqz	a0,47e2 <__subsf3+0xfc>
    4818:	40af07b3          	sub	a5,t5,a0
    481c:	00579713          	slli	a4,a5,0x5
    4820:	22075563          	bgez	a4,4a4a <__subsf3+0x364>
    4824:	41e507b3          	sub	a5,a0,t5
    4828:	4901                	li	s2,0
    482a:	84ae                	mv	s1,a1
    482c:	b751                	j	47b0 <__subsf3+0xca>
    482e:	f00500e3          	beqz	a0,472e <__subsf3+0x48>
    4832:	0abe8a63          	beq	t4,a1,48e6 <__subsf3+0x200>
    4836:	fd1054e3          	blez	a7,47fe <__subsf3+0x118>
    483a:	0ff00793          	li	a5,255
    483e:	08f68163          	beq	a3,a5,48c0 <__subsf3+0x1da>
    4842:	040007b7          	lui	a5,0x4000
    4846:	8d5d                	or	a0,a0,a5
    4848:	b731                	j	4754 <__subsf3+0x6e>
    484a:	09105e63          	blez	a7,48e6 <__subsf3+0x200>
    484e:	08080163          	beqz	a6,48d0 <__subsf3+0x1ea>
    4852:	0ff00793          	li	a5,255
    4856:	06f68563          	beq	a3,a5,48c0 <__subsf3+0x1da>
    485a:	040007b7          	lui	a5,0x4000
    485e:	8d5d                	or	a0,a0,a5
    4860:	47ed                	li	a5,27
    4862:	1f17c063          	blt	a5,a7,4a42 <__subsf3+0x35c>
    4866:	02000713          	li	a4,32
    486a:	41170733          	sub	a4,a4,a7
    486e:	00e51733          	sll	a4,a0,a4
    4872:	011557b3          	srl	a5,a0,a7
    4876:	00e03733          	snez	a4,a4
    487a:	8fd9                	or	a5,a5,a4
    487c:	97fa                	add	a5,a5,t5
    487e:	00579713          	slli	a4,a5,0x5
    4882:	08075c63          	bgez	a4,491a <__subsf3+0x234>
    4886:	0905                	addi	s2,s2,1
    4888:	0ff00713          	li	a4,255
    488c:	0ae90b63          	beq	s2,a4,4942 <__subsf3+0x25c>
    4890:	7e0006b7          	lui	a3,0x7e000
    4894:	0017d713          	srli	a4,a5,0x1
    4898:	16fd                	addi	a3,a3,-1
    489a:	8b85                	andi	a5,a5,1
    489c:	8f75                	and	a4,a4,a3
    489e:	8fd9                	or	a5,a5,a4
    48a0:	bf01                	j	47b0 <__subsf3+0xca>
    48a2:	40d80733          	sub	a4,a6,a3
    48a6:	10069563          	bnez	a3,49b0 <__subsf3+0x2ca>
    48aa:	140f0d63          	beqz	t5,4a04 <__subsf3+0x31e>
    48ae:	177d                	addi	a4,a4,-1
    48b0:	1a070363          	beqz	a4,4a56 <__subsf3+0x370>
    48b4:	0ff00793          	li	a5,255
    48b8:	10f81463          	bne	a6,a5,49c0 <__subsf3+0x2da>
    48bc:	84ae                	mv	s1,a1
    48be:	8e32                	mv	t3,a2
    48c0:	060e0f63          	beqz	t3,493e <__subsf3+0x258>
    48c4:	4e81                	li	t4,0
    48c6:	0ff00693          	li	a3,255
    48ca:	004007b7          	lui	a5,0x400
    48ce:	bf11                	j	47e2 <__subsf3+0xfc>
    48d0:	c939                	beqz	a0,4926 <__subsf3+0x240>
    48d2:	18fd                	addi	a7,a7,-1
    48d4:	00af07b3          	add	a5,t5,a0
    48d8:	fa0883e3          	beqz	a7,487e <__subsf3+0x198>
    48dc:	0ff00793          	li	a5,255
    48e0:	f8f690e3          	bne	a3,a5,4860 <__subsf3+0x17a>
    48e4:	bff1                	j	48c0 <__subsf3+0x1da>
    48e6:	08089963          	bnez	a7,4978 <__subsf3+0x292>
    48ea:	00168913          	addi	s2,a3,1 # 7e000001 <_eusrstack+0x5dff8001>
    48ee:	0fe97713          	andi	a4,s2,254
    48f2:	12071663          	bnez	a4,4a1e <__subsf3+0x338>
    48f6:	10069b63          	bnez	a3,4a0c <__subsf3+0x326>
    48fa:	160f0363          	beqz	t5,4a60 <__subsf3+0x37a>
    48fe:	ee0502e3          	beqz	a0,47e2 <__subsf3+0xfc>
    4902:	00af07b3          	add	a5,t5,a0
    4906:	00579713          	slli	a4,a5,0x5
    490a:	4901                	li	s2,0
    490c:	00075763          	bgez	a4,491a <__subsf3+0x234>
    4910:	fc000737          	lui	a4,0xfc000
    4914:	177d                	addi	a4,a4,-1
    4916:	8ff9                	and	a5,a5,a4
    4918:	4905                	li	s2,1
    491a:	0077f713          	andi	a4,a5,7
    491e:	e8071ce3          	bnez	a4,47b6 <__subsf3+0xd0>
    4922:	0037de13          	srli	t3,a5,0x3
    4926:	0ff00793          	li	a5,255
    492a:	f8f90be3          	beq	s2,a5,48c0 <__subsf3+0x1da>
    492e:	009e1793          	slli	a5,t3,0x9
    4932:	83a5                	srli	a5,a5,0x9
    4934:	0ff97693          	andi	a3,s2,255
    4938:	0014fe93          	andi	t4,s1,1
    493c:	b55d                	j	47e2 <__subsf3+0xfc>
    493e:	0014fe93          	andi	t4,s1,1
    4942:	0ff00693          	li	a3,255
    4946:	4781                	li	a5,0
    4948:	bd69                	j	47e2 <__subsf3+0xfc>
    494a:	fc000737          	lui	a4,0xfc000
    494e:	177d                	addi	a4,a4,-1
    4950:	8ff9                	and	a5,a5,a4
    4952:	0077f713          	andi	a4,a5,7
    4956:	40a90933          	sub	s2,s2,a0
    495a:	e4071ee3          	bnez	a4,47b6 <__subsf3+0xd0>
    495e:	b7d1                	j	4922 <__subsf3+0x23c>
    4960:	40af0433          	sub	s0,t5,a0
    4964:	00541793          	slli	a5,s0,0x5
    4968:	0c07c363          	bltz	a5,4a2e <__subsf3+0x348>
    496c:	e0041ce3          	bnez	s0,4784 <__subsf3+0x9e>
    4970:	4e81                	li	t4,0
    4972:	4681                	li	a3,0
    4974:	4781                	li	a5,0
    4976:	b5b5                	j	47e2 <__subsf3+0xfc>
    4978:	40d80733          	sub	a4,a6,a3
    497c:	c6b5                	beqz	a3,49e8 <__subsf3+0x302>
    497e:	0ff00793          	li	a5,255
    4982:	f2f80ee3          	beq	a6,a5,48be <__subsf3+0x1d8>
    4986:	040007b7          	lui	a5,0x4000
    498a:	00ff6f33          	or	t5,t5,a5
    498e:	47ed                	li	a5,27
    4990:	0ce7cd63          	blt	a5,a4,4a6a <__subsf3+0x384>
    4994:	02000793          	li	a5,32
    4998:	8f99                	sub	a5,a5,a4
    499a:	00ff17b3          	sll	a5,t5,a5
    499e:	00ef5733          	srl	a4,t5,a4
    49a2:	00f037b3          	snez	a5,a5
    49a6:	8f5d                	or	a4,a4,a5
    49a8:	00a707b3          	add	a5,a4,a0
    49ac:	8942                	mv	s2,a6
    49ae:	bdc1                	j	487e <__subsf3+0x198>
    49b0:	0ff00793          	li	a5,255
    49b4:	f0f804e3          	beq	a6,a5,48bc <__subsf3+0x1d6>
    49b8:	040007b7          	lui	a5,0x4000
    49bc:	00ff6f33          	or	t5,t5,a5
    49c0:	47ed                	li	a5,27
    49c2:	08e7c263          	blt	a5,a4,4a46 <__subsf3+0x360>
    49c6:	02000793          	li	a5,32
    49ca:	8f99                	sub	a5,a5,a4
    49cc:	00ff17b3          	sll	a5,t5,a5
    49d0:	00ef5733          	srl	a4,t5,a4
    49d4:	00f037b3          	snez	a5,a5
    49d8:	8fd9                	or	a5,a5,a4
    49da:	40f507b3          	sub	a5,a0,a5
    49de:	8942                	mv	s2,a6
    49e0:	84ae                	mv	s1,a1
    49e2:	bb49                	j	4774 <__subsf3+0x8e>
    49e4:	4785                	li	a5,1
    49e6:	b369                	j	4770 <__subsf3+0x8a>
    49e8:	060f0e63          	beqz	t5,4a64 <__subsf3+0x37e>
    49ec:	177d                	addi	a4,a4,-1
    49ee:	00af07b3          	add	a5,t5,a0
    49f2:	8942                	mv	s2,a6
    49f4:	e80705e3          	beqz	a4,487e <__subsf3+0x198>
    49f8:	0ff00793          	li	a5,255
    49fc:	f8f819e3          	bne	a6,a5,498e <__subsf3+0x2a8>
    4a00:	8e32                	mv	t3,a2
    4a02:	bd7d                	j	48c0 <__subsf3+0x1da>
    4a04:	8e32                	mv	t3,a2
    4a06:	8942                	mv	s2,a6
    4a08:	84ae                	mv	s1,a1
    4a0a:	bf31                	j	4926 <__subsf3+0x240>
    4a0c:	ea0f09e3          	beqz	t5,48be <__subsf3+0x1d8>
    4a10:	ea0508e3          	beqz	a0,48c0 <__subsf3+0x1da>
    4a14:	bd45                	j	48c4 <__subsf3+0x1de>
    4a16:	cd0d                	beqz	a0,4a50 <__subsf3+0x36a>
    4a18:	8eae                	mv	t4,a1
    4a1a:	87b2                	mv	a5,a2
    4a1c:	b3d9                	j	47e2 <__subsf3+0xfc>
    4a1e:	0ff00793          	li	a5,255
    4a22:	f2f900e3          	beq	s2,a5,4942 <__subsf3+0x25c>
    4a26:	00af07b3          	add	a5,t5,a0
    4a2a:	8385                	srli	a5,a5,0x1
    4a2c:	b5fd                	j	491a <__subsf3+0x234>
    4a2e:	41e50433          	sub	s0,a0,t5
    4a32:	84ae                	mv	s1,a1
    4a34:	bb81                	j	4784 <__subsf3+0x9e>
    4a36:	fc0f1de3          	bnez	t5,4a10 <__subsf3+0x32a>
    4a3a:	e80505e3          	beqz	a0,48c4 <__subsf3+0x1de>
    4a3e:	84ae                	mv	s1,a1
    4a40:	bdbd                	j	48be <__subsf3+0x1d8>
    4a42:	4785                	li	a5,1
    4a44:	bd25                	j	487c <__subsf3+0x196>
    4a46:	4785                	li	a5,1
    4a48:	bf49                	j	49da <__subsf3+0x2f4>
    4a4a:	4901                	li	s2,0
    4a4c:	ec0797e3          	bnez	a5,491a <__subsf3+0x234>
    4a50:	4e81                	li	t4,0
    4a52:	4781                	li	a5,0
    4a54:	b379                	j	47e2 <__subsf3+0xfc>
    4a56:	41e507b3          	sub	a5,a0,t5
    4a5a:	8942                	mv	s2,a6
    4a5c:	84ae                	mv	s1,a1
    4a5e:	bb19                	j	4774 <__subsf3+0x8e>
    4a60:	87b2                	mv	a5,a2
    4a62:	b341                	j	47e2 <__subsf3+0xfc>
    4a64:	8e32                	mv	t3,a2
    4a66:	8942                	mv	s2,a6
    4a68:	bd7d                	j	4926 <__subsf3+0x240>
    4a6a:	4705                	li	a4,1
    4a6c:	bf35                	j	49a8 <__subsf3+0x2c2>

00004a6e <__floatsisf>:
    4a6e:	1141                	addi	sp,sp,-16
    4a70:	c606                	sw	ra,12(sp)
    4a72:	c422                	sw	s0,8(sp)
    4a74:	c226                	sw	s1,4(sp)
    4a76:	cd0d                	beqz	a0,4ab0 <__floatsisf+0x42>
    4a78:	41f55793          	srai	a5,a0,0x1f
    4a7c:	00a7c433          	xor	s0,a5,a0
    4a80:	8c1d                	sub	s0,s0,a5
    4a82:	84aa                	mv	s1,a0
    4a84:	8522                	mv	a0,s0
    4a86:	2425                	jal	4cae <__clzsi2>
    4a88:	09e00793          	li	a5,158
    4a8c:	40a78733          	sub	a4,a5,a0
    4a90:	09600793          	li	a5,150
    4a94:	80fd                	srli	s1,s1,0x1f
    4a96:	02e7cc63          	blt	a5,a4,4ace <__floatsisf+0x60>
    4a9a:	46a1                	li	a3,8
    4a9c:	0ff77793          	andi	a5,a4,255
    4aa0:	00a6d563          	bge	a3,a0,4aaa <__floatsisf+0x3c>
    4aa4:	1561                	addi	a0,a0,-8
    4aa6:	00a41433          	sll	s0,s0,a0
    4aaa:	0426                	slli	s0,s0,0x9
    4aac:	8025                	srli	s0,s0,0x9
    4aae:	a021                	j	4ab6 <__floatsisf+0x48>
    4ab0:	4481                	li	s1,0
    4ab2:	4781                	li	a5,0
    4ab4:	4401                	li	s0,0
    4ab6:	0426                	slli	s0,s0,0x9
    4ab8:	00945513          	srli	a0,s0,0x9
    4abc:	40b2                	lw	ra,12(sp)
    4abe:	4422                	lw	s0,8(sp)
    4ac0:	07de                	slli	a5,a5,0x17
    4ac2:	04fe                	slli	s1,s1,0x1f
    4ac4:	8d5d                	or	a0,a0,a5
    4ac6:	8d45                	or	a0,a0,s1
    4ac8:	4492                	lw	s1,4(sp)
    4aca:	0141                	addi	sp,sp,16
    4acc:	8082                	ret
    4ace:	09900793          	li	a5,153
    4ad2:	00e7dd63          	bge	a5,a4,4aec <__floatsisf+0x7e>
    4ad6:	01b50793          	addi	a5,a0,27
    4ada:	4695                	li	a3,5
    4adc:	00f417b3          	sll	a5,s0,a5
    4ae0:	8e89                	sub	a3,a3,a0
    4ae2:	00d45433          	srl	s0,s0,a3
    4ae6:	00f037b3          	snez	a5,a5
    4aea:	8c5d                	or	s0,s0,a5
    4aec:	4795                	li	a5,5
    4aee:	00a7d663          	bge	a5,a0,4afa <__floatsisf+0x8c>
    4af2:	ffb50793          	addi	a5,a0,-5
    4af6:	00f41433          	sll	s0,s0,a5
    4afa:	fc0006b7          	lui	a3,0xfc000
    4afe:	16fd                	addi	a3,a3,-1
    4b00:	00747793          	andi	a5,s0,7
    4b04:	00d47633          	and	a2,s0,a3
    4b08:	c385                	beqz	a5,4b28 <__floatsisf+0xba>
    4b0a:	00f47793          	andi	a5,s0,15
    4b0e:	4591                	li	a1,4
    4b10:	00b78c63          	beq	a5,a1,4b28 <__floatsisf+0xba>
    4b14:	0611                	addi	a2,a2,4
    4b16:	00561793          	slli	a5,a2,0x5
    4b1a:	0007d763          	bgez	a5,4b28 <__floatsisf+0xba>
    4b1e:	09f00793          	li	a5,159
    4b22:	8e75                	and	a2,a2,a3
    4b24:	40a78733          	sub	a4,a5,a0
    4b28:	00661413          	slli	s0,a2,0x6
    4b2c:	8025                	srli	s0,s0,0x9
    4b2e:	0ff77793          	andi	a5,a4,255
    4b32:	b751                	j	4ab6 <__floatsisf+0x48>

00004b34 <__floatunsisf>:
    4b34:	1141                	addi	sp,sp,-16
    4b36:	c606                	sw	ra,12(sp)
    4b38:	c422                	sw	s0,8(sp)
    4b3a:	cd15                	beqz	a0,4b76 <__floatunsisf+0x42>
    4b3c:	842a                	mv	s0,a0
    4b3e:	2a85                	jal	4cae <__clzsi2>
    4b40:	09e00793          	li	a5,158
    4b44:	40a78733          	sub	a4,a5,a0
    4b48:	09600793          	li	a5,150
    4b4c:	04e7c063          	blt	a5,a4,4b8c <__floatunsisf+0x58>
    4b50:	46a1                	li	a3,8
    4b52:	0ff77793          	andi	a5,a4,255
    4b56:	00a6d563          	bge	a3,a0,4b60 <__floatunsisf+0x2c>
    4b5a:	1561                	addi	a0,a0,-8
    4b5c:	00a41433          	sll	s0,s0,a0
    4b60:	0426                	slli	s0,s0,0x9
    4b62:	8025                	srli	s0,s0,0x9
    4b64:	0426                	slli	s0,s0,0x9
    4b66:	00945513          	srli	a0,s0,0x9
    4b6a:	40b2                	lw	ra,12(sp)
    4b6c:	4422                	lw	s0,8(sp)
    4b6e:	07de                	slli	a5,a5,0x17
    4b70:	8d5d                	or	a0,a0,a5
    4b72:	0141                	addi	sp,sp,16
    4b74:	8082                	ret
    4b76:	4401                	li	s0,0
    4b78:	0426                	slli	s0,s0,0x9
    4b7a:	00945513          	srli	a0,s0,0x9
    4b7e:	40b2                	lw	ra,12(sp)
    4b80:	4422                	lw	s0,8(sp)
    4b82:	4781                	li	a5,0
    4b84:	07de                	slli	a5,a5,0x17
    4b86:	8d5d                	or	a0,a0,a5
    4b88:	0141                	addi	sp,sp,16
    4b8a:	8082                	ret
    4b8c:	09900793          	li	a5,153
    4b90:	00e7dd63          	bge	a5,a4,4baa <__floatunsisf+0x76>
    4b94:	01b50793          	addi	a5,a0,27
    4b98:	4695                	li	a3,5
    4b9a:	00f417b3          	sll	a5,s0,a5
    4b9e:	8e89                	sub	a3,a3,a0
    4ba0:	00f037b3          	snez	a5,a5
    4ba4:	00d45433          	srl	s0,s0,a3
    4ba8:	8c5d                	or	s0,s0,a5
    4baa:	4795                	li	a5,5
    4bac:	00a7d663          	bge	a5,a0,4bb8 <__floatunsisf+0x84>
    4bb0:	ffb50793          	addi	a5,a0,-5
    4bb4:	00f41433          	sll	s0,s0,a5
    4bb8:	fc0006b7          	lui	a3,0xfc000
    4bbc:	16fd                	addi	a3,a3,-1
    4bbe:	00747793          	andi	a5,s0,7
    4bc2:	00d47633          	and	a2,s0,a3
    4bc6:	c385                	beqz	a5,4be6 <__floatunsisf+0xb2>
    4bc8:	00f47793          	andi	a5,s0,15
    4bcc:	4591                	li	a1,4
    4bce:	00b78c63          	beq	a5,a1,4be6 <__floatunsisf+0xb2>
    4bd2:	0611                	addi	a2,a2,4
    4bd4:	00561793          	slli	a5,a2,0x5
    4bd8:	0007d763          	bgez	a5,4be6 <__floatunsisf+0xb2>
    4bdc:	09f00793          	li	a5,159
    4be0:	8e75                	and	a2,a2,a3
    4be2:	40a78733          	sub	a4,a5,a0
    4be6:	00661413          	slli	s0,a2,0x6
    4bea:	8025                	srli	s0,s0,0x9
    4bec:	0426                	slli	s0,s0,0x9
    4bee:	00945513          	srli	a0,s0,0x9
    4bf2:	40b2                	lw	ra,12(sp)
    4bf4:	4422                	lw	s0,8(sp)
    4bf6:	0ff77793          	andi	a5,a4,255
    4bfa:	07de                	slli	a5,a5,0x17
    4bfc:	8d5d                	or	a0,a0,a5
    4bfe:	0141                	addi	sp,sp,16
    4c00:	8082                	ret

00004c02 <__extendsfdf2>:
    4c02:	01755713          	srli	a4,a0,0x17
    4c06:	0ff77713          	andi	a4,a4,255
    4c0a:	1141                	addi	sp,sp,-16
    4c0c:	00170793          	addi	a5,a4,1 # fc000001 <_eusrstack+0xdbff8001>
    4c10:	c422                	sw	s0,8(sp)
    4c12:	c226                	sw	s1,4(sp)
    4c14:	00951413          	slli	s0,a0,0x9
    4c18:	c606                	sw	ra,12(sp)
    4c1a:	0fe7f793          	andi	a5,a5,254
    4c1e:	8025                	srli	s0,s0,0x9
    4c20:	01f55493          	srli	s1,a0,0x1f
    4c24:	c785                	beqz	a5,4c4c <__extendsfdf2+0x4a>
    4c26:	00345793          	srli	a5,s0,0x3
    4c2a:	38070713          	addi	a4,a4,896
    4c2e:	0476                	slli	s0,s0,0x1d
    4c30:	07b2                	slli	a5,a5,0xc
    4c32:	0752                	slli	a4,a4,0x14
    4c34:	83b1                	srli	a5,a5,0xc
    4c36:	01f49513          	slli	a0,s1,0x1f
    4c3a:	8fd9                	or	a5,a5,a4
    4c3c:	8fc9                	or	a5,a5,a0
    4c3e:	40b2                	lw	ra,12(sp)
    4c40:	8522                	mv	a0,s0
    4c42:	4422                	lw	s0,8(sp)
    4c44:	4492                	lw	s1,4(sp)
    4c46:	85be                	mv	a1,a5
    4c48:	0141                	addi	sp,sp,16
    4c4a:	8082                	ret
    4c4c:	eb05                	bnez	a4,4c7c <__extendsfdf2+0x7a>
    4c4e:	c439                	beqz	s0,4c9c <__extendsfdf2+0x9a>
    4c50:	8522                	mv	a0,s0
    4c52:	28b1                	jal	4cae <__clzsi2>
    4c54:	47a9                	li	a5,10
    4c56:	04a7c663          	blt	a5,a0,4ca2 <__extendsfdf2+0xa0>
    4c5a:	472d                	li	a4,11
    4c5c:	8f09                	sub	a4,a4,a0
    4c5e:	01550793          	addi	a5,a0,21
    4c62:	00e45733          	srl	a4,s0,a4
    4c66:	00f41433          	sll	s0,s0,a5
    4c6a:	00c71793          	slli	a5,a4,0xc
    4c6e:	38900713          	li	a4,905
    4c72:	8f09                	sub	a4,a4,a0
    4c74:	83b1                	srli	a5,a5,0xc
    4c76:	7ff77713          	andi	a4,a4,2047
    4c7a:	bf5d                	j	4c30 <__extendsfdf2+0x2e>
    4c7c:	cc01                	beqz	s0,4c94 <__extendsfdf2+0x92>
    4c7e:	00345713          	srli	a4,s0,0x3
    4c82:	000807b7          	lui	a5,0x80
    4c86:	8fd9                	or	a5,a5,a4
    4c88:	07b2                	slli	a5,a5,0xc
    4c8a:	0476                	slli	s0,s0,0x1d
    4c8c:	83b1                	srli	a5,a5,0xc
    4c8e:	7ff00713          	li	a4,2047
    4c92:	bf79                	j	4c30 <__extendsfdf2+0x2e>
    4c94:	7ff00713          	li	a4,2047
    4c98:	4781                	li	a5,0
    4c9a:	bf59                	j	4c30 <__extendsfdf2+0x2e>
    4c9c:	4701                	li	a4,0
    4c9e:	4781                	li	a5,0
    4ca0:	bf41                	j	4c30 <__extendsfdf2+0x2e>
    4ca2:	ff550713          	addi	a4,a0,-11
    4ca6:	00e41733          	sll	a4,s0,a4
    4caa:	4401                	li	s0,0
    4cac:	bf7d                	j	4c6a <__extendsfdf2+0x68>

00004cae <__clzsi2>:
    4cae:	67c1                	lui	a5,0x10
    4cb0:	02f57c63          	bgeu	a0,a5,4ce8 <__clzsi2+0x3a>
    4cb4:	0ff00793          	li	a5,255
    4cb8:	02000713          	li	a4,32
    4cbc:	00a7eb63          	bltu	a5,a0,4cd2 <__clzsi2+0x24>
    4cc0:	00001797          	auipc	a5,0x1
    4cc4:	c1878793          	addi	a5,a5,-1000 # 58d8 <__clz_tab>
    4cc8:	97aa                	add	a5,a5,a0
    4cca:	2388                	lbu	a0,0(a5)
    4ccc:	40a70533          	sub	a0,a4,a0
    4cd0:	8082                	ret
    4cd2:	8121                	srli	a0,a0,0x8
    4cd4:	00001797          	auipc	a5,0x1
    4cd8:	c0478793          	addi	a5,a5,-1020 # 58d8 <__clz_tab>
    4cdc:	97aa                	add	a5,a5,a0
    4cde:	2388                	lbu	a0,0(a5)
    4ce0:	4761                	li	a4,24
    4ce2:	40a70533          	sub	a0,a4,a0
    4ce6:	8082                	ret
    4ce8:	010007b7          	lui	a5,0x1000
    4cec:	00f56d63          	bltu	a0,a5,4d06 <__clzsi2+0x58>
    4cf0:	8161                	srli	a0,a0,0x18
    4cf2:	00001797          	auipc	a5,0x1
    4cf6:	be678793          	addi	a5,a5,-1050 # 58d8 <__clz_tab>
    4cfa:	97aa                	add	a5,a5,a0
    4cfc:	2388                	lbu	a0,0(a5)
    4cfe:	4721                	li	a4,8
    4d00:	40a70533          	sub	a0,a4,a0
    4d04:	8082                	ret
    4d06:	8141                	srli	a0,a0,0x10
    4d08:	00001797          	auipc	a5,0x1
    4d0c:	bd078793          	addi	a5,a5,-1072 # 58d8 <__clz_tab>
    4d10:	97aa                	add	a5,a5,a0
    4d12:	2388                	lbu	a0,0(a5)
    4d14:	4741                	li	a4,16
    4d16:	40a70533          	sub	a0,a4,a0
    4d1a:	8082                	ret

00004d1c <atoi>:
    4d1c:	4629                	li	a2,10
    4d1e:	4581                	li	a1,0
    4d20:	a28d                	j	4e82 <strtol>

00004d22 <strncmp>:
    4d22:	c215                	beqz	a2,4d46 <strncmp+0x24>
    4d24:	167d                	addi	a2,a2,-1
    4d26:	4701                	li	a4,0
    4d28:	00e507b3          	add	a5,a0,a4
    4d2c:	00e586b3          	add	a3,a1,a4
    4d30:	239c                	lbu	a5,0(a5)
    4d32:	2294                	lbu	a3,0(a3)
    4d34:	00d79663          	bne	a5,a3,4d40 <strncmp+0x1e>
    4d38:	00c70463          	beq	a4,a2,4d40 <strncmp+0x1e>
    4d3c:	0705                	addi	a4,a4,1
    4d3e:	f7ed                	bnez	a5,4d28 <strncmp+0x6>
    4d40:	40d78533          	sub	a0,a5,a3
    4d44:	8082                	ret
    4d46:	4501                	li	a0,0
    4d48:	8082                	ret

00004d4a <_strtol_l.isra.0>:
    4d4a:	7179                	addi	sp,sp,-48
    4d4c:	d04a                	sw	s2,32(sp)
    4d4e:	ce4e                	sw	s3,28(sp)
    4d50:	d606                	sw	ra,44(sp)
    4d52:	d422                	sw	s0,40(sp)
    4d54:	d226                	sw	s1,36(sp)
    4d56:	89aa                	mv	s3,a0
    4d58:	892e                	mv	s2,a1
    4d5a:	00190493          	addi	s1,s2,1
    4d5e:	fff4c403          	lbu	s0,-1(s1)
    4d62:	853a                	mv	a0,a4
    4d64:	c636                	sw	a3,12(sp)
    4d66:	c432                	sw	a2,8(sp)
    4d68:	c22e                	sw	a1,4(sp)
    4d6a:	c03a                	sw	a4,0(sp)
    4d6c:	2a15                	jal	4ea0 <__locale_ctype_ptr_l>
    4d6e:	9522                	add	a0,a0,s0
    4d70:	311c                	lbu	a5,1(a0)
    4d72:	4702                	lw	a4,0(sp)
    4d74:	4592                	lw	a1,4(sp)
    4d76:	8ba1                	andi	a5,a5,8
    4d78:	4622                	lw	a2,8(sp)
    4d7a:	46b2                	lw	a3,12(sp)
    4d7c:	e3d1                	bnez	a5,4e00 <_strtol_l.isra.0+0xb6>
    4d7e:	02d00793          	li	a5,45
    4d82:	08f41163          	bne	s0,a5,4e04 <_strtol_l.isra.0+0xba>
    4d86:	209c                	lbu	a5,0(s1)
    4d88:	4305                	li	t1,1
    4d8a:	00290493          	addi	s1,s2,2
    4d8e:	c6e5                	beqz	a3,4e76 <_strtol_l.isra.0+0x12c>
    4d90:	4741                	li	a4,16
    4d92:	02e69063          	bne	a3,a4,4db2 <_strtol_l.isra.0+0x68>
    4d96:	03000713          	li	a4,48
    4d9a:	00e79c63          	bne	a5,a4,4db2 <_strtol_l.isra.0+0x68>
    4d9e:	209c                	lbu	a5,0(s1)
    4da0:	05800713          	li	a4,88
    4da4:	0df7f793          	andi	a5,a5,223
    4da8:	0ce79263          	bne	a5,a4,4e6c <_strtol_l.isra.0+0x122>
    4dac:	309c                	lbu	a5,1(s1)
    4dae:	46c1                	li	a3,16
    4db0:	0489                	addi	s1,s1,2
    4db2:	800008b7          	lui	a7,0x80000
    4db6:	00031463          	bnez	t1,4dbe <_strtol_l.isra.0+0x74>
    4dba:	fff8c893          	not	a7,a7
    4dbe:	02d8ff33          	remu	t5,a7,a3
    4dc2:	4801                	li	a6,0
    4dc4:	4501                	li	a0,0
    4dc6:	4fa5                	li	t6,9
    4dc8:	4ee5                	li	t4,25
    4dca:	52fd                	li	t0,-1
    4dcc:	02d8de33          	divu	t3,a7,a3
    4dd0:	fd078713          	addi	a4,a5,-48
    4dd4:	04efe363          	bltu	t6,a4,4e1a <_strtol_l.isra.0+0xd0>
    4dd8:	87ba                	mv	a5,a4
    4dda:	04d7de63          	bge	a5,a3,4e36 <_strtol_l.isra.0+0xec>
    4dde:	00580d63          	beq	a6,t0,4df8 <_strtol_l.isra.0+0xae>
    4de2:	587d                	li	a6,-1
    4de4:	00ae6a63          	bltu	t3,a0,4df8 <_strtol_l.isra.0+0xae>
    4de8:	00ae1463          	bne	t3,a0,4df0 <_strtol_l.isra.0+0xa6>
    4dec:	00ff4663          	blt	t5,a5,4df8 <_strtol_l.isra.0+0xae>
    4df0:	4805                	li	a6,1
    4df2:	02a68533          	mul	a0,a3,a0
    4df6:	953e                	add	a0,a0,a5
    4df8:	0485                	addi	s1,s1,1
    4dfa:	fff4c783          	lbu	a5,-1(s1)
    4dfe:	bfc9                	j	4dd0 <_strtol_l.isra.0+0x86>
    4e00:	8926                	mv	s2,s1
    4e02:	bfa1                	j	4d5a <_strtol_l.isra.0+0x10>
    4e04:	02b00793          	li	a5,43
    4e08:	00f40563          	beq	s0,a5,4e12 <_strtol_l.isra.0+0xc8>
    4e0c:	87a2                	mv	a5,s0
    4e0e:	4301                	li	t1,0
    4e10:	bfbd                	j	4d8e <_strtol_l.isra.0+0x44>
    4e12:	209c                	lbu	a5,0(s1)
    4e14:	00290493          	addi	s1,s2,2
    4e18:	bfdd                	j	4e0e <_strtol_l.isra.0+0xc4>
    4e1a:	fbf78713          	addi	a4,a5,-65
    4e1e:	00eee563          	bltu	t4,a4,4e28 <_strtol_l.isra.0+0xde>
    4e22:	fc978793          	addi	a5,a5,-55
    4e26:	bf55                	j	4dda <_strtol_l.isra.0+0x90>
    4e28:	f9f78713          	addi	a4,a5,-97
    4e2c:	00eee563          	bltu	t4,a4,4e36 <_strtol_l.isra.0+0xec>
    4e30:	fa978793          	addi	a5,a5,-87
    4e34:	b75d                	j	4dda <_strtol_l.isra.0+0x90>
    4e36:	57fd                	li	a5,-1
    4e38:	00f81f63          	bne	a6,a5,4e56 <_strtol_l.isra.0+0x10c>
    4e3c:	02200793          	li	a5,34
    4e40:	00f9a023          	sw	a5,0(s3)
    4e44:	8546                	mv	a0,a7
    4e46:	ee19                	bnez	a2,4e64 <_strtol_l.isra.0+0x11a>
    4e48:	50b2                	lw	ra,44(sp)
    4e4a:	5422                	lw	s0,40(sp)
    4e4c:	5492                	lw	s1,36(sp)
    4e4e:	5902                	lw	s2,32(sp)
    4e50:	49f2                	lw	s3,28(sp)
    4e52:	6145                	addi	sp,sp,48
    4e54:	8082                	ret
    4e56:	00030463          	beqz	t1,4e5e <_strtol_l.isra.0+0x114>
    4e5a:	40a00533          	neg	a0,a0
    4e5e:	d66d                	beqz	a2,4e48 <_strtol_l.isra.0+0xfe>
    4e60:	00080463          	beqz	a6,4e68 <_strtol_l.isra.0+0x11e>
    4e64:	fff48593          	addi	a1,s1,-1
    4e68:	c20c                	sw	a1,0(a2)
    4e6a:	bff9                	j	4e48 <_strtol_l.isra.0+0xfe>
    4e6c:	03000793          	li	a5,48
    4e70:	f2a9                	bnez	a3,4db2 <_strtol_l.isra.0+0x68>
    4e72:	46a1                	li	a3,8
    4e74:	bf3d                	j	4db2 <_strtol_l.isra.0+0x68>
    4e76:	03000713          	li	a4,48
    4e7a:	f2e782e3          	beq	a5,a4,4d9e <_strtol_l.isra.0+0x54>
    4e7e:	46a9                	li	a3,10
    4e80:	bf0d                	j	4db2 <_strtol_l.isra.0+0x68>

00004e82 <strtol>:
    4e82:	80c18793          	addi	a5,gp,-2036 # 200001fc <_impure_ptr>
    4e86:	439c                	lw	a5,0(a5)
    4e88:	86b2                	mv	a3,a2
    4e8a:	5398                	lw	a4,32(a5)
    4e8c:	e709                	bnez	a4,4e96 <strtol+0x14>
    4e8e:	1fffb717          	auipc	a4,0x1fffb
    4e92:	1f270713          	addi	a4,a4,498 # 20000080 <__global_locale>
    4e96:	862e                	mv	a2,a1
    4e98:	85aa                	mv	a1,a0
    4e9a:	853e                	mv	a0,a5
    4e9c:	eafff06f          	j	4d4a <_strtol_l.isra.0>

00004ea0 <__locale_ctype_ptr_l>:
    4ea0:	0ec52503          	lw	a0,236(a0)
    4ea4:	8082                	ret

00004ea6 <__ascii_mbtowc>:
    4ea6:	ed91                	bnez	a1,4ec2 <__ascii_mbtowc+0x1c>
    4ea8:	1141                	addi	sp,sp,-16
    4eaa:	006c                	addi	a1,sp,12
    4eac:	4501                	li	a0,0
    4eae:	ca01                	beqz	a2,4ebe <__ascii_mbtowc+0x18>
    4eb0:	5579                	li	a0,-2
    4eb2:	c691                	beqz	a3,4ebe <__ascii_mbtowc+0x18>
    4eb4:	221c                	lbu	a5,0(a2)
    4eb6:	c19c                	sw	a5,0(a1)
    4eb8:	2208                	lbu	a0,0(a2)
    4eba:	00a03533          	snez	a0,a0
    4ebe:	0141                	addi	sp,sp,16
    4ec0:	8082                	ret
    4ec2:	4501                	li	a0,0
    4ec4:	ca09                	beqz	a2,4ed6 <__ascii_mbtowc+0x30>
    4ec6:	5579                	li	a0,-2
    4ec8:	c699                	beqz	a3,4ed6 <__ascii_mbtowc+0x30>
    4eca:	221c                	lbu	a5,0(a2)
    4ecc:	c19c                	sw	a5,0(a1)
    4ece:	2208                	lbu	a0,0(a2)
    4ed0:	00a03533          	snez	a0,a0
    4ed4:	8082                	ret
    4ed6:	8082                	ret

00004ed8 <__ascii_wctomb>:
    4ed8:	cd89                	beqz	a1,4ef2 <__ascii_wctomb+0x1a>
    4eda:	0ff00793          	li	a5,255
    4ede:	00c7f763          	bgeu	a5,a2,4eec <__ascii_wctomb+0x14>
    4ee2:	08a00793          	li	a5,138
    4ee6:	c11c                	sw	a5,0(a0)
    4ee8:	557d                	li	a0,-1
    4eea:	8082                	ret
    4eec:	a190                	sb	a2,0(a1)
    4eee:	4505                	li	a0,1
    4ef0:	8082                	ret
    4ef2:	4501                	li	a0,0
    4ef4:	8082                	ret
	...

00004ef8 <Ch6x8>:
	...
    4f00:	2f00 0000 0000 0007 0007 1400 147f 147f     ./..............
    4f10:	2400 7f2a 122a 6200 0864 2313 3600 5549     .$*.*..bd..#.6IU
    4f20:	5022 0000 0305 0000 0000 221c 0041 0000     "P........."A...
    4f30:	2241 001c 1400 3e08 1408 0800 3e08 0808     A".....>.....>..
    4f40:	0000 a000 0060 0800 0808 0808 0000 6060     ....`.........``
    4f50:	0000 2000 0810 0204 3e00 4951 3e45 0000     ... .....>QIE>..
    4f60:	7f42 0040 4200 5161 4649 2100 4541 314b     B.@..BaQIF.!AEK1
    4f70:	1800 1214 107f 2700 4545 3945 3c00 494a     .......'EEE9.<JI
    4f80:	3049 0100 0971 0305 3600 4949 3649 0600     I0..q....6III6..
    4f90:	4949 1e29 0000 3636 0000 0000 3656 0000     II)...66....V6..
    4fa0:	0800 2214 0041 1400 1414 1414 0000 2241     ..."A.........A"
    4fb0:	0814 0200 5101 0609 3200 5949 3e51 7c00     .....Q...2IYQ>.|
    4fc0:	1112 7c12 7f00 4949 3649 3e00 4141 2241     ...|..III6.>AAA"
    4fd0:	7f00 4141 1c22 7f00 4949 4149 7f00 0909     ..AA"...IIIA....
    4fe0:	0109 3e00 4941 7a49 7f00 0808 7f08 0000     ...>AIIz........
    4ff0:	7f41 0041 2000 4140 013f 7f00 1408 4122     A.A.. @A?....."A
    5000:	7f00 4040 4040 7f00 0c02 7f02 7f00 0804     ..@@@@..........
    5010:	7f10 3e00 4141 3e41 7f00 0909 0609 3e00     ...>AAA>.......>
    5020:	5141 5e21 7f00 1909 4629 4600 4949 3149     AQ!^....)F.FIII1
    5030:	0100 7f01 0101 3f00 4040 3f40 1f00 4020     .......?@@@?.. @
    5040:	1f20 3f00 3840 3f40 6300 0814 6314 0700      ..?@8@?.c...c..
    5050:	7008 0708 6100 4951 4345 0000 417f 0041     .p...aQIEC...AA.
    5060:	5500 552a 552a 0000 4141 007f 0400 0102     .U*U*U..AA......
    5070:	0402 4000 4040 4040 0000 0201 0004 2000     ...@@@@@....... 
    5080:	5454 7854 7f00 4448 3844 3800 4444 2044     TTTx..HDD8.8DDD 
    5090:	3800 4444 7f48 3800 5454 1854 0800 097e     .8DDH..8TTT...~.
    50a0:	0201 1800 a4a4 7ca4 7f00 0408 7804 0000     .......|.....x..
    50b0:	7d44 0040 4000 8480 007d 7f00 2810 0044     D}@..@..}....(D.
    50c0:	0000 7f41 0040 7c00 1804 7804 7c00 0408     ..A.@..|...x.|..
    50d0:	7804 3800 4444 3844 fc00 2424 1824 1800     .x.8DDD8..$$$...
    50e0:	2424 fc18 7c00 0408 0804 4800 5454 2054     $$...|.....HTTT 
    50f0:	0400 443f 2040 3c00 4040 7c20 1c00 4020     ..?D@ .<@@ |.. @
    5100:	1c20 3c00 3040 3c40 4400 1028 4428 1c00      ..<@0@<.D(.(D..
    5110:	a0a0 7ca0 4400 5464 444c 1414 1414 1414     ...|.DdTLD......

00005120 <Ch8x16>:
	...
    5130:	0000 f800 0000 0000 0000 3300 0030 0000     ...........30...
    5140:	1000 060c 0c10 0006 0000 0000 0000 0000     ................
    5150:	c040 4078 78c0 0040 3f04 0404 043f 0004     @.x@.x@..?..?...
    5160:	7000 fc88 3008 0000 1800 ff20 1e21 0000     .p...0.... .!...
    5170:	08f0 00f0 18e0 0000 2100 031c 211e 001e     .........!...!..
    5180:	f000 8808 0070 0000 211e 2423 2719 1021     ....p....!#$.'!.
    5190:	1610 000e 0000 0000 0000 0000 0000 0000     ................
    51a0:	0000 e000 0418 0002 0000 0700 2018 0040     ............. @.
    51b0:	0200 1804 00e0 0000 4000 1820 0007 0000     .........@ .....
    51c0:	4040 f080 4080 0040 0202 0f01 0201 0002     @@...@@.........
    51d0:	0000 f000 0000 0000 0101 1f01 0101 0001     ................
	...
    51e8:	b080 0070 0000 0000 0000 0000 0000 0000     ..p.............
    51f8:	0100 0101 0101 0101 0000 0000 0000 0000     ................
    5208:	3000 0030 0000 0000 0000 0000 6080 0418     .00..........`..
    5218:	6000 0618 0001 0000 e000 0810 1008 00e0     .`..............
    5228:	0f00 2010 1020 000f 1000 f810 0000 0000     ...  ...........
    5238:	2000 3f20 2020 0000 7000 0808 8808 0070     .  ?  ...p....p.
    5248:	3000 2428 2122 0030 3000 8808 4888 0030     .0($"!0..0...H0.
    5258:	1800 2020 1120 000e 0000 20c0 f810 0000     ..   ...... ....
    5268:	0700 2404 3f24 0024 f800 8808 0888 0008     ...$$?$.........
    5278:	1900 2021 1120 000e e000 8810 1888 0000     ..!  ...........
    5288:	0f00 2011 1120 000e 3800 0808 38c8 0008     ...  ....8...8..
    5298:	0000 3f00 0000 0000 7000 0888 8808 0070     ...?.....p....p.
    52a8:	1c00 2122 2221 001c e000 0810 1008 00e0     .."!!"..........
    52b8:	0000 2231 1122 000f 0000 c000 00c0 0000     ..1""...........
    52c8:	0000 3000 0030 0000 0000 8000 0000 0000     ...00...........
    52d8:	0000 6080 0000 0000 0000 4080 1020 0008     ...`.......@ ...
    52e8:	0100 0402 1008 0020 4040 4040 4040 0040     ...... .@@@@@@@.
    52f8:	0404 0404 0404 0004 0800 2010 8040 0000     ........... @...
    5308:	2000 0810 0204 0001 7000 0848 0808 00f0     . .......pH.....
    5318:	0000 3000 0136 0000 30c0 28c8 10e8 00e0     ...06....0.(....
    5328:	1807 2427 1423 000b 0000 38c0 00e0 0000     ..'$#......8....
    5338:	3c20 0223 2702 2038 f808 8888 7088 0000      <#..'8 .....p..
    5348:	3f20 2020 1120 000e 30c0 0808 0808 0038      ?   ....0....8.
    5358:	1807 2020 1020 0008 f808 0808 1008 00e0     ..   ...........
    5368:	3f20 2020 1020 000f f808 8888 08e8 0010      ?   ...........
    5378:	3f20 2020 2023 0018 f808 8888 08e8 0010      ?  # ..........
    5388:	3f20 0020 0003 0000 30c0 0808 3808 0000      ? ......0...8..
    5398:	1807 2020 1e22 0002 f808 0008 0800 08f8     ..  "...........
    53a8:	3f20 0121 2101 203f 0800 f808 0808 0000      ?!..!? ........
    53b8:	2000 3f20 2020 0000 0000 0808 08f8 0008     .  ?  ..........
    53c8:	80c0 8080 007f 0000 f808 c088 1828 0008     ............(...
    53d8:	3f20 0120 3826 0020 f808 0008 0000 0000      ? .&8 .........
    53e8:	3f20 2020 2020 0030 f808 00f8 f8f8 0008      ?    0.........
    53f8:	3f20 3f00 3f00 0020 f808 c030 0800 08f8      ?.?.? ...0.....
    5408:	3f20 0020 1807 003f 10e0 0808 1008 00e0      ? ...?.........
    5418:	100f 2020 1020 000f f808 0808 0808 00f0     ..   ...........
    5428:	3f20 0121 0101 0000 10e0 0808 1008 00e0      ?!.............
    5438:	180f 2424 5038 004f f808 8888 8888 0070     ..$$8PO.......p.
    5448:	3f20 0020 0c03 2030 7000 0888 0808 0038      ? ...0 .p....8.
    5458:	3800 2120 2221 001c 0818 f808 0808 0018     .8 !!"..........
    5468:	0000 3f20 0020 0000 f808 0008 0800 08f8     .. ? ...........
    5478:	1f00 2020 2020 001f 7808 0088 c800 0838     ..    ...x....8.
    5488:	0000 3807 010e 0000 08f8 f800 0800 00f8     ...8............
    5498:	3c03 0007 3c07 0003 1808 8068 6880 0818     .<...<....h..h..
    54a8:	3020 032c 2c03 2030 3808 00c8 38c8 0008      0,..,0 .8...8..
    54b8:	0000 3f20 0020 0000 0810 0808 38c8 0008     .. ? ........8..
    54c8:	3820 2126 2020 0018 0000 fe00 0202 0002      8&!  ..........
    54d8:	0000 7f00 4040 0040 0c00 c030 0000 0000     ....@@@...0.....
    54e8:	0000 0100 3806 00c0 0200 0202 00fe 0000     .....8..........
    54f8:	4000 4040 007f 0000 0000 0204 0202 0004     .@@@............
	...
    5518:	8080 8080 8080 8080 0200 0402 0000 0000     ................
	...
    5530:	0000 8080 8080 0000 1900 2224 2222 203f     ..........$"""? 
    5540:	f808 8000 0080 0000 3f00 2011 1120 000e     .........?.  ...
    5550:	0000 8000 8080 0000 0e00 2011 2020 0011     ...........   ..
    5560:	0000 8000 8880 00f8 0e00 2011 1020 203f     ...........  .? 
    5570:	0000 8080 8080 0000 1f00 2222 2222 0013     ..........""""..
    5580:	8000 f080 8888 1888 2000 3f20 2020 0000     .........  ?  ..
    5590:	0000 8080 8080 0080 6b00 9494 9394 0060     .........k....`.
    55a0:	f808 8000 8080 0000 3f20 0021 2000 203f     ........ ?!.. ? 
    55b0:	8000 9898 0000 0000 2000 3f20 2020 0000     .........  ?  ..
    55c0:	0000 8000 9898 0000 c000 8080 7f80 0000     ................
    55d0:	f808 0000 8080 0080 3f20 0224 302d 0020     ........ ?$.-0 .
    55e0:	0800 f808 0000 0000 2000 3f20 2020 0000     .........  ?  ..
    55f0:	8080 8080 8080 0080 3f20 0020 203f 3f00     ........ ? .? .?
    5600:	8080 8000 8080 0000 3f20 0021 2000 203f     ........ ?!.. ? 
    5610:	0000 8080 8080 0000 1f00 2020 2020 001f     ..........    ..
    5620:	8080 8000 0080 0000 ff80 20a1 1120 000e     ...........  ...
    5630:	0000 8000 8080 0080 0e00 2011 a020 80ff     ...........  ...
    5640:	8080 0080 8080 0080 2020 213f 0020 0001     ........  ?! ...
    5650:	0000 8080 8080 0080 3300 2424 2424 0019     .........3$$$$..
    5660:	8000 e080 8080 0000 0000 1f00 2020 0000     ............  ..
    5670:	8080 0000 8000 0080 1f00 2020 1020 203f     ..........   .? 
    5680:	8080 0080 8000 8080 0100 300e 0608 0001     ...........0....
    5690:	8080 8000 8000 8080 300f 030c 300c 000f     .........0...0..
    56a0:	8000 0080 8080 0080 2000 2e31 310e 0020     ......... 1..1 .
    56b0:	8080 0080 8000 8080 8180 708e 0618 0001     ...........p....
    56c0:	8000 8080 8080 0080 2100 2c30 2122 0030     .........!0,"!0.
    56d0:	0000 0000 7c80 0202 0000 0000 3f00 4040     .....|.......?@@
    56e0:	0000 0000 00ff 0000 0000 0000 00ff 0000     ................
    56f0:	0200 7c02 0080 0000 4000 3f40 0000 0000     ...|.....@@?....
    5700:	0600 0101 0202 0404 0000 0000 0000 0000     ................
    5710:	0000 42c8 0000 3580 0000 4348 0000 4248     ...B...5..HC..HB
    5720:	0000 bf80 22d1 3f1b a666 43a5 4000 469c     .....".?f..C.@.F
    5730:	5040 4d55 3a50 0000 5640 4c41 4556 003a     @PUMP:..@VALVE:.
    5740:	4f40 5455 003a 0000 4c40 5645 4c45 253a     @OUT:...@LEVEL:%
    5750:	322e 2c66 2e25 6631 252c 312e 2c66 6425     .2f,%.1f,%.1f,%d
    5760:	0a0d 0000 0000 41d8 6f54 6577 2072 6f4d     .......ATower Mo
    5770:	696e 6f74 0072 0000 6f54 6577 2072 6552     nitor...Tower Re
    5780:	6461 0d79 0000 0000 6554 706d 203a 2520     ady.....Temp:  %
    5790:	312e 4366 2020 0020 7548 3a6d 2020 2520     .1fC   .Hum:   %
    57a0:	312e 2566 2025 2020 0000 0000 654c 6576     .1f%%   ....Leve
    57b0:	3a6c 2520 312e 6366 206d 2020 0000 0000     l: %.1fcm   ....
    57c0:	7550 706d 203a 2520 2564 2025 2020 0000     Pump:  %d%%   ..
    57d0:	6e28 6c75 296c 0000 d8f8 ffff d7ea ffff     (null)..........
    57e0:	d7ea ffff d7e8 ffff d7f0 ffff d7f0 ffff     ................
    57f0:	d7b6 ffff d7e8 ffff d7f0 ffff d7b6 ffff     ................
    5800:	d7f0 ffff d7e8 ffff d8e4 ffff d8e4 ffff     ................
    5810:	d8e4 ffff d7b6 ffff ea34 ffff e95a ffff     ........4...Z...
    5820:	ea2e ffff e962 ffff ea2e ffff e928 ffff     ....b.......(...
    5830:	ea2e ffff e962 ffff e95a ffff e95a ffff     ....b...Z...Z...
    5840:	e928 ffff e962 ffff e968 ffff e968 ffff     (...b...h...h...
    5850:	e968 ffff e928 ffff e91a ffff e91a ffff     h...(...........
    5860:	e9ee ffff eaca ffff e9ee ffff e8e8 ffff     ................
    5870:	e9ee ffff eaca ffff e91a ffff e91a ffff     ................
    5880:	e8e8 ffff eaca ffff e928 ffff e928 ffff     ........(...(...
    5890:	e928 ffff e8e8 ffff ed3e ffff ec90 ffff     (.......>.......
    58a0:	ec90 ffff ec8e ffff ec94 ffff ec94 ffff     ................
    58b0:	ec64 ffff ec8e ffff ec94 ffff ec64 ffff     d...........d...
    58c0:	ec94 ffff ec8e ffff ed2c ffff ed2c ffff     ........,...,...
    58d0:	ed2c ffff ec64 ffff                         ,...d...

000058d8 <__clz_tab>:
    58d8:	0100 0202 0303 0303 0404 0404 0404 0404     ................
    58e8:	0505 0505 0505 0505 0505 0505 0505 0505     ................
    58f8:	0606 0606 0606 0606 0606 0606 0606 0606     ................
    5908:	0606 0606 0606 0606 0606 0606 0606 0606     ................
    5918:	0707 0707 0707 0707 0707 0707 0707 0707     ................
    5928:	0707 0707 0707 0707 0707 0707 0707 0707     ................
    5938:	0707 0707 0707 0707 0707 0707 0707 0707     ................
    5948:	0707 0707 0707 0707 0707 0707 0707 0707     ................
    5958:	0808 0808 0808 0808 0808 0808 0808 0808     ................
    5968:	0808 0808 0808 0808 0808 0808 0808 0808     ................
    5978:	0808 0808 0808 0808 0808 0808 0808 0808     ................
    5988:	0808 0808 0808 0808 0808 0808 0808 0808     ................
    5998:	0808 0808 0808 0808 0808 0808 0808 0808     ................
    59a8:	0808 0808 0808 0808 0808 0808 0808 0808     ................
    59b8:	0808 0808 0808 0808 0808 0808 0808 0808     ................
    59c8:	0808 0808 0808 0808 0808 0808 0808 0808     ................
    59d8:	0043 0000 4f50 4953 0058 0000 002e 0000     C...POSIX.......

000059e8 <_ctype_>:
    59e8:	2000 2020 2020 2020 2020 2828 2828 2028     .         ((((( 
    59f8:	2020 2020 2020 2020 2020 2020 2020 2020                     
    5a08:	8820 1010 1010 1010 1010 1010 1010 1010      ...............
    5a18:	0410 0404 0404 0404 0404 1004 1010 1010     ................
    5a28:	1010 4141 4141 4141 0101 0101 0101 0101     ..AAAAAA........
    5a38:	0101 0101 0101 0101 0101 0101 1010 1010     ................
    5a48:	1010 4242 4242 4242 0202 0202 0202 0202     ..BBBBBB........
    5a58:	0202 0202 0202 0202 0202 0202 1010 1010     ................
    5a68:	0020 0000 0000 0000 0000 0000 0000 0000      ...............
	...
